method_name,episode_id,target_id,difficulty_tag,scene,step,q,ee_position,ee_error,joint_error,safety_margin,collision,planning_time,control_time,wall_time,skipped_reason
rrtstar_ompl,0,static_tall_formal_v2_000,hard_reach,tall,0,"[0,-1.57,1.1,-1.57,-1.57,0]","[0.48397353,0.13337938,0.72136778]",0.44748868500161587,1.9100927641804333,0.0878999940395355,false,20.01327681541443,nan,0.0,
rrtstar_ompl,0,static_tall_formal_v2_000,hard_reach,tall,1,"[-0.027364699,-1.5697206,1.1031363,-1.536895,-1.5719539,0.025848164]","[0.48647323,0.11991915,0.71531016]",0.43540464280523666,1.8598271651230536,0.0878999940395355,false,0.0,nan,0.0,
rrtstar_ompl,0,static_tall_formal_v2_000,hard_reach,tall,2,"[-0.054729398,-1.5694412,1.1062726,-1.5037899,-1.5739079,0.051696329]","[0.4884192,0.10643198,0.70931554]",0.42324099142971405,1.8095615660656739,0.0878999940395355,false,0.0,nan,0.0,
rrtstar_ompl,0,static_tall_formal_v2_000,hard_reach,tall,3,"[-0.082094098,-1.5691619,1.109409,-1.4706849,-1.5758618,0.077544493]","[0.48981467,0.092942819,0.7033906]",0.4110067090184386,1.759295967008294,0.0878999940395355,false,0.0,nan,0.0,
rrtstar_ompl,0,static_tall_formal_v2_000,hard_reach,tall,4,"[-0.1094588,-1.5688825,1.1125453,-1.4375798,-1.5778158,0.10339266]","[0.49066442,0.07947623,0.69754153]",0.39871075591798794,1.709030367950914,0.0878999940395355,false,0.0,nan,0.0,
rrtstar_ompl,0,static_tall_formal_v2_000,hard_reach,tall,5,"[-0.1368235,-1.5686031,1.1156816,-1.4044748,-1.5797697,0.12924082]","[0.49097428,0.066056259,0.69177443]",0.3863619108218703,1.6587647688935343,0.0878999940395355,false,0.0,nan,0.0,
rrtstar_ompl,0,static_tall_formal_v2_000,hard_reach,tall,6,"[-0.1641882,-1.5683237,1.1188179,-1.3713698,-1.5817237,0.15508899]","[0.49075156,0.052706487,0.68609548]",0.3739691810656899,1.6084991698361544,0.0878999940395355,false,0.0,nan,0.0,
rrtstar_ompl,0,static_tall_formal_v2_000,hard_reach,tall,7,"[-0.19155289,-1.5680443,1.1219543,-1.3382647,-1.5836776,0.18093715]","[0.49000463,0.039449826,0.68051082]",0.36154139243451766,1.5582335707787747,0.0878999940395355,false,0.0,nan,0.0,
rrtstar_ompl,0,static_tall_formal_v2_000,hard_reach,tall,8,"[-0.21891759,-1.567765,1.1250906,-1.3051597,-1.5856315,0.20678532]","[0.48874289,0.026308596,0.67502606]",0.3490872059842465,1.5079679717213947,0.0878999940395355,false,0.0,nan,0.0,
rrtstar_ompl,0,static_tall_formal_v2_000,hard_reach,tall,9,"[-0.24628229,-1.5674856,1.1282269,-1.2720546,-1.5875855,0.23263348]","[0.48697716,0.013304327,0.6696471]",0.33661544572618096,1.457702372664015,0.0878999940395355,false,0.0,nan,0.0,
rrtstar_ompl,0,static_tall_formal_v2_000,hard_reach,tall,10,"[-0.27364699,-1.5672062,1.1313632,-1.2389496,-1.5895394,0.25848164]","[0.48471889,0.00045776786,0.66437942]",0.324134531604418,1.407436773606635,0.0878999940395355,false,0.0,nan,0.0,
rrtstar_ompl,0,static_tall_formal_v2_000,hard_reach,tall,11,"[-0.30101169,-1.5669268,1.1344995,-1.2058446,-1.5914934,0.28432981]","[0.48198095,-0.012211122,0.6592285]",0.3116531129422179,1.3571711745492554,0.0878999940395355,false,0.0,nan,0.0,
rrtstar_ompl,0,static_tall_formal_v2_000,hard_reach,tall,12,"[-0.32837639,-1.5666475,1.1376359,-1.1727395,-1.5934473,0.31017797]","[0.47877693,-0.02468342,0.6541996]",0.2991794644125468,1.3069055754918757,0.0878999940395355,false,0.0,nan,0.0,
rrtstar_ompl,0,static_tall_formal_v2_000,hard_reach,tall,13,"[-0.35574109,-1.5663681,1.1407722,-1.1396345,-1.5954013,0.33602614]","[0.47512123,-0.036940906,0.64929771]",0.286721839480998,1.2566399764344955,0.0878999940395355,false,0.0,nan,0.0,
rrtstar_ompl,0,static_tall_formal_v2_000,hard_reach,tall,14,"[-0.38310579,-1.5660887,1.1439085,-1.1065295,-1.5973552,0.3618743]","[0.47102919,-0.048966635,0.64452785]",0.27428826619611435,1.206374377377116,0.0878999940395355,false,0.0,nan,0.0,
rrtstar_ompl,0,static_tall_formal_v2_000,hard_reach,tall,15,"[-0.41047049,-1.5658093,1.1470448,-1.0734244,-1.5993091,0.38772247]","[0.46651685,-0.060744487,0.63989472]",0.2618866878311827,1.156108778319736,0.0878999940395355,false,0.0,nan,0.0,
rrtstar_ompl,0,static_tall_formal_v2_000,hard_reach,tall,16,"[-0.43783519,-1.5655299,1.1501811,-1.0403194,-1.6012631,0.41357063]","[0.4616009,-0.07225956,0.63540274]",0.24952472063569667,1.1058431792623562,0.0878999940395355,false,0.0,nan,0.0,
rrtstar_ompl,0,static_tall_formal_v2_000,hard_reach,tall,17,"[-0.46519989,-1.5652506,1.1533175,-1.0072143,-1.603217,0.4394188]","[0.4562988,-0.083497941,0.63105637]",0.23721004074051477,1.0555775802049765,0.0878999940395355,false,0.0,nan,0.0,
rrtstar_ompl,0,static_tall_formal_v2_000,hard_reach,tall,18,"[-0.49256459,-1.5649712,1.1564538,-0.97410929,-1.605171,0.46526696]","[0.45062828,-0.09444686,0.62685984]",0.2249499053187119,1.0053119811475966,0.0878999940395355,false,0.0,nan,0.0,
rrtstar_ompl,0,static_tall_formal_v2_000,hard_reach,tall,19,"[-0.51992929,-1.5646918,1.1595901,-0.94100426,-1.6071249,0.49111512]","[0.4446077,-0.10509475,0.62281698]",0.21275137510715308,0.9550463820902167,0.08712325350327865,false,0.0,nan,0.0,
rrtstar_ompl,0,static_tall_formal_v2_000,hard_reach,tall,20,"[-0.54729398,-1.5644124,1.1627264,-0.90789922,-1.6090788,0.51696329]","[0.43825582,-0.11543118,0.61893159]",0.20062134699276538,0.9047807830328369,0.08376131335278336,false,0.0,nan,0.0,
rrtstar_ompl,0,static_tall_formal_v2_000,hard_reach,tall,21,"[-0.57465868,-1.564133,1.1658628,-0.87479418,-1.6110328,0.54281145]","[0.43159172,-0.12544693,0.61520714]",0.18856644313695387,0.854515183975457,0.08053207517058522,false,0.0,nan,0.0,
rrtstar_ompl,0,static_tall_formal_v2_000,hard_reach,tall,22,"[-0.60202338,-1.5638537,1.1689991,-0.84168914,-1.6129867,0.56865962]","[0.42463452,-0.13513385,0.61164701]",0.17659294679097803,0.8042495849180773,0.07744641931339732,false,0.0,nan,0.0,
rrtstar_ompl,0,static_tall_formal_v2_000,hard_reach,tall,23,"[-0.62938808,-1.5635743,1.1721354,-0.8085841,-1.6149407,0.59450778]","[0.41740376,-0.14448518,0.60825425]",0.16470692070972673,0.7539839858606974,0.07451551741397741,false,0.0,nan,0.0,
rrtstar_ompl,0,static_tall_formal_v2_000,hard_reach,tall,24,"[-0.65675278,-1.5632949,1.1752717,-0.77547906,-1.6168946,0.62035595]","[0.40991884,-0.15349518,0.60503155]",0.15291403351172494,0.7037183868033177,0.07175072417206665,false,0.0,nan,0.0,
rrtstar_ompl,0,static_tall_formal_v2_000,hard_reach,tall,25,"[-0.68411748,-1.5630155,1.178408,-0.74237402,-1.6188486,0.64620411]","[0.40219939,-0.16215941,0.60198176]",0.1412197997058809,0.6534527877459377,0.06916360202852492,false,0.0,nan,0.0,
rrtstar_ompl,0,static_tall_formal_v2_000,hard_reach,tall,26,"[-0.71148218,-1.5627362,1.1815444,-0.70926898,-1.6208025,0.67205228]","[0.39426491,-0.17047453,0.59910721]",0.12962938595846782,0.6031871886885579,0.06676568448294232,false,0.0,nan,0.0,
rrtstar_ompl,0,static_tall_formal_v2_000,hard_reach,tall,27,"[-0.73884688,-1.5624568,1.1846807,-0.67616394,-1.6227564,0.69790044]","[0.38613465,-0.17843838,0.59641004]",0.11814749397037129,0.5529215896311782,0.06456839698823,false,0.0,nan,0.0,
rrtstar_ompl,0,static_tall_formal_v2_000,hard_reach,tall,28,"[-0.76621158,-1.5621774,1.187817,-0.6430589,-1.6247104,0.72374861]","[0.37782779,-0.18604995,0.59389222]",0.10677857900233895,0.5026559905737984,0.06258287926772627,false,0.0,nan,0.0,
rrtstar_ompl,0,static_tall_formal_v2_000,hard_reach,tall,29,"[-0.79357628,-1.561898,1.1909533,-0.60995386,-1.6266643,0.74959677]","[0.36936319,-0.19330932,0.59155512]",0.09552667810914399,0.4523903915164184,0.060819725119639234,false,0.0,nan,0.0,
rrtstar_ompl,0,static_tall_formal_v2_000,hard_reach,tall,30,"[-0.82094098,-1.5616186,1.1940897,-0.57684882,-1.6286183,0.77544493]","[0.36075932,-0.20021766,0.58940053]",0.08439549514531622,0.4021247924590386,0.059288897464046864,false,0.0,nan,0.0,
rrtstar_ompl,0,static_tall_formal_v2_000,hard_reach,tall,31,"[-0.84830568,-1.5613393,1.197226,-0.54374378,-1.6305722,0.8012931]","[0.3520343,-0.20677724,0.58742946]",0.07338829450847878,0.3518591934016589,0.05799938442722677,false,0.0,nan,0.0,
rrtstar_ompl,0,static_tall_formal_v2_000,hard_reach,tall,32,"[-0.87567037,-1.5610599,1.2003623,-0.51063875,-1.6325262,0.82714126]","[0.34320584,-0.21299133,0.5856427]",0.06250800215441243,0.301593594344279,0.05695911840216464,false,0.0,nan,0.0,
rrtstar_ompl,0,static_tall_formal_v2_000,hard_reach,tall,33,"[-0.90303507,-1.5607805,1.2034986,-0.47753371,-1.6344801,0.85298943]","[0.33429095,-0.21886408,0.58404124]",0.05175708432753382,0.25132799528689914,0.05438825926170641,false,0.0,nan,0.0,
rrtstar_ompl,0,static_tall_formal_v2_000,hard_reach,tall,34,"[-0.93039977,-1.5605011,1.2066349,-0.44442867,-1.636434,0.87883759]","[0.32530621,-0.22440062,0.58262515]",0.04113762325889011,0.20106239622951935,0.051923039218826926,false,0.0,nan,0.0,
rrtstar_ompl,0,static_tall_formal_v2_000,hard_reach,tall,35,"[-0.95776447,-1.5602217,1.2097713,-0.41132363,-1.638388,0.90468576]","[0.3162674,-0.22960708,0.58139503]",0.030651169742617848,0.1507967971721395,0.049969154793024016,false,0.0,nan,0.0,
rrtstar_ompl,0,static_tall_formal_v2_000,hard_reach,tall,36,"[-0.98512917,-1.5599424,1.2129076,-0.37821859,-1.6403419,0.93053392]","[0.30718988,-0.23449031,0.58035034]",0.020299012256493294,0.10053119811475975,0.04826960538625715,false,0.0,nan,0.0,
rrtstar_ompl,0,static_tall_formal_v2_000,hard_reach,tall,37,"[-1.0124939,-1.559663,1.2160439,-0.34511355,-1.6422959,0.95638209]","[0.29808795,-0.23905781,0.5794909]",0.010081840647617954,0.05026559905737985,0.04673828281760219,false,0.0,nan,0.0,
rrtstar_ompl,0,static_tall_formal_v2_000,hard_reach,tall,38,"[-1.0398586,-1.5593836,1.2191802,-0.31200851,-1.6442498,0.98223025]","[0.28897539,-0.24331807,0.57881647]",5.7375824028860455e-09,0.0,0.04537529464364056,false,0.0,nan,0.0,
rrtstar_ompl,1,static_tall_formal_v2_001,hard_reach,tall,0,"[0,-1.57,1.1,-1.57,-1.57,0]","[0.48397353,0.13337938,0.72136778]",0.41697581107921233,3.0095948010629217,0.0878999940395355,false,20.086875200271606,nan,0.0,
rrtstar_ompl,1,static_tall_formal_v2_001,hard_reach,tall,1,"[-0.022521154,-1.5818243,1.1125784,-1.5613625,-1.5624714,-0.039742889]","[0.48156288,0.12331605,0.71982521]",0.4084646554981429,2.959434887711873,0.0878999940395355,false,0.0,nan,0.0,
rrtstar_ompl,1,static_tall_formal_v2_001,hard_reach,tall,2,"[-0.045042309,-1.5936487,1.1251568,-1.552725,-1.5549429,-0.079485777]","[0.47893339,0.11342908,0.71823215]",0.39998421657215644,2.909274974360824,0.0878999940395355,false,0.0,nan,0.0,
rrtstar_ompl,1,static_tall_formal_v2_001,hard_reach,tall,3,"[-0.067563464,-1.605473,1.1377353,-1.5440875,-1.5474143,-0.11922867]","[0.47609279,0.10372335,0.71658909]",0.39153649261600026,2.859115061009775,0.0878999940395355,false,0.0,nan,0.0,
rrtstar_ompl,1,static_tall_formal_v2_001,hard_reach,tall,4,"[-0.090084618,-1.6172974,1.1503137,-1.53545,-1.5398857,-0.15897155]","[0.47304866,0.094203442,0.71489573]",0.38312298434205455,2.8089551476587267,0.0878999940395355,false,0.0,nan,0.0,
rrtstar_ompl,1,static_tall_formal_v2_001,hard_reach,tall,5,"[-0.11260577,-1.6291217,1.1628921,-1.5268125,-1.5323572,-0.19871444]","[0.469809,0.084873714,0.71315259]",0.37474572791068816,2.758795234307678,0.0878999940395355,false,0.0,nan,0.0,
rrtstar_ompl,1,static_tall_formal_v2_001,hard_reach,tall,6,"[-0.13512693,-1.6409461,1.1754705,-1.518175,-1.5248286,-0.23845733]","[0.46638149,0.075738147,0.71135986]",0.36640626650622754,2.7086353209566294,0.0878999940395355,false,0.0,nan,0.0,
rrtstar_ompl,1,static_tall_formal_v2_001,hard_reach,tall,7,"[-0.15764808,-1.6527704,1.1880489,-1.5095375,-1.5173001,-0.27820022]","[0.46277434,0.066800468,0.7095176]",0.35810636817212305,2.6584754076055805,0.0878999940395355,false,0.0,nan,0.0,
rrtstar_ompl,1,static_tall_formal_v2_001,hard_reach,tall,8,"[-0.18016924,-1.6645947,1.2006274,-1.5009,-1.5097715,-0.31794311]","[0.45899543,0.058064055,0.7076261]",0.34984758508375685,2.608315494254532,0.0878999940395355,false,0.0,nan,0.0,
rrtstar_ompl,1,static_tall_formal_v2_001,hard_reach,tall,9,"[-0.20269039,-1.6764191,1.2132058,-1.4922625,-1.5022429,-0.357686]","[0.455053,0.04953203,0.70568573]",0.3416316720419227,2.5581555809034833,0.0878999940395355,false,0.0,nan,0.0,
rrtstar_ompl,1,static_tall_formal_v2_001,hard_reach,tall,10,"[-0.22521154,-1.6882434,1.2257842,-1.4836251,-1.4947144,-0.39742889]","[0.45095518,0.041207153,0.70369649]",0.33346005062298484,2.507995667552435,0.0878999940395355,false,0.0,nan,0.0,
rrtstar_ompl,1,static_tall_formal_v2_001,hard_reach,tall,11,"[-0.2477327,-1.7000678,1.2383626,-1.4749876,-1.4871858,-0.43717178]","[0.44671014,0.033091988,0.70165861]",0.325334255702733,2.4578357542013856,0.0878999940395355,false,0.0,nan,0.0,
rrtstar_ompl,1,static_tall_formal_v2_001,hard_reach,tall,12,"[-0.27025385,-1.7118921,1.250941,-1.4663501,-1.4796572,-0.47691466]","[0.44232625,0.025188709,0.69957256]",0.31725597965014324,2.407675840850337,0.0878999940395355,false,0.0,nan,0.0,
rrtstar_ompl,1,static_tall_formal_v2_001,hard_reach,tall,13,"[-0.29277501,-1.7237165,1.2635195,-1.4577126,-1.4721287,-0.51665755]","[0.43781149,0.017499194,0.69743836]",0.30922635540878673,2.3575159274992883,0.0878999940395355,false,0.0,nan,0.0,
rrtstar_ompl,1,static_tall_formal_v2_001,hard_reach,tall,14,"[-0.31529616,-1.7355408,1.2760979,-1.4490751,-1.4646001,-0.55640044]","[0.4331744,0.010024969,0.69525629]",0.30124697566804975,2.30735601414824,0.0878999940395355,false,0.0,nan,0.0,
rrtstar_ompl,1,static_tall_formal_v2_001,hard_reach,tall,15,"[-0.33781732,-1.7473652,1.2886763,-1.4404376,-1.4570715,-0.59614333]","[0.42842296,0.0027674749,0.69302672]",0.29331912562751666,2.257196100797191,0.0878999940395355,false,0.0,nan,0.0,
rrtstar_ompl,1,static_tall_formal_v2_001,hard_reach,tall,16,"[-0.36033847,-1.7591895,1.3012547,-1.4318001,-1.449543,-0.63588622]","[0.42356548,-0.0042724358,0.6907497]",0.28544401468709957,2.207036187446142,0.0878999940395355,false,0.0,nan,0.0,
rrtstar_ompl,1,static_tall_formal_v2_001,hard_reach,tall,17,"[-0.38285963,-1.7710138,1.3138331,-1.4231626,-1.4420144,-0.67562911]","[0.4186101,-0.011093978,0.68842554]",0.2776229102332073,2.1568762740950937,0.0878999940395355,false,0.0,nan,0.0,
rrtstar_ompl,1,static_tall_formal_v2_001,hard_reach,tall,18,"[-0.40538078,-1.7828382,1.3264115,-1.4145251,-1.4344859,-0.715372]","[0.41356498,-0.01769679,0.68605471]",0.2698571124430434,2.106716360744045,0.0878999940395355,false,0.0,nan,0.0,
rrtstar_ompl,1,static_tall_formal_v2_001,hard_reach,tall,19,"[-0.42790194,-1.7946625,1.33899,-1.4058876,-1.4269573,-0.75511488]","[0.40843835,-0.024080809,0.68363726]",0.2621477398312341,2.0565564473929965,0.0878999940395355,false,0.0,nan,0.0,
rrtstar_ompl,1,static_tall_formal_v2_001,hard_reach,tall,20,"[-0.45042309,-1.8064869,1.3515684,-1.3972501,-1.4194287,-0.79485777]","[0.403238,-0.030246139,0.68117344]",0.25449570012438655,2.0063965340419476,0.0878999940395355,false,0.0,nan,0.0,
rrtstar_ompl,1,static_tall_formal_v2_001,hard_reach,tall,21,"[-0.47294424,-1.8183112,1.3641468,-1.3886126,-1.4119002,-0.83460066]","[0.39797202,-0.036193244,0.67866373]",0.246902237907338,1.956236620690899,0.0878999940395355,false,0.0,nan,0.0,
rrtstar_ompl,1,static_tall_formal_v2_001,hard_reach,tall,22,"[-0.4954654,-1.8301356,1.3767252,-1.3799751,-1.4043716,-0.87434355]","[0.39264828,-0.041922901,0.67610824]",0.23936822379038256,1.9060767073398501,0.0878999940395355,false,0.0,nan,0.0,
rrtstar_ompl,1,static_tall_formal_v2_001,hard_reach,tall,23,"[-0.51798655,-1.8419599,1.3893036,-1.3713376,-1.396843,-0.91408644]","[0.38727444,-0.047436111,0.67350721]",0.23189445774989292,1.8559167939888013,0.0878999940395355,false,0.0,nan,0.0,
rrtstar_ompl,1,static_tall_formal_v2_001,hard_reach,tall,24,"[-0.54050771,-1.8537842,1.4018821,-1.3627001,-1.3893145,-0.95382933]","[0.38185838,-0.052734241,0.67086101]",0.2244819461886013,1.8057568806377529,0.0878999940395355,false,0.0,nan,0.0,
rrtstar_ompl,1,static_tall_formal_v2_001,hard_reach,tall,25,"[-0.56302886,-1.8656086,1.4144605,-1.3540626,-1.3817859,-0.99357222]","[0.37640753,-0.057818666,0.66816992]",0.21713145566025435,1.755596967286704,0.0878999940395355,false,0.0,nan,0.0,
rrtstar_ompl,1,static_tall_formal_v2_001,hard_reach,tall,26,"[-0.58555002,-1.8774329,1.4270389,-1.3454251,-1.3742573,-1.0333151]","[0.37092936,-0.062691331,0.6654343]",0.20984370739332014,1.7054370539356554,0.0878999940395355,false,0.0,nan,0.0,
rrtstar_ompl,1,static_tall_formal_v2_001,hard_reach,tall,27,"[-0.60807117,-1.8892573,1.4396173,-1.3367876,-1.3667288,-1.073058]","[0.36543116,-0.067354247,0.66265434]",0.20261930570803668,1.6552771405846067,0.0878999940395355,false,0.0,nan,0.0,
rrtstar_ompl,1,static_tall_formal_v2_001,hard_reach,tall,28,"[-0.63059233,-1.9010816,1.4521957,-1.3281502,-1.3592002,-1.1128009]","[0.35992032,-0.071809843,0.65983021]",0.19545890770414176,1.605117227233558,0.0878999940395355,false,0.0,nan,0.0,
rrtstar_ompl,1,static_tall_formal_v2_001,hard_reach,tall,29,"[-0.65311348,-1.912906,1.4647742,-1.3195127,-1.3516717,-1.1525438]","[0.35440356,-0.076060563,0.65696263]",0.18836306452054238,1.5549573138825092,0.0878999940395355,false,0.0,nan,0.0,
rrtstar_ompl,1,static_tall_formal_v2_001,hard_reach,tall,30,"[-0.67563463,-1.9247303,1.4773526,-1.3108752,-1.3441431,-1.1922867]","[0.34888801,-0.080109268,0.65405148]",0.18133218887853508,1.5047974005314608,0.0878999940395355,false,0.0,nan,0.0,
rrtstar_ompl,1,static_tall_formal_v2_001,hard_reach,tall,31,"[-0.69815579,-1.9365546,1.489931,-1.3022377,-1.3366145,-1.2320295]","[0.34338033,-0.083958924,0.65109754]",0.17436691096226328,1.454637487180412,0.08787416242087423,false,0.0,nan,0.0,
rrtstar_ompl,1,static_tall_formal_v2_001,hard_reach,tall,32,"[-0.72067694,-1.948379,1.5025094,-1.2936002,-1.329086,-1.2717724]","[0.33788693,-0.087612867,0.64810067]",0.16746717650788787,1.4044775738293633,0.08596757070346411,false,0.0,nan,0.0,
rrtstar_ompl,1,static_tall_formal_v2_001,hard_reach,tall,33,"[-0.7431981,-1.9602033,1.5150878,-1.2849627,-1.3215574,-1.3115153]","[0.33241442,-0.091074474,0.64506137]",0.16063354808981792,1.3543176604783145,0.0841536037950048,false,0.0,nan,0.0,
rrtstar_ompl,1,static_tall_formal_v2_001,hard_reach,tall,34,"[-0.76571925,-1.9720277,1.5276663,-1.2763252,-1.3140288,-1.3512582]","[0.32696882,-0.094347514,0.64197993]",0.15386604948786317,1.304157747127266,0.0824363586500573,false,0.0,nan,0.0,
rrtstar_ompl,1,static_tall_formal_v2_001,hard_reach,tall,35,"[-0.78824041,-1.983852,1.5402447,-1.2676877,-1.3065003,-1.3910011]","[0.32155621,-0.097435705,0.63885671]",0.14716491595756442,1.2539978337762172,0.08081987225358847,false,0.0,nan,0.0,
rrtstar_ompl,1,static_tall_formal_v2_001,hard_reach,tall,36,"[-0.81076156,-1.9956764,1.5528231,-1.2590502,-1.2989717,-1.430744]","[0.31618229,-0.10034326,0.63569218]",0.1405301709050037,1.2038379204251688,0.0793081075750302,false,0.0,nan,0.0,
rrtstar_ompl,1,static_tall_formal_v2_001,hard_reach,tall,37,"[-0.83328272,-2.0075007,1.5654015,-1.2504127,-1.2914432,-1.4704869]","[0.31085286,-0.10307437,0.6324864]",0.13396179072026687,1.1536780070741197,0.07790492680159933,false,0.0,nan,0.0,
rrtstar_ompl,1,static_tall_formal_v2_001,hard_reach,tall,38,"[-0.85580387,-2.019325,1.5779799,-1.2417752,-1.2839146,-1.5102298]","[0.30557302,-0.10563341,0.62923992]",0.1274595907215914,1.1035180937230713,0.07661403739370404,false,0.0,nan,0.0,
rrtstar_ompl,1,static_tall_formal_v2_001,hard_reach,tall,39,"[-0.87832503,-2.0311494,1.5905584,-1.2331377,-1.276386,-1.5499727]","[0.30034813,-0.10802503,0.62595302]",0.12102349894739577,1.0533581803720224,0.07543897626249879,false,0.0,nan,0.0,
rrtstar_ompl,1,static_tall_formal_v2_001,hard_reach,tall,40,"[-0.90084618,-2.0429737,1.6031368,-1.2245002,-1.2688575,-1.5897155]","[0.29518321,-0.11025392,0.62262607]",0.11465332466612575,1.0031982670209738,0.07438308842783212,false,0.0,nan,0.0,
rrtstar_ompl,1,static_tall_formal_v2_001,hard_reach,tall,41,"[-0.92336733,-2.0547981,1.6157152,-1.2158627,-1.2613289,-1.6294584]","[0.29008275,-0.11232495,0.61925942]",0.10834857798351102,0.9530383536699252,0.07344945962097288,false,0.0,nan,0.0,
rrtstar_ompl,1,static_tall_formal_v2_001,hard_reach,tall,42,"[-0.94588849,-2.0666224,1.6282936,-1.2072252,-1.2538003,-1.6692013]","[0.28505144,-0.11424321,0.61585319]",0.10210883025012873,0.9028784403188764,0.07264090518929031,false,0.0,nan,0.0,
rrtstar_ompl,1,static_tall_formal_v2_001,hard_reach,tall,43,"[-0.96840964,-2.0784468,1.640872,-1.1985877,-1.2462718,-1.7089442]","[0.28009346,-0.11601382,0.61240816]",0.09593383371599597,0.8527185269678277,0.07195993903938636,false,0.0,nan,0.0,
rrtstar_ompl,1,static_tall_formal_v2_001,hard_reach,tall,44,"[-0.9909308,-2.0902711,1.6534505,-1.1899502,-1.2387432,-1.7486871]","[0.27521294,-0.11764218,0.60892427]",0.08982280122348088,0.8025586136167792,0.07140872622768718,false,0.0,nan,0.0,
rrtstar_ompl,1,static_tall_formal_v2_001,hard_reach,tall,45,"[-1.013452,-2.1020955,1.6660289,-1.1813127,-1.2312146,-1.78843]","[0.27041346,-0.11913343,0.60540229]",0.08377525134560346,0.7523987002657302,0.07098908471436521,false,0.0,nan,0.0,
rrtstar_ompl,1,static_tall_formal_v2_001,hard_reach,tall,46,"[-1.0359731,-2.1139198,1.6786073,-1.1726753,-1.2236861,-1.8281729]","[0.2656987,-0.12049317,0.60184216]",0.07779027786791863,0.7022387869146817,0.07070242882611585,false,0.0,nan,0.0,
rrtstar_ompl,1,static_tall_formal_v2_001,hard_reach,tall,47,"[-1.0584943,-2.1257441,1.6911857,-1.1640378,-1.2161575,-1.8679158]","[0.26107192,-0.12172696,0.59824479]",0.07186741660992757,0.6520788735636329,0.07026109300651738,false,0.0,nan,0.0,
rrtstar_ompl,1,static_tall_formal_v2_001,hard_reach,tall,48,"[-1.0810154,-2.1375685,1.7037641,-1.1554003,-1.208629,-1.9076587]","[0.2565361,-0.12284048,0.5946101]",0.06600545203472091,0.6019189602125842,0.06807137879088702,false,0.0,nan,0.0,
rrtstar_ompl,1,static_tall_formal_v2_001,hard_reach,tall,49,"[-1.1035366,-2.1493928,1.7163425,-1.1467628,-1.2011004,-1.9474015]","[0.25209415,-0.12383951,0.59093857]",0.060203589084196575,0.5517590468615354,0.06590317013118464,false,0.0,nan,0.0,
rrtstar_ompl,1,static_tall_formal_v2_001,hard_reach,tall,50,"[-1.1260577,-2.1612172,1.728921,-1.1381253,-1.1935718,-1.9871444]","[0.24774849,-0.12472965,0.58723062]",0.05446075581157386,0.5015991335104868,0.0637599911217827,false,0.0,nan,0.0,
rrtstar_ompl,1,static_tall_formal_v2_001,hard_reach,tall,51,"[-1.1485789,-2.1730415,1.7414994,-1.1294878,-1.1860433,-2.0268873]","[0.24350145,-0.12551698,0.58348662]",0.04877583713154411,0.45143922015943816,0.06164564657558051,false,0.0,nan,0.0,
rrtstar_ompl,1,static_tall_formal_v2_001,hard_reach,tall,52,"[-1.1711,-2.1848659,1.7540778,-1.1208503,-1.1785147,-2.0666302]","[0.23935512,-0.12620711,0.57970703]",0.04314777669054131,0.4012793068083893,0.05956418111455235,false,0.0,nan,0.0,
rrtstar_ompl,1,static_tall_formal_v2_001,hard_reach,tall,53,"[-1.1936212,-2.1966902,1.7666562,-1.1122128,-1.1709861,-2.1063731]","[0.23531121,-0.12680624,0.57589215]",0.03757520082859938,0.35111939345734094,0.05751995252270754,false,0.0,nan,0.0,
rrtstar_ompl,1,static_tall_formal_v2_001,hard_reach,tall,54,"[-1.2161423,-2.2085145,1.7792346,-1.1035753,-1.1634576,-2.146116]","[0.23137119,-0.12732001,0.57204235]",0.03205673051967659,0.300959480106292,0.055517575685848156,false,0.0,nan,0.0,
rrtstar_ompl,1,static_tall_formal_v2_001,hard_reach,tall,55,"[-1.2386635,-2.2203389,1.7918131,-1.0949378,-1.155929,-2.1858589]","[0.22753638,-0.12775455,0.56815815]",0.026591085428952253,0.2507995667552436,0.053561924421626925,false,0.0,nan,0.0,
rrtstar_ompl,1,static_tall_formal_v2_001,hard_reach,tall,56,"[-1.2611847,-2.2321632,1.8043915,-1.0863003,-1.1484004,-2.2256018]","[0.22380777,-0.12811561,0.5642398]",0.02117667150732413,0.2006396534041947,0.0516582454599681,false,0.0,nan,0.0,
rrtstar_ompl,1,static_tall_formal_v2_001,hard_reach,tall,57,"[-1.2837058,-2.2439876,1.8169699,-1.0776628,-1.1408719,-2.2653447]","[0.22018608,-0.12840924,0.56028783]",0.015812018600646082,0.1504797400531462,0.04981199447838407,false,0.0,nan,0.0,
rrtstar_ompl,1,static_tall_formal_v2_001,hard_reach,tall,58,"[-1.306227,-2.2558119,1.8295483,-1.0690253,-1.1333433,-2.3050875]","[0.21667188,-0.12864129,0.55630249]",0.010495415347600998,0.10031982670209742,0.048028916857130885,false,0.0,nan,0.0,
rrtstar_ompl,1,static_tall_formal_v2_001,hard_reach,tall,59,"[-1.3287481,-2.2676363,1.8421267,-1.0603878,-1.1258148,-2.3448304]","[0.2132654,-0.12881775,0.55228448]",0.005225400452947536,0.050159913351048885,0.04631502084829199,false,0.0,nan,0.0,
rrtstar_ompl,1,static_tall_formal_v2_001,hard_reach,tall,60,"[-1.3512693,-2.2794606,1.8547052,-1.0517503,-1.1182862,-2.3845733]","[0.20996666,-0.12894431,0.54823393]",2.004210309478401e-08,0.0,0.04467658097635131,false,0.0,nan,0.0,
rrtstar_ompl,2,static_tall_formal_v2_002,easy,tall,0,"[0,-1.57,1.1,-1.57,-1.57,0]","[0.48397353,0.13337938,0.72136778]",0.2874646083994262,1.2675317246068678,0.0878999940395355,false,20.0357563495636,nan,0.0,
rrtstar_ompl,2,static_tall_formal_v2_002,easy,tall,1,"[-0.0085196536,-1.5925911,1.1102231,-1.5673057,-1.5380716,-0.029265729]","[0.47368819,0.13252807,0.72692329]",0.27613427715563676,1.216830455622593,0.0878999940395355,false,0.0,nan,0.0,
rrtstar_ompl,2,static_tall_formal_v2_002,easy,tall,2,"[-0.017039307,-1.6151823,1.1204463,-1.5646114,-1.5061433,-0.058531458]","[0.46331477,0.13185999,0.73232722]",0.2647766395066929,1.1661291866383183,0.0878999940395355,false,0.0,nan,0.0,
rrtstar_ompl,2,static_tall_formal_v2_002,easy,tall,3,"[-0.025558961,-1.6377734,1.1306694,-1.5619172,-1.4742149,-0.087797188]","[0.45285818,0.13137421,0.73757744]",0.253393066534467,1.1154279176540436,0.0878999940395355,false,0.0,nan,0.0,
rrtstar_ompl,2,static_tall_formal_v2_002,easy,tall,4,"[-0.034078614,-1.6603646,1.1408925,-1.5592229,-1.4422866,-0.11706292]","[0.44232339,0.13106969,0.74267161]",0.24198509670350718,1.0647266486697688,0.0878999940395355,false,0.0,nan,0.0,
rrtstar_ompl,2,static_tall_formal_v2_002,easy,tall,5,"[-0.042598268,-1.6829557,1.1511157,-1.5565286,-1.4103582,-0.14632865]","[0.43171561,0.13094525,0.74760777]",0.23055443095429384,1.0140253796854943,0.0878999940395355,false,0.0,nan,0.0,
rrtstar_ompl,2,static_tall_formal_v2_002,easy,tall,6,"[-0.051117922,-1.7055469,1.1613388,-1.5538343,-1.3784299,-0.17559438]","[0.42103976,0.13099962,0.75238359]",0.21910261737871506,0.9633241107012196,0.0878999940395355,false,0.0,nan,0.0,
rrtstar_ompl,2,static_tall_formal_v2_002,easy,tall,7,"[-0.059637575,-1.728138,1.1715619,-1.55114,-1.3465015,-0.2048601]","[0.41030073,0.13123144,0.75699675]",0.20763120238623486,0.9126228417169447,0.0878999940395355,false,0.0,nan,0.0,
rrtstar_ompl,2,static_tall_formal_v2_002,easy,tall,8,"[-0.068157229,-1.7507292,1.181785,-1.5484457,-1.3145732,-0.23412583]","[0.39950386,0.13163921,0.76144516]",0.196142129478953,0.8619215727326702,0.0878999940395355,false,0.0,nan,0.0,
rrtstar_ompl,2,static_tall_formal_v2_002,easy,tall,9,"[-0.076676882,-1.7733203,1.1920082,-1.5457515,-1.2826448,-0.26339156]","[0.38865408,0.13222134,0.76572663]",0.1846370351000768,0.8112203037483955,0.0878999940395355,false,0.0,nan,0.0,
rrtstar_ompl,2,static_tall_formal_v2_002,easy,tall,10,"[-0.085196536,-1.7959114,1.2022313,-1.5430572,-1.2507164,-0.29265729]","[0.37775654,0.13297613,0.76983845]",0.173117866004964,0.7605190347641207,0.0878999940395355,false,0.0,nan,0.0,
rrtstar_ompl,2,static_tall_formal_v2_002,easy,tall,11,"[-0.09371619,-1.8185026,1.2124544,-1.5403629,-1.2187881,-0.32192302]","[0.36681646,0.13390173,0.77377892]",0.16158649317310847,0.709817765779846,0.0878999940395355,false,0.0,nan,0.0,
rrtstar_ompl,2,static_tall_formal_v2_002,easy,tall,12,"[-0.10223584,-1.8410937,1.2226776,-1.5376686,-1.1868597,-0.35118875]","[0.35583875,0.13499632,0.77754569]",0.15004459214955246,0.6591164967955713,0.0878999940395355,false,0.0,nan,0.0,
rrtstar_ompl,2,static_tall_formal_v2_002,easy,tall,13,"[-0.1107555,-1.8636849,1.2329007,-1.5349743,-1.1549314,-0.38045448]","[0.34482887,0.1362578,0.78113621]",0.13849451781710095,0.6084152278112965,0.0878999940395355,false,0.0,nan,0.0,
rrtstar_ompl,2,static_tall_formal_v2_002,easy,tall,14,"[-0.11927515,-1.886276,1.2431238,-1.5322801,-1.123003,-0.40972021]","[0.33379176,0.13768411,0.7845487]",0.12693791023434733,0.5577139588270217,0.0878999940395355,false,0.0,nan,0.0,
rrtstar_ompl,2,static_tall_formal_v2_002,easy,tall,15,"[-0.1277948,-1.9088672,1.253347,-1.5295858,-1.0910747,-0.43898594]","[0.32273275,0.13927299,0.7877807]",0.1153769958292737,0.507012689842747,0.0878999940395355,false,0.0,nan,0.0,
rrtstar_ompl,2,static_tall_formal_v2_002,easy,tall,16,"[-0.13631446,-1.9314583,1.2635701,-1.5268915,-1.0591463,-0.46825167]","[0.31165698,0.14102215,0.79083019]",0.103813755117987,0.45631142085847237,0.0878999940395355,false,0.0,nan,0.0,
rrtstar_ompl,2,static_tall_formal_v2_002,easy,tall,17,"[-0.14483411,-1.9540495,1.2737932,-1.5241972,-1.027218,-0.4975174]","[0.30056977,0.14292912,0.79369491]",0.09225039416685822,0.40561015187419763,0.0878999940395355,false,0.0,nan,0.0,
rrtstar_ompl,2,static_tall_formal_v2_002,easy,tall,18,"[-0.15335376,-1.9766406,1.2840164,-1.5215029,-0.9952896,-0.52678313]","[0.28947639,0.14499141,0.79637277]",0.08068906742470898,0.35490888288992295,0.0878999940395355,false,0.0,nan,0.0,
rrtstar_ompl,2,static_tall_formal_v2_002,easy,tall,19,"[-0.16187342,-1.9992318,1.2942395,-1.5188086,-0.96336124,-0.55604885]","[0.27838194,0.1472064,0.7988618]",0.06913176575371446,0.30420761390564827,0.0878999940395355,false,0.0,nan,0.0,
rrtstar_ompl,2,static_tall_formal_v2_002,easy,tall,20,"[-0.17039307,-2.0218229,1.3044626,-1.5161144,-0.93143289,-0.58531458]","[0.26729181,0.14957133,0.8011601]",0.05758078653560274,0.25350634492137347,0.0878999940395355,false,0.0,nan,0.0,
rrtstar_ompl,2,static_tall_formal_v2_002,easy,tall,21,"[-0.17891273,-2.044414,1.3146857,-1.5134201,-0.89950453,-0.61458031]","[0.25621128,0.15208334,0.80326539]",0.04603839706810641,0.2028050759370989,0.0878999940395355,false,0.0,nan,0.0,
rrtstar_ompl,2,static_tall_formal_v2_002,easy,tall,22,"[-0.18743238,-2.0670052,1.3249089,-1.5107258,-0.86757618,-0.64384604]","[0.24514574,0.15473954,0.8051759]",0.03450690296394658,0.15210380695282405,0.0878999940395355,false,0.0,nan,0.0,
rrtstar_ompl,2,static_tall_formal_v2_002,easy,tall,23,"[-0.19595203,-2.0895963,1.335132,-1.5080315,-0.83564782,-0.67311177]","[0.23410034,0.15753688,0.80688983]",0.022988429955885712,0.10140253796854944,0.0878999940395355,false,0.0,nan,0.0,
rrtstar_ompl,2,static_tall_formal_v2_002,easy,tall,24,"[-0.20447169,-2.1121875,1.3453551,-1.5053372,-0.80371947,-0.7023775]","[0.22308053,0.16047224,0.80840546]",0.0114853737433279,0.050701268984274885,0.0878999940395355,false,0.0,nan,0.0,
rrtstar_ompl,2,static_tall_formal_v2_002,easy,tall,25,"[-0.21299134,-2.1347786,1.3555783,-1.502643,-0.77179111,-0.73164323]","[0.21209136,0.16354236,0.80972099]",1.963281947276158e-07,0.0,0.0878999940395355,false,0.0,nan,0.0,
rrtstar_ompl,3,static_tall_formal_v2_003,near_obstacle,tall,0,"[0,-1.57,1.1,-1.57,-1.57,0]","[0.48397353,0.13337938,0.72136778]",0.727859487991093,2.8235922379741702,0.0878999940395355,false,20.04669761657715,nan,0.0,
rrtstar_ompl,3,static_tall_formal_v2_003,near_obstacle,tall,1,"[-0.026061146,-1.5663748,1.0945579,-1.5756555,-1.5673155,0.04220394]","[0.48883158,0.12094976,0.72300154]",0.7181457077643613,2.7731709480103457,0.0878999940395355,false,0.0,nan,0.0,
rrtstar_ompl,3,static_tall_formal_v2_003,near_obstacle,tall,2,"[-0.052122293,-1.5627495,1.0891158,-1.581311,-1.5646309,0.08440788]","[0.49336052,0.10835785,0.72463214]",0.7082746567250939,2.722749658046521,0.0878999940395355,false,0.0,nan,0.0,
rrtstar_ompl,3,static_tall_formal_v2_003,near_obstacle,tall,3,"[-0.078183439,-1.5591243,1.0836736,-1.5869666,-1.5619464,0.12661182]","[0.49755508,0.09561263,0.72625947]",0.6982479503429089,2.6723283680826966,0.0878999940395355,false,0.0,nan,0.0,
rrtstar_ompl,3,static_tall_formal_v2_003,near_obstacle,tall,4,"[-0.10424459,-1.5554991,1.0782315,-1.5926221,-1.5592619,0.16881576]","[0.50141042,0.082723238,0.72788352]",0.6880673307458877,2.6219070781188725,0.0878999940395355,false,0.0,nan,0.0,
rrtstar_ompl,3,static_tall_formal_v2_003,near_obstacle,tall,5,"[-0.13030573,-1.5518738,1.0727894,-1.5982776,-1.5565773,0.2110197]","[0.50492179,0.069698967,0.72950417]",0.677734499648464,2.571485788155048,0.0878999940395355,false,0.0,nan,0.0,
rrtstar_ompl,3,static_tall_formal_v2_003,near_obstacle,tall,6,"[-0.15636688,-1.5482486,1.0673473,-1.6039331,-1.5538928,0.25322364]","[0.50808471,0.056549251,0.7311216]",0.6672511707265937,2.5210644981912234,0.0878999940395355,false,0.0,nan,0.0,
rrtstar_ompl,3,static_tall_formal_v2_003,near_obstacle,tall,7,"[-0.18242802,-1.5446234,1.0619052,-1.6095886,-1.5512083,0.29542758]","[0.51089507,0.043283686,0.7327354]",0.6566192239600473,2.470643208227399,0.0878999940395355,false,0.0,nan,0.0,
rrtstar_ompl,3,static_tall_formal_v2_003,near_obstacle,tall,8,"[-0.20848917,-1.5409981,1.056463,-1.6152442,-1.5485237,0.33763152]","[0.51334906,0.029911947,0.73434561]",0.6458404902547846,2.4202219182635747,0.0878999940395355,false,0.0,nan,0.0,
rrtstar_ompl,3,static_tall_formal_v2_003,near_obstacle,tall,9,"[-0.23455032,-1.5373729,1.0510209,-1.6208997,-1.5458392,0.37983546]","[0.51544297,0.016443957,0.73595232]",0.6349168757443636,2.36980062829975,0.0878999940395355,false,0.0,nan,0.0,
rrtstar_ompl,3,static_tall_formal_v2_003,near_obstacle,tall,10,"[-0.26061146,-1.5337477,1.0455788,-1.6265552,-1.5431547,0.4220394]","[0.51717353,0.002889568,0.73755527]",0.6238502554439658,2.319379338335925,0.0878999940395355,false,0.0,nan,0.0,
rrtstar_ompl,3,static_tall_formal_v2_003,near_obstacle,tall,11,"[-0.28667261,-1.5301224,1.0401367,-1.6322107,-1.5404702,0.46424334]","[0.5185377,-0.010741103,0.7391544]",0.6126426369550371,2.268958048372101,0.0878999940395355,false,0.0,nan,0.0,
rrtstar_ompl,3,static_tall_formal_v2_003,near_obstacle,tall,12,"[-0.31273376,-1.5264972,1.0346946,-1.6378663,-1.5377856,0.50644728]","[0.51953256,-0.02443788,0.74074996]",0.6012959112172523,2.218536758408277,0.0878999940395355,false,0.0,nan,0.0,
rrtstar_ompl,3,static_tall_formal_v2_003,near_obstacle,tall,13,"[-0.3387949,-1.522872,1.0292525,-1.6435218,-1.5351011,0.54865122]","[0.52015585,-0.038190506,0.74234134]",0.5898122696219354,2.1681154684444524,0.0878999940395355,false,0.0,nan,0.0,
rrtstar_ompl,3,static_tall_formal_v2_003,near_obstacle,tall,14,"[-0.36485605,-1.5192467,1.0238103,-1.6491773,-1.5324166,0.59085516]","[0.52040535,-0.051988699,0.74392873]",0.578193691301587,2.1176941784806274,0.0878999940395355,false,0.0,nan,0.0,
rrtstar_ompl,3,static_tall_formal_v2_003,near_obstacle,tall,15,"[-0.39091719,-1.5156215,1.0183682,-1.6548328,-1.529732,0.6330591]","[0.52027887,-0.065821998,0.74551237]",0.5664421051751188,2.0672728885168032,0.0878999940395355,false,0.0,nan,0.0,
rrtstar_ompl,3,static_tall_formal_v2_003,near_obstacle,tall,16,"[-0.41697834,-1.5119963,1.0129261,-1.6604883,-1.5270475,0.67526304]","[0.51977533,-0.079679929,0.74709177]",0.5545599625963913,2.016851598552979,0.08546914052565,false,0.0,nan,0.0,
rrtstar_ompl,3,static_tall_formal_v2_003,near_obstacle,tall,17,"[-0.44303949,-1.508371,1.007484,-1.6661439,-1.524363,0.71746698]","[0.51889312,-0.093551949,0.748667]",0.5425492431087512,1.9664303085891544,0.08130246526770021,false,0.0,nan,0.0,
rrtstar_ompl,3,static_tall_formal_v2_003,near_obstacle,tall,18,"[-0.46910063,-1.5047458,1.0020419,-1.6717994,-1.5216784,0.75967092]","[0.51763117,-0.10742748,0.75023794]",0.530412091253852,1.9160090186253298,0.07731272167594894,false,0.0,nan,0.0,
rrtstar_ompl,3,static_tall_formal_v2_003,near_obstacle,tall,19,"[-0.49516178,-1.5011206,0.99659974,-1.6774549,-1.5189939,0.80187486]","[0.51598907,-0.12129587,0.75180465]",0.5181508917063945,1.8655877286615055,0.07351829972342977,false,0.0,nan,0.0,
rrtstar_ompl,3,static_tall_formal_v2_003,near_obstacle,tall,20,"[-0.52122293,-1.4974953,0.99115762,-1.6831104,-1.5163094,0.8440788]","[0.51396614,-0.13514656,0.75336695]",0.505767679559349,1.8151664386976807,0.06993858327153535,false,0.0,nan,0.0,
rrtstar_ompl,3,static_tall_formal_v2_003,near_obstacle,tall,21,"[-0.54728407,-1.4938701,0.9857155,-1.6887659,-1.5136248,0.88628274]","[0.51156253,-0.14896867,0.75492489]",0.493265002511533,1.7647451487338564,0.06659366233412564,false,0.0,nan,0.0,
rrtstar_ompl,3,static_tall_formal_v2_003,near_obstacle,tall,22,"[-0.57334522,-1.4902449,0.98027338,-1.6944215,-1.5109403,0.92848668]","[0.50877833,-0.16275172,0.75647807]",0.48064497648868326,1.7143238587700318,0.06350403441347552,false,0.0,nan,0.0,
rrtstar_ompl,3,static_tall_formal_v2_003,near_obstacle,tall,23,"[-0.59940636,-1.4866196,0.97483126,-1.700077,-1.5082558,0.97069062]","[0.50561416,-0.17648488,0.75802684]",0.4679100476612239,1.6639025688062077,0.060690468369757,false,0.0,nan,0.0,
rrtstar_ompl,3,static_tall_formal_v2_003,near_obstacle,tall,24,"[-0.62546751,-1.4829944,0.96938915,-1.7057325,-1.5055712,1.0128946]","[0.50207067,-0.19015743,0.75957108]",0.4550625036199175,1.613481278842383,0.0581735302088954,false,0.0,nan,0.0,
rrtstar_ompl,3,static_tall_formal_v2_003,near_obstacle,tall,25,"[-0.65152866,-1.4793692,0.96394703,-1.711388,-1.5028867,1.0550985]","[0.49814934,-0.20375881,0.76111037]",0.44210490251138457,1.5630599888785583,0.0559730438983162,false,0.0,nan,0.0,
rrtstar_ompl,3,static_tall_formal_v2_003,near_obstacle,tall,26,"[-0.6775898,-1.4757439,0.95850491,-1.7170436,-1.5002022,1.0973024]","[0.49385136,-0.21727826,0.76264495]",0.42903955077745987,1.512638698914734,0.05410774602812607,false,0.0,nan,0.0,
rrtstar_ompl,3,static_tall_formal_v2_003,near_obstacle,tall,27,"[-0.70365095,-1.4721187,0.95306279,-1.7226991,-1.4975177,1.1395064]","[0.48917854,-0.23070514,0.7641747]",0.41586893532258884,1.4622174089509095,0.05259458888369625,false,0.0,nan,0.0,
rrtstar_ompl,3,static_tall_formal_v2_003,near_obstacle,tall,28,"[-0.7297121,-1.4684935,0.94762067,-1.7283546,-1.4948331,1.1817103]","[0.48413298,-0.24402891,0.76569951]",0.402595549554144,1.4117961189870851,0.05144817497987042,false,0.0,nan,0.0,
rrtstar_ompl,3,static_tall_formal_v2_003,near_obstacle,tall,29,"[-0.75577324,-1.4648682,0.94217855,-1.7340101,-1.4921486,1.2239143]","[0.47871706,-0.25723904,0.76721925]",0.38922190437757637,1.3613748290232606,0.050680290097403824,false,0.0,nan,0.0,
rrtstar_ompl,3,static_tall_formal_v2_003,near_obstacle,tall,30,"[-0.78183439,-1.461243,0.93673643,-1.7396656,-1.4894641,1.2661182]","[0.47293335,-0.27032495,0.76873392]",0.37575053103374606,1.3109535390594362,0.05029935828018178,false,0.0,nan,0.0,
rrtstar_ompl,3,static_tall_formal_v2_003,near_obstacle,tall,31,"[-0.80789553,-1.4576178,0.93129431,-1.7453212,-1.4867795,1.3083221]","[0.46678495,-0.28327638,0.77024347]",0.36218394756410865,1.2605322490956117,0.050310133624124564,false,0.0,nan,0.0,
rrtstar_ompl,3,static_tall_formal_v2_003,near_obstacle,tall,32,"[-0.83395668,-1.4539925,0.92585219,-1.7509767,-1.484095,1.3505261]","[0.46027502,-0.29608276,0.77174783]",0.34852482096461407,1.2101109591317873,0.05071349583479018,false,0.0,nan,0.0,
rrtstar_ompl,3,static_tall_formal_v2_003,near_obstacle,tall,33,"[-0.86001783,-1.4503673,0.92041008,-1.7566322,-1.4814105,1.39273]","[0.45340726,-0.30873409,0.77324682]",0.334775687787215,1.1596896691679628,0.05150640332283729,false,0.0,nan,0.0,
rrtstar_ompl,3,static_tall_formal_v2_003,near_obstacle,tall,34,"[-0.88607897,-1.4467421,0.91496796,-1.7622877,-1.4787259,1.434934]","[0.44618547,-0.32122001,0.77474046]",0.3209392535546337,1.1092683792041385,0.05268209496712517,false,0.0,nan,0.0,
rrtstar_ompl,3,static_tall_formal_v2_003,near_obstacle,tall,35,"[-0.91214012,-1.4431169,0.90952584,-1.7679432,-1.4760414,1.4771379]","[0.43861374,-0.3335306,0.77622879]",0.3070180052370757,1.0588470892403137,0.054230319233698004,false,0.0,nan,0.0,
rrtstar_ompl,3,static_tall_formal_v2_003,near_obstacle,tall,36,"[-0.93820127,-1.4394916,0.90408372,-1.7735988,-1.4733569,1.5193418]","[0.43069667,-0.34565577,0.77771139]",0.29301485083014456,1.0084257992764891,0.05613784228227339,false,0.0,nan,0.0,
rrtstar_ompl,3,static_tall_formal_v2_003,near_obstacle,tall,37,"[-0.96426241,-1.4358664,0.8986416,-1.7792543,-1.4706723,1.5615458]","[0.42243886,-0.35758579,0.77918851]",0.2789322858245667,0.9580045093126649,0.05815028928053065,false,0.0,nan,0.0,
rrtstar_ompl,3,static_tall_formal_v2_003,near_obstacle,tall,38,"[-0.99032356,-1.4322412,0.89319948,-1.7849098,-1.4679878,1.6037497]","[0.41384542,-0.36931083,0.78065997]",0.2647731704866317,0.9075832193488402,0.05892115519857426,false,0.0,nan,0.0,
rrtstar_ompl,3,static_tall_formal_v2_003,near_obstacle,tall,39,"[-1.0163847,-1.4286159,0.88775736,-1.7905653,-1.4653033,1.6459537]","[0.40492159,-0.38082147,0.78212577]",0.25054008796432087,0.8571619293850159,0.05967455064395992,false,0.0,nan,0.0,
rrtstar_ompl,3,static_tall_formal_v2_003,near_obstacle,tall,40,"[-1.0424459,-1.4249907,0.88231524,-1.7962209,-1.4626187,1.6881576]","[0.39567304,-0.3921082,0.78358561]",0.23623592531050955,0.8067406394211913,0.06069018228714319,false,0.0,nan,0.0,
rrtstar_ompl,3,static_tall_formal_v2_003,near_obstacle,tall,41,"[-1.068507,-1.4213655,0.87687312,-1.8018764,-1.4599342,1.7303615]","[0.38610551,-0.40316159,0.78503966]",0.22186345007514705,0.7563193494573672,0.061961707936298835,false,0.0,nan,0.0,
rrtstar_ompl,3,static_tall_formal_v2_003,near_obstacle,tall,42,"[-1.0945681,-1.4177402,0.87143101,-1.8075319,-1.4572497,1.7725655]","[0.3762252,-0.41397288,0.7864877]",0.20742529573894472,0.7058980594935427,0.06348143276818106,false,0.0,nan,0.0,
rrtstar_ompl,3,static_tall_formal_v2_003,near_obstacle,tall,43,"[-1.1206293,-1.414115,0.86598889,-1.8131874,-1.4545651,1.8147694]","[0.36603847,-0.42453286,0.78792983]",0.192924390980341,0.655476769529718,0.06524044896085106,false,0.0,nan,0.0,
rrtstar_ompl,3,static_tall_formal_v2_003,near_obstacle,tall,44,"[-1.1466904,-1.4104898,0.86054677,-1.8188429,-1.4518806,1.8569734]","[0.35555184,-0.43483266,0.78936589]",0.1783635098305406,0.6050554795658937,0.06722889150226637,false,0.0,nan,0.0,
rrtstar_ompl,3,static_tall_formal_v2_003,near_obstacle,tall,45,"[-1.1727516,-1.4068645,0.85510465,-1.8244985,-1.4491961,1.8991773]","[0.34477246,-0.444864,0.79079574]",0.16374552555675606,0.5546341896020692,0.06943611265788081,false,0.0,nan,0.0,
rrtstar_ompl,3,static_tall_formal_v2_003,near_obstacle,tall,46,"[-1.1988127,-1.4032393,0.84966253,-1.830154,-1.4465116,1.9413812]","[0.33370727,-0.45461828,0.79221934]",0.14907323931793134,0.5042128996382448,0.0718509412557906,false,0.0,nan,0.0,
rrtstar_ompl,3,static_tall_formal_v2_003,near_obstacle,tall,47,"[-1.2248739,-1.3996141,0.84422041,-1.8358095,-1.443827,1.9835852]","[0.32236373,-0.46408737,0.79363662]",0.13434950925799669,0.4537916096744202,0.0744618034158697,false,0.0,nan,0.0,
rrtstar_ompl,3,static_tall_formal_v2_003,near_obstacle,tall,48,"[-1.250935,-1.3959888,0.83877829,-1.841465,-1.4411425,2.0257891]","[0.31074941,-0.47326317,0.79504752]",0.11957721827165042,0.40337031971059567,0.0769744306454821,false,0.0,nan,0.0,
rrtstar_ompl,3,static_tall_formal_v2_003,near_obstacle,tall,49,"[-1.2769962,-1.3923636,0.83333617,-1.8471205,-1.438458,2.0679931]","[0.29887223,-0.48213786,0.79645193]",0.10475934002541733,0.35294902974677134,0.07855464731903242,false,0.0,nan,0.0,
rrtstar_ompl,3,static_tall_formal_v2_003,near_obstacle,tall,50,"[-1.3030573,-1.3887384,0.82789405,-1.8527761,-1.4357734,2.110197]","[0.28674024,-0.49070406,0.79784995]",0.08989861762392677,0.3025277397829466,0.08029347161064984,false,0.0,nan,0.0,
rrtstar_ompl,3,static_tall_formal_v2_003,near_obstacle,tall,51,"[-1.3291185,-1.3851131,0.82245193,-1.8584316,-1.4330889,2.1524009]","[0.27436176,-0.49895424,0.7992413]",0.07499809003296133,0.2521064498191222,0.08218458647088633,false,0.0,nan,0.0,
rrtstar_ompl,3,static_tall_formal_v2_003,near_obstacle,tall,52,"[-1.3551796,-1.3814879,0.81700982,-1.8640871,-1.4304044,2.1946049]","[0.2617453,-0.50688136,0.80062586]",0.06006064754625506,0.20168515985529784,0.08422140488900684,false,0.0,nan,0.0,
rrtstar_ompl,3,static_tall_formal_v2_003,near_obstacle,tall,53,"[-1.3812408,-1.3778627,0.8115677,-1.8697426,-1.4277198,2.2368088]","[0.24889953,-0.51447856,0.80200386]",0.045089124825123846,0.1512638698914735,0.0863971743194307,false,0.0,nan,0.0,
rrtstar_ompl,3,static_tall_formal_v2_003,near_obstacle,tall,54,"[-1.4073019,-1.3742374,0.80612558,-1.8753981,-1.4250353,2.2790128]","[0.23583341,-0.52173918,0.80337495]",0.03008653592978759,0.10084257992764874,0.0878999940395355,false,0.0,nan,0.0,
rrtstar_ompl,3,static_tall_formal_v2_003,near_obstacle,tall,55,"[-1.433363,-1.3706122,0.80068346,-1.8810537,-1.4223508,2.3212167]","[0.22255605,-0.5286569,0.80473918]",0.01505580460210869,0.05042128996382474,0.0878999940395355,false,0.0,nan,0.0,
rrtstar_ompl,3,static_tall_formal_v2_003,near_obstacle,tall,56,"[-1.4594242,-1.366987,0.79524134,-1.8867092,-1.4196662,2.3634206]","[0.20907678,-0.53522533,0.80609643]",5.717024316460093e-09,0.0,0.0878999940395355,false,0.0,nan,0.0,
rrtstar_ompl,4,static_tall_formal_v2_004,near_obstacle,tall,0,"[0,-1.57,1.1,-1.57,-1.57,0]","[0.48397353,0.13337938,0.72136778]",0.21422858353358623,3.5201094488375597,0.0878999940395355,false,20.014662265777588,nan,0.0,
rrtstar_ompl,4,static_tall_formal_v2_004,near_obstacle,tall,1,"[-0.031483244,-1.5640022,1.0645904,-1.5840742,-1.5648823,0.004850588]","[0.48689777,0.1186213,0.73743075]",0.2091153249694109,3.469822170997024,0.0878999940395355,false,0.0,nan,0.0,
rrtstar_ompl,4,static_tall_formal_v2_004,near_obstacle,tall,2,"[-0.062966488,-1.5580044,1.0291808,-1.5981485,-1.5597646,0.009701176]","[0.48881865,0.10384575,0.75338984]",0.20534076507271554,3.4195348931564866,0.0878999940395355,false,0.0,nan,0.0,
rrtstar_ompl,4,static_tall_formal_v2_004,near_obstacle,tall,3,"[-0.094449732,-1.5520065,0.99377125,-1.6122227,-1.5546468,0.014551764]","[0.48974144,0.089118496,0.76922482]",0.20293066111831726,3.3692476153159503,0.0878999940395355,false,0.0,nan,0.0,
rrtstar_ompl,4,static_tall_formal_v2_004,near_obstacle,tall,4,"[-0.12593298,-1.5460087,0.95836167,-1.6262969,-1.5495291,0.019402352]","[0.48967615,0.074504629,0.78491545]",0.20187897700073365,3.3189603374754135,0.0878999940395355,false,0.0,nan,0.0,
rrtstar_ompl,4,static_tall_formal_v2_004,near_obstacle,tall,5,"[-0.15741622,-1.5400109,0.92295209,-1.6403712,-1.5444114,0.02425294]","[0.4886367,0.06006835,0.8004421]",0.20214589536147393,3.268673059634877,0.0878999940395355,false,0.0,nan,0.0,
rrtstar_ompl,4,static_tall_formal_v2_004,near_obstacle,tall,6,"[-0.18889946,-1.5340131,0.8875425,-1.6544454,-1.5392937,0.029103528]","[0.48664165,0.04587261,0.81578439]",0.2036608191263991,3.218385781794341,0.0878999940395355,false,0.0,nan,0.0,
rrtstar_ompl,4,static_tall_formal_v2_004,near_obstacle,tall,7,"[-0.22038271,-1.5280153,0.85213292,-1.6685196,-1.5341759,0.033954116]","[0.48371384,0.031978745,0.83092254]",0.20632682657290172,3.168098503953804,0.0878999940395355,false,0.0,nan,0.0,
rrtstar_ompl,4,static_tall_formal_v2_004,near_obstacle,tall,8,"[-0.25186595,-1.5220175,0.81672334,-1.6825939,-1.5290582,0.038804704]","[0.47987992,0.018446423,0.84583688]",0.21002711932712234,3.1178112261132673,0.0878999940395355,false,0.0,nan,0.0,
rrtstar_ompl,4,static_tall_formal_v2_004,near_obstacle,tall,9,"[-0.2833492,-1.5160196,0.78131376,-1.6966681,-1.5239405,0.043655292]","[0.47517061,0.0053330716,0.86050773]",0.21463298667542813,3.0675239482727306,0.0878999940395355,false,0.0,nan,0.0,
rrtstar_ompl,4,static_tall_formal_v2_004,near_obstacle,tall,10,"[-0.31483244,-1.5100218,0.74590417,-1.7107423,-1.5188228,0.04850588]","[0.46962047,-0.007306125,0.87491584]",0.22001064678090818,3.0172366704321942,0.0878999940395355,false,0.0,nan,0.0,
rrtstar_ompl,4,static_tall_formal_v2_004,near_obstacle,tall,11,"[-0.34631569,-1.504024,0.71049459,-1.7248165,-1.513705,0.053356468]","[0.46326774,-0.019418692,0.88904196]",0.22602720627557932,2.9669493925916575,0.0878999940395355,false,0.0,nan,0.0,
rrtstar_ompl,4,static_tall_formal_v2_004,near_obstacle,tall,12,"[-0.37779893,-1.4980262,0.67508501,-1.7388908,-1.5085873,0.058207056]","[0.45615429,-0.030955009,0.90286702]",0.2325549362957568,2.916662114751121,0.0864080565706169,false,0.0,nan,0.0,
rrtstar_ompl,4,static_tall_formal_v2_004,near_obstacle,tall,13,"[-0.40928217,-1.4920284,0.63967543,-1.752965,-1.5034696,0.063057644]","[0.44832462,-0.041868452,0.91637254]",0.2394737058739433,2.8663748369105844,0.08081977653555339,false,0.0,nan,0.0,
rrtstar_ompl,4,static_tall_formal_v2_004,near_obstacle,tall,14,"[-0.44076542,-1.4860305,0.60426584,-1.7670392,-1.4983519,0.067908232]","[0.43982679,-0.052115828,0.92954016]",0.24667329209725056,2.816087559070048,0.07551496197652535,false,0.0,nan,0.0,
rrtstar_ompl,4,static_tall_formal_v2_004,near_obstacle,tall,15,"[-0.47224866,-1.4800327,0.56885626,-1.7811135,-1.4932342,0.07275882]","[0.43071172,-0.06165747,0.94235176]",0.2540535566038732,2.7658002812295113,0.07053380513591456,false,0.0,nan,0.0,
rrtstar_ompl,4,static_tall_formal_v2_004,near_obstacle,tall,16,"[-0.50373191,-1.4740349,0.53344668,-1.7951877,-1.4881164,0.077609408]","[0.42103243,-0.07045728,0.95478994]",0.26152415645587085,2.715513003388975,0.06591941656740521,false,0.0,nan,0.0,
rrtstar_ompl,4,static_tall_formal_v2_004,near_obstacle,tall,17,"[-0.53521515,-1.4680371,0.4980371,-1.8092619,-1.4829987,0.082459996]","[0.4108445,-0.078483105,0.96683741]",0.2690043335725838,2.665225725548438,0.06171702702303311,false,0.0,nan,0.0,
rrtstar_ompl,4,static_tall_formal_v2_004,near_obstacle,tall,18,"[-0.56669839,-1.4620393,0.46262751,-1.8233362,-1.477881,0.087310584]","[0.40020558,-0.08570686,0.97847724]",0.2764220629924332,2.6149384477079014,0.05797318145339905,false,0.0,nan,0.0,
rrtstar_ompl,4,static_tall_formal_v2_004,near_obstacle,tall,19,"[-0.59818164,-1.4560415,0.42721793,-1.8374104,-1.4727633,0.092161172]","[0.38917458,-0.092104524,0.98969322]",0.2837131242749155,2.564651169867365,0.05473449247463494,false,0.0,nan,0.0,
rrtstar_ompl,4,static_tall_formal_v2_004,near_obstacle,tall,20,"[-0.62966488,-1.4500436,0.39180835,-1.8514846,-1.4676455,0.09701176]","[0.3778125,-0.09765631,1.0004696]",0.29082053859326723,2.5143638920268288,0.05204570857544391,false,0.0,nan,0.0,
rrtstar_ompl,4,static_tall_formal_v2_004,near_obstacle,tall,21,"[-0.66114813,-1.4440458,0.35639877,-1.8655589,-1.4625278,0.10186235]","[0.36618099,-0.10234687,1.0107906]",0.2976932202701908,2.464076614186292,0.049947795719069904,false,0.0,nan,0.0,
rrtstar_ompl,4,static_tall_formal_v2_004,near_obstacle,tall,22,"[-0.69263137,-1.438048,0.32098918,-1.8796331,-1.4574101,0.10671294]","[0.35434258,-0.1061652,1.0206418]",0.3042859763515359,2.413789336345755,0.04847569432478499,false,0.0,nan,0.0,
rrtstar_ompl,4,static_tall_formal_v2_004,near_obstacle,tall,23,"[-0.72411462,-1.4320502,0.2855796,-1.8937073,-1.4522924,0.11156352]","[0.34236038,-0.10910474,1.030009]",0.3105582952643325,2.363502058505219,0.04765606874549805,false,0.0,nan,0.0,
rrtstar_ompl,4,static_tall_formal_v2_004,near_obstacle,tall,24,"[-0.75559786,-1.4260524,0.25017002,-1.9077816,-1.4471746,0.11641411]","[0.3302978,-0.11116352,1.0388782]",0.3164737325610163,2.313214780664682,0.04750552914732484,false,0.0,nan,0.0,
rrtstar_ompl,4,static_tall_formal_v2_004,near_obstacle,tall,25,"[-0.7870811,-1.4200546,0.21476044,-1.9218558,-1.4420569,0.1212647]","[0.31821793,-0.11234386,1.0472364]",0.3219997979956607,2.262927502824146,0.04802941999543328,false,0.0,nan,0.0,
rrtstar_ompl,4,static_tall_formal_v2_004,near_obstacle,tall,26,"[-0.81856435,-1.4140567,0.17935085,-1.93593,-1.4369392,0.12611529]","[0.30618346,-0.11265267,1.0550714]",0.32710734988938966,2.2126402249836095,0.0492215041344751,false,0.0,nan,0.0,
rrtstar_ompl,4,static_tall_formal_v2_004,near_obstacle,tall,27,"[-0.85004759,-1.4080589,0.14394127,-1.9500043,-1.4318215,0.13096588]","[0.29425657,-0.11210133,1.062371]",0.3317701349558549,2.1623529471430722,0.05106446472005444,false,0.0,nan,0.0,
rrtstar_ompl,4,static_tall_formal_v2_004,near_obstacle,tall,28,"[-0.88153084,-1.4020611,0.10853169,-1.9640785,-1.4267037,0.13581646]","[0.28249794,-0.11070535,1.0691245]",0.3359645905668857,2.112065669302536,0.05353128333957144,false,0.0,nan,0.0,
rrtstar_ompl,4,static_tall_formal_v2_004,near_obstacle,tall,29,"[-0.91301408,-1.3960633,0.073122105,-1.9781527,-1.421586,0.14066705]","[0.27096725,-0.10848477,1.075321]",0.3396694249399903,2.061778391461999,0.056587165199694034,false,0.0,nan,0.0,
rrtstar_ompl,4,static_tall_formal_v2_004,near_obstacle,tall,30,"[-0.94449732,-1.3900655,0.037712523,-1.992227,-1.4164683,0.14551764]","[0.25972253,-0.1054638,1.080951]",0.3428658081385924,2.011491113621463,0.057991731451356165,false,0.0,nan,0.0,
rrtstar_ompl,4,static_tall_formal_v2_004,near_obstacle,tall,31,"[-0.97598057,-1.3840676,0.0023029403,-2.0063012,-1.4113506,0.15036823]","[0.24881956,-0.10167032,1.0860053]",0.34553645568286884,1.9612038357809265,0.05880227473816989,false,0.0,nan,0.0,
rrtstar_ompl,4,static_tall_formal_v2_004,near_obstacle,tall,32,"[-1.0074638,-1.3780698,-0.033106642,-2.0203754,-1.4062329,0.15521882]","[0.23831217,-0.097136453,1.090476]",0.3476664016155684,1.9109165579403897,0.06001934079282513,false,0.0,nan,0.0,
rrtstar_ompl,4,static_tall_formal_v2_004,near_obstacle,tall,33,"[-1.0389471,-1.372072,-0.068516225,-2.0344496,-1.4011151,0.1600694]","[0.22825167,-0.091898113,1.0943552]",0.3492419469252696,1.8606292800998532,0.06163932871712911,false,0.0,nan,0.0,
rrtstar_ompl,4,static_tall_formal_v2_004,near_obstacle,tall,34,"[-1.0704303,-1.3660742,-0.10392581,-2.0485239,-1.3959974,0.16491999]","[0.2186864,-0.085994281,1.0976362]",0.35025100155309885,1.8103420022593169,0.06364694012938228,false,0.0,nan,0.0,
rrtstar_ompl,4,static_tall_formal_v2_004,near_obstacle,tall,35,"[-1.1019135,-1.3600764,-0.13933539,-2.0625981,-1.3908797,0.16977058]","[0.20966195,-0.079467729,1.1003131]",0.3506831404799605,1.76005472441878,0.06602407844153856,false,0.0,nan,0.0,
rrtstar_ompl,4,static_tall_formal_v2_004,near_obstacle,tall,36,"[-1.1333968,-1.3540786,-0.17474497,-2.0766723,-1.385762,0.17462117]","[0.20122063,-0.07236433,1.1023808]",0.3505294173429822,1.7097674465782438,0.06875042293710006,false,0.0,nan,0.0,
rrtstar_ompl,4,static_tall_formal_v2_004,near_obstacle,tall,37,"[-1.16488,-1.3480807,-0.21015456,-2.0907466,-1.3806442,0.17947176]","[0.19340116,-0.064732373,1.1038345]",0.3497815403116561,1.6594801687377068,0.07180418349003011,false,0.0,nan,0.0,
rrtstar_ompl,4,static_tall_formal_v2_004,near_obstacle,tall,38,"[-1.1963633,-1.3420829,-0.24556414,-2.1048208,-1.3755265,0.18432234]","[0.18623878,-0.05662334,1.1046711]",0.3484333049285363,1.6091928908971704,0.07436313740266301,false,0.0,nan,0.0,
rrtstar_ompl,4,static_tall_formal_v2_004,near_obstacle,tall,39,"[-1.2278465,-1.3360851,-0.28097372,-2.118895,-1.3704088,0.18917293]","[0.17976496,-0.048090756,1.1048875]",0.3464789484637247,1.5589056130566339,0.07590282778558677,false,0.0,nan,0.0,
rrtstar_ompl,4,static_tall_formal_v2_004,near_obstacle,tall,40,"[-1.2593298,-1.3300873,-0.3163833,-2.1329693,-1.3652911,0.19402352]","[0.17400697,-0.039190266,1.1044821]",0.3439145102195009,1.5086183352160976,0.07769026885794883,false,0.0,nan,0.0,
rrtstar_ompl,4,static_tall_formal_v2_004,near_obstacle,tall,41,"[-1.290813,-1.3240895,-0.35179289,-2.1470435,-1.3601733,0.19887411]","[0.16898823,-0.029979393,1.1034534]",0.34073651065384164,1.4583310573755606,0.07971527319484295,false,0.0,nan,0.0,
rrtstar_ompl,4,static_tall_formal_v2_004,near_obstacle,tall,42,"[-1.3222963,-1.3180916,-0.38720247,-2.1611177,-1.3550556,0.2037247]","[0.16472778,-0.020517148,1.1018012]",0.3369427517519788,1.4080437795350242,0.08196688131240035,false,0.0,nan,0.0,
rrtstar_ompl,4,static_tall_formal_v2_004,near_obstacle,tall,43,"[-1.3537795,-1.3120938,-0.42261205,-2.175192,-1.3499379,0.20857528]","[0.16124032,-0.010863677,1.0995262]",0.3325323246399836,1.357756501694487,0.08443348549184773,false,0.0,nan,0.0,
rrtstar_ompl,4,static_tall_formal_v2_004,near_obstacle,tall,44,"[-1.3852627,-1.306096,-0.45802163,-2.1892662,-1.3448202,0.21342587]","[0.15853627,-0.0010801107,1.0966297]",0.3275050206540245,1.3074692238539511,0.08710304930790005,false,0.0,nan,0.0,
rrtstar_ompl,4,static_tall_formal_v2_004,near_obstacle,tall,45,"[-1.416746,-1.3000982,-0.49343122,-2.2033404,-1.3397025,0.21827646]","[0.15662143,0.0087719932,1.0931141]",0.32186168703853923,1.2571819460134142,0.0878999940395355,false,0.0,nan,0.0,
rrtstar_ompl,4,static_tall_formal_v2_004,near_obstacle,tall,46,"[-1.4482292,-1.2941004,-0.5288408,-2.2174147,-1.3345847,0.22312705]","[0.15549728,0.018630702,1.0889822]",0.31560388726751837,1.2068946681728778,0.0878999940395355,false,0.0,nan,0.0,
rrtstar_ompl,4,static_tall_formal_v2_004,near_obstacle,tall,47,"[-1.4797125,-1.2881026,-0.56425038,-2.2314889,-1.329467,0.22797764]","[0.1551607,0.028434057,1.0842382]",0.3087345793048003,1.1566073903323413,0.0878999940395355,false,0.0,nan,0.0,
rrtstar_ompl,4,static_tall_formal_v2_004,near_obstacle,tall,48,"[-1.5111957,-1.2821047,-0.59965996,-2.2455631,-1.3243493,0.23282822]","[0.15560406,0.038120721,1.0788864]",0.30125703418598726,1.1063201124918047,0.0878999940395355,false,0.0,nan,0.0,
rrtstar_ompl,4,static_tall_formal_v2_004,near_obstacle,tall,49,"[-1.542679,-1.2761069,-0.63506955,-2.2596374,-1.3192316,0.23767881]","[0.15681539,0.047629911,1.0729326]",0.2931758253203172,1.0560328346512682,0.0878999940395355,false,0.0,nan,0.0,
rrtstar_ompl,4,static_tall_formal_v2_004,near_obstacle,tall,50,"[-1.5741622,-1.2701091,-0.67047913,-2.2737116,-1.3141138,0.2425294]","[0.15877824,0.056901682,1.066383]",0.28449616334145345,1.0057455568107314,0.0878999940395355,false,0.0,nan,0.0,
rrtstar_ompl,4,static_tall_formal_v2_004,near_obstacle,tall,51,"[-1.6056455,-1.2641113,-0.70588871,-2.2877858,-1.3089961,0.24737999]","[0.16147184,0.065877914,1.0592448]",0.27522408232692563,0.955458278970195,0.0878999940395355,false,0.0,nan,0.0,
rrtstar_ompl,4,static_tall_formal_v2_004,near_obstacle,tall,52,"[-1.6371287,-1.2581135,-0.74129829,-2.30186,-1.3038784,0.25223058]","[0.16487136,0.074501768,1.0515261]",0.2653667062135812,0.9051710011296583,0.0878999940395355,false,0.0,nan,0.0,
rrtstar_ompl,4,static_tall_formal_v2_004,near_obstacle,tall,53,"[-1.6686119,-1.2521157,-0.77670788,-2.3159343,-1.2987607,0.25708116]","[0.16894765,0.082718089,1.0432353]",0.25493152114794304,0.8548837232891219,0.08613891253510786,false,0.0,nan,0.0,
rrtstar_ompl,4,static_tall_formal_v2_004,near_obstacle,tall,54,"[-1.7000952,-1.2461178,-0.81211746,-2.3300085,-1.2936429,0.26193175]","[0.17366785,0.09047468,1.0343823]",0.2439272057303613,0.8045964454485852,0.08399973542026723,false,0.0,nan,0.0,
rrtstar_ompl,4,static_tall_formal_v2_004,near_obstacle,tall,55,"[-1.7315784,-1.24012,-0.84752704,-2.3440827,-1.2885252,0.26678234]","[0.17899519,0.097721145,1.024977]",0.23236262379030306,0.7543091676080488,0.08247132301522592,false,0.0,nan,0.0,
rrtstar_ompl,4,static_tall_formal_v2_004,near_obstacle,tall,56,"[-1.7630617,-1.2341222,-0.88293662,-2.358157,-1.2834075,0.27163293]","[0.1848893,0.10441,1.0150303]",0.22024783281482616,0.7040218897675119,0.08157790641270996,false,0.0,nan,0.0,
rrtstar_ompl,4,static_tall_formal_v2_004,near_obstacle,tall,57,"[-1.7945449,-1.2281244,-0.91834621,-2.3722312,-1.2782898,0.27648352]","[0.19130659,0.1104971,1.0045542]",0.2075935748640214,0.6537346119269754,0.08133605302302882,false,0.0,nan,0.0,
rrtstar_ompl,4,static_tall_formal_v2_004,near_obstacle,tall,58,"[-1.8260282,-1.2221266,-0.95375579,-2.3863054,-1.273172,0.2813341]","[0.19820006,0.11594123,0.99356103]",0.19441124369360385,0.6034473340864389,0.08175373701637151,false,0.0,nan,0.0,
rrtstar_ompl,4,static_tall_formal_v2_004,near_obstacle,tall,59,"[-1.8575114,-1.2161287,-0.98916537,-2.4003797,-1.2680543,0.28618469]","[0.20551993,0.12070453,0.98206371]",0.18071258695835835,0.5531600562459024,0.08282995312653343,false,0.0,nan,0.0,
rrtstar_ompl,4,static_tall_formal_v2_004,near_obstacle,tall,60,"[-1.8889946,-1.2101309,-1.024575,-2.4144539,-1.2629366,0.29103528]","[0.2132138,0.12475336,0.97007626]",0.16651045928616454,0.502872778405366,0.08455489363671348,false,0.0,nan,0.0,
rrtstar_ompl,4,static_tall_formal_v2_004,near_obstacle,tall,61,"[-1.9204779,-1.2041331,-1.0599845,-2.4285281,-1.2578189,0.29588587]","[0.2212266,0.1280573,0.95761293]",0.15181808377731276,0.4525855005648291,0.0869105609165215,false,0.0,nan,0.0,
rrtstar_ompl,4,static_tall_formal_v2_004,near_obstacle,tall,62,"[-1.9519611,-1.1981353,-1.0953941,-2.4426024,-1.2527012,0.30073646]","[0.22950138,0.13059023,0.94468886]",0.13664938175989316,0.4022982227242928,0.0878999940395355,false,0.0,nan,0.0,
rrtstar_ompl,4,static_tall_formal_v2_004,near_obstacle,tall,63,"[-1.9834444,-1.1921375,-1.1308037,-2.4566766,-1.2475834,0.30558704]","[0.23797923,0.13233033,0.93131959]",0.12101876653515596,0.3520109448837561,0.0878999940395355,false,0.0,nan,0.0,
rrtstar_ompl,4,static_tall_formal_v2_004,near_obstacle,tall,64,"[-2.0149276,-1.1861397,-1.1662133,-2.4707508,-1.2424657,0.31043763]","[0.24659963,0.13325985,0.9175213]",0.10494125410656453,0.3017236670432197,0.0878999940395355,false,0.0,nan,0.0,
rrtstar_ompl,4,static_tall_formal_v2_004,near_obstacle,tall,65,"[-2.0464109,-1.1801418,-1.2016229,-2.4848251,-1.237348,0.31528822]","[0.25530088,0.13336542,0.90331084]",0.08843249133480675,0.2514363892026828,0.0878999940395355,false,0.0,nan,0.0,
rrtstar_ompl,4,static_tall_formal_v2_004,near_obstacle,tall,66,"[-2.0778941,-1.174144,-1.2370324,-2.4988993,-1.2322303,0.32013881]","[0.26402047,0.13263845,0.88870561]",0.07150863679404142,0.20114911136214653,0.0878999940395355,false,0.0,nan,0.0,
rrtstar_ompl,4,static_tall_formal_v2_004,near_obstacle,tall,67,"[-2.1093774,-1.1681462,-1.272442,-2.5129735,-1.2271125,0.3249894]","[0.27269498,0.13107455,0.87372315]",0.05418611938530539,0.15086183352160978,0.0878999940395355,false,0.0,nan,0.0,
rrtstar_ompl,4,static_tall_formal_v2_004,near_obstacle,tall,68,"[-2.1408606,-1.1621484,-1.3078516,-2.5270478,-1.2219948,0.32983998]","[0.28126088,0.12867408,0.85838187]",0.0364821263399615,0.10057455568107347,0.0878999940395355,false,0.0,nan,0.0,
rrtstar_ompl,4,static_tall_formal_v2_004,near_obstacle,tall,69,"[-2.1723438,-1.1561506,-1.3432612,-2.541122,-1.2168771,0.33469057]","[0.28965473,0.12544188,0.84270048]",0.018414132959741304,0.05028727784053673,0.0878999940395355,false,0.0,nan,0.0,
rrtstar_ompl,4,static_tall_formal_v2_004,near_obstacle,tall,70,"[-2.2038271,-1.1501527,-1.3786708,-2.5551962,-1.2117594,0.33954116]","[0.29781333,0.12138744,0.82669801]",6.868865022382846e-09,0.0,0.0878999940395355,false,0.0,nan,0.0,
rrtstar_ompl,5,static_tall_formal_v2_005,hard_reach,tall,0,"[0,-1.57,1.1,-1.57,-1.57,0]","[0.48397353,0.13337938,0.72136778]",0.4070275861085122,2.0672154045514084,0.0878999940395355,false,20.003554821014404,nan,0.0,
rrtstar_ompl,5,static_tall_formal_v2_005,hard_reach,tall,1,"[-0.022028705,-1.5752523,1.1166808,-1.5778513,-1.5565425,-0.038837077]","[0.48643661,0.1240351,0.71688604]",0.39734787272377825,2.0167955166355207,0.0878999940395355,false,0.0,nan,0.0,
rrtstar_ompl,5,static_tall_formal_v2_005,hard_reach,tall,2,"[-0.044057411,-1.5805046,1.1333615,-1.5857025,-1.5430849,-0.077674155]","[0.48866752,0.11464859,0.71238661]",0.3876260880022989,1.9663756287196326,0.0878999940395355,false,0.0,nan,0.0,
rrtstar_ompl,5,static_tall_formal_v2_005,hard_reach,tall,3,"[-0.066086116,-1.5857569,1.1500423,-1.5935538,-1.5296274,-0.11651123]","[0.49066564,0.10522646,0.70787019]",0.3778644879861172,1.9159557408037444,0.0878999940395355,false,0.0,nan,0.0,
rrtstar_ompl,5,static_tall_formal_v2_005,hard_reach,tall,4,"[-0.088114821,-1.5910092,1.1667231,-1.601405,-1.5161698,-0.15534831]","[0.49243057,0.09577544,0.70333725]",0.3680653345737194,1.8655358528878565,0.0878999940395355,false,0.0,nan,0.0,
rrtstar_ompl,5,static_tall_formal_v2_005,hard_reach,tall,5,"[-0.11014353,-1.5962615,1.1834039,-1.6092563,-1.5027123,-0.19418539]","[0.49396205,0.086302191,0.69878858]",0.35823096153722667,1.8151159649719686,0.0878999940395355,false,0.0,nan,0.0,
rrtstar_ompl,5,static_tall_formal_v2_005,hard_reach,tall,6,"[-0.13217223,-1.6015138,1.2000846,-1.6171075,-1.4892547,-0.23302246]","[0.49526018,0.07681337,0.69422472]",0.3483636389971816,1.7646960770560804,0.0878999940395355,false,0.0,nan,0.0,
rrtstar_ompl,5,static_tall_formal_v2_005,hard_reach,tall,7,"[-0.15420094,-1.6067661,1.2167654,-1.6249588,-1.4757972,-0.27185954]","[0.49632505,0.067315631,0.68964618]",0.3384655987106642,1.7142761891401925,0.0878999940395355,false,0.0,nan,0.0,
rrtstar_ompl,5,static_tall_formal_v2_005,hard_reach,tall,8,"[-0.17622964,-1.6120184,1.2334462,-1.6328101,-1.4623396,-0.31069662]","[0.49715716,0.057815637,0.68505377]",0.32853927026227164,1.6638563012243046,0.0878999940395355,false,0.0,nan,0.0,
rrtstar_ompl,5,static_tall_formal_v2_005,hard_reach,tall,9,"[-0.19825835,-1.6172707,1.250127,-1.6406613,-1.4488821,-0.3495337]","[0.49775687,0.048319954,0.68044788]",0.31858676135499225,1.6134364133084165,0.0878999940395355,false,0.0,nan,0.0,
rrtstar_ompl,5,static_tall_formal_v2_005,hard_reach,tall,10,"[-0.22028705,-1.622523,1.2668077,-1.6485126,-1.4354245,-0.38837077]","[0.49812528,0.038835172,0.67582917]",0.30861049501632937,1.5630165253925283,0.0878999940395355,false,0.0,nan,0.0,
rrtstar_ompl,5,static_tall_formal_v2_005,hard_reach,tall,11,"[-0.24231576,-1.6277753,1.2834885,-1.6563638,-1.421967,-0.42720785]","[0.49826315,0.029367842,0.67119837]",0.29861277039098966,1.5125966374766404,0.0878999940395355,false,0.0,nan,0.0,
rrtstar_ompl,5,static_tall_formal_v2_005,hard_reach,tall,12,"[-0.26434446,-1.6330276,1.3001693,-1.6642151,-1.4085094,-0.46604493]","[0.49817199,0.019924415,0.666556]",0.28859592729994216,1.4621767495607525,0.0878999940395355,false,0.0,nan,0.0,
rrtstar_ompl,5,static_tall_formal_v2_005,hard_reach,tall,13,"[-0.28637317,-1.6382799,1.3168501,-1.6720663,-1.3950519,-0.50488201]","[0.49785277,0.010511348,0.66190255]",0.2785621021673537,1.4117568616448644,0.0878999940395355,false,0.0,nan,0.0,
rrtstar_ompl,5,static_tall_formal_v2_005,hard_reach,tall,14,"[-0.30840188,-1.6435322,1.3335308,-1.6799176,-1.3815944,-0.54371908]","[0.49730754,0.0011350401,0.65723896]",0.2685139267422247,1.3613369737289762,0.0878999940395355,false,0.0,nan,0.0,
rrtstar_ompl,5,static_tall_formal_v2_005,hard_reach,tall,15,"[-0.33043058,-1.6487845,1.3502116,-1.6877689,-1.3681368,-0.58255616]","[0.49653772,-0.0081982501,0.65256542]",0.2584533481315385,1.3109170858130885,0.0878999940395355,false,0.0,nan,0.0,
rrtstar_ompl,5,static_tall_formal_v2_005,hard_reach,tall,16,"[-0.35245929,-1.6540368,1.3668924,-1.6956201,-1.3546793,-0.62139324]","[0.49554548,-0.01748227,0.6478827]",0.2483828313686962,1.2604971978972004,0.0878999940395355,false,0.0,nan,0.0,
rrtstar_ompl,5,static_tall_formal_v2_005,hard_reach,tall,17,"[-0.37448799,-1.6592891,1.3835732,-1.7034714,-1.3412217,-0.66023031]","[0.49433288,-0.026710812,0.6431914]",0.23830467533922745,1.2100773099813125,0.0878999940395355,false,0.0,nan,0.0,
rrtstar_ompl,5,static_tall_formal_v2_005,hard_reach,tall,18,"[-0.3965167,-1.6645414,1.4002539,-1.7113226,-1.3277642,-0.69906739]","[0.49290243,-0.035877872,0.63849205]",0.22822114680273858,1.1596574220654243,0.0878999940395355,false,0.0,nan,0.0,
rrtstar_ompl,5,static_tall_formal_v2_005,hard_reach,tall,19,"[-0.4185454,-1.6697937,1.4169347,-1.7191739,-1.3143066,-0.73790447]","[0.49125642,-0.044977367,0.63378537]",0.2181345846324271,1.1092375341495362,0.0878999940395355,false,0.0,nan,0.0,
rrtstar_ompl,5,static_tall_formal_v2_005,hard_reach,tall,20,"[-0.44057411,-1.675046,1.4336155,-1.7270251,-1.3008491,-0.77674155]","[0.48939773,-0.054003462,0.62907183]",0.208047241011666,1.0588176462336485,0.0878999940395355,false,0.0,nan,0.0,
rrtstar_ompl,5,static_tall_formal_v2_005,hard_reach,tall,21,"[-0.46260281,-1.6802983,1.4502963,-1.7348764,-1.2873915,-0.81557862]","[0.48732907,-0.062950283,0.62435192]",0.1979613271302,1.0083977583177604,0.0878999940395355,false,0.0,nan,0.0,
rrtstar_ompl,5,static_tall_formal_v2_005,hard_reach,tall,22,"[-0.48463152,-1.6855506,1.466977,-1.7427277,-1.273934,-0.8544157]","[0.48505378,-0.071812212,0.61962652]",0.1878793333749061,0.9579778704018722,0.0878999940395355,false,0.0,nan,0.0,
rrtstar_ompl,5,static_tall_formal_v2_005,hard_reach,tall,23,"[-0.50666022,-1.6908029,1.4836578,-1.7505789,-1.2604764,-0.89325278]","[0.48257479,-0.080583617,0.61489594]",0.17780330959343615,0.9075579824859842,0.0878999940395355,false,0.0,nan,0.0,
rrtstar_ompl,5,static_tall_formal_v2_005,hard_reach,tall,24,"[-0.52868893,-1.6960552,1.5003386,-1.7584302,-1.2470189,-0.93208986]","[0.47989577,-0.089259036,0.61016083]",0.1677356652983749,0.8571380945700963,0.0878999940395355,false,0.0,nan,0.0,
rrtstar_ompl,5,static_tall_formal_v2_005,hard_reach,tall,25,"[-0.55071763,-1.7013075,1.5170193,-1.7662814,-1.2335614,-0.97092693]","[0.47701997,-0.097833142,0.60542172]",0.15767849193220856,0.8067182066542082,0.0878999940395355,false,0.0,nan,0.0,
rrtstar_ompl,5,static_tall_formal_v2_005,hard_reach,tall,26,"[-0.57274634,-1.7065598,1.5337001,-1.7741327,-1.2201038,-1.009764]","[0.47395122,-0.10630062,0.6006794]",0.14763425793269155,0.7562983187383202,0.0878999940395355,false,0.0,nan,0.0,
rrtstar_ompl,5,static_tall_formal_v2_005,hard_reach,tall,27,"[-0.59477504,-1.7118121,1.5503809,-1.7819839,-1.2066463,-1.0486011]","[0.47069347,-0.11465642,0.59593409]",0.13760504731889378,0.7058784308224321,0.0878999940395355,false,0.0,nan,0.0,
rrtstar_ompl,5,static_tall_formal_v2_005,hard_reach,tall,28,"[-0.61680375,-1.7170644,1.5670617,-1.7898352,-1.1931887,-1.0874382]","[0.46725067,-0.12289563,0.59118664]",0.12759315474193397,0.655458542906544,0.0878999940395355,false,0.0,nan,0.0,
rrtstar_ompl,5,static_tall_formal_v2_005,hard_reach,tall,29,"[-0.63883246,-1.7223167,1.5837424,-1.7976865,-1.1797312,-1.1262752]","[0.46362677,-0.13101332,0.58643734]",0.11760064799393137,0.6050386549906562,0.0878999940395355,false,0.0,nan,0.0,
rrtstar_ompl,5,static_tall_formal_v2_005,hard_reach,tall,30,"[-0.66086116,-1.727569,1.6004232,-1.8055377,-1.1662736,-1.1651123]","[0.45982632,-0.13900487,0.58168709]",0.10762997504093884,0.5546187670747682,0.08405919525975007,false,0.0,nan,0.0,
rrtstar_ompl,5,static_tall_formal_v2_005,hard_reach,tall,31,"[-0.68288987,-1.7328213,1.617104,-1.813389,-1.1528161,-1.2039494]","[0.45585364,-0.1468658,0.57693624]",0.09768315071371035,0.5041988791588802,0.07799169133466348,false,0.0,nan,0.0,
rrtstar_ompl,5,static_tall_formal_v2_005,hard_reach,tall,32,"[-0.70491857,-1.7380736,1.6337848,-1.8212402,-1.1393585,-1.2427865]","[0.45171326,-0.15459163,0.57218522]",0.08776234220028838,0.4537789912429922,0.07223906394283895,false,0.0,nan,0.0,
rrtstar_ompl,5,static_tall_formal_v2_005,hard_reach,tall,33,"[-0.72694728,-1.7433259,1.6504655,-1.8290915,-1.125901,-1.2816236]","[0.44740984,-0.16217814,0.56743485]",0.07786984301500681,0.40335910332710406,0.0668838220402644,false,0.0,nan,0.0,
rrtstar_ompl,5,static_tall_formal_v2_005,hard_reach,tall,34,"[-0.74897598,-1.7485782,1.6671463,-1.8369427,-1.1124434,-1.3204606]","[0.44294816,-0.16962132,0.56268531]",0.06800758429766827,0.3529392154112161,0.06197778500742014,false,0.0,nan,0.0,
rrtstar_ompl,5,static_tall_formal_v2_005,hard_reach,tall,35,"[-0.77100469,-1.7538305,1.6838271,-1.844794,-1.0989859,-1.3592977]","[0.43833315,-0.17691718,0.55793762]",0.05817798736997864,0.30251932749532806,0.05757670322385269,false,0.0,nan,0.0,
rrtstar_ompl,5,static_tall_formal_v2_005,hard_reach,tall,36,"[-0.79303339,-1.7590828,1.7005079,-1.8526453,-1.0855283,-1.3981348]","[0.43356982,-0.18406208,0.55319178]",0.04838284184277146,0.25209943957944,0.0517653174058959,false,0.0,nan,0.0,
rrtstar_ompl,5,static_tall_formal_v2_005,hard_reach,tall,37,"[-0.8150621,-1.7643351,1.7171886,-1.8604965,-1.0720708,-1.4369719]","[0.42866328,-0.19105229,0.54844886]",0.03862462400908904,0.20167955166355192,0.04383461225653781,false,0.0,nan,0.0,
rrtstar_ompl,5,static_tall_formal_v2_005,hard_reach,tall,38,"[-0.8370908,-1.7695874,1.7338694,-1.8683478,-1.0586133,-1.4758089]","[0.42361876,-0.19788456,0.54370892]",0.028905084866102982,0.15125966374766384,0.036074793059754036,false,0.0,nan,0.0,
rrtstar_ompl,5,static_tall_formal_v2_005,hard_reach,tall,39,"[-0.85911951,-1.7748397,1.7505502,-1.876199,-1.0451557,-1.514646]","[0.41844139,-0.20455551,0.5389728]",0.019226448584600812,0.1008397758317761,0.028496399044543978,false,0.0,nan,0.0,
rrtstar_ompl,5,static_tall_formal_v2_005,hard_reach,tall,40,"[-0.88114821,-1.780092,1.767231,-1.8840503,-1.0316982,-1.5534831]","[0.41313678,-0.21106221,0.53424078]",0.00959070919831991,0.05041988791588806,0.02111208564096658,false,0.0,nan,0.0,
rrtstar_ompl,5,static_tall_formal_v2_005,hard_reach,tall,41,"[-0.90317692,-1.7853443,1.7839117,-1.8919016,-1.0182406,-1.5923202]","[0.40771025,-0.21740176,0.52951378]",5.994158953738012e-09,0.0,0.013939152453402472,false,0.0,nan,0.0,
rrtstar_ompl,6,static_tall_formal_v2_006,near_obstacle,tall,0,"[0,-1.57,1.1,-1.57,-1.57,0]","[0.48397353,0.13337938,0.72136778]",0.5445419924226972,4.187213925321687,0.0878999940395355,false,20.030171155929565,nan,0.0,
rrtstar_ompl,6,static_tall_formal_v2_006,near_obstacle,tall,1,"[0.029910471,-1.5731272,1.0738476,-1.5759256,-1.5814397,-0.028119324]","[0.47458011,0.14649834,0.7362746]",0.5578016740864642,4.136765564775642,0.0878999940395355,false,0.0,nan,0.0,
rrtstar_ompl,6,static_tall_formal_v2_006,near_obstacle,tall,2,"[0.059820943,-1.5762543,1.0476953,-1.5818511,-1.5928794,-0.056238648]","[0.46437034,0.15914796,0.75107569]",0.5710900098282785,4.086317204229598,0.0878999940395355,false,0.0,nan,0.0,
rrtstar_ompl,6,static_tall_formal_v2_006,near_obstacle,tall,3,"[0.089731414,-1.5793815,1.0215429,-1.5877767,-1.6043191,-0.084357973]","[0.45336759,0.17127764,0.76575565]",0.5843577052033441,4.035868843683553,0.0878999940395355,false,0.0,nan,0.0,
rrtstar_ompl,6,static_tall_formal_v2_006,near_obstacle,tall,4,"[0.11964189,-1.5825087,0.99539054,-1.5937022,-1.6157588,-0.1124773]","[0.441598,0.18283802,0.78029943]",0.5975583502903754,3.985420483137509,0.0878999940395355,false,0.0,nan,0.0,
rrtstar_ompl,6,static_tall_formal_v2_006,near_obstacle,tall,5,"[0.14955236,-1.5856359,0.96923817,-1.5996278,-1.6271985,-0.14059662]","[0.42909133,0.19378108,0.79469156]",0.6106480607191862,3.9349721225914647,0.0878999940395355,false,0.0,nan,0.0,
rrtstar_ompl,6,static_tall_formal_v2_006,near_obstacle,tall,6,"[0.17946283,-1.588763,0.9430858,-1.6055534,-1.6386382,-0.16871595]","[0.41587991,0.20406048,0.80891705]",0.6235855713706236,3.88452376204542,0.0878999940395355,false,0.0,nan,0.0,
rrtstar_ompl,6,static_tall_formal_v2_006,near_obstacle,tall,7,"[0.2093733,-1.5918902,0.91693344,-1.6114789,-1.6500779,-0.19683527]","[0.40199941,0.21363166,0.82296067]",0.6363318513262995,3.8340754014993754,0.0878999940395355,false,0.0,nan,0.0,
rrtstar_ompl,6,static_tall_formal_v2_006,near_obstacle,tall,8,"[0.23928377,-1.5950174,0.89078107,-1.6174045,-1.6615176,-0.22495459]","[0.38748807,0.22245204,0.83680749]",0.6488500836229094,3.7836270409533315,0.0878999940395355,false,0.0,nan,0.0,
rrtstar_ompl,6,static_tall_formal_v2_006,near_obstacle,tall,9,"[0.26919424,-1.5981445,0.86462871,-1.62333,-1.6729573,-0.25307392]","[0.37238708,0.23048133,0.85044271]",0.6611055717297697,3.7331786804072866,0.0878999940395355,false,0.0,nan,0.0,
rrtstar_ompl,6,static_tall_formal_v2_006,near_obstacle,tall,10,"[0.29910471,-1.6012717,0.83847634,-1.6292556,-1.684397,-0.28119324]","[0.35674021,0.23768145,0.86385137]",0.6730653506388714,3.682730319861242,0.0878999940395355,false,0.0,nan,0.0,
rrtstar_ompl,6,static_tall_formal_v2_006,near_obstacle,tall,11,"[0.32901519,-1.6043989,0.81232397,-1.6351811,-1.6958367,-0.30931257]","[0.34059379,0.24401698,0.87701881]",0.6846983388890275,3.632281959315198,0.0878999940395355,false,0.0,nan,0.0,
rrtstar_ompl,6,static_tall_formal_v2_006,near_obstacle,tall,12,"[0.35892566,-1.6075261,0.78617161,-1.6411067,-1.7072764,-0.33743189]","[0.3239961,0.24945505,0.88993055]",0.695975080402294,3.5818335987691534,0.0878999940395355,false,0.0,nan,0.0,
rrtstar_ompl,6,static_tall_formal_v2_006,near_obstacle,tall,13,"[0.38883613,-1.6106532,0.76001924,-1.6470323,-1.7187161,-0.36555121]","[0.30699822,0.25396582,0.90257233]",0.7068677720990927,3.531385238223109,0.0878999940395355,false,0.0,nan,0.0,
rrtstar_ompl,6,static_tall_formal_v2_006,near_obstacle,tall,14,"[0.4187466,-1.6137804,0.73386688,-1.6529578,-1.7301558,-0.39367054]","[0.28965262,0.25752237,0.91492999]",0.7173500995294908,3.4809368776770646,0.0878999940395355,false,0.0,nan,0.0,
rrtstar_ompl,6,static_tall_formal_v2_006,near_obstacle,tall,15,"[0.44865707,-1.6169076,0.70771451,-1.6588834,-1.7415955,-0.42178986]","[0.27201393,0.26010078,0.92698973]",0.7273970487788064,3.43048851713102,0.0878999940395355,false,0.0,nan,0.0,
rrtstar_ompl,6,static_tall_formal_v2_006,near_obstacle,tall,16,"[0.47856754,-1.6200347,0.68156214,-1.6648089,-1.7530352,-0.44990919]","[0.25413847,0.26168057,0.93873757]",0.7369849740154354,3.380040156584976,0.0878999940395355,false,0.0,nan,0.0,
rrtstar_ompl,6,static_tall_formal_v2_006,near_obstacle,tall,17,"[0.50847801,-1.6231619,0.65540978,-1.6707345,-1.7644749,-0.47802851]","[0.23608366,0.26224446,0.95016032]",0.746091612990091,3.3295917960389314,0.0878999940395355,false,0.0,nan,0.0,
rrtstar_ompl,6,static_tall_formal_v2_006,near_obstacle,tall,18,"[0.53838849,-1.6262891,0.62925741,-1.6766601,-1.7759146,-0.50614784]","[0.21790846,0.26177877,0.96124482]",0.7546959136160367,3.279143435492887,0.0878999940395355,false,0.0,nan,0.0,
rrtstar_ompl,6,static_tall_formal_v2_006,near_obstacle,tall,19,"[0.56829896,-1.6294162,0.60310505,-1.6825856,-1.7873543,-0.53426716]","[0.19967285,0.26027316,0.97197831]",0.76277786321258,3.2286950749468426,0.0878999940395355,false,0.0,nan,0.0,
rrtstar_ompl,6,static_tall_formal_v2_006,near_obstacle,tall,20,"[0.59820943,-1.6325434,0.57695268,-1.6885112,-1.798794,-0.56238648]","[0.18143725,0.25772113,0.98234808]",0.7703188225694321,3.178246714400798,0.0878999940395355,false,0.0,nan,0.0,
rrtstar_ompl,6,static_tall_formal_v2_006,near_obstacle,tall,21,"[0.6281199,-1.6356706,0.55080031,-1.6944367,-1.8102337,-0.59050581]","[0.16326323,0.25411966,0.99234188]",0.7773009472702043,3.127798353854754,0.0878999940395355,false,0.0,nan,0.0,
rrtstar_ompl,6,static_tall_formal_v2_006,near_obstacle,tall,22,"[0.65803037,-1.6387978,0.52464795,-1.7003623,-1.8216734,-0.61862513]","[0.14521214,0.24946958,1.001948]",0.7837078342381072,3.0773499933087094,0.0878999940395355,false,0.0,nan,0.0,
rrtstar_ompl,6,static_tall_formal_v2_006,near_obstacle,tall,23,"[0.68794084,-1.6419249,0.49849558,-1.7062879,-1.8331131,-0.64674446]","[0.12734587,0.24377534,1.0111548]",0.7895237859736072,3.026901632762665,0.0878999940395355,false,0.0,nan,0.0,
rrtstar_ompl,6,static_tall_formal_v2_006,near_obstacle,tall,24,"[0.71785131,-1.6450521,0.47234322,-1.7122134,-1.8445528,-0.67486378]","[0.10972607,0.23704535,1.0199513]",0.7947344934391392,2.9764532722166206,0.0878999940395355,false,0.0,nan,0.0,
rrtstar_ompl,6,static_tall_formal_v2_006,near_obstacle,tall,25,"[0.74776179,-1.6481793,0.44619085,-1.718139,-1.8559924,-0.70298311]","[0.09241394,0.2292915,1.0283264]",0.7993261155340786,2.9260049116705757,0.0878999940395355,false,0.0,nan,0.0,
rrtstar_ompl,6,static_tall_formal_v2_006,near_obstacle,tall,26,"[0.77767226,-1.6513064,0.42003848,-1.7240645,-1.8674321,-0.73110243]","[0.075470261,0.22052974,1.0362699]",0.8032863403709882,2.875556551124532,0.0878999940395355,false,0.0,nan,0.0,
rrtstar_ompl,6,static_tall_formal_v2_006,near_obstacle,tall,27,"[0.80758273,-1.6544336,0.39388612,-1.7299901,-1.8788718,-0.75922175]","[0.058954865,0.21077941,1.0437723]",0.8066036745813155,2.8251081905784874,0.0878999940395355,false,0.0,nan,0.0,
rrtstar_ompl,6,static_tall_formal_v2_006,near_obstacle,tall,28,"[0.8374932,-1.6575608,0.36773375,-1.7359157,-1.8903115,-0.78734108]","[0.042926673,0.20006381,1.0508235]",0.8092672173450574,2.774659830032443,0.0878999940395355,false,0.0,nan,0.0,
rrtstar_ompl,6,static_tall_formal_v2_006,near_obstacle,tall,29,"[0.86740367,-1.660688,0.34158139,-1.7418412,-1.9017512,-0.8154604]","[0.027443331,0.18840979,1.0574149]",0.8112676023995606,2.7242114694863986,0.0878999940395355,false,0.0,nan,0.0,
rrtstar_ompl,6,static_tall_formal_v2_006,near_obstacle,tall,30,"[0.89731414,-1.6638151,0.31542902,-1.7477668,-1.9131909,-0.84357973]","[0.012560815,0.17584762,1.0635377]",0.8125959109373941,2.673763108940354,0.0878999940395355,false,0.0,nan,0.0,
rrtstar_ompl,6,static_tall_formal_v2_006,near_obstacle,tall,31,"[0.92722461,-1.6669423,0.28927665,-1.7536923,-1.9246306,-0.87169905]","[-0.0016663969,0.16241121,1.0691841]",0.8132444306642407,2.62331474839431,0.0878999940395355,false,0.0,nan,0.0,
rrtstar_ompl,6,static_tall_formal_v2_006,near_obstacle,tall,32,"[0.95713509,-1.6700695,0.26312429,-1.7596179,-1.9360703,-0.89981837]","[-0.015185952,0.14813763,1.0743462]",0.8132061391519235,2.5728663878482654,0.0878999940395355,false,0.0,nan,0.0,
rrtstar_ompl,6,static_tall_formal_v2_006,near_obstacle,tall,33,"[0.98704556,-1.6731966,0.23697192,-1.7655434,-1.94751,-0.9279377]","[-0.027947553,0.13306735,1.0790172]",0.8124751476601668,2.5224180273022205,0.0878999940395355,false,0.0,nan,0.0,
rrtstar_ompl,6,static_tall_formal_v2_006,near_obstacle,tall,34,"[1.016956,-1.6763238,0.21081956,-1.771469,-1.9589497,-0.95605702]","[-0.039903179,0.11724406,1.0831904]",0.8110463902840195,2.4719696667561766,0.0878999940395355,false,0.0,nan,0.0,
rrtstar_ompl,6,static_tall_formal_v2_006,near_obstacle,tall,35,"[1.0468665,-1.679451,0.18466719,-1.7773946,-1.9703894,-0.98417635]","[-0.051007606,0.10071401,1.0868599]",0.8089155492576613,2.421521306210132,0.0878999940395355,false,0.0,nan,0.0,
rrtstar_ompl,6,static_tall_formal_v2_006,near_obstacle,tall,36,"[1.076777,-1.6825782,0.15851482,-1.7833201,-1.9818291,-1.0122957]","[-0.061218098,0.083526701,1.0900204]",0.8060794668614882,2.3710729456640873,0.0878999940395355,false,0.0,nan,0.0,
rrtstar_ompl,6,static_tall_formal_v2_006,near_obstacle,tall,37,"[1.1066874,-1.6857053,0.13236246,-1.7892457,-1.9932688,-1.040415]","[-0.070494927,0.065734193,1.0926667]",0.8025356440722912,2.320624585118043,0.0878999940395355,false,0.0,nan,0.0,
rrtstar_ompl,6,static_tall_formal_v2_006,near_obstacle,tall,38,"[1.1365979,-1.6888325,0.10621009,-1.7951712,-2.0047085,-1.0685343]","[-0.078801572,0.047390684,1.0947945]",0.7982824002602777,2.270176224571999,0.0878999940395355,false,0.0,nan,0.0,
rrtstar_ompl,6,static_tall_formal_v2_006,near_obstacle,tall,39,"[1.1665084,-1.6919597,0.080057725,-1.8010968,-2.0161482,-1.0966536]","[-0.086104505,0.028553203,1.0964004]",0.7933193353593118,2.219727864025954,0.0878999940395355,false,0.0,nan,0.0,
rrtstar_ompl,6,static_tall_formal_v2_006,near_obstacle,tall,40,"[1.1964189,-1.6950868,0.053905359,-1.8070224,-2.0275879,-1.124773]","[-0.092373833,0.0092803724,1.0974807]",0.7876463238660248,2.1692795034799097,0.0878999940395355,false,0.0,nan,0.0,
rrtstar_ompl,6,static_tall_formal_v2_006,near_obstacle,tall,41,"[1.2263293,-1.698214,0.027752993,-1.8129479,-2.0390276,-1.1528923]","[-0.097583055,-0.010367058,1.098033]",0.7812645128390343,2.1188311429338653,0.0878999940395355,false,0.0,nan,0.0,
rrtstar_ompl,6,static_tall_formal_v2_006,near_obstacle,tall,42,"[1.2562398,-1.7013412,0.001600627,-1.8188735,-2.0504673,-1.1810116]","[-0.10170931,-0.030326605,1.0980554]",0.7741758710680019,2.068382782387821,0.0878999940395355,false,0.0,nan,0.0,
rrtstar_ompl,6,static_tall_formal_v2_006,near_obstacle,tall,43,"[1.2861503,-1.7044683,-0.024551739,-1.824799,-2.061907,-1.2091309]","[-0.1047335,-0.050534658,1.0975463]",0.7663829505271677,2.0179344218417765,0.0878999940395355,false,0.0,nan,0.0,
rrtstar_ompl,6,static_tall_formal_v2_006,near_obstacle,tall,44,"[1.3160607,-1.7075955,-0.050704105,-1.8307246,-2.0733467,-1.2372503]","[-0.10664041,-0.070926026,1.096505]",0.7578894052599672,1.9674860612957321,0.0878999940395355,false,0.0,nan,0.0,
rrtstar_ompl,6,static_tall_formal_v2_006,near_obstacle,tall,45,"[1.3459712,-1.7107227,-0.076856471,-1.8366502,-2.0847864,-1.2653696]","[-0.10741866,-0.091434948,1.0949314]",0.7486995135144777,1.917037700749688,0.0878999940395355,false,0.0,nan,0.0,
rrtstar_ompl,6,static_tall_formal_v2_006,near_obstacle,tall,46,"[1.3758817,-1.7138499,-0.10300884,-1.8425757,-2.0962261,-1.2934889]","[-0.10706091,-0.11199468,1.0928258]",0.7388185670793812,1.8665893402036433,0.0878999940395355,false,0.0,nan,0.0,
rrtstar_ompl,6,static_tall_formal_v2_006,near_obstacle,tall,47,"[1.4057922,-1.716977,-0.1291612,-1.8485013,-2.1076658,-1.3216082]","[-0.10556377,-0.13253786,1.0901891]",0.7282524961098541,1.8161409796575987,0.0878999940395355,false,0.0,nan,0.0,
rrtstar_ompl,6,static_tall_formal_v2_006,near_obstacle,tall,48,"[1.4357026,-1.7201042,-0.15531357,-1.8544268,-2.1191055,-1.3497276]","[-0.102928,-0.1529974,1.0870233]",0.717008146327058,1.7656926191115547,0.0878999940395355,false,0.0,nan,0.0,
rrtstar_ompl,6,static_tall_formal_v2_006,near_obstacle,tall,49,"[1.4656131,-1.7232314,-0.18146594,-1.8603524,-2.1305452,-1.3778469]","[-0.099158354,-0.17330566,1.0833305]",0.7050932155206866,1.71524425856551,0.0878999940395355,false,0.0,nan,0.0,
rrtstar_ompl,6,static_tall_formal_v2_006,near_obstacle,tall,50,"[1.4955236,-1.7263585,-0.2076183,-1.866278,-2.1419849,-1.4059662]","[-0.094263643,-0.19339584,1.0791134]",0.6925157260462396,1.6647958980194655,0.0878999940395355,false,0.0,nan,0.0,
rrtstar_ompl,6,static_tall_formal_v2_006,near_obstacle,tall,51,"[1.525434,-1.7294857,-0.23377067,-1.8722035,-2.1534246,-1.4340855]","[-0.088256836,-0.21320121,1.0743757]",0.679285169881105,1.6143475374734213,0.0878999940395355,false,0.0,nan,0.0,
rrtstar_ompl,6,static_tall_formal_v2_006,near_obstacle,tall,52,"[1.5553445,-1.7326129,-0.25992303,-1.8781291,-2.1648643,-1.4622049]","[-0.081154771,-0.232656,1.0691216]",0.6654112811828695,1.5638991769273767,0.0878999940395355,false,0.0,nan,0.0,
rrtstar_ompl,6,static_tall_formal_v2_006,near_obstacle,tall,53,"[1.585255,-1.7357401,-0.2860754,-1.8840546,-2.176304,-1.4903242]","[-0.072978303,-0.25169563,1.0633556]",0.6509045897625284,1.513450816381333,0.0878999940395355,false,0.0,nan,0.0,
rrtstar_ompl,6,static_tall_formal_v2_006,near_obstacle,tall,54,"[1.6151655,-1.7388672,-0.31222777,-1.8899802,-2.1877437,-1.5184435]","[-0.063752264,-0.27025655,1.0570831]",0.6357766109232721,1.4630024558352883,0.0878999940395355,false,0.0,nan,0.0,
rrtstar_ompl,6,static_tall_formal_v2_006,near_obstacle,tall,55,"[1.6450759,-1.7419944,-0.33838013,-1.8959057,-2.1991834,-1.5465628]","[-0.053505234,-0.28827676,1.0503101]",0.6200393621102054,1.4125540952892435,0.0878999940395355,false,0.0,nan,0.0,
rrtstar_ompl,6,static_tall_formal_v2_006,near_obstacle,tall,56,"[1.6749864,-1.7451216,-0.3645325,-1.9018313,-2.2106231,-1.5746822]","[-0.042269502,-0.30569631,1.043043]",0.6037054923945095,1.3621057347431995,0.0878999940395355,false,0.0,nan,0.0,
rrtstar_ompl,6,static_tall_formal_v2_006,near_obstacle,tall,57,"[1.7048969,-1.7482487,-0.39068486,-1.9077569,-2.2220628,-1.6028015]","[-0.030080989,-0.32245678,1.0352892]",0.5867886444588264,1.311657374197155,0.0878999940395355,false,0.0,nan,0.0,
rrtstar_ompl,6,static_tall_formal_v2_006,near_obstacle,tall,58,"[1.7348073,-1.7513759,-0.41683723,-1.9136824,-2.2335025,-1.6309208]","[-0.016979169,-0.33850241,1.0270561]",0.5693028390307562,1.2612090136511103,0.0878999940395355,false,0.0,nan,0.0,
rrtstar_ompl,6,static_tall_formal_v2_006,near_obstacle,tall,59,"[1.7647178,-1.7545031,-0.4429896,-1.919608,-2.2449422,-1.6590401]","[-0.003006734,-0.3537797,1.0183522]",0.5512628281212328,1.2107606531050663,0.0878999940395355,false,0.0,nan,0.0,
rrtstar_ompl,6,static_tall_formal_v2_006,near_obstacle,tall,60,"[1.7946283,-1.7576303,-0.46914196,-1.9255335,-2.2563819,-1.6871595]","[0.011790287,-0.36823747,1.0091861]",0.532684092680084,1.1603122925590217,0.0878999940395355,false,0.0,nan,0.0,
rrtstar_ompl,6,static_tall_formal_v2_006,near_obstacle,tall,61,"[1.8245388,-1.7607574,-0.49529433,-1.9314591,-2.2678216,-1.7152788]","[0.027362952,-0.38182798,0.99956757]",0.5135826306211047,1.109863932012977,0.0878999940395355,false,0.0,nan,0.0,
rrtstar_ompl,6,static_tall_formal_v2_006,near_obstacle,tall,62,"[1.8544492,-1.7638846,-0.52144669,-1.9373847,-2.2792613,-1.7433981]","[0.043659493,-0.39450601,0.98950624]",0.49397496007426156,1.0594155714669329,0.0878999940395355,false,0.0,nan,0.0,
rrtstar_ompl,6,static_tall_formal_v2_006,near_obstacle,tall,63,"[1.8843597,-1.7670118,-0.54759906,-1.9433102,-2.290701,-1.7715174]","[0.060625307,-0.40622982,0.97901285]",0.47387847692931895,1.0089672109208883,0.0878999940395355,false,0.0,nan,0.0,
rrtstar_ompl,6,static_tall_formal_v2_006,near_obstacle,tall,64,"[1.9142702,-1.7701389,-0.57375143,-1.9492358,-2.3021407,-1.7996367]","[0.078203559,-0.41696092,0.96809828]",0.453310797624695,0.9585188503748436,0.0878999940395355,false,0.0,nan,0.0,
rrtstar_ompl,6,static_tall_formal_v2_006,near_obstacle,tall,65,"[1.9441806,-1.7732661,-0.59990379,-1.9551613,-2.3135804,-1.8277561]","[0.096334964,-0.42666423,0.95677423]",0.43229039585561263,0.9080704898287996,0.0878999940395355,false,0.0,nan,0.0,
rrtstar_ompl,6,static_tall_formal_v2_006,near_obstacle,tall,66,"[1.9740911,-1.7763933,-0.62605616,-1.9610869,-2.3250201,-1.8558754]","[0.11495849,-0.43530855,0.94505256]",0.4108358571838216,0.857622129282755,0.0878999940395355,false,0.0,nan,0.0,
rrtstar_ompl,6,static_tall_formal_v2_006,near_obstacle,tall,67,"[2.0040016,-1.7795204,-0.65220852,-1.9670125,-2.3364598,-1.8839947]","[0.13401096,-0.44286618,0.93294591]",0.3889667307257768,0.8071737687367105,0.0878999940395355,false,0.0,nan,0.0,
rrtstar_ompl,6,static_tall_formal_v2_006,near_obstacle,tall,68,"[2.0339121,-1.7826476,-0.67836089,-1.972938,-2.3478995,-1.912114]","[0.15342787,-0.44931364,0.92046714]",0.3667027105826697,0.7567254081906664,0.0878999940395355,false,0.0,nan,0.0,
rrtstar_ompl,6,static_tall_formal_v2_006,near_obstacle,tall,69,"[2.0638225,-1.7857748,-0.70451326,-1.9788636,-2.3593392,-1.9402334]","[0.17314357,-0.45463088,0.90762991]",0.3440639959880592,0.7062770476446217,0.0878999940395355,false,0.0,nan,0.0,
rrtstar_ompl,6,static_tall_formal_v2_006,near_obstacle,tall,70,"[2.093733,-1.788902,-0.73066562,-1.9847891,-2.3707789,-1.9683527]","[0.19309089,-0.45880231,0.89444798]",0.32107140136795764,0.6558286870985772,0.0878999940395355,false,0.0,nan,0.0,
rrtstar_ompl,6,static_tall_formal_v2_006,near_obstacle,tall,71,"[2.1236435,-1.7920291,-0.75681799,-1.9907147,-2.3822186,-1.996472]","[0.21320222,-0.46181643,0.88093549]",0.2977458336031001,0.6053803265525332,0.0878999940395355,false,0.0,nan,0.0,
rrtstar_ompl,6,static_tall_formal_v2_006,near_obstacle,tall,72,"[2.1535539,-1.7951563,-0.78297035,-1.9966403,-2.3936583,-2.0245913]","[0.23340935,-0.4636656,0.86710751]",0.27410893708083944,0.5549319660064884,0.0878999940395355,false,0.0,nan,0.0,
rrtstar_ompl,6,static_tall_formal_v2_006,near_obstacle,tall,73,"[2.1834644,-1.7982835,-0.80912272,-2.0025658,-2.405098,-2.0527107]","[0.2536436,-0.4643465,0.85297889]",0.25018244523670957,0.5044836054604445,0.0878999940395355,false,0.0,nan,0.0,
rrtstar_ompl,6,static_tall_formal_v2_006,near_obstacle,tall,74,"[2.2133749,-1.8014106,-0.83527509,-2.0084914,-2.4165376,-2.08083]","[0.2738364,-0.46386021,0.83856517]",0.22598863147074835,0.45403524491439984,0.0878999940395355,false,0.0,nan,0.0,
rrtstar_ompl,6,static_tall_formal_v2_006,near_obstacle,tall,75,"[2.2432854,-1.8045378,-0.86142745,-2.0144169,-2.4279773,-2.1089493]","[0.29391944,-0.46221152,0.82388222]",0.20154989782604726,0.4035868843683552,0.0878999940395355,false,0.0,nan,0.0,
rrtstar_ompl,6,static_tall_formal_v2_006,near_obstacle,tall,76,"[2.2731958,-1.807665,-0.88757982,-2.0203425,-2.439417,-2.1370686]","[0.31382483,-0.45940977,0.80894595]",0.17688892301910109,0.35313852382231115,0.0878999940395355,false,0.0,nan,0.0,
rrtstar_ompl,6,static_tall_formal_v2_006,near_obstacle,tall,77,"[2.3031063,-1.8107922,-0.91373218,-2.026268,-2.4508567,-2.165188]","[0.33348557,-0.45546812,0.79377311]",0.15202878370579267,0.3026901632762665,0.0878999940395355,false,0.0,nan,0.0,
rrtstar_ompl,6,static_tall_formal_v2_006,near_obstacle,tall,78,"[2.3330168,-1.8139193,-0.93988455,-2.0321936,-2.4622964,-2.1933073]","[0.35283539,-0.45040387,0.77838022]",0.12699269981048544,0.25224180273022195,0.0878999940395355,false,0.0,nan,0.0,
rrtstar_ompl,6,static_tall_formal_v2_006,near_obstacle,tall,79,"[2.3629272,-1.8170465,-0.96603692,-2.0381192,-2.4737361,-2.2214266]","[0.37180939,-0.44423857,0.76278436]",0.10180428123372981,0.20179344218417786,0.0878999940395355,false,0.0,nan,0.0,
rrtstar_ompl,6,static_tall_formal_v2_006,near_obstacle,tall,80,"[2.3928377,-1.8201737,-0.99218928,-2.0440447,-2.4851758,-2.2495459]","[0.39034444,-0.43699706,0.7470029]",0.07648695357794821,0.15134508163813326,0.0878999940395355,false,0.0,nan,0.0,
rrtstar_ompl,6,static_tall_formal_v2_006,near_obstacle,tall,81,"[2.4227482,-1.8233008,-1.0183416,-2.0499703,-2.4966155,-2.2776653]","[0.4083786,-0.42870855,0.73105288]",0.051064536025281514,0.1008967210920887,0.0878999940395355,false,0.0,nan,0.0,
rrtstar_ompl,6,static_tall_formal_v2_006,near_obstacle,tall,82,"[2.4526587,-1.826428,-1.044494,-2.0558958,-2.5080552,-2.3057846]","[0.42585266,-0.41940558,0.71495229]",0.02556080920676727,0.05044836054604458,0.08313783810012519,false,0.0,nan,0.0,
rrtstar_ompl,6,static_tall_formal_v2_006,near_obstacle,tall,83,"[2.4825691,-1.8295552,-1.0706464,-2.0618214,-2.5194949,-2.3339039]","[0.44270873,-0.40912428,0.69871891]",6.784260474788399e-09,0.0,0.07780226341128808,false,0.0,nan,0.0,
rrtstar_ompl,7,static_tall_formal_v2_007,easy,tall,0,"[0,-1.57,1.1,-1.57,-1.57,0]","[0.48397353,0.13337938,0.72136778]",0.23718916563445186,3.0211850362256096,0.0878999940395355,false,20.066868543624878,nan,0.0,
rrtstar_ompl,7,static_tall_formal_v2_007,easy,tall,1,"[-0.0016683067,-1.5721591,1.0941474,-1.5492458,-1.5667001,-0.045300209]","[0.48127538,0.13290532,0.72246051]",0.23429436089166525,2.9708319522885165,0.0878999940395355,false,0.0,nan,0.0,
rrtstar_ompl,7,static_tall_formal_v2_007,easy,tall,2,"[-0.0033366133,-1.5743182,1.0882949,-1.5284916,-1.5634003,-0.090600417]","[0.47853237,0.13244078,0.72354811]",0.23135892256935464,2.9204788683514225,0.0878999940395355,false,0.0,nan,0.0,
rrtstar_ompl,7,static_tall_formal_v2_007,easy,tall,3,"[-0.00500492,-1.5764773,1.0824423,-1.5077373,-1.5601004,-0.13590063]","[0.47574505,0.13198595,0.72463071]",0.22838326249844346,2.870125784414329,0.0878999940395355,false,0.0,nan,0.0,
rrtstar_ompl,7,static_tall_formal_v2_007,easy,tall,4,"[-0.0066732267,-1.5786364,1.0765898,-1.4869831,-1.5568006,-0.18120083]","[0.4729135,0.13154109,0.72570813]",0.22536743489381317,2.8197727004772357,0.0878999940395355,false,0.0,nan,0.0,
rrtstar_ompl,7,static_tall_formal_v2_007,easy,tall,5,"[-0.0083415333,-1.5807955,1.0707372,-1.4662289,-1.5535007,-0.22650104]","[0.47003815,0.13110639,0.72678077]",0.22231166573749098,2.7694196165401426,0.0878999940395355,false,0.0,nan,0.0,
rrtstar_ompl,7,static_tall_formal_v2_007,easy,tall,6,"[-0.01000984,-1.5829545,1.0648847,-1.4454747,-1.5502009,-0.27180125]","[0.46711916,0.13068208,0.72784877]",0.2192160254670216,2.7190665326030485,0.0878999940395355,false,0.0,nan,0.0,
rrtstar_ompl,7,static_tall_formal_v2_007,easy,tall,7,"[-0.011678147,-1.5851136,1.0590321,-1.4247204,-1.546901,-0.31710146]","[0.46415684,0.13026835,0.72891206]",0.21608074400261823,2.668713448665955,0.0878999940395355,false,0.0,nan,0.0,
rrtstar_ompl,7,static_tall_formal_v2_007,easy,tall,8,"[-0.013346453,-1.5872727,1.0531796,-1.4039662,-1.5436012,-0.36240167]","[0.46115139,0.12986538,0.72997075]",0.21290592216820534,2.618360364728862,0.0878999940395355,false,0.0,nan,0.0,
rrtstar_ompl,7,static_tall_formal_v2_007,easy,tall,9,"[-0.01501476,-1.5894318,1.047327,-1.383212,-1.5403013,-0.40770188]","[0.45810318,0.12947345,0.73102504]",0.20969179346831338,2.5680072807917678,0.0878999940395355,false,0.0,nan,0.0,
rrtstar_ompl,7,static_tall_formal_v2_007,easy,tall,10,"[-0.016683067,-1.5915909,1.0414745,-1.3624578,-1.5370015,-0.45300209]","[0.45501262,0.12909271,0.73207515]",0.20643863583699087,2.517654196854674,0.0878999940395355,false,0.0,nan,0.0,
rrtstar_ompl,7,static_tall_formal_v2_007,easy,tall,11,"[-0.018351373,-1.59375,1.0356219,-1.3417035,-1.5337016,-0.4983023]","[0.45187971,0.12872338,0.73312092]",0.20314642196358668,2.467301112917581,0.0878999940395355,false,0.0,nan,0.0,
rrtstar_ompl,7,static_tall_formal_v2_007,easy,tall,12,"[-0.02001968,-1.5959091,1.0297694,-1.3209493,-1.5304018,-0.5436025]","[0.44870508,0.12836568,0.73416263]",0.19981562105088047,2.416948028980488,0.0878999940395355,false,0.0,nan,0.0,
rrtstar_ompl,7,static_tall_formal_v2_007,easy,tall,13,"[-0.021687987,-1.5980682,1.0239168,-1.3001951,-1.5271019,-0.58890271]","[0.44548893,0.12801975,0.73520017]",0.19644639558650526,2.366594945043394,0.0878999940395355,false,0.0,nan,0.0,
rrtstar_ompl,7,static_tall_formal_v2_007,easy,tall,14,"[-0.023356293,-1.6002273,1.0180643,-1.2794409,-1.5238021,-0.63420292]","[0.44223148,0.12768584,0.73623383]",0.19303881168259837,2.3162418611063007,0.0878999940395355,false,0.0,nan,0.0,
rrtstar_ompl,7,static_tall_formal_v2_007,easy,tall,15,"[-0.0250246,-1.6023864,1.0122117,-1.2586866,-1.5205022,-0.67950313]","[0.43893313,0.12736416,0.73726368]",0.18959319484757384,2.265888777169207,0.0878999940395355,false,0.0,nan,0.0,
rrtstar_ompl,7,static_tall_formal_v2_007,easy,tall,16,"[-0.026692907,-1.6045454,1.0063591,-1.2379324,-1.5172024,-0.72480334]","[0.4355942,0.12705484,0.73828995]",0.18610971482825903,2.2155356932321135,0.0878999940395355,false,0.0,nan,0.0,
rrtstar_ompl,7,static_tall_formal_v2_007,easy,tall,17,"[-0.028361213,-1.6067045,1.0005066,-1.2171782,-1.5139025,-0.77010355]","[0.43221521,0.1267581,0.73931229]",0.18258891010750458,2.1651826092950204,0.0878999940395355,false,0.0,nan,0.0,
rrtstar_ompl,7,static_tall_formal_v2_007,easy,tall,18,"[-0.03002952,-1.6088636,0.99465404,-1.196424,-1.5106026,-0.81540376]","[0.42879608,0.12647416,0.74033117]",0.1790305197675587,2.114829525357927,0.0878999940395355,false,0.0,nan,0.0,
rrtstar_ompl,7,static_tall_formal_v2_007,easy,tall,19,"[-0.031697827,-1.6110227,0.98880148,-1.1756697,-1.5073028,-0.86070396]","[0.42533761,0.12620315,0.74134672]",0.17543523727528415,2.064476441420833,0.0878999940395355,false,0.0,nan,0.0,
rrtstar_ompl,7,static_tall_formal_v2_007,easy,tall,20,"[-0.033366133,-1.6131818,0.98294893,-1.1549155,-1.5040029,-0.90600417]","[0.42183986,0.12594528,0.74235868]",0.1718031104893516,2.0141233574837396,0.0878999940395355,false,0.0,nan,0.0,
rrtstar_ompl,7,static_tall_formal_v2_007,easy,tall,21,"[-0.03503444,-1.6153409,0.97709638,-1.1341613,-1.5007031,-0.95130438]","[0.41830328,0.12570076,0.74336749]",0.16813441821824326,1.9637702735466462,0.0878999940395355,false,0.0,nan,0.0,
rrtstar_ompl,7,static_tall_formal_v2_007,easy,tall,22,"[-0.036702747,-1.6175,0.97124382,-1.1134071,-1.4974032,-0.99660459]","[0.41472822,0.1254697,0.74437284]",0.16442951336323808,1.9134171896095529,0.0878999940395355,false,0.0,nan,0.0,
rrtstar_ompl,7,static_tall_formal_v2_007,easy,tall,23,"[-0.038371053,-1.6196591,0.96539127,-1.0926528,-1.4941034,-1.0419048]","[0.41111511,0.12525235,0.7453751]",0.16068866001865476,1.8630641056724593,0.0878999940395355,false,0.0,nan,0.0,
rrtstar_ompl,7,static_tall_formal_v2_007,easy,tall,24,"[-0.04003936,-1.6218182,0.95953872,-1.0718986,-1.4908035,-1.087205]","[0.40746418,0.12504885,0.74637449]",0.15691197741846458,1.8127110217353657,0.0878999940395355,false,0.0,nan,0.0,
rrtstar_ompl,7,static_tall_formal_v2_007,easy,tall,25,"[-0.041707667,-1.6239773,0.95368616,-1.0511444,-1.4875037,-1.1325052]","[0.40377596,0.12485935,0.7473706]",0.153100019177779,1.762357937798272,0.0878999940395355,false,0.0,nan,0.0,
rrtstar_ompl,7,static_tall_formal_v2_007,easy,tall,26,"[-0.043375973,-1.6261363,0.94783361,-1.0303902,-1.4842038,-1.1778054]","[0.40005085,0.12468403,0.74836391]",0.14925299802333633,1.7120048538611787,0.0878999940395355,false,0.0,nan,0.0,
rrtstar_ompl,7,static_tall_formal_v2_007,easy,tall,27,"[-0.04504428,-1.6282954,0.94198106,-1.0096359,-1.480904,-1.2231056]","[0.39628905,0.12452307,0.74935436]",0.14537106967934552,1.6616517699240854,0.0878999940395355,false,0.0,nan,0.0,
rrtstar_ompl,7,static_tall_formal_v2_007,easy,tall,28,"[-0.046712587,-1.6304545,0.9361285,-0.98888172,-1.4776041,-1.2684058]","[0.39249098,0.12437665,0.75034189]",0.14145459356757206,1.6112986859869918,0.0878999940395355,false,0.0,nan,0.0,
rrtstar_ompl,7,static_tall_formal_v2_007,easy,tall,29,"[-0.048380893,-1.6326136,0.93027595,-0.96812749,-1.4743043,-1.3137061]","[0.38865718,0.12424489,0.7513268]",0.13750397039341347,1.5609456020498982,0.0878999940395355,false,0.0,nan,0.0,
rrtstar_ompl,7,static_tall_formal_v2_007,easy,tall,30,"[-0.0500492,-1.6347727,0.9244234,-0.94737327,-1.4710044,-1.3590063]","[0.38478801,0.124128,0.75230885]",0.13351953915633058,1.5105925181128048,0.0878999940395355,false,0.0,nan,0.0,
rrtstar_ompl,7,static_tall_formal_v2_007,easy,tall,31,"[-0.051717507,-1.6369318,0.91857084,-0.92661905,-1.4677046,-1.4043065]","[0.38088381,0.12402608,0.75328845]",0.12950150249406933,1.4602394341757112,0.0878999940395355,false,0.0,nan,0.0,
rrtstar_ompl,7,static_tall_formal_v2_007,easy,tall,32,"[-0.053385813,-1.6390909,0.91271829,-0.90586482,-1.4644047,-1.4496067]","[0.37694502,0.12393931,0.75426549]",0.125450233481351,1.4098863502386179,0.0878999940395355,false,0.0,nan,0.0,
rrtstar_ompl,7,static_tall_formal_v2_007,easy,tall,33,"[-0.05505412,-1.64125,0.90686573,-0.8851106,-1.4611049,-1.4949069]","[0.37297201,0.12386784,0.75523996]",0.12136605175703372,1.359533266301524,0.0878999940395355,false,0.0,nan,0.0,
rrtstar_ompl,7,static_tall_formal_v2_007,easy,tall,34,"[-0.056722427,-1.6434091,0.90101318,-0.86435637,-1.457805,-1.5402071]","[0.36896533,0.1238118,0.75621206]",0.11724938635046535,1.309180182364431,0.0878999940395355,false,0.0,nan,0.0,
rrtstar_ompl,7,static_tall_formal_v2_007,easy,tall,35,"[-0.058390733,-1.6455682,0.89516063,-0.84360215,-1.4545051,-1.5855073]","[0.3649253,0.12377135,0.7571817]",0.11310051068901698,1.258827098427337,0.0878999940395355,false,0.0,nan,0.0,
rrtstar_ompl,7,static_tall_formal_v2_007,easy,tall,36,"[-0.06005904,-1.6477272,0.88930807,-0.82284792,-1.4512053,-1.6308075]","[0.36085227,0.12374666,0.75814891]",0.1089197157308335,1.208474014490244,0.0878999940395355,false,0.0,nan,0.0,
rrtstar_ompl,7,static_tall_formal_v2_007,easy,tall,37,"[-0.061727347,-1.6498863,0.88345552,-0.8020937,-1.4479054,-1.6761077]","[0.35674676,0.12373783,0.75911397]",0.10470737810957015,1.1581209305531504,0.0878999940395355,false,0.0,nan,0.0,
rrtstar_ompl,7,static_tall_formal_v2_007,easy,tall,38,"[-0.063395653,-1.6520454,0.87760297,-0.78133948,-1.4446056,-1.7214079]","[0.35260919,0.12374499,0.76007646]",0.10046393506398783,1.107767846616057,0.0878999940395355,false,0.0,nan,0.0,
rrtstar_ompl,7,static_tall_formal_v2_007,easy,tall,39,"[-0.06506396,-1.6542045,0.87175041,-0.76058525,-1.4413057,-1.7667081]","[0.34844008,0.12376829,0.76103699]",0.09618972921676218,1.0574147626789632,0.0878999940395355,false,0.0,nan,0.0,
rrtstar_ompl,7,static_tall_formal_v2_007,easy,tall,40,"[-0.066732267,-1.6563636,0.86589786,-0.73983103,-1.4380059,-1.8120083]","[0.34423974,0.12380787,0.76199526]",0.09188505666233285,1.0070616787418698,0.0878999940395355,false,0.0,nan,0.0,
rrtstar_ompl,7,static_tall_formal_v2_007,easy,tall,41,"[-0.068400573,-1.6585227,0.86004531,-0.7190768,-1.434706,-1.8573086]","[0.34000865,0.12386384,0.76295137]",0.08755030264698328,0.9567085948047763,0.0878999940395355,false,0.0,nan,0.0,
rrtstar_ompl,7,static_tall_formal_v2_007,easy,tall,42,"[-0.07006888,-1.6606818,0.85419275,-0.69832258,-1.4314062,-1.9026088]","[0.33574733,0.12393633,0.76390529]",0.08318594657570492,0.906355510867683,0.0878999940395355,false,0.0,nan,0.0,
rrtstar_ompl,7,static_tall_formal_v2_007,easy,tall,43,"[-0.071737187,-1.6628409,0.8483402,-0.67756835,-1.4281063,-1.947909]","[0.33145612,0.12402547,0.76485711]",0.07879222833094465,0.8560024269305895,0.0878999940395355,false,0.0,nan,0.0,
rrtstar_ompl,7,static_tall_formal_v2_007,easy,tall,44,"[-0.073405493,-1.665,0.84248765,-0.65681413,-1.4248065,-1.9932092]","[0.3271355,0.12413135,0.76580697]",0.07436953511285763,0.8056493429934961,0.0878999940395355,false,0.0,nan,0.0,
rrtstar_ompl,7,static_tall_formal_v2_007,easy,tall,45,"[-0.0750738,-1.667159,0.83663509,-0.6360599,-1.4215066,-2.0385094]","[0.32278594,0.12425413,0.76675457]",0.06991833468164697,0.7552962590564025,0.0878999940395355,false,0.0,nan,0.0,
rrtstar_ompl,7,static_tall_formal_v2_007,easy,tall,46,"[-0.076742107,-1.6693181,0.83078254,-0.61530568,-1.4182068,-2.0838096]","[0.31840795,0.12439387,0.76770031]",0.06543898590471624,0.7049431751193089,0.0878999940395355,false,0.0,nan,0.0,
rrtstar_ompl,7,static_tall_formal_v2_007,easy,tall,47,"[-0.078410413,-1.6714772,0.82492999,-0.59455146,-1.4149069,-2.1291098]","[0.31400207,0.12455073,0.76864398]",0.060932001824015744,0.6545900911822154,0.0878999940395355,false,0.0,nan,0.0,
rrtstar_ompl,7,static_tall_formal_v2_007,easy,tall,48,"[-0.08007872,-1.6736363,0.81907743,-0.57379723,-1.4116071,-2.17441]","[0.30956852,0.12472476,0.76958573]",0.056397528514954366,0.6042370072451219,0.0878999940395355,false,0.0,nan,0.0,
rrtstar_ompl,7,static_tall_formal_v2_007,easy,tall,49,"[-0.081747027,-1.6757954,0.81322488,-0.55304301,-1.4083072,-2.2197102]","[0.30510789,0.12491611,0.77052546]",0.051836084876154584,0.5538839233080284,0.0878999940395355,false,0.0,nan,0.0,
rrtstar_ompl,7,static_tall_formal_v2_007,easy,tall,50,"[-0.083415333,-1.6779545,0.80737233,-0.53228878,-1.4050073,-2.2650104]","[0.30062073,0.12512486,0.77146316]",0.04724817147767347,0.5035308393709348,0.0878999940395355,false,0.0,nan,0.0,
rrtstar_ompl,7,static_tall_formal_v2_007,easy,tall,51,"[-0.08508364,-1.6801136,0.80151977,-0.51153456,-1.4017075,-2.3103106]","[0.29610747,0.1253511,0.77239883]",0.04263414031069656,0.4531777554338416,0.0878999940395355,false,0.0,nan,0.0,
rrtstar_ompl,7,static_tall_formal_v2_007,easy,tall,52,"[-0.086751947,-1.6822727,0.79566722,-0.49078033,-1.3984076,-2.3556109]","[0.29156852,0.12559494,0.7733326]",0.03799432101603553,0.40282467149674794,0.0878999940395355,false,0.0,nan,0.0,
rrtstar_ompl,7,static_tall_formal_v2_007,easy,tall,53,"[-0.088420253,-1.6844318,0.78981466,-0.47002611,-1.3951078,-2.4009111]","[0.28700441,0.12585647,0.77426445]",0.033329183798146506,0.3524715875596545,0.0878999940395355,false,0.0,nan,0.0,
rrtstar_ompl,7,static_tall_formal_v2_007,easy,tall,54,"[-0.09008856,-1.6865909,0.78396211,-0.44927189,-1.3918079,-2.4462113]","[0.2824156,0.12613577,0.77519441]",0.02863911240676843,0.30211850362256093,0.0878999940395355,false,0.0,nan,0.0,
rrtstar_ompl,7,static_tall_formal_v2_007,easy,tall,55,"[-0.091756867,-1.68875,0.77810956,-0.42851766,-1.3885081,-2.4915115]","[0.27780268,0.1264329,0.77612227]",0.023924670891329432,0.25176541968546745,0.0878999940395355,false,0.0,nan,0.0,
rrtstar_ompl,7,static_tall_formal_v2_007,easy,tall,56,"[-0.093425173,-1.690909,0.772257,-0.40776344,-1.3852082,-2.5368117]","[0.27316597,0.12674797,0.77704835]",0.0191860665819386,0.20141233574837386,0.0878999940395355,false,0.0,nan,0.0,
rrtstar_ompl,7,static_tall_formal_v2_007,easy,tall,57,"[-0.09509348,-1.6930681,0.76640445,-0.38700921,-1.3819084,-2.5821119]","[0.26850611,0.12708105,0.77797228]",0.014423926762426677,0.1510592518112807,0.0878999940395355,false,0.0,nan,0.0,
rrtstar_ompl,7,static_tall_formal_v2_007,easy,tall,58,"[-0.096761787,-1.6952272,0.7605519,-0.36625499,-1.3786085,-2.6274121]","[0.26382345,0.12743221,0.77889425]",0.00963851416156324,0.1007061678741871,0.0878999940395355,false,0.0,nan,0.0,
rrtstar_ompl,7,static_tall_formal_v2_007,easy,tall,59,"[-0.098430093,-1.6973863,0.75469934,-0.34550076,-1.3753087,-2.6727123]","[0.25911874,0.12780154,0.77981412]",0.0048305253818338376,0.05035308393709361,0.0878999940395355,false,0.0,nan,0.0,
rrtstar_ompl,7,static_tall_formal_v2_007,easy,tall,60,"[-0.1000984,-1.6995454,0.74884679,-0.32474654,-1.3720088,-2.7180125]","[0.25439212,0.12818907,0.78073221]",1.8730801558092695e-08,0.0,0.0878999940395355,false,0.0,nan,0.0,
rrtstar_ompl,8,static_tall_formal_v2_008,hard_reach,tall,0,"[0,-1.57,1.1,-1.57,-1.57,0]","[0.48397353,0.13337938,0.72136778]",0.5956819128144227,1.992617094540595,0.0878999940395355,false,20.283769607543945,nan,0.0,
rrtstar_ompl,8,static_tall_formal_v2_008,hard_reach,tall,1,"[-0.03767939,-1.5748608,1.1030487,-1.5813369,-1.5657448,0.031799022]","[0.48684657,0.11554547,0.723764]",0.5815986148186426,1.9415243485267335,0.0878999940395355,false,0.0,nan,0.0,
rrtstar_ompl,8,static_tall_formal_v2_008,hard_reach,tall,2,"[-0.07535878,-1.5797217,1.1060975,-1.5926738,-1.5614897,0.063598045]","[0.48904043,0.09768562,0.72615844]",0.5673698614852716,1.8904316025128722,0.0878999940395355,false,0.0,nan,0.0,
rrtstar_ompl,8,static_tall_formal_v2_008,hard_reach,tall,3,"[-0.11303817,-1.5845825,1.1091462,-1.6040107,-1.5572345,0.095397067]","[0.49055725,0.079826556,0.72855079]",0.5530020638079131,1.8393388564990105,0.0878999940395355,false,0.0,nan,0.0,
rrtstar_ompl,8,static_tall_formal_v2_008,hard_reach,tall,4,"[-0.15071756,-1.5894433,1.112195,-1.6153476,-1.5529793,0.12719609]","[0.49140009,0.061994806,0.7309407]",0.5385016404371122,1.7882461104851493,0.0878999940395355,false,0.0,nan,0.0,
rrtstar_ompl,8,static_tall_formal_v2_008,hard_reach,tall,5,"[-0.18839695,-1.5943042,1.1152437,-1.6266845,-1.5487242,0.15899511]","[0.49157333,0.044216622,0.73332769]",0.523875180467423,1.7371533644712878,0.0878999940395355,false,0.0,nan,0.0,
rrtstar_ompl,8,static_tall_formal_v2_008,hard_reach,tall,6,"[-0.22607634,-1.599165,1.1182925,-1.6380214,-1.544469,0.19079413]","[0.4910824,0.02651798,0.73571151]",0.5091292958941187,1.6860606184574263,0.0878999940395355,false,0.0,nan,0.0,
rrtstar_ompl,8,static_tall_formal_v2_008,hard_reach,tall,7,"[-0.26375573,-1.6040258,1.1213412,-1.6493583,-1.5402138,0.22259316]","[0.48993349,0.0089245234,0.73809183]",0.49427050414580004,1.634967872443565,0.0878999940395355,false,0.0,nan,0.0,
rrtstar_ompl,8,static_tall_formal_v2_008,hard_reach,tall,8,"[-0.30143512,-1.6088867,1.12439,-1.6606953,-1.5359587,0.25439218]","[0.48813412,-0.0085383533,0.7404682]",0.47930563918783425,1.5838751264297035,0.0878999940395355,false,0.0,nan,0.0,
rrtstar_ompl,8,static_tall_formal_v2_008,hard_reach,tall,9,"[-0.33911451,-1.6137475,1.1274387,-1.6720322,-1.5317035,0.2861912]","[0.48569268,-0.025845926,0.74284029]",0.4642413037313523,1.5327823804158422,0.0878999940395355,false,0.0,nan,0.0,
rrtstar_ompl,8,static_tall_formal_v2_008,hard_reach,tall,10,"[-0.3767939,-1.6186083,1.1304875,-1.6833691,-1.5274483,0.31799022]","[0.48261857,-0.04297369,0.74520785]",0.4490843034475099,1.4816896344019808,0.0878999940395355,false,0.0,nan,0.0,
rrtstar_ompl,8,static_tall_formal_v2_008,hard_reach,tall,11,"[-0.41447329,-1.6234692,1.1335362,-1.694706,-1.5231932,0.34978925]","[0.47892219,-0.059897818,0.74757046]",0.4338413990712308,1.4305968883881193,0.0878999940395355,false,0.0,nan,0.0,
rrtstar_ompl,8,static_tall_formal_v2_008,hard_reach,tall,12,"[-0.45215268,-1.62833,1.136585,-1.7060429,-1.518938,0.38158827]","[0.47461471,-0.076594785,0.74992764]",0.41851945428859827,1.379504142374258,0.0878999940395355,false,0.0,nan,0.0,
rrtstar_ompl,8,static_tall_formal_v2_008,hard_reach,tall,13,"[-0.48983207,-1.6331908,1.1396337,-1.7173798,-1.5146828,0.41338729]","[0.4697085,-0.093041971,0.75227928]",0.40312525583661024,1.3284113963603965,0.0878999940395355,false,0.0,nan,0.0,
rrtstar_ompl,8,static_tall_formal_v2_008,hard_reach,tall,14,"[-0.52751146,-1.6380517,1.1426824,-1.7287167,-1.5104277,0.44518631]","[0.46421662,-0.10921711,0.75462466]",0.3876657514572404,1.277318650346535,0.0878999940395355,false,0.0,nan,0.0,
rrtstar_ompl,8,static_tall_formal_v2_008,hard_reach,tall,15,"[-0.56519085,-1.6429125,1.1457312,-1.7400536,-1.5061725,0.47698533]","[0.4581531,-0.12509866,0.75696373]",0.37214785971902375,1.2262259043326738,0.0878999940395355,false,0.0,nan,0.0,
rrtstar_ompl,8,static_tall_formal_v2_008,hard_reach,tall,16,"[-0.60287024,-1.6477733,1.1487799,-1.7513905,-1.5019173,0.50878436]","[0.45153242,-0.14066574,0.75929588]",0.35657831496092035,1.1751331583188123,0.0878999940395355,false,0.0,nan,0.0,
rrtstar_ompl,8,static_tall_formal_v2_008,hard_reach,tall,17,"[-0.64054963,-1.6526342,1.1518287,-1.7627274,-1.4976622,0.54058338]","[0.44437057,-0.15589835,0.76162094]",0.3409642142660032,1.124040412304951,0.0878999940395355,false,0.0,nan,0.0,
rrtstar_ompl,8,static_tall_formal_v2_008,hard_reach,tall,18,"[-0.67822902,-1.657495,1.1548774,-1.7740643,-1.493407,0.5723824]","[0.43668362,-0.17077699,0.76393843]",0.3253123934885797,1.0729476662910895,0.0846488227181431,false,0.0,nan,0.0,
rrtstar_ompl,8,static_tall_formal_v2_008,hard_reach,tall,19,"[-0.71590841,-1.6623558,1.1579262,-1.7854012,-1.4891518,0.60418142]","[0.42848867,-0.18528312,0.76624787]",0.3096297760082533,1.021854920277228,0.08094853882091531,false,0.0,nan,0.0,
rrtstar_ompl,8,static_tall_formal_v2_008,hard_reach,tall,20,"[-0.7535878,-1.6672167,1.1609749,-1.7967381,-1.4848967,0.63598045]","[0.41980344,-0.19939889,0.7685492]",0.29392326924893214,0.9707621742633668,0.07745782159376736,false,0.0,nan,0.0,
rrtstar_ompl,8,static_tall_formal_v2_008,hard_reach,tall,21,"[-0.79126719,-1.6720775,1.1640237,-1.808075,-1.4806415,0.66777947]","[0.41064638,-0.21310744,0.77084178]",0.27819981283632905,0.9196694282495054,0.07419521594431426,false,0.0,nan,0.0,
rrtstar_ompl,8,static_tall_formal_v2_008,hard_reach,tall,22,"[-0.82894658,-1.6769383,1.1670724,-1.8194119,-1.4763863,0.69957849]","[0.40103647,-0.2263926,0.77312529]",0.2624663353394391,0.8685766822356439,0.07117959809778719,false,0.0,nan,0.0,
rrtstar_ompl,8,static_tall_formal_v2_008,hard_reach,tall,23,"[-0.86662597,-1.6817992,1.1701212,-1.8307488,-1.4721312,0.73137751]","[0.39099315,-0.23923907,0.77539927]",0.24672968151338084,0.8174839362217825,0.0684298845363762,false,0.0,nan,0.0,
rrtstar_ompl,8,static_tall_formal_v2_008,hard_reach,tall,24,"[-0.90430536,-1.68666,1.1731699,-1.8420858,-1.467876,0.76317654]","[0.38053656,-0.25163269,0.77766365]",0.23099663107199594,0.7663911902079209,0.065964665858557,false,0.0,nan,0.0,
rrtstar_ompl,8,static_tall_formal_v2_008,hard_reach,tall,25,"[-0.94198475,-1.6915208,1.1762186,-1.8534227,-1.4636208,0.79497556]","[0.36968726,-0.26356003,0.77991754]",0.21527412146644748,0.7152984441940595,0.06380186567028055,false,0.0,nan,0.0,
rrtstar_ompl,8,static_tall_formal_v2_008,hard_reach,tall,26,"[-0.97966414,-1.6963817,1.1792674,-1.8647596,-1.4593657,0.82677458]","[0.35846633,-0.27500856,0.782161]",0.19956898663930436,0.6642056981801984,0.06195827688352011,false,0.0,nan,0.0,
rrtstar_ompl,8,static_tall_formal_v2_008,hard_reach,tall,27,"[-1.0173435,-1.7012425,1.1823161,-1.8760965,-1.4551105,0.8585736]","[0.34689516,-0.28596687,0.78439331]",0.18388800076725778,0.6131129521663369,0.06044909557303295,false,0.0,nan,0.0,
rrtstar_ompl,8,static_tall_formal_v2_008,hard_reach,tall,28,"[-1.0550229,-1.7061033,1.1853649,-1.8874334,-1.4508553,0.89037262]","[0.33499539,-0.29642433,0.7866146]",0.1682377788298612,0.5620202061524754,0.05899169159779544,false,0.0,nan,0.0,
rrtstar_ompl,8,static_tall_formal_v2_008,hard_reach,tall,29,"[-1.0927023,-1.7109642,1.1884136,-1.8987703,-1.4466002,0.92217165]","[0.32278919,-0.30637139,0.78882378]",0.152625190640858,0.510927460138614,0.056743031050036086,false,0.0,nan,0.0,
rrtstar_ompl,8,static_tall_formal_v2_008,hard_reach,tall,30,"[-1.1303817,-1.715825,1.1914624,-1.9101072,-1.442345,0.95397067]","[0.31029895,-0.31579968,0.79102099]",0.13705676926376434,0.4598347141247526,0.05471124354144086,false,0.0,nan,0.0,
rrtstar_ompl,8,static_tall_formal_v2_008,hard_reach,tall,31,"[-1.1680611,-1.7206858,1.1945111,-1.9214441,-1.4380898,0.98576969]","[0.2975471,-0.3247014,0.79320568]",0.12153914094043468,0.4087419681108913,0.052911011136671904,false,0.0,nan,0.0,
rrtstar_ompl,8,static_tall_formal_v2_008,hard_reach,tall,32,"[-1.2057405,-1.7255467,1.1975599,-1.932781,-1.4338347,1.0175687]","[0.28455651,-0.33306998,0.79537755]",0.10607893839923413,0.3576492220970298,0.05135662980860542,false,0.0,nan,0.0,
rrtstar_ompl,8,static_tall_formal_v2_008,hard_reach,tall,33,"[-1.2434199,-1.7304075,1.2006086,-1.9441179,-1.4295795,1.0493677]","[0.27134997,-0.3409,0.79753602]",0.09068255723387222,0.30655647608316855,0.05006174814673936,false,0.0,nan,0.0,
rrtstar_ompl,8,static_tall_formal_v2_008,hard_reach,tall,34,"[-1.2810993,-1.7352683,1.2036574,-1.9554548,-1.4253243,1.0811668]","[0.2579504,-0.34818676,0.79968083]",0.07535642561982325,0.25546373006930706,0.04903906985783393,false,0.0,nan,0.0,
rrtstar_ompl,8,static_tall_formal_v2_008,hard_reach,tall,35,"[-1.3187787,-1.7401292,1.2067061,-1.9667917,-1.4210692,1.1129658]","[0.24438091,-0.35492685,0.8018117]",0.060106932181677966,0.2043709840554456,0.04830000940204454,false,0.0,nan,0.0,
rrtstar_ompl,8,static_tall_formal_v2_008,hard_reach,tall,36,"[-1.356458,-1.74499,1.2097549,-1.9781286,-1.416814,1.1447648]","[0.23066439,-0.36111748,0.8039279]",0.04494039853527358,0.15327823804158403,0.04785436499214438,false,0.0,nan,0.0,
rrtstar_ompl,8,static_tall_formal_v2_008,hard_reach,tall,37,"[-1.3941374,-1.7498508,1.2128036,-1.9894655,-1.4125588,1.1765638]","[0.21682388,-0.36675721,0.8060295]",0.029863005901800847,0.10218549202772287,0.04771007847579389,false,0.0,nan,0.0,
rrtstar_ompl,8,static_tall_formal_v2_008,hard_reach,tall,38,"[-1.4318168,-1.7547117,1.2158523,-2.0008024,-1.4083037,1.2083628]","[0.20288214,-0.3718456,0.80811578]",0.014880809821191974,0.0510927460138614,0.04787298227322834,false,0.0,nan,0.0,
rrtstar_ompl,8,static_tall_formal_v2_008,hard_reach,tall,39,"[-1.4694962,-1.7595725,1.2189011,-2.0121393,-1.4040485,1.2401619]","[0.18886194,-0.37638265,0.81018645]",5.740591718047194e-09,0.0,0.04834659087822288,false,0.0,nan,0.0,
rrtstar_ompl,9,static_tall_formal_v2_009,around_tall_obstacle,tall,0,"[0,-1.57,1.1,-1.57,-1.57,0]","[0.48397353,0.13337938,0.72136778]",0.31937525423154456,2.4036034103703083,0.0878999940395355,false,20.078005075454712,nan,0.0,
rrtstar_ompl,9,static_tall_formal_v2_009,around_tall_obstacle,tall,1,"[-0.029076041,-1.5831185,1.1066657,-1.5484544,-1.5457215,0.019796751]","[0.48030207,0.12188546,0.72159952]",0.3091734736004991,2.353528339320927,0.0878999940395355,false,0.0,nan,0.0,
rrtstar_ompl,9,static_tall_formal_v2_009,around_tall_obstacle,tall,2,"[-0.058152082,-1.5962369,1.1133315,-1.5269088,-1.521443,0.039593501]","[0.47630945,0.11071802,0.72181469]",0.29906027702241306,2.3034532682715456,0.0878999940395355,false,0.0,nan,0.0,
rrtstar_ompl,9,static_tall_formal_v2_009,around_tall_obstacle,tall,3,"[-0.087228123,-1.6093554,1.1199972,-1.5053631,-1.4971645,0.059390252]","[0.47201538,0.099886119,0.72201461]",0.28904158551155307,2.253378197222164,0.0878999940395355,false,0.0,nan,0.0,
rrtstar_ompl,9,static_tall_formal_v2_009,around_tall_obstacle,tall,4,"[-0.11630416,-1.6224739,1.1266629,-1.4838175,-1.472886,0.079187002]","[0.46743956,0.089397624,0.72220057]",0.2791229652113753,2.203303126172783,0.0878999940395355,false,0.0,nan,0.0,
rrtstar_ompl,9,static_tall_formal_v2_009,around_tall_obstacle,tall,5,"[-0.1453802,-1.6355923,1.1333287,-1.4622719,-1.4486075,0.098983753]","[0.4626016,0.079259478,0.72237384]",0.2693097606788053,2.1532280551234013,0.0878999940395355,false,0.0,nan,0.0,
rrtstar_ompl,9,static_tall_formal_v2_009,around_tall_obstacle,tall,6,"[-0.17445625,-1.6487108,1.1399944,-1.4407263,-1.424329,0.1187805]","[0.4575218,0.069477424,0.72253555]",0.25960759755612106,2.1031529840740197,0.0878999940395355,false,0.0,nan,0.0,
rrtstar_ompl,9,static_tall_formal_v2_009,around_tall_obstacle,tall,7,"[-0.20353229,-1.6618293,1.1466601,-1.4191807,-1.4000505,0.13857725]","[0.4522202,0.060056232,0.72268683]",0.25002180963545834,2.0530779130246386,0.0878999940395355,false,0.0,nan,0.0,
rrtstar_ompl,9,static_tall_formal_v2_009,around_tall_obstacle,tall,8,"[-0.23260833,-1.6749477,1.1533259,-1.3976351,-1.375772,0.158374]","[0.44671667,0.050999586,0.72282845]",0.24055741861019067,2.003002841975257,0.0878999940395355,false,0.0,nan,0.0,
rrtstar_ompl,9,static_tall_formal_v2_009,around_tall_obstacle,tall,9,"[-0.26168437,-1.6880662,1.1599916,-1.3760894,-1.3514935,0.17817076]","[0.44103143,0.042310052,0.72296137]",0.23121966952015383,1.9529277709258754,0.0878999940395355,false,0.0,nan,0.0,
rrtstar_ompl,9,static_tall_formal_v2_009,around_tall_obstacle,tall,10,"[-0.29076041,-1.7011846,1.1666573,-1.3545438,-1.327215,0.19796751]","[0.43518448,0.033989213,0.72308618]",0.22201360606694634,1.902852699876494,0.0878999940395355,false,0.0,nan,0.0,
rrtstar_ompl,9,static_tall_formal_v2_009,around_tall_obstacle,tall,11,"[-0.31983645,-1.7143031,1.1733231,-1.3329982,-1.3029365,0.21776426]","[0.42919546,0.026037555,0.72320366]",0.21294394443152742,1.852777628827113,0.0878999940395355,false,0.0,nan,0.0,
rrtstar_ompl,9,static_tall_formal_v2_009,around_tall_obstacle,tall,12,"[-0.34891249,-1.7274216,1.1799888,-1.3114526,-1.278658,0.23756101]","[0.42308414,0.018454574,0.72331417]",0.204015568538466,1.8027025577777314,0.0878999940395355,false,0.0,nan,0.0,
rrtstar_ompl,9,static_tall_formal_v2_009,around_tall_obstacle,tall,13,"[-0.37798853,-1.74054,1.1866545,-1.289907,-1.2543795,0.25735776]","[0.41686955,0.011238869,0.72341818]",0.19523287488612728,1.7526274867283498,0.0878999940395355,false,0.0,nan,0.0,
rrtstar_ompl,9,static_tall_formal_v2_009,around_tall_obstacle,tall,14,"[-0.40706457,-1.7536585,1.1933202,-1.2683614,-1.230101,0.27715451]","[0.41057101,0.0043878146,0.72351605]",0.18660052515253656,1.7025524156789682,0.0878999940395355,false,0.0,nan,0.0,
rrtstar_ompl,9,static_tall_formal_v2_009,around_tall_obstacle,tall,15,"[-0.43614061,-1.766777,1.199986,-1.2468157,-1.2058225,0.29695126]","[0.40420681,-0.0021019336,0.72360784]",0.17812255014223402,1.6524773446295873,0.0878999940395355,false,0.0,nan,0.0,
rrtstar_ompl,9,static_tall_formal_v2_009,around_tall_obstacle,tall,16,"[-0.46521665,-1.7798954,1.2066517,-1.2252701,-1.181544,0.31674801]","[0.39779532,-0.008234743,0.72369385]",0.16980321521798253,1.6024022735802057,0.0878999940395355,false,0.0,nan,0.0,
rrtstar_ompl,9,static_tall_formal_v2_009,around_tall_obstacle,tall,17,"[-0.49429269,-1.7930139,1.2133174,-1.2037245,-1.1572655,0.33654476]","[0.39135417,-0.014015786,0.72377384]",0.1616464143378866,1.5523272025308241,0.0878999940395355,false,0.0,nan,0.0,
rrtstar_ompl,9,static_tall_formal_v2_009,around_tall_obstacle,tall,18,"[-0.52336874,-1.8061324,1.2199832,-1.1821789,-1.132987,0.35634151]","[0.38490069,-0.019451242,0.72384775]",0.1536559862909952,1.502252131481443,0.0878999940395355,false,0.0,nan,0.0,
rrtstar_ompl,9,static_tall_formal_v2_009,around_tall_obstacle,tall,19,"[-0.55244478,-1.8192508,1.2266489,-1.1606333,-1.1087085,0.37613826]","[0.37845129,-0.024547959,0.7239154]",0.1458353284825866,1.4521770604320614,0.0878999940395355,false,0.0,nan,0.0,
rrtstar_ompl,9,static_tall_formal_v2_009,around_tall_obstacle,tall,20,"[-0.58152082,-1.8323693,1.2333146,-1.1390877,-1.08443,0.39593501]","[0.37202215,-0.029313592,0.72397661]",0.13818797268835842,1.40210198938268,0.0878999940395355,false,0.0,nan,0.0,
rrtstar_ompl,9,static_tall_formal_v2_009,around_tall_obstacle,tall,21,"[-0.61059686,-1.8454878,1.2399804,-1.117542,-1.0601515,0.41573176]","[0.36562866,-0.033756692,0.72403073]",0.13071703021617367,1.3520269183332985,0.0878999940395355,false,0.0,nan,0.0,
rrtstar_ompl,9,static_tall_formal_v2_009,around_tall_obstacle,tall,22,"[-0.6396729,-1.8586062,1.2466461,-1.0959964,-1.035873,0.43552851]","[0.35928553,-0.037886161,0.72407728]",0.12342553758037128,1.3019518472839169,0.0878999940395355,false,0.0,nan,0.0,
rrtstar_ompl,9,static_tall_formal_v2_009,around_tall_obstacle,tall,23,"[-0.66874894,-1.8717247,1.2533118,-1.0744508,-1.0115945,0.45532526]","[0.35300675,-0.041711938,0.72411561]",0.1163161515667679,1.2518767762345355,0.0878999940395355,false,0.0,nan,0.0,
rrtstar_ompl,9,static_tall_formal_v2_009,around_tall_obstacle,tall,24,"[-0.69782498,-1.8848432,1.2599776,-1.0529052,-0.98731601,0.47512202]","[0.34680575,-0.045244288,0.72414517]",0.1093915865452592,1.2018017051851544,0.08769085680465422,false,0.0,nan,0.0,
rrtstar_ompl,9,static_tall_formal_v2_009,around_tall_obstacle,tall,25,"[-0.72690102,-1.8979616,1.2666433,-1.0313596,-0.96303751,0.49491877]","[0.34069484,-0.048494134,0.7241649]",0.10265391384346527,1.1517266341357728,0.08525255297430795,false,0.0,nan,0.0,
rrtstar_ompl,9,static_tall_formal_v2_009,around_tall_obstacle,tall,26,"[-0.75597706,-1.9110801,1.273309,-1.009814,-0.93875901,0.51471552]","[0.33468583,-0.051472884,0.72417408]",0.0961052534807265,1.1016515630863914,0.0829724255382687,false,0.0,nan,0.0,
rrtstar_ompl,9,static_tall_formal_v2_009,around_tall_obstacle,tall,27,"[-0.7850531,-1.9241985,1.2799748,-0.98826834,-0.91448051,0.53451227]","[0.32878983,-0.05419248,0.72417158]",0.08974755199549277,1.0515764920370099,0.08085922796558223,false,0.0,nan,0.0,
rrtstar_ompl,9,static_tall_formal_v2_009,around_tall_obstacle,tall,28,"[-0.81412914,-1.937317,1.2866405,-0.96672272,-0.89020201,0.55430902]","[0.32301673,-0.056665044,0.72415638]",0.08358216514594054,1.0015014209876283,0.07892154490942785,false,0.0,nan,0.0,
rrtstar_ompl,9,static_tall_formal_v2_009,around_tall_obstacle,tall,29,"[-0.84320518,-1.9504355,1.2933062,-0.9451771,-0.86592351,0.57410577]","[0.31737593,-0.058903318,0.72412735]",0.07761042822319471,0.9514263499382472,0.07716763289577505,false,0.0,nan,0.0,
rrtstar_ompl,9,static_tall_formal_v2_009,around_tall_obstacle,tall,30,"[-0.87228123,-1.9635539,1.299972,-0.92363149,-0.84164501,0.59390252]","[0.31187585,-0.060920175,0.72408301]",0.07183330020513576,0.9013512788888657,0.07560533257314903,false,0.0,nan,0.0,
rrtstar_ompl,9,static_tall_formal_v2_009,around_tall_obstacle,tall,31,"[-0.90135727,-1.9766724,1.3066377,-0.90208587,-0.81736651,0.61369927]","[0.30652401,-0.062728807,0.72402221]",0.06625138220506897,0.8512762078394841,0.0742419256705035,false,0.0,nan,0.0,
rrtstar_ompl,9,static_tall_formal_v2_009,around_tall_obstacle,tall,32,"[-0.93043331,-1.9897909,1.3133034,-0.88054025,-0.79308801,0.63349602]","[0.30132726,-0.064342469,0.72394341]",0.06086515305120686,0.8012011367901029,0.07308403693705232,false,0.0,nan,0.0,
rrtstar_ompl,9,static_tall_formal_v2_009,around_tall_obstacle,tall,33,"[-0.95950935,-2.0029093,1.3199692,-0.85899464,-0.76880951,0.65329277]","[0.29629132,-0.065774716,0.72384524]",0.055674477522693125,0.7511260657407214,0.07213748435501416,false,0.0,nan,0.0,
rrtstar_ompl,9,static_tall_formal_v2_009,around_tall_obstacle,tall,34,"[-0.98858539,-2.0160278,1.3266349,-0.83744902,-0.74453101,0.67308952]","[0.29142144,-0.067039236,0.72372603]",0.05067921682120525,0.7010509946913399,0.07140719328029546,false,0.0,nan,0.0,
rrtstar_ompl,9,static_tall_formal_v2_009,around_tall_obstacle,tall,35,"[-1.0176614,-2.0291463,1.3333006,-0.8159034,-0.72025251,0.69288627]","[0.2867215,-0.068149433,0.72358423]",0.04587841111736326,0.6509759236419587,0.0708970790673199,false,0.0,nan,0.0,
rrtstar_ompl,9,static_tall_formal_v2_009,around_tall_obstacle,tall,36,"[-1.0467375,-2.0422647,1.3399664,-0.79435779,-0.69597402,0.71268302]","[0.28219497,-0.069119006,0.723418]",0.041271080007621544,0.6009008525925771,0.06829066511530259,false,0.0,nan,0.0,
rrtstar_ompl,9,static_tall_formal_v2_009,around_tall_obstacle,tall,37,"[-1.0758135,-2.0553832,1.3466321,-0.77281217,-0.67169552,0.73247977]","[0.27784431,-0.069961503,0.72322565]",0.0368556518405331,0.5508257815431956,0.06573901100131115,false,0.0,nan,0.0,
rrtstar_ompl,9,static_tall_formal_v2_009,around_tall_obstacle,tall,38,"[-1.1048896,-2.0685017,1.3532978,-0.75126655,-0.64741702,0.75227652]","[0.27367121,-0.070690274,0.72300529]",0.032630166429557836,0.5007507104938144,0.06325084499519802,false,0.0,nan,0.0,
rrtstar_ompl,9,static_tall_formal_v2_009,around_tall_obstacle,tall,39,"[-1.1339656,-2.0816201,1.3599636,-0.72972093,-0.62313852,0.77207327]","[0.26967654,-0.071318656,0.72275507]",0.0285921453414865,0.45067563944443284,0.06083392979861767,false,0.0,nan,0.0,
rrtstar_ompl,9,static_tall_formal_v2_009,around_tall_obstacle,tall,40,"[-1.1630416,-2.0947386,1.3666293,-0.70817532,-0.59886002,0.79187003]","[0.26586047,-0.071859859,0.72247314]",0.024738693214070323,0.40060056839505126,0.05849661387168105,false,0.0,nan,0.0,
rrtstar_ompl,9,static_tall_formal_v2_009,around_tall_obstacle,tall,41,"[-1.1921177,-2.107857,1.373295,-0.6866297,-0.57458152,0.81166678]","[0.26222223,-0.072326422,0.7221573]",0.021066174641234465,0.3505254973456702,0.056247748469364714,false,0.0,nan,0.0,
rrtstar_ompl,9,static_tall_formal_v2_009,around_tall_obstacle,tall,42,"[-1.2211937,-2.1209755,1.3799607,-0.66508408,-0.55030302,0.83146353]","[0.25876051,-0.072730891,0.72180581]",0.01757060606803401,0.30045042629628854,0.05409674110037867,false,0.0,nan,0.0,
rrtstar_ompl,9,static_tall_formal_v2_009,around_tall_obstacle,tall,43,"[-1.2502698,-2.134094,1.3866265,-0.64353847,-0.52602452,0.85126028]","[0.25547326,-0.073085532,0.72141641]",0.014247258057375718,0.25037535524690707,0.05205343586022208,false,0.0,nan,0.0,
rrtstar_ompl,9,static_tall_formal_v2_009,around_tall_obstacle,tall,44,"[-1.2793458,-2.1472124,1.3932922,-0.62199285,-0.50174602,0.87105703]","[0.25235769,-0.073402159,0.72098708]",0.01109074583462212,0.2003002841975258,0.05012818276823573,false,0.0,nan,0.0,
rrtstar_ompl,9,static_tall_formal_v2_009,around_tall_obstacle,tall,45,"[-1.3084218,-2.1603309,1.3999579,-0.60044723,-0.47746752,0.89085378]","[0.24941044,-0.073692232,0.72051567]",0.008094985787285819,0.15022521314814416,0.04833165565436086,false,0.0,nan,0.0,
rrtstar_ompl,9,static_tall_formal_v2_009,around_tall_obstacle,tall,46,"[-1.3374979,-2.1734494,1.4066237,-0.57890161,-0.45318902,0.91065053]","[0.24662754,-0.073966764,0.71999991]",0.005253160895046113,0.10015014209876265,0.04667482396405194,false,0.0,nan,0.0,
rrtstar_ompl,9,static_tall_formal_v2_009,around_tall_obstacle,tall,47,"[-1.3665739,-2.1865678,1.4132894,-0.557356,-0.42891052,0.93044728]","[0.2440044,-0.074236117,0.71943778]",0.002557652691028383,0.0500750710493817,0.045168822481272686,false,0.0,nan,0.0,
rrtstar_ompl,9,static_tall_formal_v2_009,around_tall_obstacle,tall,48,"[-1.39565,-2.1996863,1.4199551,-0.53581038,-0.40463202,0.95024403]","[0.2415359,-0.074510232,0.71882707]",2.850531725571701e-09,0.0,0.04332640460729603,false,0.0,nan,0.0,
rrtstar_ompl,10,static_tall_formal_v2_010,near_obstacle,tall,0,"[0,-1.57,1.1,-1.57,-1.57,0]","[0.48397353,0.13337938,0.72136778]",0.32010317962636475,1.965433751788273,0.0878999940395355,false,20.238142013549805,nan,0.0,
rrtstar_ompl,10,static_tall_formal_v2_010,near_obstacle,tall,1,"[-0.012507848,-1.5670062,1.1023015,-1.5862316,-1.5808368,-0.044588355]","[0.48826638,0.12620293,0.72098285]",0.3122943790445461,1.9150380145629324,0.0878999940395355,false,0.0,nan,0.0,
rrtstar_ompl,10,static_tall_formal_v2_010,near_obstacle,tall,2,"[-0.025015696,-1.5640124,1.1046029,-1.6024633,-1.5916737,-0.089176709]","[0.49242347,0.11894103,0.72060448]",0.3044524141809735,1.8646422773375921,0.0878999940395355,false,0.0,nan,0.0,
rrtstar_ompl,10,static_tall_formal_v2_010,near_obstacle,tall,3,"[-0.037523545,-1.5610187,1.1069044,-1.6186949,-1.6025105,-0.13376506]","[0.49644303,0.11159649,0.72023249]",0.2965782110751903,1.8142465401122518,0.0878999940395355,false,0.0,nan,0.0,
rrtstar_ompl,10,static_tall_formal_v2_010,near_obstacle,tall,4,"[-0.050031393,-1.5580249,1.1092059,-1.6349266,-1.6133473,-0.17835342]","[0.50032312,0.1041722,0.71986634]",0.2886727644792207,1.7638508028869115,0.0878999940395355,false,0.0,nan,0.0,
rrtstar_ompl,10,static_tall_formal_v2_010,near_obstacle,tall,5,"[-0.062539241,-1.5550311,1.1115074,-1.6511582,-1.6241841,-0.22294177]","[0.50406206,0.096671052,0.71950573]",0.28073703541164585,1.7134550656615712,0.0878999940395355,false,0.0,nan,0.0,
rrtstar_ompl,10,static_tall_formal_v2_010,near_obstacle,tall,6,"[-0.075047089,-1.5520373,1.1138088,-1.6673899,-1.635021,-0.26753013]","[0.50765818,0.089095965,0.71915054]",0.2727719760918672,1.663059328436231,0.0878999940395355,false,0.0,nan,0.0,
rrtstar_ompl,10,static_tall_formal_v2_010,near_obstacle,tall,7,"[-0.087554937,-1.5490435,1.1161103,-1.6836215,-1.6458578,-0.31211848]","[0.51110989,0.081449911,0.71880031]",0.2647785510685047,1.6126635912108904,0.0878999940395355,false,0.0,nan,0.0,
rrtstar_ompl,10,static_tall_formal_v2_010,near_obstacle,tall,8,"[-0.10006279,-1.5460498,1.1184118,-1.6998532,-1.6566946,-0.35670684]","[0.51441568,0.073735937,0.71845472]",0.2567577699123493,1.5622678539855501,0.0878999940395355,false,0.0,nan,0.0,
rrtstar_ompl,10,static_tall_formal_v2_010,near_obstacle,tall,9,"[-0.11257063,-1.543056,1.1207133,-1.7160848,-1.6675314,-0.40129519]","[0.51757389,0.065957084,0.71811324]",0.24871061872655859,1.51187211676021,0.0878999940395355,false,0.0,nan,0.0,
rrtstar_ompl,10,static_tall_formal_v2_010,near_obstacle,tall,10,"[-0.12507848,-1.5400622,1.1230147,-1.7323165,-1.6783683,-0.44588355]","[0.52058357,0.058116429,0.71777558]",0.24063804339231268,1.4614763795348695,0.0878999940395355,false,0.0,nan,0.0,
rrtstar_ompl,10,static_tall_formal_v2_010,near_obstacle,tall,11,"[-0.13758633,-1.5370684,1.1253162,-1.7485481,-1.6892051,-0.4904719]","[0.52344298,0.050217062,0.7174415]",0.23254105566447053,1.4110806423095295,0.0878999940395355,false,0.0,nan,0.0,
rrtstar_ompl,10,static_tall_formal_v2_010,near_obstacle,tall,12,"[-0.15009418,-1.5340746,1.1276177,-1.7647798,-1.7000419,-0.53506026]","[0.526151,0.042262159,0.71711051]",0.22442066664118468,1.360684905084189,0.0878999940395355,false,0.0,nan,0.0,
rrtstar_ompl,10,static_tall_formal_v2_010,near_obstacle,tall,13,"[-0.16260203,-1.5310809,1.1299191,-1.7810114,-1.7108787,-0.57964861]","[0.52870655,0.03425486,0.71678215]",0.2162778351928204,1.3102891678588486,0.0878999940395355,false,0.0,nan,0.0,
rrtstar_ompl,10,static_tall_formal_v2_010,near_obstacle,tall,14,"[-0.17510987,-1.5280871,1.1322206,-1.7972431,-1.7217156,-0.62423696]","[0.53110838,0.026198383,0.71645623]",0.20811360248482239,1.2598934306335081,0.0878999940395355,false,0.0,nan,0.0,
rrtstar_ompl,10,static_tall_formal_v2_010,near_obstacle,tall,15,"[-0.18761772,-1.5250933,1.1345221,-1.8134747,-1.7325524,-0.66882532]","[0.53335571,0.018095955,0.71613222]",0.19992896311110325,1.2094976934081676,0.0878999940395355,false,0.0,nan,0.0,
rrtstar_ompl,10,static_tall_formal_v2_010,near_obstacle,tall,16,"[-0.20012557,-1.5220995,1.1368236,-1.8297064,-1.7433892,-0.71341367]","[0.5354473,0.0099507794,0.71580958]",0.19172489165685408,1.1591019561828275,0.0878999940395355,false,0.0,nan,0.0,
rrtstar_ompl,10,static_tall_formal_v2_010,near_obstacle,tall,17,"[-0.21263342,-1.5191057,1.139125,-1.845938,-1.754226,-0.75800203]","[0.53738248,0.0017661713,0.71548802]",0.18350244890897366,1.1087062189574872,0.0878999940395355,false,0.0,nan,0.0,
rrtstar_ompl,10,static_tall_formal_v2_010,near_obstacle,tall,18,"[-0.22514127,-1.516112,1.1414265,-1.8621697,-1.7650629,-0.80259038]","[0.53916037,-0.0064546429,0.71516711]",0.17526259458961738,1.058310481732147,0.0878999940395355,false,0.0,nan,0.0,
rrtstar_ompl,10,static_tall_formal_v2_010,near_obstacle,tall,19,"[-0.23764912,-1.5131182,1.143728,-1.8784013,-1.7758997,-0.84717874]","[0.54078031,-0.014708361,0.71484637]",0.16700634534871683,1.0079147445068066,0.0878999940395355,false,0.0,nan,0.0,
rrtstar_ompl,10,static_tall_formal_v2_010,near_obstacle,tall,20,"[-0.25015696,-1.5101244,1.1460294,-1.894633,-1.7867365,-0.89176709]","[0.54224157,-0.02299164,0.7145254]",0.15873474701604445,0.9575190072814663,0.0878999940395355,false,0.0,nan,0.0,
rrtstar_ompl,10,static_tall_formal_v2_010,near_obstacle,tall,21,"[-0.26266481,-1.5071306,1.1483309,-1.9108646,-1.7975733,-0.93635545]","[0.54354382,-0.0313012,0.71420377]",0.15044877952613026,0.907123270056126,0.0878999940395355,false,0.0,nan,0.0,
rrtstar_ompl,10,static_tall_formal_v2_010,near_obstacle,tall,22,"[-0.27517266,-1.5041368,1.1506324,-1.9270963,-1.8084102,-0.9809438]","[0.54468626,-0.039633662,0.71388102]",0.14214949797854015,0.8567275328307856,0.0878999940395355,false,0.0,nan,0.0,
rrtstar_ompl,10,static_tall_formal_v2_010,near_obstacle,tall,23,"[-0.28768051,-1.5011431,1.1529339,-1.9433279,-1.819247,-1.0255322]","[0.5456686,-0.047985736,0.71355671]",0.1338378683863361,0.8063317956054452,0.0878999940395355,false,0.0,nan,0.0,
rrtstar_ompl,10,static_tall_formal_v2_010,near_obstacle,tall,24,"[-0.30018836,-1.4981493,1.1552353,-1.9595596,-1.8300838,-1.0701205]","[0.54649073,-0.056354053,0.71323031]",0.12551493919177326,0.7559360583801049,0.0878999940395355,false,0.0,nan,0.0,
rrtstar_ompl,10,static_tall_formal_v2_010,near_obstacle,tall,25,"[-0.31269621,-1.4951555,1.1575368,-1.9757912,-1.8409206,-1.1147089]","[0.54715216,-0.064735308,0.71290123]",0.11718166501119191,0.7055403211547645,0.0878999940395355,false,0.0,nan,0.0,
rrtstar_ompl,10,static_tall_formal_v2_010,near_obstacle,tall,26,"[-0.32520405,-1.4921617,1.1598383,-1.9920229,-1.8517575,-1.1592972]","[0.54765272,-0.073126011,0.71256942]",0.1088392148628441,0.6551445839294243,0.0878999940395355,false,0.0,nan,0.0,
rrtstar_ompl,10,static_tall_formal_v2_010,near_obstacle,tall,27,"[-0.3377119,-1.4891679,1.1621398,-2.0082545,-1.8625943,-1.2038856]","[0.54799247,-0.081522994,0.7122339]",0.10048840776345878,0.6047488467040839,0.0878999940395355,false,0.0,nan,0.0,
rrtstar_ompl,10,static_tall_formal_v2_010,near_obstacle,tall,28,"[-0.35021975,-1.4861742,1.1644412,-2.0244862,-1.8734311,-1.2484739]","[0.54817128,-0.089922778,0.71189451]",0.09213039152003846,0.5543531094787437,0.08648620752381819,false,0.0,nan,0.0,
rrtstar_ompl,10,static_tall_formal_v2_010,near_obstacle,tall,29,"[-0.3627276,-1.4831804,1.1667427,-2.0407178,-1.8842679,-1.2930623]","[0.54818946,-0.098322108,0.71155071]",0.0837661090004354,0.5039573722534033,0.08402686661813893,false,0.0,nan,0.0,
rrtstar_ompl,10,static_tall_formal_v2_010,near_obstacle,tall,30,"[-0.37523545,-1.4801866,1.1690442,-2.0569495,-1.8951048,-1.3376506]","[0.54804683,-0.1067176,0.71120179]",0.07539657187678184,0.4535616350280629,0.08161142411667677,false,0.0,nan,0.0,
rrtstar_ompl,10,static_tall_formal_v2_010,near_obstacle,tall,31,"[-0.38774329,-1.4771928,1.1713456,-2.0731811,-1.9059416,-1.382239]","[0.54774374,-0.11510594,0.71084768]",0.0670228044812582,0.40316589780272283,0.07924266224856602,false,0.0,nan,0.0,
rrtstar_ompl,10,static_tall_formal_v2_010,near_obstacle,tall,32,"[-0.40025114,-1.474199,1.1736471,-2.0894128,-1.9167784,-1.4268273]","[0.54728061,-0.12348381,0.71048737]",0.05864580535840182,0.3527701605773823,0.0769233906186216,false,0.0,nan,0.0,
rrtstar_ompl,10,static_tall_formal_v2_010,near_obstacle,tall,33,"[-0.41275899,-1.4712053,1.1759486,-2.1056444,-1.9276152,-1.4714157]","[0.5466578,-0.13184789,0.71012086]",0.050266599485169004,0.30237442335204195,0.07465661726580841,false,0.0,nan,0.0,
rrtstar_ompl,10,static_tall_formal_v2_010,near_obstacle,tall,34,"[-0.42526684,-1.4682115,1.1782501,-2.1218761,-1.9384521,-1.5160041]","[0.54587561,-0.14019489,0.70974725]",0.041886145237872166,0.2519786861267016,0.07244545148370432,false,0.0,nan,0.0,
rrtstar_ompl,10,static_tall_formal_v2_010,near_obstacle,tall,35,"[-0.43777469,-1.4652177,1.1805515,-2.1381077,-1.9492889,-1.5605924]","[0.54493469,-0.14852154,0.70936626]",0.033505465507336775,0.2015829489013613,0.07029299813823844,false,0.0,nan,0.0,
rrtstar_ompl,10,static_tall_formal_v2_010,near_obstacle,tall,36,"[-0.45028254,-1.4622239,1.182853,-2.1543394,-1.9601257,-1.6051808]","[0.54383564,-0.15682465,0.70897722]",0.0251254740606419,0.15118721167602098,0.06820258507299395,false,0.0,nan,0.0,
rrtstar_ompl,10,static_tall_formal_v2_010,near_obstacle,tall,37,"[-0.46279038,-1.4592301,1.1851545,-2.170571,-1.9709625,-1.6497691]","[0.54257923,-0.16510081,0.70857978]",0.016747338035783658,0.10079147445068083,0.06617760797892513,false,0.0,nan,0.0,
rrtstar_ompl,10,static_tall_formal_v2_010,near_obstacle,tall,38,"[-0.47529823,-1.4562364,1.1874559,-2.1868027,-1.9817994,-1.6943575]","[0.54116607,-0.17334703,0.70817327]",0.008371801935300335,0.050395737225340353,0.06422145652671726,false,0.0,nan,0.0,
rrtstar_ompl,10,static_tall_formal_v2_010,near_obstacle,tall,39,"[-0.48780608,-1.4532426,1.1897574,-2.2030343,-1.9926362,-1.7389458]","[0.53959721,-0.18155998,0.70775717]",5.947852304190299e-09,0.0,0.06233767970097523,false,0.0,nan,0.0,
rrtstar_ompl,11,static_tall_formal_v2_011,easy,tall,0,"[0,-1.57,1.1,-1.57,-1.57,0]","[0.48397353,0.13337938,0.72136778]",0.1744354736711371,1.8970168246308408,0.0878999940395355,false,20.132568836212158,nan,0.0,
rrtstar_ompl,11,static_tall_formal_v2_011,easy,tall,1,"[0.0073054038,-1.5704524,1.1014016,-1.5416301,-1.5848843,-0.03932878]","[0.48162884,0.13541903,0.7171365]",0.16972791270069906,1.845746099640818,0.0878999940395355,false,0.0,nan,0.0,
rrtstar_ompl,11,static_tall_formal_v2_011,easy,tall,2,"[0.014610808,-1.5709048,1.1028031,-1.5132601,-1.5997686,-0.078657561]","[0.47915769,0.13743013,0.7129665]",0.16499053163230923,1.7944753746507953,0.0878999940395355,false,0.0,nan,0.0,
rrtstar_ompl,11,static_tall_formal_v2_011,easy,tall,3,"[0.021916211,-1.5713572,1.1042047,-1.4848902,-1.614653,-0.11798634]","[0.47656339,0.13941045,0.70886171]",0.1602259897186156,1.7432046496607727,0.0878999940395355,false,0.0,nan,0.0,
rrtstar_ompl,11,static_tall_formal_v2_011,easy,tall,4,"[0.029221615,-1.5718096,1.1056063,-1.4565202,-1.6295373,-0.15731512]","[0.47384948,0.14135787,0.70482594]",0.15543697815353508,1.69193392467075,0.0878999940395355,false,0.0,nan,0.0,
rrtstar_ompl,11,static_tall_formal_v2_011,easy,tall,5,"[0.036527019,-1.572262,1.1070078,-1.4281503,-1.6444216,-0.1966439]","[0.47101969,0.14327031,0.70086318]",0.15062642516211774,1.6406631996807273,0.0878999940395355,false,0.0,nan,0.0,
rrtstar_ompl,11,static_tall_formal_v2_011,easy,tall,6,"[0.043832423,-1.5727144,1.1084094,-1.3997804,-1.6593059,-0.23597268]","[0.46807775,0.14514585,0.69697684]",0.14579686469786685,1.5893924746907044,0.0878999940395355,false,0.0,nan,0.0,
rrtstar_ompl,11,static_tall_formal_v2_011,easy,tall,7,"[0.051137826,-1.5731668,1.109811,-1.3714104,-1.6741902,-0.27530146]","[0.46502778,0.14698267,0.69317031]",0.1409510995157963,1.5381217497006816,0.0878999940395355,false,0.0,nan,0.0,
rrtstar_ompl,11,static_tall_formal_v2_011,easy,tall,8,"[0.05844323,-1.5736192,1.1112125,-1.3430405,-1.6890745,-0.31463024]","[0.46187368,0.14877903,0.68944693]",0.13609169176727962,1.486851024710659,0.0878999940395355,false,0.0,nan,0.0,
rrtstar_ompl,11,static_tall_formal_v2_011,easy,tall,9,"[0.065748634,-1.5740716,1.1126141,-1.3146706,-1.7039589,-0.35395902]","[0.4586198,0.15053339,0.68580973]",0.13122137765349606,1.4355802997206364,0.0878999940395355,false,0.0,nan,0.0,
rrtstar_ompl,11,static_tall_formal_v2_011,easy,tall,10,"[0.073054038,-1.574524,1.1140157,-1.2863006,-1.7188432,-0.3932878]","[0.45527044,0.15224424,0.68226165]",0.12634276935719396,1.3843095747306136,0.0878999940395355,false,0.0,nan,0.0,
rrtstar_ompl,11,static_tall_formal_v2_011,easy,tall,11,"[0.080359442,-1.5749764,1.1154172,-1.2579307,-1.7337275,-0.43261658]","[0.45182985,0.15391025,0.67880547]",0.12145835027272295,1.333038849740591,0.0878999940395355,false,0.0,nan,0.0,
rrtstar_ompl,11,static_tall_formal_v2_011,easy,tall,12,"[0.087664845,-1.5754288,1.1168188,-1.2295607,-1.7486118,-0.47194536]","[0.44830289,0.15553017,0.67544353]",0.11657089799222986,1.2817681247505681,0.0878999940395355,false,0.0,nan,0.0,
rrtstar_ompl,11,static_tall_formal_v2_011,easy,tall,13,"[0.094970249,-1.5758812,1.1182203,-1.2011908,-1.7634961,-0.51127414]","[0.4446938,0.1571029,0.67217851]",0.11168277186517292,1.2304973997605453,0.0878999940395355,false,0.0,nan,0.0,
rrtstar_ompl,11,static_tall_formal_v2_011,easy,tall,14,"[0.10227565,-1.5763337,1.1196219,-1.1728209,-1.7783804,-0.55060292]","[0.44100744,0.15862752,0.66901243]",0.10679656881667712,1.1792266747705227,0.0878999940395355,false,0.0,nan,0.0,
rrtstar_ompl,11,static_tall_formal_v2_011,easy,tall,15,"[0.10958106,-1.5767861,1.1210235,-1.1444509,-1.7932648,-0.5899317]","[0.43724847,0.16010314,0.66594708]",0.10191465507248912,1.1279559497804998,0.0878999940395355,false,0.0,nan,0.0,
rrtstar_ompl,11,static_tall_formal_v2_011,easy,tall,16,"[0.11688646,-1.5772385,1.122425,-1.116081,-1.8081491,-0.62926048]","[0.43342155,0.16152911,0.66298467]",0.09703950160019247,1.0766852247904772,0.0878999940395355,false,0.0,nan,0.0,
rrtstar_ompl,11,static_tall_formal_v2_011,easy,tall,17,"[0.12419186,-1.5776909,1.1238266,-1.087711,-1.8230334,-0.66858926]","[0.42953157,0.16290478,0.66012669]",0.09217353279639023,1.0254144998004544,0.0878999940395355,false,0.0,nan,0.0,
rrtstar_ompl,11,static_tall_formal_v2_011,easy,tall,18,"[0.13149727,-1.5781433,1.1252282,-1.0593411,-1.8379177,-0.70791804]","[0.42558333,0.1642298,0.65737456]",0.087319053761983,0.9741437748104317,0.0878999940395355,false,0.0,nan,0.0,
rrtstar_ompl,11,static_tall_formal_v2_011,easy,tall,19,"[0.13880267,-1.5785957,1.1266297,-1.0309712,-1.852802,-0.74724683]","[0.42158172,0.16550379,0.65472949]",0.08247839771751811,0.9228730498204092,0.0878999940395355,false,0.0,nan,0.0,
rrtstar_ompl,11,static_tall_formal_v2_011,easy,tall,20,"[0.14610808,-1.5790481,1.1280313,-1.0026012,-1.8676863,-0.78657561]","[0.4175314,0.16672663,0.65219259]",0.07765368212611315,0.8716023248303862,0.0878999940395355,false,0.0,nan,0.0,
rrtstar_ompl,11,static_tall_formal_v2_011,easy,tall,21,"[0.15341348,-1.5795005,1.1294329,-0.97423129,-1.8825707,-0.82590439]","[0.41343734,0.16789828,0.64976466]",0.07284718135098953,0.8203315998403637,0.0878999940395355,false,0.0,nan,0.0,
rrtstar_ompl,11,static_tall_formal_v2_011,easy,tall,22,"[0.16071888,-1.5799529,1.1308344,-0.94586136,-1.897455,-0.86523317]","[0.40930438,0.16901876,0.64744663]",0.0680611799330166,0.7690608748503407,0.0878999940395355,false,0.0,nan,0.0,
rrtstar_ompl,11,static_tall_formal_v2_011,easy,tall,23,"[0.16802429,-1.5804053,1.132236,-0.91749142,-1.9123393,-0.90456195]","[0.40513715,0.17008828,0.64523882]",0.06329754639347943,0.7177901498603182,0.0878999940395355,false,0.0,nan,0.0,
rrtstar_ompl,11,static_tall_formal_v2_011,easy,tall,24,"[0.17532969,-1.5808577,1.1336376,-0.88912148,-1.9272236,-0.94389073]","[0.40094051,0.17110723,0.64314163]",0.05855843916602244,0.6665194248702954,0.0878999940395355,false,0.0,nan,0.0,
rrtstar_ompl,11,static_tall_formal_v2_011,easy,tall,25,"[0.18263509,-1.5813101,1.1350391,-0.86075154,-1.9421079,-0.98321951]","[0.39671913,0.17207602,0.64115512]",0.05384580405353434,0.6152486998802728,0.0878999940395355,false,0.0,nan,0.0,
rrtstar_ompl,11,static_tall_formal_v2_011,easy,tall,26,"[0.1899405,-1.5817625,1.1364407,-0.8323816,-1.9569922,-1.0225483]","[0.39247772,0.17299521,0.63927948]",0.049161683318126564,0.5639779748902499,0.0878999940395355,false,0.0,nan,0.0,
rrtstar_ompl,11,static_tall_formal_v2_011,easy,tall,27,"[0.1972459,-1.5822149,1.1378423,-0.80401166,-1.9718766,-1.0618771]","[0.38822079,0.17386556,0.63751429]",0.04450779683453805,0.5127072499002272,0.0878999940395355,false,0.0,nan,0.0,
rrtstar_ompl,11,static_tall_formal_v2_011,easy,tall,28,"[0.20455131,-1.5826673,1.1392438,-0.77564173,-1.9867609,-1.1012058]","[0.38395286,0.17468782,0.63585937]",0.03988602871580689,0.46143652491020437,0.0878999940395355,false,0.0,nan,0.0,
rrtstar_ompl,11,static_tall_formal_v2_011,easy,tall,29,"[0.21185671,-1.5831197,1.1406454,-0.74727179,-2.0016452,-1.1405346]","[0.37967834,0.17546292,0.634314]",0.03529805995425243,0.4101657999201817,0.0878999940395355,false,0.0,nan,0.0,
rrtstar_ompl,11,static_tall_formal_v2_011,easy,tall,30,"[0.21916211,-1.5835721,1.142047,-0.71890185,-2.0165295,-1.1798634]","[0.37540159,0.17619181,0.63287753]",0.03074560645750983,0.35889507493015904,0.0878999940395355,false,0.0,nan,0.0,
rrtstar_ompl,11,static_tall_formal_v2_011,easy,tall,31,"[0.22646752,-1.5840245,1.1434485,-0.69053191,-2.0314138,-1.2191922]","[0.37112689,0.17687574,0.63154924]",0.026230351414487974,0.3076243499401364,0.0878999940395355,false,0.0,nan,0.0,
rrtstar_ompl,11,static_tall_formal_v2_011,easy,tall,32,"[0.23377292,-1.5844769,1.1448501,-0.66216197,-2.0462982,-1.258521]","[0.36685833,0.17751576,0.630328]",0.021753790051266708,0.25635362495011355,0.0878999940395355,false,0.0,nan,0.0,
rrtstar_ompl,11,static_tall_formal_v2_011,easy,tall,33,"[0.24107832,-1.5849293,1.1462516,-0.63379203,-2.0611825,-1.2978497]","[0.36259982,0.1781133,0.62921262]",0.017317271775451233,0.20508289996009094,0.0878999940395355,false,0.0,nan,0.0,
rrtstar_ompl,11,static_tall_formal_v2_011,easy,tall,34,"[0.24838373,-1.5853817,1.1476532,-0.6054221,-2.0760668,-1.3371785]","[0.35835543,0.17866972,0.62820184]",0.012922403158268965,0.15381217497006808,0.0878999940395355,false,0.0,nan,0.0,
rrtstar_ompl,11,static_tall_formal_v2_011,easy,tall,35,"[0.25568913,-1.5858341,1.1490548,-0.57705216,-2.0909511,-1.3765073]","[0.35412878,0.17918637,0.62729424]",0.008570382191749056,0.10254144998004545,0.0878999940395355,false,0.0,nan,0.0,
rrtstar_ompl,11,static_tall_formal_v2_011,easy,tall,36,"[0.26299454,-1.5862865,1.1504563,-0.54868222,-2.1058354,-1.4158361]","[0.34992355,0.17966492,0.62648821]",0.004262515706333721,0.05127072499002267,0.0878999940395355,false,0.0,nan,0.0,
rrtstar_ompl,11,static_tall_formal_v2_011,easy,tall,37,"[0.27029994,-1.5867389,1.1518579,-0.52031228,-2.1207197,-1.4551649]","[0.34574327,0.18010697,0.62578189]",4.569312326581221e-09,0.0,0.0878999940395355,false,0.0,nan,0.0,
rrtstar_ompl,12,static_tall_formal_v2_012,easy,tall,0,"[0,-1.57,1.1,-1.57,-1.57,0]","[0.48397353,0.13337938,0.72136778]",0.0626752376908581,2.8964461223762084,0.0878999940395355,false,20.050371170043945,nan,0.0,
rrtstar_ompl,12,static_tall_formal_v2_012,easy,tall,1,"[-0.0014574902,-1.5676224,1.0940509,-1.5634525,-1.5707251,0.049955816]","[0.48441041,0.13260128,0.72221494]",0.061461141150188345,2.8456312781239945,0.0878999940395355,false,0.0,nan,0.0,
rrtstar_ompl,12,static_tall_formal_v2_012,easy,tall,2,"[-0.0029149804,-1.5652447,1.0881018,-1.556905,-1.5714503,0.099911633]","[0.48484042,0.13182221,0.72305793]",0.0602512454778537,2.7948164338717802,0.0878999940395355,false,0.0,nan,0.0,
rrtstar_ompl,12,static_tall_formal_v2_012,easy,tall,3,"[-0.0043724705,-1.5628671,1.0821526,-1.5503576,-1.5721754,0.14986745]","[0.48526344,0.13104218,0.72389662]",0.05904561748193266,2.744001589619566,0.0878999940395355,false,0.0,nan,0.0,
rrtstar_ompl,12,static_tall_formal_v2_012,easy,tall,4,"[-0.0058299607,-1.5604894,1.0762035,-1.5438101,-1.5729006,0.19982327]","[0.48567963,0.13026123,0.72473109]",0.05784417839275677,2.6931867453673517,0.0878999940395355,false,0.0,nan,0.0,
rrtstar_ompl,12,static_tall_formal_v2_012,easy,tall,5,"[-0.0072874509,-1.5581118,1.0702544,-1.5372626,-1.5736257,0.24977908]","[0.48608887,0.12947941,0.7255612]",0.05664704171351489,2.642371901115138,0.0878999940395355,false,0.0,nan,0.0,
rrtstar_ompl,12,static_tall_formal_v2_012,easy,tall,6,"[-0.0087449411,-1.5557341,1.0643053,-1.5307151,-1.5743508,0.2997349]","[0.4864912,0.12869669,0.72638708]",0.05545406787140814,2.5915570568629236,0.0878999940395355,false,0.0,nan,0.0,
rrtstar_ompl,12,static_tall_formal_v2_012,easy,tall,7,"[-0.010202431,-1.5533565,1.0583561,-1.5241677,-1.575076,0.34969071]","[0.48688668,0.12791315,0.72720861]",0.0542653321107567,2.5407422126107098,0.0878999940395355,false,0.0,nan,0.0,
rrtstar_ompl,12,static_tall_formal_v2_012,easy,tall,8,"[-0.011659921,-1.5509789,1.052407,-1.5176202,-1.5758011,0.39964653]","[0.48727524,0.12712876,0.72802579]",0.05308081289026172,2.489927368358495,0.0878999940395355,false,0.0,nan,0.0,
rrtstar_ompl,12,static_tall_formal_v2_012,easy,tall,9,"[-0.013117412,-1.5486012,1.0464579,-1.5110727,-1.5765263,0.44960235]","[0.48765695,0.12634364,0.72883874]",0.051900452300544485,2.4391125241062808,0.0878999940395355,false,0.0,nan,0.0,
rrtstar_ompl,12,static_tall_formal_v2_012,easy,tall,10,"[-0.014574902,-1.5462236,1.0405088,-1.5045252,-1.5772514,0.49955816]","[0.48803174,0.12555772,0.72964728]",0.05072431178996141,2.3882976798540665,0.0878999940395355,false,0.0,nan,0.0,
rrtstar_ompl,12,static_tall_formal_v2_012,easy,tall,11,"[-0.016032392,-1.5438459,1.0345596,-1.4979778,-1.5779765,0.54951398]","[0.48839965,0.12477107,0.73045146]",0.049552356214989504,2.3374828356018527,0.0878999940395355,false,0.0,nan,0.0,
rrtstar_ompl,12,static_tall_formal_v2_012,easy,tall,12,"[-0.017489882,-1.5414683,1.0286105,-1.4914303,-1.5787017,0.5994698]","[0.48876068,0.12398373,0.7312513]",0.048384578803310624,2.2866679913496384,0.0878999940395355,false,0.0,nan,0.0,
rrtstar_ompl,12,static_tall_formal_v2_012,easy,tall,13,"[-0.018947372,-1.5390906,1.0226614,-1.4848828,-1.5794268,0.64942561]","[0.48911479,0.12319571,0.73204684]",0.047220917801310436,2.235853147097424,0.0878999940395355,false,0.0,nan,0.0,
rrtstar_ompl,12,static_tall_formal_v2_012,easy,tall,14,"[-0.020404862,-1.536713,1.0167123,-1.4783353,-1.580152,0.69938143]","[0.48946205,0.12240704,0.73283786]",0.04606151444124912,2.18503830284521,0.0878999940395355,false,0.0,nan,0.0,
rrtstar_ompl,12,static_tall_formal_v2_012,easy,tall,15,"[-0.021862353,-1.5343354,1.0107631,-1.4717879,-1.5808771,0.74933724]","[0.48980245,0.12161772,0.73362446]",0.04490624602075909,2.134223458592996,0.0878999940395355,false,0.0,nan,0.0,
rrtstar_ompl,12,static_tall_formal_v2_012,easy,tall,16,"[-0.023319843,-1.5319577,1.004814,-1.4652404,-1.5816023,0.79929306]","[0.490136,0.12082782,0.73440677]",0.04375505651522487,2.0834086143407817,0.0878999940395355,false,0.0,nan,0.0,
rrtstar_ompl,12,static_tall_formal_v2_012,easy,tall,17,"[-0.024777333,-1.5295801,0.99886489,-1.4586929,-1.5823274,0.84924888]","[0.49046266,0.12003734,0.73518461]",0.04260803711527478,2.0325937700885675,0.0878999940395355,false,0.0,nan,0.0,
rrtstar_ompl,12,static_tall_formal_v2_012,easy,tall,18,"[-0.026234823,-1.5272024,0.99291576,-1.4521454,-1.5830525,0.89920469]","[0.49078253,0.1192463,0.73595792]",0.04146518627214443,1.9817789258363532,0.0878999940395355,false,0.0,nan,0.0,
rrtstar_ompl,12,static_tall_formal_v2_012,easy,tall,19,"[-0.027692313,-1.5248248,0.98696664,-1.445598,-1.5837777,0.94916051]","[0.49109548,0.11845475,0.736727]",0.04032632643075199,1.9309640815841391,0.0878999940395355,false,0.0,nan,0.0,
rrtstar_ompl,12,static_tall_formal_v2_012,easy,tall,20,"[-0.029149804,-1.5224471,0.98101751,-1.4390505,-1.5845028,0.99911633]","[0.49140164,0.11766271,0.73749137]",0.03919173510967981,1.880149237331925,0.0878999940395355,false,0.0,nan,0.0,
rrtstar_ompl,12,static_tall_formal_v2_012,easy,tall,21,"[-0.030607294,-1.5200695,0.97506839,-1.432503,-1.585228,1.0490721]","[0.49170089,0.11687019,0.73825139]",0.03806117360375463,1.8293343930797106,0.0878999940395355,false,0.0,nan,0.0,
rrtstar_ompl,12,static_tall_formal_v2_012,easy,tall,22,"[-0.032064784,-1.5176918,0.96911926,-1.4259555,-1.5859531,1.099028]","[0.49199334,0.11607723,0.739007]",0.0369346527675193,1.7785195488274965,0.0878999940395355,false,0.0,nan,0.0,
rrtstar_ompl,12,static_tall_formal_v2_012,easy,tall,23,"[-0.033522274,-1.5153142,0.96317014,-1.4194081,-1.5866782,1.1489838]","[0.49227893,0.11528384,0.73975801]",0.03581226631486223,1.7277047045752825,0.0878999940395355,false,0.0,nan,0.0,
rrtstar_ompl,12,static_tall_formal_v2_012,easy,tall,24,"[-0.034979764,-1.5129366,0.95722101,-1.4128606,-1.5874034,1.1989396]","[0.49255767,0.11449009,0.74050456]",0.03469395846020404,1.6768898603230682,0.0878999940395355,false,0.0,nan,0.0,
rrtstar_ompl,12,static_tall_formal_v2_012,easy,tall,25,"[-0.036437254,-1.5105589,0.95127189,-1.4063131,-1.5881285,1.2488954]","[0.49282965,0.11369593,0.74124652]",0.03357971558988306,1.6260750160708541,0.0878999940395355,false,0.0,nan,0.0,
rrtstar_ompl,12,static_tall_formal_v2_012,easy,tall,26,"[-0.037894745,-1.5081813,0.94532277,-1.3997656,-1.5888537,1.2988512]","[0.49309483,0.11290148,0.74198413]",0.032469440017453034,1.5752601718186396,0.0878999940395355,false,0.0,nan,0.0,
rrtstar_ompl,12,static_tall_formal_v2_012,easy,tall,27,"[-0.039352235,-1.5058036,0.93937364,-1.3932182,-1.5895788,1.348807]","[0.49335313,0.11210671,0.74271697]",0.03136336192527518,1.5244453275664258,0.0878999940395355,false,0.0,nan,0.0,
rrtstar_ompl,12,static_tall_formal_v2_012,easy,tall,28,"[-0.040809725,-1.503426,0.93342452,-1.3866707,-1.5903039,1.3987629]","[0.49360466,0.11131164,0.7434454]",0.03026120632738286,1.4736304833142115,0.0878999940395355,false,0.0,nan,0.0,
rrtstar_ompl,12,static_tall_formal_v2_012,easy,tall,29,"[-0.042267215,-1.5010483,0.92747539,-1.3801232,-1.5910291,1.4487187]","[0.49384934,0.11051632,0.74416924]",0.029163113861810842,1.422815639061997,0.0878999940395355,false,0.0,nan,0.0,
rrtstar_ompl,12,static_tall_formal_v2_012,easy,tall,30,"[-0.043724705,-1.4986707,0.92152627,-1.3735757,-1.5917542,1.4986745]","[0.49408728,0.10972076,0.74488854]",0.028068981969894467,1.3720007948097832,0.0878999940395355,false,0.0,nan,0.0,
rrtstar_ompl,12,static_tall_formal_v2_012,easy,tall,31,"[-0.045182195,-1.4962931,0.91557714,-1.3670283,-1.5924794,1.5486303]","[0.49431837,0.10892499,0.7456032]",0.026978905335980113,1.321185950557569,0.0878999940395355,false,0.0,nan,0.0,
rrtstar_ompl,12,static_tall_formal_v2_012,easy,tall,32,"[-0.046639686,-1.4939154,0.90962802,-1.3604808,-1.5932045,1.5985861]","[0.49454278,0.10812903,0.74631333]",0.025892753542582168,1.2703711063053549,0.0878999940395355,false,0.0,nan,0.0,
rrtstar_ompl,12,static_tall_formal_v2_012,easy,tall,33,"[-0.048097176,-1.4915378,0.9036789,-1.3539333,-1.5939296,1.6485419]","[0.4947603,0.10733293,0.74701887]",0.02481059497140568,1.2195562620531404,0.0878999940395355,false,0.0,nan,0.0,
rrtstar_ompl,12,static_tall_formal_v2_012,easy,tall,34,"[-0.049554666,-1.4891601,0.89772977,-1.3473858,-1.5946548,1.6984978]","[0.49497116,0.1065367,0.74771976]",0.023732413850965785,1.1687414178009263,0.0878999940395355,false,0.0,nan,0.0,
rrtstar_ompl,12,static_tall_formal_v2_012,easy,tall,35,"[-0.051012156,-1.4867825,0.89178065,-1.3408384,-1.5953799,1.7484536]","[0.49517518,0.10574034,0.74841589]",0.022658260458494114,1.117926573548712,0.0878999940395355,false,0.0,nan,0.0,
rrtstar_ompl,12,static_tall_formal_v2_012,easy,tall,36,"[-0.052469646,-1.4844048,0.88583152,-1.3342909,-1.5961051,1.7984094]","[0.4953725,0.10494392,0.74910748]",0.021587996764443264,1.067111729296498,0.0878999940395355,false,0.0,nan,0.0,
rrtstar_ompl,12,static_tall_formal_v2_012,easy,tall,37,"[-0.053927136,-1.4820272,0.8798824,-1.3277434,-1.5968302,1.8483652]","[0.49556303,0.10414744,0.7497946]",0.02052154791509843,1.0162968850442835,0.0878999940395355,false,0.0,nan,0.0,
rrtstar_ompl,12,static_tall_formal_v2_012,easy,tall,38,"[-0.055384627,-1.4796496,0.87393327,-1.3211959,-1.5975554,1.898321]","[0.49574691,0.10335092,0.75047684]",0.019459141014492688,0.9654820407920696,0.0878999940395355,false,0.0,nan,0.0,
rrtstar_ompl,12,static_tall_formal_v2_012,easy,tall,39,"[-0.056842117,-1.4772719,0.86798415,-1.3146485,-1.5982805,1.9482768]","[0.49592394,0.10255443,0.75115454]",0.018400592133332998,0.9146671965398552,0.0878999940395355,false,0.0,nan,0.0,
rrtstar_ompl,12,static_tall_formal_v2_012,easy,tall,40,"[-0.058299607,-1.4748943,0.86203502,-1.308101,-1.5990056,1.9982327]","[0.49609426,0.10175797,0.75182748]",0.017345988020676814,0.8638523522876413,0.0878999940395355,false,0.0,nan,0.0,
rrtstar_ompl,12,static_tall_formal_v2_012,easy,tall,41,"[-0.059757097,-1.4725166,0.8560859,-1.3015535,-1.5997308,2.0481885]","[0.49625787,0.10096154,0.75249571]",0.016295265167073084,0.8130375080354267,0.0878999940395355,false,0.0,nan,0.0,
rrtstar_ompl,12,static_tall_formal_v2_012,easy,tall,42,"[-0.061214587,-1.470139,0.85013678,-1.295006,-1.6004559,2.0981443]","[0.49641478,0.10016519,0.75315934]",0.015248346763182083,0.7622226637832128,0.0878999940395355,false,0.0,nan,0.0,
rrtstar_ompl,12,static_tall_formal_v2_012,easy,tall,43,"[-0.062672078,-1.4677613,0.84418765,-1.2884585,-1.6011811,2.1481001]","[0.49656504,0.0993689,0.75381815]",0.014205317756569576,0.7114078195309986,0.0878999940395355,false,0.0,nan,0.0,
rrtstar_ompl,12,static_tall_formal_v2_012,easy,tall,44,"[-0.064129568,-1.4653837,0.83823853,-1.2819111,-1.6019062,2.1980559]","[0.49670851,0.098572791,0.75447232]",0.013166137564753162,0.6605929752787846,0.0878999940395355,false,0.0,nan,0.0,
rrtstar_ompl,12,static_tall_formal_v2_012,easy,tall,45,"[-0.065587058,-1.463006,0.8322894,-1.2753636,-1.6026313,2.2480117]","[0.49684536,0.097776793,0.75512177]",0.01213073410507875,0.60977813102657,0.0878999940395355,false,0.0,nan,0.0,
rrtstar_ompl,12,static_tall_formal_v2_012,easy,tall,46,"[-0.067044548,-1.4606284,0.82634028,-1.2688161,-1.6033565,2.2979676]","[0.49697551,0.096980982,0.75576639]",0.011099208382637258,0.5589632867743564,0.0878999940395355,false,0.0,nan,0.0,
rrtstar_ompl,12,static_tall_formal_v2_012,easy,tall,47,"[-0.068502038,-1.4582508,0.82039115,-1.2622686,-1.6040816,2.3479234]","[0.49709901,0.096185401,0.75640631]",0.01007147819981505,0.5081484425221418,0.0878999940395355,false,0.0,nan,0.0,
rrtstar_ompl,12,static_tall_formal_v2_012,easy,tall,48,"[-0.069959528,-1.4558731,0.81444203,-1.2557212,-1.6048068,2.3978792]","[0.49721581,0.095390007,0.75704145]",0.009047510673466378,0.45733359826992775,0.0878999940395355,false,0.0,nan,0.0,
rrtstar_ompl,12,static_tall_formal_v2_012,easy,tall,49,"[-0.071417019,-1.4534955,0.80849291,-1.2491737,-1.6055319,2.447835]","[0.49732596,0.094594888,0.75767183]",0.00802733171597847,0.40651875401771365,0.0878999940395355,false,0.0,nan,0.0,
rrtstar_ompl,12,static_tall_formal_v2_012,easy,tall,50,"[-0.072874509,-1.4511178,0.80254378,-1.2426262,-1.606257,2.4977908]","[0.4974294,0.093800046,0.75829744]",0.007010906503144028,0.35570390976549954,0.0878999940395355,false,0.0,nan,0.0,
rrtstar_ompl,12,static_tall_formal_v2_012,easy,tall,51,"[-0.074331999,-1.4487402,0.79659466,-1.2360787,-1.6069822,2.5477466]","[0.49752626,0.093005493,0.75891817]",0.005998269815346073,0.304889065513285,0.0878999940395355,false,0.0,nan,0.0,
rrtstar_ompl,12,static_tall_formal_v2_012,easy,tall,52,"[-0.075789489,-1.4463625,0.79064553,-1.2295313,-1.6077073,2.5977024]","[0.49761659,0.092211254,0.75953424]",0.004989251660290595,0.25407422126107093,0.0878999940395355,false,0.0,nan,0.0,
rrtstar_ompl,12,static_tall_formal_v2_012,easy,tall,53,"[-0.077246979,-1.4439849,0.78469641,-1.2229838,-1.6084325,2.6476583]","[0.49770024,0.091417395,0.76014543]",0.003984020327846042,0.2032593770088568,0.0878999940395355,false,0.0,nan,0.0,
rrtstar_ompl,12,static_tall_formal_v2_012,easy,tall,54,"[-0.078704469,-1.4416073,0.77874728,-1.2164363,-1.6091576,2.6976141]","[0.49777722,0.0906239,0.76075172]",0.0029825230023093107,0.15244453275664274,0.0878999940395355,false,0.0,nan,0.0,
rrtstar_ompl,12,static_tall_formal_v2_012,easy,tall,55,"[-0.08016196,-1.4392296,0.77279816,-1.2098888,-1.6098827,2.7475699]","[0.49784762,0.089830816,0.76135325]",0.001984677250728191,0.1016296885044282,0.0878999940395355,false,0.0,nan,0.0,
rrtstar_ompl,12,static_tall_formal_v2_012,easy,tall,56,"[-0.08161945,-1.436852,0.76684903,-1.2033414,-1.6106079,2.7975257]","[0.49791142,0.089038156,0.76194984]",0.0009905617408674794,0.050814844252214546,0.0878999940395355,false,0.0,nan,0.0,
rrtstar_ompl,12,static_tall_formal_v2_012,easy,tall,57,"[-0.08307694,-1.4344743,0.76089991,-1.1967939,-1.611333,2.8474815]","[0.49796867,0.088245928,0.76254171]",4.293888389421157e-09,0.0,0.0878999940395355,false,0.0,nan,0.0,
rrtstar_ompl,13,static_tall_formal_v2_013,hard_reach,tall,0,"[0,-1.57,1.1,-1.57,-1.57,0]","[0.48397353,0.13337938,0.72136778]",0.41545199148106715,2.241506444451907,0.0878999940395355,false,20.06150794029236,nan,0.0,
rrtstar_ompl,13,static_tall_formal_v2_013,hard_reach,tall,1,"[0.0094967768,-1.5815744,1.1259649,-1.5916943,-1.5496905,-0.028526664]","[0.48057243,0.13997218,0.71729231]",0.40797089884667215,2.1905631161689088,0.0878999940395355,false,0.0,nan,0.0,
rrtstar_ompl,13,static_tall_formal_v2_013,hard_reach,tall,2,"[0.018993554,-1.5931488,1.1519299,-1.6133886,-1.5293809,-0.057053328]","[0.47699127,0.14650951,0.71316266]",0.4003906844604223,2.139619787885911,0.0878999940395355,false,0.0,nan,0.0,
rrtstar_ompl,13,static_tall_formal_v2_013,hard_reach,tall,3,"[0.02849033,-1.6047232,1.1778948,-1.6350829,-1.5090714,-0.085579992]","[0.47323,0.15298672,0.70897931]",0.3927116019985348,2.088676459602913,0.0878999940395355,false,0.0,nan,0.0,
rrtstar_ompl,13,static_tall_formal_v2_013,hard_reach,tall,4,"[0.037987107,-1.6162976,1.2038597,-1.6567771,-1.4887619,-0.11410666]","[0.46928898,0.15939918,0.70474297]",0.38493419406176865,2.037733131319915,0.0878999940395355,false,0.0,nan,0.0,
rrtstar_ompl,13,static_tall_formal_v2_013,hard_reach,tall,5,"[0.047483884,-1.627872,1.2298246,-1.6784714,-1.4684523,-0.14263332]","[0.4651686,0.16574228,0.70045418]",0.3770588928203067,1.9867898030369175,0.0878999940395355,false,0.0,nan,0.0,
rrtstar_ompl,13,static_tall_formal_v2_013,hard_reach,tall,6,"[0.056980661,-1.6394464,1.2557896,-1.7001657,-1.4481428,-0.17115998]","[0.46086937,0.17201136,0.69611329]",0.3690860319434618,1.9358464747539195,0.0878999940395355,false,0.0,nan,0.0,
rrtstar_ompl,13,static_tall_formal_v2_013,hard_reach,tall,7,"[0.066477438,-1.6510208,1.2817545,-1.72186,-1.4278333,-0.19968665]","[0.45639214,0.17820181,0.69172102]",0.3610162932006617,1.8849031464709216,0.0878999940395355,false,0.0,nan,0.0,
rrtstar_ompl,13,static_tall_formal_v2_013,hard_reach,tall,8,"[0.075974215,-1.6625952,1.3077194,-1.7435543,-1.4075237,-0.22821331]","[0.45173764,0.18430892,0.68727767]",0.35285002142133853,1.8339598181879238,0.0878999940395355,false,0.0,nan,0.0,
rrtstar_ompl,13,static_tall_formal_v2_013,hard_reach,tall,9,"[0.085470991,-1.6741696,1.3336843,-1.7652486,-1.3872142,-0.25673998]","[0.44690663,0.19032818,0.68278396]",0.3445876298186412,1.783016489904926,0.0878999940395355,false,0.0,nan,0.0,
rrtstar_ompl,13,static_tall_formal_v2_013,hard_reach,tall,10,"[0.094967768,-1.685744,1.3596493,-1.7869428,-1.3669046,-0.28526664]","[0.44190037,0.19625486,0.6782403]",0.3362297882882986,1.732073161621928,0.0878999940395355,false,0.0,nan,0.0,
rrtstar_ompl,13,static_tall_formal_v2_013,hard_reach,tall,11,"[0.10446455,-1.6973184,1.3856142,-1.8086371,-1.3465951,-0.31379331]","[0.4367201,0.20208439,0.67364711]",0.32777698719403187,1.6811298333389302,0.0878999940395355,false,0.0,nan,0.0,
rrtstar_ompl,13,static_tall_formal_v2_013,hard_reach,tall,12,"[0.11396132,-1.7088928,1.4115791,-1.8303314,-1.3262856,-0.34231997]","[0.43136713,0.20781222,0.6690048]",0.31922970104678444,1.630186505055932,0.0878999940395355,false,0.0,nan,0.0,
rrtstar_ompl,13,static_tall_formal_v2_013,hard_reach,tall,13,"[0.1234581,-1.7204672,1.437544,-1.8520257,-1.305976,-0.37084663]","[0.42584282,0.21343376,0.66431403]",0.31058851860288916,1.5792431767729342,0.0878999940395355,false,0.0,nan,0.0,
rrtstar_ompl,13,static_tall_formal_v2_013,hard_reach,tall,14,"[0.13295488,-1.7320416,1.463509,-1.87372,-1.2856665,-0.3993733]","[0.42014888,0.21894448,0.65957516]",0.30185402901914204,1.5282998484899364,0.0878999940395355,false,0.0,nan,0.0,
rrtstar_ompl,13,static_tall_formal_v2_013,hard_reach,tall,15,"[0.14245165,-1.743616,1.4894739,-1.8954143,-1.265357,-0.42789996]","[0.41428697,0.22433981,0.65478849]",0.2930267024131117,1.4773565202069388,0.0878999940395355,false,0.0,nan,0.0,
rrtstar_ompl,13,static_tall_formal_v2_013,hard_reach,tall,16,"[0.15194843,-1.7551904,1.5154388,-1.9171086,-1.2450474,-0.45642663]","[0.408259,0.22961541,0.6499548]",0.28410732171437497,1.4264131919239407,0.0878999940395355,false,0.0,nan,0.0,
rrtstar_ompl,13,static_tall_formal_v2_013,hard_reach,tall,17,"[0.16144521,-1.7667648,1.5414038,-1.9388028,-1.2247379,-0.48495329]","[0.40206692,0.23476671,0.64507419]",0.2750963231889786,1.3754698636409428,0.0878999940395355,false,0.0,nan,0.0,
rrtstar_ompl,13,static_tall_formal_v2_013,hard_reach,tall,18,"[0.17094198,-1.7783392,1.5673687,-1.9604971,-1.2044284,-0.51347995]","[0.39571297,0.2397894,0.64014709]",0.26599442802383877,1.3245265353579447,0.0878999940395355,false,0.0,nan,0.0,
rrtstar_ompl,13,static_tall_formal_v2_013,hard_reach,tall,19,"[0.18043876,-1.7899136,1.5933336,-1.9821914,-1.1841188,-0.54200662]","[0.38919917,0.24467908,0.6351741]",0.25680219271174404,1.2735832070749473,0.0878999940395355,false,0.0,nan,0.0,
rrtstar_ompl,13,static_tall_formal_v2_013,hard_reach,tall,20,"[0.18993554,-1.801488,1.6192985,-2.0038857,-1.1638093,-0.57053328]","[0.38252813,0.24943146,0.63015568]",0.24752051192376393,1.2226398787919492,0.08322933427493043,false,0.0,nan,0.0,
rrtstar_ompl,13,static_tall_formal_v2_013,hard_reach,tall,21,"[0.19943231,-1.8130624,1.6452635,-2.02558,-1.1434998,-0.59905995]","[0.37570229,0.2540423,0.62509185]",0.23814980380789036,1.1716965505089514,0.07654816154393926,false,0.0,nan,0.0,
rrtstar_ompl,13,static_tall_formal_v2_013,hard_reach,tall,22,"[0.20892909,-1.8246368,1.6712284,-2.0472743,-1.1231902,-0.62758661]","[0.36872426,0.2585074,0.61998338]",0.22869094209662758,1.1207532222259535,0.07004184270413194,false,0.0,nan,0.0,
rrtstar_ompl,13,static_tall_formal_v2_013,hard_reach,tall,23,"[0.21842587,-1.8362112,1.6971933,-2.0689685,-1.1028807,-0.65611327]","[0.36159688,0.26282266,0.61483055]",0.21914467885018374,1.0698098939429554,0.06376192235803549,false,0.0,nan,0.0,
rrtstar_ompl,13,static_tall_formal_v2_013,hard_reach,tall,24,"[0.22792264,-1.8477856,1.7231582,-2.0906628,-1.0825712,-0.68463994]","[0.354323,0.26698399,0.60963362]",0.20951164040012052,1.0188665656599576,0.057767961041194686,false,0.0,nan,0.0,
rrtstar_ompl,13,static_tall_formal_v2_013,hard_reach,tall,25,"[0.23741942,-1.85936,1.7491232,-2.1123571,-1.0622616,-0.7131666]","[0.34690562,0.27098736,0.60439301]",0.19979261831982206,0.9679232373769597,0.05213046841278767,false,0.0,nan,0.0,
rrtstar_ompl,13,static_tall_formal_v2_013,hard_reach,tall,26,"[0.2469162,-1.8709344,1.7750881,-2.1340514,-1.0419521,-0.74169327]","[0.33934787,0.27482885,0.59910923]",0.18998848506422664,0.9169799090939619,0.04693114394741508,false,0.0,nan,0.0,
rrtstar_ompl,13,static_tall_formal_v2_013,hard_reach,tall,27,"[0.25641297,-1.8825088,1.801053,-2.1557457,-1.0216425,-0.77021993]","[0.33165306,0.27850464,0.5937826]",0.18010004822477113,0.866036580810964,0.04226277793421831,false,0.0,nan,0.0,
rrtstar_ompl,13,static_tall_formal_v2_013,hard_reach,tall,28,"[0.26590975,-1.8940832,1.827018,-2.17744,-1.001333,-0.79874659]","[0.32382461,0.28201094,0.58841342]",0.17012815050955818,0.8150932525279662,0.03822766145427379,false,0.0,nan,0.0,
rrtstar_ompl,13,static_tall_formal_v2_013,hard_reach,tall,29,"[0.27540653,-1.9056576,1.8529829,-2.1991343,-0.98102348,-0.82727326]","[0.3158659,0.28534406,0.58300209]",0.16007357583445495,0.7641499242449683,0.03493344430767501,false,0.0,nan,0.0,
rrtstar_ompl,13,static_tall_formal_v2_013,hard_reach,tall,30,"[0.2849033,-1.917232,1.8789478,-2.2208285,-0.96071394,-0.85579992]","[0.30778056,0.28850037,0.57754898]",0.14993723045726648,0.7132065959619706,0.03248603023338583,false,0.0,nan,0.0,
rrtstar_ompl,13,static_tall_formal_v2_013,hard_reach,tall,31,"[0.29440008,-1.9288064,1.9049127,-2.2425228,-0.94040441,-0.88432659]","[0.29957232,0.29147643,0.57205445]",0.13972000695377196,0.6622632676789726,0.03097987990477446,false,0.0,nan,0.0,
rrtstar_ompl,13,static_tall_formal_v2_013,hard_reach,tall,32,"[0.30389686,-1.9403808,1.9308777,-2.2642171,-0.92009487,-0.91285325]","[0.2912451,0.29426873,0.56651884]",0.1294229329689424,0.6113199393959746,0.03048681387908602,false,0.0,nan,0.0,
rrtstar_ompl,13,static_tall_formal_v2_013,hard_reach,tall,33,"[0.31339364,-1.9519552,1.9568426,-2.2859114,-0.89978534,-0.94137992]","[0.28280273,0.29687393,0.56094253]",0.11904685751813902,0.5603766111129767,0.03104660123520433,false,0.0,nan,0.0,
rrtstar_ompl,13,static_tall_formal_v2_013,hard_reach,tall,34,"[0.32289041,-1.9635296,1.9828075,-2.3076057,-0.8794758,-0.96990658]","[0.2742494,0.29928893,0.55532587]",0.10859287158129435,0.5094332828299789,0.03266122144205084,false,0.0,nan,0.0,
rrtstar_ompl,13,static_tall_formal_v2_013,hard_reach,tall,35,"[0.33238719,-1.975104,2.0087724,-2.3293,-0.85916627,-0.99843324]","[0.26558918,0.30151048,0.54966915]",0.09806188158588862,0.45848995454698094,0.027933076482784015,false,0.0,nan,0.0,
rrtstar_ompl,13,static_tall_formal_v2_013,hard_reach,tall,36,"[0.34188397,-1.9866784,2.0347374,-2.3509943,-0.83885673,-1.0269599]","[0.25682634,0.30353558,0.54397285]",0.08745501148608396,0.40754662626398297,0.023190378924563458,false,0.0,nan,0.0,
rrtstar_ompl,13,static_tall_formal_v2_013,hard_reach,tall,37,"[0.35138074,-1.9982528,2.0607023,-2.3726885,-0.8185472,-1.0554866]","[0.2479652,0.30536136,0.53823727]",0.07677324135719567,0.356603297980985,0.01878123470846344,false,0.0,nan,0.0,
rrtstar_ompl,13,static_tall_formal_v2_013,hard_reach,tall,38,"[0.36087752,-2.0098272,2.0866672,-2.3943828,-0.79823766,-1.0840132]","[0.2390103,0.30698499,0.53246272]",0.06601770491332411,0.3056599696979872,0.015585609781442251,false,0.0,nan,0.0,
rrtstar_ompl,13,static_tall_formal_v2_013,hard_reach,tall,39,"[0.3703743,-2.0214016,2.1126321,-2.4160771,-0.77792813,-1.1125399]","[0.22996598,0.30840382,0.52664989]",0.055189526421546085,0.2547166414149896,0.013869893374913324,false,0.0,nan,0.0,
rrtstar_ompl,13,static_tall_formal_v2_013,hard_reach,tall,40,"[0.37987107,-2.032976,2.1385971,-2.4377714,-0.75761859,-1.1410666]","[0.2208373,0.30961525,0.52079868]",0.044289937950242275,0.20377331313199146,0.013780871259634918,false,0.0,nan,0.0,
rrtstar_ompl,13,static_tall_formal_v2_013,hard_reach,tall,41,"[0.38936785,-2.0445504,2.164562,-2.4594657,-0.73730906,-1.1695932]","[0.21162848,0.31061685,0.51490974]",0.03331986105021624,0.15282998484899385,0.015355746843569294,false,0.0,nan,0.0,
rrtstar_ompl,13,static_tall_formal_v2_013,hard_reach,tall,42,"[0.39886463,-2.0561248,2.1905269,-2.48116,-0.71699952,-1.1981199]","[0.20234473,0.31140634,0.50898325]",0.02228070378166748,0.10188665656599552,0.01851157179529391,false,0.0,nan,0.0,
rrtstar_ompl,13,static_tall_formal_v2_013,hard_reach,tall,43,"[0.4083614,-2.0676992,2.2164919,-2.5028542,-0.69668999,-1.2266466]","[0.19299068,0.31198144,0.50301981]",0.011173599121656384,0.05094332828299783,0.02307598222764993,false,0.0,nan,0.0,
rrtstar_ompl,13,static_tall_formal_v2_013,hard_reach,tall,44,"[0.41785818,-2.0792736,2.2424568,-2.5245485,-0.67638045,-1.2551732]","[0.18357152,0.3123402,0.4970198]",3.5146277726232735e-09,0.0,0.028834778454806927,false,0.0,nan,0.0,
rrtstar_ompl,14,static_tall_formal_v2_014,easy,tall,0,"[0,-1.57,1.1,-1.57,-1.57,0]","[0.48397353,0.13337938,0.72136778]",0.24645429206469624,1.2799431043601746,0.0878999940395355,false,20.05892038345337,nan,0.0,
rrtstar_ompl,14,static_tall_formal_v2_014,easy,tall,1,"[-0.016854497,-1.5683141,1.109979,-1.5694337,-1.5567098,-0.045362556]","[0.48838976,0.12648982,0.71564931]",0.23675554267809246,1.2287453801857677,0.0878999940395355,false,0.0,nan,0.0,
rrtstar_ompl,14,static_tall_formal_v2_014,easy,tall,2,"[-0.033708994,-1.5666281,1.1199579,-1.5688674,-1.5434197,-0.090725112]","[0.49263561,0.11949122,0.70992881]",0.22702968388885464,1.1775476560113605,0.0878999940395355,false,0.0,nan,0.0,
rrtstar_ompl,14,static_tall_formal_v2_014,easy,tall,3,"[-0.050563492,-1.5649422,1.1299369,-1.5683011,-1.5301295,-0.13608767]","[0.49670896,0.11238837,0.70420736]",0.2172786273739563,1.1263499318369536,0.0878999940395355,false,0.0,nan,0.0,
rrtstar_ompl,14,static_tall_formal_v2_014,easy,tall,4,"[-0.067417989,-1.5632562,1.1399159,-1.5677348,-1.5168393,-0.18145022]","[0.50060785,0.10518612,0.69848603]",0.20750430281024054,1.0751522076625468,0.0878999940395355,false,0.0,nan,0.0,
rrtstar_ompl,14,static_tall_formal_v2_014,easy,tall,5,"[-0.084272486,-1.5615703,1.1498948,-1.5671684,-1.5035492,-0.22681278]","[0.50433081,0.097889297,0.69276571]",0.19770844062734966,1.0239544834881398,0.0878999940395355,false,0.0,nan,0.0,
rrtstar_ompl,14,static_tall_formal_v2_014,easy,tall,6,"[-0.10112698,-1.5598843,1.1598738,-1.5666021,-1.490259,-0.27217534]","[0.50787628,0.090502799,0.6870476]",0.18789302605005828,0.9727567593137328,0.0878999940395355,false,0.0,nan,0.0,
rrtstar_ompl,14,static_tall_formal_v2_014,easy,tall,7,"[-0.11798148,-1.5581984,1.1698528,-1.5660358,-1.4769688,-0.31753789]","[0.51124275,0.083031431,0.68133259]",0.1780597960334793,0.9215590351393256,0.0878999940395355,false,0.0,nan,0.0,
rrtstar_ompl,14,static_tall_formal_v2_014,easy,tall,8,"[-0.13483598,-1.5565124,1.1798317,-1.5654695,-1.4636787,-0.36290045]","[0.51442903,0.075480148,0.67562187]",0.1682107385502821,0.8703613109649188,0.0878999940395355,false,0.0,nan,0.0,
rrtstar_ompl,14,static_tall_formal_v2_014,easy,tall,9,"[-0.15169047,-1.5548265,1.1898107,-1.5649032,-1.4503885,-0.408263]","[0.51743394,0.067853756,0.66991603]",0.15834739776979956,0.8191635867905118,0.0878999940395355,false,0.0,nan,0.0,
rrtstar_ompl,14,static_tall_formal_v2_014,easy,tall,10,"[-0.16854497,-1.5531405,1.1997897,-1.5643369,-1.4370983,-0.45362556]","[0.52025658,0.060157124,0.66421634]",0.14847171214309546,0.7679658626161048,0.0878999940395355,false,0.0,nan,0.0,
rrtstar_ompl,14,static_tall_formal_v2_014,easy,tall,11,"[-0.18539947,-1.5514546,1.2097686,-1.5637706,-1.4238082,-0.49898812]","[0.52289611,0.05239509,0.65852362]",0.1385853699718209,0.7167681384416978,0.0878999940395355,false,0.0,nan,0.0,
rrtstar_ompl,14,static_tall_formal_v2_014,easy,tall,12,"[-0.20225397,-1.5497687,1.2197476,-1.5632043,-1.410518,-0.54435067]","[0.52535158,0.044572566,0.65283895]",0.1286902834879408,0.6655704142672908,0.0878999940395355,false,0.0,nan,0.0,
rrtstar_ompl,14,static_tall_formal_v2_014,easy,tall,13,"[-0.21910846,-1.5480827,1.2297266,-1.5626379,-1.3972279,-0.58971323]","[0.5276227,0.036694311,0.64716297]",0.11878794561487312,0.6143726900928839,0.0878999940395355,false,0.0,nan,0.0,
rrtstar_ompl,14,static_tall_formal_v2_014,easy,tall,14,"[-0.23596296,-1.5463968,1.2397055,-1.5620716,-1.3839377,-0.63507578]","[0.52970886,0.028765131,0.64149684]",0.10888021444419989,0.5631749659184768,0.0878999940395355,false,0.0,nan,0.0,
rrtstar_ompl,14,static_tall_formal_v2_014,easy,tall,15,"[-0.25281746,-1.5447108,1.2496845,-1.5615053,-1.3706475,-0.68043834]","[0.53160983,0.020789865,0.63584125]",0.09896872290721982,0.5119772417440699,0.0878999940395355,false,0.0,nan,0.0,
rrtstar_ompl,14,static_tall_formal_v2_014,easy,tall,16,"[-0.26967196,-1.5430249,1.2596635,-1.560939,-1.3573574,-0.7258009]","[0.53332543,0.012773164,0.63019705]",0.0890550355751316,0.46077951756966284,0.0878999940395355,false,0.0,nan,0.0,
rrtstar_ompl,14,static_tall_formal_v2_014,easy,tall,17,"[-0.28652645,-1.5413389,1.2696424,-1.5603727,-1.3440672,-0.77116345]","[0.53485537,0.0047198487,0.62456512]",0.07914092539367955,0.4095817933952558,0.0878999940395355,false,0.0,nan,0.0,
rrtstar_ompl,14,static_tall_formal_v2_014,easy,tall,18,"[-0.30338095,-1.539653,1.2796214,-1.5598064,-1.330777,-0.81652601]","[0.53619993,-0.003365458,0.61894625]",0.06922791093871807,0.358384069220849,0.0878999940395355,false,0.0,nan,0.0,
rrtstar_ompl,14,static_tall_formal_v2_014,easy,tall,19,"[-0.32023545,-1.537967,1.2896004,-1.5592401,-1.3174869,-0.86188856]","[0.53735906,-0.011478081,0.61334139]",0.05931770843794578,0.30718634504644193,0.0878999940395355,false,0.0,nan,0.0,
rrtstar_ompl,14,static_tall_formal_v2_014,easy,tall,20,"[-0.33708994,-1.5362811,1.2995793,-1.5586738,-1.3041967,-0.90725112]","[0.5383333,-0.019613413,0.60775107]",0.04941173650915937,0.2559886208720349,0.0878999940395355,false,0.0,nan,0.0,
rrtstar_ompl,14,static_tall_formal_v2_014,easy,tall,21,"[-0.35394444,-1.5345952,1.3095583,-1.5581074,-1.2909065,-0.95261368]","[0.53912282,-0.027766829,0.60217619]",0.03951167607681652,0.204790896697628,0.0878999940395355,false,0.0,nan,0.0,
rrtstar_ompl,14,static_tall_formal_v2_014,easy,tall,22,"[-0.37079894,-1.5329092,1.3195373,-1.5575411,-1.2776164,-0.99797623]","[0.53972828,-0.035933927,0.59661746]",0.029618933204957128,0.1535931725232209,0.0878999940395355,false,0.0,nan,0.0,
rrtstar_ompl,14,static_tall_formal_v2_014,easy,tall,23,"[-0.38765344,-1.5312233,1.3295162,-1.5569748,-1.2643262,-1.0433388]","[0.54015023,-0.044110082,0.5910756]",0.019735131907617248,0.1023954483488139,0.0878999940395355,false,0.0,nan,0.0,
rrtstar_ompl,14,static_tall_formal_v2_014,easy,tall,24,"[-0.40450793,-1.5295373,1.3394952,-1.5564085,-1.251036,-1.0887013]","[0.54038948,-0.05229101,0.58555132]",0.009861641764492356,0.05119772417440691,0.0878999940395355,false,0.0,nan,0.0,
rrtstar_ompl,14,static_tall_formal_v2_014,easy,tall,25,"[-0.42136243,-1.5278514,1.3494742,-1.5558422,-1.2377459,-1.1340639]","[0.54044676,-0.06047222,0.58004528]",3.33091644877342e-09,0.0,0.0878999940395355,false,0.0,nan,0.0,
rrtstar_ompl,15,static_tall_formal_v2_015,hard_reach,tall,0,"[0,-1.57,1.1,-1.57,-1.57,0]","[0.48397353,0.13337938,0.72136778]",0.5557117877045866,2.913573816885783,0.0878999940395355,false,20.091941833496094,nan,0.0,
rrtstar_ompl,15,static_tall_formal_v2_015,hard_reach,tall,1,"[-0.046784659,-1.5954561,1.133334,-1.5180692,-1.5860936,0.046277768]","[0.47733143,0.10957278,0.71056008]",0.5327933803937366,2.9010360883088424,0.0878999940395355,false,0.0,nan,0.0,
rrtstar_ompl,15,static_tall_formal_v2_015,hard_reach,tall,2,"[-0.093569317,-1.6209121,1.1666679,-1.4661384,-1.6021872,0.092555535]","[0.46905953,0.086727865,0.69967586]",0.5098281883700956,2.891573829097407,0.0878999940395355,false,0.0,nan,0.0,
rrtstar_ompl,15,static_tall_formal_v2_015,hard_reach,tall,3,"[-0.14035398,-1.6463682,1.2000019,-1.4142076,-1.6182808,0.1388333]","[0.45926023,0.064963646,0.68874449]",0.48688999537591904,2.88521729802015,0.0878999940395355,false,0.0,nan,0.0,
rrtstar_ompl,15,static_tall_formal_v2_015,hard_reach,tall,4,"[-0.18713863,-1.6718243,1.2333359,-1.3622768,-1.6343744,0.18511107]","[0.44804576,0.044388823,0.67779422]",0.4640561290295687,2.881987045198371,0.0878999940395355,false,0.0,nan,0.0,
rrtstar_ompl,15,static_tall_formal_v2_015,hard_reach,tall,5,"[-0.23392329,-1.6972803,1.2666698,-1.310346,-1.650468,0.23138884]","[0.43553722,0.025101129,0.66685224]",0.4414081656888325,2.8818935831863506,0.0878999940395355,false,0.0,nan,0.0,
rrtstar_ompl,15,static_tall_formal_v2_015,hard_reach,tall,6,"[-0.28070795,-1.7227364,1.3000038,-1.2584152,-1.6665616,0.27766661]","[0.42186353,0.0071863197,0.65594447]",0.41903237605007704,2.884937216847705,0.0878999940395355,false,0.0,nan,0.0,
rrtstar_ompl,15,static_tall_formal_v2_015,hard_reach,tall,7,"[-0.32749261,-1.7481925,1.3333377,-1.2064844,-1.6826552,0.32394437]","[0.40716007,-0.0092823654,0.64509505]",0.39701999538019184,2.8911080384029555,0.0878999940395355,false,0.0,nan,0.0,
rrtstar_ompl,15,static_tall_formal_v2_015,hard_reach,tall,8,"[-0.37427727,-1.7736486,1.3666717,-1.1545536,-1.6987488,0.37022214]","[0.39156756,-0.024244735,0.63432682]",0.37546844413536457,2.900386087834906,0.0878999940395355,false,0.0,nan,0.0,
rrtstar_ompl,15,static_tall_formal_v2_015,hard_reach,tall,9,"[-0.42106193,-1.7991046,1.4000057,-1.1026228,-1.7148424,0.41649991]","[0.37523037,-0.037654094,0.62366122]",0.3544820248461743,2.9127416726371824,0.0878999940395355,false,0.0,nan,0.0,
rrtstar_ompl,15,static_tall_formal_v2_015,hard_reach,tall,10,"[-0.46784659,-1.8245607,1.4333396,-1.050692,-1.7309359,0.46277768]","[0.35829583,-0.049477544,0.61311752]",0.33417243417946685,2.928135835092203,0.0878999940395355,false,0.0,nan,0.0,
rrtstar_ompl,15,static_tall_formal_v2_015,hard_reach,tall,11,"[-0.51463124,-1.8500168,1.4666736,-0.99876123,-1.7470295,0.50905544]","[0.34091228,-0.059695981,0.60271388]",0.31466030474984263,2.946520950240786,0.0878999940395355,false,0.0,nan,0.0,
rrtstar_ompl,15,static_tall_formal_v2_015,hard_reach,tall,12,"[-0.5614159,-1.8754728,1.5000076,-0.94683043,-1.7631231,0.55533321]","[0.32322785,-0.068304107,0.59246629]",0.2960748890774018,2.9678414337507153,0.0878999940395355,false,0.0,nan,0.0,
rrtstar_ompl,15,static_tall_formal_v2_015,hard_reach,tall,13,"[-0.60820056,-1.9009289,1.5333415,-0.89489964,-1.7792167,0.60161098]","[0.30538931,-0.075310439,0.58238906]",0.27855455629938364,2.992034536196069,0.0878999940395355,false,0.0,nan,0.0,
rrtstar_ompl,15,static_tall_formal_v2_015,hard_reach,tall,14,"[-0.65498522,-1.926385,1.5666755,-0.84296884,-1.7953103,0.64788875]","[0.28754056,-0.080736704,0.5724948]",0.26224577690977485,3.019031198897329,0.0878999940395355,false,0.0,nan,0.0,
rrtstar_ompl,15,static_tall_formal_v2_015,hard_reach,tall,15,"[-0.70176988,-1.951841,1.6000094,-0.79103804,-1.8114039,0.69416651]","[0.26982144,-0.084617749,0.56279415]",0.24730009708750766,3.048756946406804,0.08761552570238323,false,0.0,nan,0.0,
rrtstar_ompl,15,static_tall_formal_v2_015,hard_reach,tall,16,"[-0.74855454,-1.9772971,1.6333434,-0.73910725,-1.8274975,0.74044428]","[0.25236642,-0.08700078,0.55329591]",0.23386932104125427,3.0811327918210414,0.0837860546408962,false,0.0,nan,0.0,
rrtstar_ompl,15,static_tall_formal_v2_015,hard_reach,tall,17,"[-0.7953392,-2.0027532,1.6666774,-0.68717645,-1.8435911,0.78672205]","[0.23530346,-0.087944709,0.54400724]",0.22209757776759345,3.11607613315673,0.08037686302640087,false,0.0,nan,0.0,
rrtstar_ompl,15,static_tall_formal_v2_015,hard_reach,tall,18,"[-0.84212385,-2.0282093,1.7000113,-0.63524565,-1.8596847,0.83299982]","[0.2187532,-0.087519556,0.53493309]",0.21210944853882258,3.1535016217921883,0.07742354646706923,false,0.0,nan,0.0,
rrtstar_ompl,15,static_tall_formal_v2_015,hard_reach,tall,19,"[-0.88890851,-2.0536653,1.7333453,-0.58331486,-1.8757783,0.87927758]","[0.20282748,-0.085805148,0.52607709]",0.20399689124709028,3.193321987192305,0.07495956549612401,false,0.0,nan,0.0,
rrtstar_ompl,15,static_tall_formal_v2_015,hard_reach,tall,20,"[-0.93569317,-2.0791214,1.7666793,-0.53138406,-1.8918719,0.92555535]","[0.18762907,-0.082890764,0.5174405]",0.197803494320608,3.2354488055521053,0.07301490392237567,false,0.0,nan,0.0,
rrtstar_ompl,15,static_tall_formal_v2_015,hard_reach,tall,21,"[-0.98247783,-2.1045775,1.8000132,-0.47945326,-1.9079655,0.97183312]","[0.17325026,-0.07887353,0.50902367]",0.19351405036293565,3.2797932033947146,0.07161481379220083,false,0.0,nan,0.0,
rrtstar_ompl,15,static_tall_formal_v2_015,hard_reach,tall,22,"[-1.0292625,-2.1300335,1.8333472,-0.42752246,-1.9240591,1.0181109]","[0.15977281,-0.07385774,0.50082421]",0.19104684492648216,3.3262664903676424,0.07077856586282266,false,0.0,nan,0.0,
rrtstar_ompl,15,static_tall_formal_v2_015,hard_reach,tall,23,"[-1.0760471,-2.1554896,1.8666811,-0.37559167,-1.9401527,1.0643887]","[0.14726692,-0.067953214,0.49283931]",0.19025874249724117,3.374780718368835,0.06933102625452085,false,0.0,nan,0.0,
rrtstar_ompl,15,static_tall_formal_v2_015,hard_reach,tall,24,"[-1.1228318,-2.1809457,1.9000151,-0.32366087,-1.9562463,1.1106664]","[0.13579127,-0.061274678,0.48506349]",0.19095408686363793,3.425249166619613,0.06472127409388855,false,0.0,nan,0.0,
rrtstar_ompl,15,static_tall_formal_v2_015,hard_reach,tall,25,"[-1.1146164,-2.1689266,1.9065017,-0.33206776,-1.9722497,1.0128489]","[0.1373035,-0.065564163,0.48151714]",0.18553015829614636,3.324506544071977,0.06528095604051411,false,0.0,nan,0.0,
rrtstar_ompl,15,static_tall_formal_v2_015,hard_reach,tall,26,"[-1.1064011,-2.1569075,1.9129884,-0.34047466,-1.9882531,0.91503142]","[0.1388744,-0.069768444,0.47790164]",0.1800888819396413,3.2237639215243417,0.0658267584642047,false,0.0,nan,0.0,
rrtstar_ompl,15,static_tall_formal_v2_015,hard_reach,tall,27,"[-1.0981857,-2.1448883,1.919475,-0.34888155,-2.0042565,0.81721392]","[0.14050202,-0.073886193,0.47421807]",0.17463056400065635,3.123021298976706,0.06635856192839142,false,0.0,nan,0.0,
rrtstar_ompl,15,static_tall_formal_v2_015,hard_reach,tall,28,"[-1.0899703,-2.1328692,1.9259616,-0.35728845,-2.0202599,0.71939642]","[0.14218438,-0.077915817,0.47046772]",0.16915583109973642,3.02227867642907,0.06687622817749124,false,0.0,nan,0.0,
rrtstar_ompl,15,static_tall_formal_v2_015,hard_reach,tall,29,"[-1.0817549,-2.1208501,1.9324482,-0.36569534,-2.0362633,0.62157891]","[0.14391953,-0.081855789,0.4666518]",0.16366521118483845,2.9215360538814346,0.06388306624130921,false,0.0,nan,0.0,
rrtstar_ompl,15,static_tall_formal_v2_015,hard_reach,tall,30,"[-1.0735396,-2.108831,1.9389349,-0.37410224,-2.0522667,0.52376141]","[0.1457053,-0.085704789,0.46277142]",0.15815914023412167,2.820793431333799,0.060349211478913506,false,0.0,nan,0.0,
rrtstar_ompl,15,static_tall_formal_v2_015,hard_reach,tall,31,"[-1.0653242,-2.0968119,1.9454215,-0.38250913,-2.0682701,0.42594391]","[0.14753971,-0.089461379,0.45882803]",0.15263832826307291,2.720050808786163,0.05722042725617735,false,0.0,nan,0.0,
rrtstar_ompl,15,static_tall_formal_v2_015,hard_reach,tall,32,"[-1.0571088,-2.0847928,1.9519081,-0.39091602,-2.0842735,0.32812641]","[0.14942066,-0.093124375,0.45482269]",0.14710308338589664,2.619308186238528,0.0545317074535671,false,0.0,nan,0.0,
rrtstar_ompl,15,static_tall_formal_v2_015,hard_reach,tall,33,"[-1.0488935,-2.0727737,1.9583947,-0.39932292,-2.1002769,0.23030891]","[0.15134609,-0.096692458,0.45075679]",0.14155406908513873,2.518565563690892,0.0522578383877884,false,0.0,nan,0.0,
rrtstar_ompl,15,static_tall_formal_v2_015,hard_reach,tall,34,"[-1.0406781,-2.0607546,1.9648814,-0.40772981,-2.1162803,0.13249141]","[0.15331373,-0.10016437,0.44663152]",0.13599182123500628,2.417822941143256,0.0502352234784568,false,0.0,nan,0.0,
rrtstar_ompl,15,static_tall_formal_v2_015,hard_reach,tall,35,"[-1.0324627,-2.0487355,1.971368,-0.41613671,-2.1322837,0.034673907]","[0.15532155,-0.10353906,0.44244829]",0.13041688204450763,2.31708031859562,0.04845653073843781,false,0.0,nan,0.0,
rrtstar_ompl,15,static_tall_formal_v2_015,hard_reach,tall,36,"[-1.0242473,-2.0367164,1.9778546,-0.4245436,-2.1482871,-0.063143594]","[0.15736727,-0.10681537,0.43820831]",0.12482980969350507,2.216337696047985,0.04692618474348599,false,0.0,nan,0.0,
rrtstar_ompl,15,static_tall_formal_v2_015,hard_reach,tall,37,"[-1.016032,-2.0246972,1.9843412,-0.4329505,-2.1642905,-0.1609611]","[0.15944874,-0.10999234,0.43391281]",0.11923101904368567,2.1155950735003493,0.045618831777572616,false,0.0,nan,0.0,
rrtstar_ompl,15,static_tall_formal_v2_015,hard_reach,tall,38,"[-1.0078166,-2.0126781,1.9908279,-0.44135739,-2.1802939,-0.2587786]","[0.16156365,-0.11306898,0.42956325]",0.1136212212576838,2.0148524509527137,0.04445830645561216,false,0.0,nan,0.0,
rrtstar_ompl,15,static_tall_formal_v2_015,hard_reach,tall,39,"[-0.99960123,-2.000659,1.9973145,-0.44976429,-2.1962973,-0.3565961]","[0.16370988,-0.11604435,0.42516106]",0.10800101355316302,1.914109828405078,0.043439697051048276,false,0.0,nan,0.0,
rrtstar_ompl,15,static_tall_formal_v2_015,hard_reach,tall,40,"[-0.99138585,-1.9886399,2.0038011,-0.45817118,-2.2123007,-0.4544136]","[0.16588506,-0.11891752,0.42070735]",0.10237081448233425,1.8133672058574422,0.04256249346733093,false,0.0,nan,0.0,
rrtstar_ompl,15,static_tall_formal_v2_015,hard_reach,tall,41,"[-0.98317048,-1.9766208,2.0102877,-0.46657807,-2.2283041,-0.5522311]","[0.16808695,-0.12168775,0.41620356]",0.09673124007584948,1.7126245833098066,0.041825977468490594,false,0.0,nan,0.0,
rrtstar_ompl,15,static_tall_formal_v2_015,hard_reach,tall,42,"[-0.97495511,-1.9646017,2.0167744,-0.47498497,-2.2443075,-0.6500486]","[0.17031333,-0.12435427,0.41165113]",0.09108289166711919,1.6118819607621708,0.04122941043376921,false,0.0,nan,0.0,
rrtstar_ompl,15,static_tall_formal_v2_015,hard_reach,tall,43,"[-0.96673974,-1.9525826,2.023261,-0.48339186,-2.2603109,-0.7478661]","[0.17256171,-0.12691632,0.40705147]",0.08542646085079428,1.5111393382145348,0.04077199008464813,false,0.0,nan,0.0,
rrtstar_ompl,15,static_tall_formal_v2_015,hard_reach,tall,44,"[-0.95852437,-1.9405635,2.0297476,-0.49179876,-2.2763143,-0.8456836]","[0.17482996,-0.12937342,0.40240589]",0.07976232917542779,1.4103967156668995,0.04045260026454925,false,0.0,nan,0.0,
rrtstar_ompl,15,static_tall_formal_v2_015,hard_reach,tall,45,"[-0.950309,-1.9285444,2.0362342,-0.50020565,-2.2923178,-0.9435011]","[0.17711568,-0.13172483,0.39771581]",0.07409118628946608,1.3096540931192637,0.040270441079139685,false,0.0,nan,0.0,
rrtstar_ompl,15,static_tall_formal_v2_015,hard_reach,tall,46,"[-0.94209362,-1.9165253,2.0427209,-0.50861255,-2.3083212,-1.0413186]","[0.17941657,-0.13397013,0.39298269]",0.06841362435167365,1.208911470571628,0.04022420563697815,false,0.0,nan,0.0,
rrtstar_ompl,15,static_tall_formal_v2_015,hard_reach,tall,47,"[-0.93387825,-1.9045061,2.0492075,-0.51701944,-2.3243246,-1.1391361]","[0.18173017,-0.13610879,0.38820785]",0.06273019854323401,1.1081688480239924,0.04031277468204497,false,0.0,nan,0.0,
rrtstar_ompl,15,static_tall_formal_v2_015,hard_reach,tall,48,"[-0.92566288,-1.892487,2.0556941,-0.52542634,-2.340328,-1.2369536]","[0.18405423,-0.13814035,0.38339278]",0.057041529157155525,1.0074262254763566,0.04053490402698515,false,0.0,nan,0.0,
rrtstar_ompl,15,static_tall_formal_v2_015,hard_reach,tall,49,"[-0.91744751,-1.8804679,2.0621807,-0.53383323,-2.3563314,-1.3347711]","[0.18638647,-0.14006461,0.37853891]",0.051348141012721976,0.9066836029287209,0.04088911082744598,false,0.0,nan,0.0,
rrtstar_ompl,15,static_tall_formal_v2_015,hard_reach,tall,50,"[-0.90923214,-1.8684488,2.0686674,-0.54224012,-2.3723348,-1.4325886]","[0.1887244,-0.14188112,0.37364772]",0.045650765419838486,0.8059409803810855,0.04137407233715057,false,0.0,nan,0.0,
rrtstar_ompl,15,static_tall_formal_v2_015,hard_reach,tall,51,"[-0.90101676,-1.8564297,2.075154,-0.55064702,-2.3883382,-1.5304061]","[0.1910657,-0.14358978,0.36872065]",0.03994993983680712,0.7051983578334498,0.04198812189102172,false,0.0,nan,0.0,
rrtstar_ompl,15,static_tall_formal_v2_015,hard_reach,tall,52,"[-0.89280139,-1.8444106,2.0816406,-0.55905391,-2.4043416,-1.6282236]","[0.19340806,-0.14519034,0.36375916]",0.03424626361064188,0.6044557352858141,0.038268712687378956,false,0.0,nan,0.0,
rrtstar_ompl,15,static_tall_formal_v2_015,hard_reach,tall,53,"[-0.88458602,-1.8323915,2.0881272,-0.56746081,-2.420345,-1.7260411]","[0.19574904,-0.14668272,0.35876495]",0.02854057229223801,0.5037131127381788,0.03451982902432432,false,0.0,nan,0.0,
rrtstar_ompl,15,static_tall_formal_v2_015,hard_reach,tall,54,"[-0.87637065,-1.8203724,2.0946139,-0.5758677,-2.4363484,-1.8238586]","[0.19808637,-0.14806683,0.35373917]",0.022833179522268213,0.40297049019054293,0.03088074980886288,false,0.0,nan,0.0,
rrtstar_ompl,15,static_tall_formal_v2_015,hard_reach,tall,55,"[-0.86815528,-1.8083533,2.1011005,-0.5842746,-2.4523518,-1.9216761]","[0.20041764,-0.14934269,0.34868336]",0.017124740404088075,0.3022278676429072,0.027357225507463473,false,0.0,nan,0.0,
rrtstar_ompl,15,static_tall_formal_v2_015,hard_reach,tall,56,"[-0.8599399,-1.7963342,2.1075871,-0.59268149,-2.4683552,-2.0194936]","[0.20274061,-0.15051037,0.34359914]",0.011415959257616877,0.20148524509527146,0.023955789523133916,false,0.0,nan,0.0,
rrtstar_ompl,15,static_tall_formal_v2_015,hard_reach,tall,57,"[-0.85172453,-1.784315,2.1140737,-0.60108839,-2.4843586,-2.1173111]","[0.20505279,-0.15156992,0.33848795]",0.005707470442845581,0.10074262254763573,0.020683857414791923,false,0.0,nan,0.0,
rrtstar_ompl,15,static_tall_formal_v2_015,hard_reach,tall,58,"[-0.84350916,-1.7722959,2.1205604,-0.60949528,-2.500362,-2.2151286]","[0.20735186,-0.15252157,0.33335143]",6.4758912853450426e-09,0.0,0.017549631840753643,false,0.0,nan,0.0,
rrtstar_ompl,16,static_tall_formal_v2_016,near_obstacle,tall,0,"[0,-1.57,1.1,-1.57,-1.57,0]","[0.48397353,0.13337938,0.72136778]",0.34091217231242704,3.0498595127331587,0.0878999940395355,false,20.113627433776855,nan,0.0,
rrtstar_ompl,16,static_tall_formal_v2_016,near_obstacle,tall,1,"[-0.032958823,-1.5711379,1.0617899,-1.5755023,-1.5721537,0.0011338052]","[0.48218745,0.11733915,0.74103606]",0.34935786462540624,2.999028520854273,0.0878999940395355,false,0.0,nan,0.0,
rrtstar_ompl,16,static_tall_formal_v2_016,near_obstacle,tall,2,"[-0.065917646,-1.5722759,1.0235798,-1.5810046,-1.5743073,0.0022676103]","[0.47907475,0.10161445,0.76048404]",0.35853302656490693,2.948197528975387,0.0878999940395355,false,0.0,nan,0.0,
rrtstar_ompl,16,static_tall_formal_v2_016,near_obstacle,tall,3,"[-0.098876469,-1.5734138,0.98536971,-1.586507,-1.576461,0.0034014155]","[0.47466606,0.086300522,0.77967858]",0.368272342232255,2.8973665370965005,0.0878999940395355,false,0.0,nan,0.0,
rrtstar_ompl,16,static_tall_formal_v2_016,near_obstacle,tall,4,"[-0.13183529,-1.5745517,0.94715961,-1.5920093,-1.5786147,0.0045352207]","[0.46899903,0.071490049,0.79858714]",0.37842128197685226,2.8465355452176153,0.0878999940395355,false,0.0,nan,0.0,
rrtstar_ompl,16,static_tall_formal_v2_016,near_obstacle,tall,5,"[-0.16479411,-1.5756896,0.90894951,-1.5975116,-1.5807683,0.0056690258]","[0.46211818,0.057272673,0.81717747]",0.388837398412773,2.795704553338729,0.0878999940395355,false,0.0,nan,0.0,
rrtstar_ompl,16,static_tall_formal_v2_016,near_obstacle,tall,6,"[-0.19775294,-1.5768276,0.87073941,-1.6030139,-1.582922,0.006802831]","[0.45407456,0.043734279,0.83541799]",0.3993908411911004,2.744873561459843,0.0878999940395355,false,0.0,nan,0.0,
rrtstar_ompl,16,static_tall_formal_v2_016,near_obstacle,tall,7,"[-0.23071176,-1.5779655,0.83252932,-1.6085162,-1.5850757,0.0079366362]","[0.44492525,0.030956859,0.85327733]",0.40996368966509467,2.694042569580957,0.0878999940395355,false,0.0,nan,0.0,
rrtstar_ompl,16,static_tall_formal_v2_016,near_obstacle,tall,8,"[-0.26367058,-1.5791034,0.79431922,-1.6140185,-1.5872293,0.0090704413]","[0.43473357,0.019017765,0.8707248]",0.42044977132643213,2.643211577702071,0.0878999940395355,false,0.0,nan,0.0,
rrtstar_ompl,16,static_tall_formal_v2_016,near_obstacle,tall,9,"[-0.29662941,-1.5802413,0.75610912,-1.6195209,-1.589383,0.010204246]","[0.42356807,0.0079895854,0.8877306]",0.43075333998920606,2.592380585823185,0.0878999940395355,false,0.0,nan,0.0,
rrtstar_ompl,16,static_tall_formal_v2_016,near_obstacle,tall,10,"[-0.32958823,-1.5813793,0.71789902,-1.6250232,-1.5915367,0.011338052]","[0.4115026,-0.0020606425,0.90426552]",0.44078862879132263,2.5415495939442994,0.0878999940395355,false,0.0,nan,0.0,
rrtstar_ompl,16,static_tall_formal_v2_016,near_obstacle,tall,11,"[-0.36254705,-1.5825172,0.67968893,-1.6305255,-1.5936903,0.012471857]","[0.39861596,-0.011071509,0.92030042]",0.4504784550382647,2.4907186020654133,0.0878999940395355,false,0.0,nan,0.0,
rrtstar_ompl,16,static_tall_formal_v2_016,near_obstacle,tall,12,"[-0.39550587,-1.5836551,0.64147883,-1.6360278,-1.595844,0.013605662]","[0.38499099,-0.018987644,0.93580812]",0.4597537247333104,2.4398876101865272,0.0878999940395355,false,0.0,nan,0.0,
rrtstar_ompl,16,static_tall_formal_v2_016,near_obstacle,tall,13,"[-0.4284647,-1.584793,0.60326873,-1.6415301,-1.5979977,0.014739467]","[0.37071469,-0.025760055,0.95076138]",0.4685522688882086,2.3890566183076407,0.0878999940395355,false,0.0,nan,0.0,
rrtstar_ompl,16,static_tall_formal_v2_016,near_obstacle,tall,14,"[-0.46142352,-1.585931,0.56505863,-1.6470324,-1.6001513,0.015873272]","[0.35587755,-0.031346411,0.96513426]",0.47681838849299274,2.338225626428755,0.0878999940395355,false,0.0,nan,0.0,
rrtstar_ompl,16,static_tall_formal_v2_016,near_obstacle,tall,15,"[-0.49438234,-1.5870689,0.52684854,-1.6525348,-1.602305,0.017007077]","[0.34057248,-0.035711236,0.97890139]",0.4845018612294594,2.287394634549869,0.0878999940395355,false,0.0,nan,0.0,
rrtstar_ompl,16,static_tall_formal_v2_016,near_obstacle,tall,16,"[-0.52734117,-1.5882068,0.48863844,-1.6580371,-1.6044587,0.018140883]","[0.32489532,-0.038826197,0.99203897]",0.49155790838240915,2.236563642670983,0.0878999940395355,false,0.0,nan,0.0,
rrtstar_ompl,16,static_tall_formal_v2_016,near_obstacle,tall,17,"[-0.56029999,-1.5893447,0.45042834,-1.6635394,-1.6066123,0.019274688]","[0.30894333,-0.040670007,1.0045235]",0.49794589801333083,2.1857326507920973,0.0878999940395355,false,0.0,nan,0.0,
rrtstar_ompl,16,static_tall_formal_v2_016,near_obstacle,tall,18,"[-0.59325881,-1.5904827,0.41221824,-1.6690417,-1.608766,0.020408493]","[0.29281545,-0.041228995,1.0163332]",0.5036298617920867,2.1349016589132113,0.08482034705927516,false,0.0,nan,0.0,
rrtstar_ompl,16,static_tall_formal_v2_016,near_obstacle,tall,19,"[-0.62621763,-1.5916206,0.37400814,-1.674544,-1.6109197,0.021542298]","[0.27661112,-0.040496871,1.027447]",0.5085774363107289,2.084070667034325,0.0812581960492402,false,0.0,nan,0.0,
rrtstar_ompl,16,static_tall_formal_v2_016,near_obstacle,tall,20,"[-0.65917646,-1.5927585,0.33579805,-1.6800463,-1.6130733,0.022676103]","[0.2604301,-0.038474612,1.037845]",0.512759635307638,2.033239675155439,0.07786554248721003,false,0.0,nan,0.0,
rrtstar_ompl,16,static_tall_formal_v2_016,near_obstacle,tall,21,"[-0.69213528,-1.5938964,0.29758795,-1.6855487,-1.615227,0.023809908]","[0.24437176,-0.035170905,1.0475086]",0.5161508670521967,1.9824086832765533,0.07465680458707896,false,0.0,nan,0.0,
rrtstar_ompl,16,static_tall_formal_v2_016,near_obstacle,tall,22,"[-0.7250941,-1.5950344,0.25937785,-1.691051,-1.6173807,0.024943714]","[0.22853467,-0.030601885,1.0564203]",0.5187285729700486,1.9315776913976674,0.0716467980532054,false,0.0,nan,0.0,
rrtstar_ompl,16,static_tall_formal_v2_016,near_obstacle,tall,23,"[-0.75805293,-1.5961723,0.22116775,-1.6965533,-1.6195343,0.026077519]","[0.21301568,-0.024790816,1.0645639]",0.5204727558510056,1.8807466995187814,0.06885057345794321,false,0.0,nan,0.0,
rrtstar_ompl,16,static_tall_formal_v2_016,near_obstacle,tall,24,"[-0.79101175,-1.5973102,0.18295766,-1.7020556,-1.621688,0.027211324]","[0.19791007,-0.017768491,1.0719244]",0.521366360289087,1.8299157076398955,0.06628311277011434,false,0.0,nan,0.0,
rrtstar_ompl,16,static_tall_formal_v2_016,near_obstacle,tall,25,"[-0.82397057,-1.5984482,0.14474756,-1.7075579,-1.6238417,0.028345129]","[0.18331012,-0.0095724612,1.0784883]",0.5213945240536391,1.7790847157610092,0.06395923371967677,false,0.0,nan,0.0,
rrtstar_ompl,16,static_tall_formal_v2_016,near_obstacle,tall,26,"[-0.85692939,-1.5995861,0.10653746,-1.7130603,-1.6259954,0.029478934]","[0.16930529,-0.00024736673,1.0842433]",0.5205449324205241,1.7282537238821234,0.06189320937792028,false,0.0,nan,0.0,
rrtstar_ompl,16,static_tall_formal_v2_016,near_obstacle,tall,27,"[-0.88988822,-1.600724,0.068327363,-1.7185626,-1.628149,0.030612739]","[0.1559816,0.010155603,1.0891783]",0.5188073920520819,1.6774227320032373,0.06009851460120441,false,0.0,nan,0.0,
rrtstar_ompl,16,static_tall_formal_v2_016,near_obstacle,tall,28,"[-0.92284704,-1.6018619,0.030117265,-1.7240649,-1.6303027,0.031746545]","[0.1434207,0.021578997,1.0932838]",0.5161738369907489,1.6265917401243515,0.058587524753561104,false,0.0,nan,0.0,
rrtstar_ompl,16,static_tall_formal_v2_016,near_obstacle,tall,29,"[-0.95580586,-1.6029999,-0.0080928323,-1.7295672,-1.6324564,0.03288035]","[0.13170004,0.033959188,1.0965513]",0.5126382317275622,1.5757607482454654,0.057371111152575455,false,0.0,nan,0.0,
rrtstar_ompl,16,static_tall_formal_v2_016,near_obstacle,tall,30,"[-0.98876469,-1.6041378,-0.04630293,-1.7350695,-1.63461,0.034014155]","[0.12089185,0.047227122,1.0989745]",0.5081967014501444,1.5249297563665793,0.05645844072778203,false,0.0,nan,0.0,
rrtstar_ompl,16,static_tall_formal_v2_016,near_obstacle,tall,31,"[-1.0217235,-1.6052757,-0.084513028,-1.7405718,-1.6367637,0.03514796]","[0.11106324,0.061308198,1.1005476]",0.5028469852707512,1.4740987644876933,0.05585657943843261,false,0.0,nan,0.0,
rrtstar_ompl,16,static_tall_formal_v2_016,near_obstacle,tall,32,"[-1.0546823,-1.6064136,-0.12272313,-1.7460742,-1.6389174,0.036281765]","[0.1022755,0.076122977,1.1012667]",0.4965889107050312,1.4232677726088077,0.05557033455113594,false,0.0,nan,0.0,
rrtstar_ompl,16,static_tall_formal_v2_016,near_obstacle,tall,33,"[-1.0876412,-1.6075516,-0.16093322,-1.7515765,-1.641071,0.037415571]","[0.094583653,0.091587774,1.1011297]",0.48942402334549395,1.3724367807299214,0.05560206440178342,false,0.0,nan,0.0,
rrtstar_ompl,16,static_tall_formal_v2_016,near_obstacle,tall,34,"[-1.1206,-1.6086895,-0.19914332,-1.7570788,-1.6432247,0.038549376]","[0.088036567,0.1076147,1.1001351]",0.48135549761400315,1.3216057888510355,0.05595160152527631,false,0.0,nan,0.0,
rrtstar_ompl,16,static_tall_formal_v2_016,near_obstacle,tall,35,"[-1.1535588,-1.6098274,-0.23735342,-1.7625811,-1.6453784,0.039683181]","[0.082676306,0.12411244,1.0982835]",0.4723883138138268,1.2707747969721495,0.056616250281186664,false,0.0,nan,0.0,
rrtstar_ompl,16,static_tall_formal_v2_016,near_obstacle,tall,36,"[-1.1865176,-1.6109653,-0.27556352,-1.7680834,-1.647532,0.040816986]","[0.078537866,0.14098686,1.0955765]",0.4625288032785613,1.2199438050932638,0.05759089934715064,false,0.0,nan,0.0,
rrtstar_ompl,16,static_tall_formal_v2_016,near_obstacle,tall,37,"[-1.2194764,-1.6121033,-0.31377361,-1.7735857,-1.6496857,0.041950791]","[0.075649261,0.15814099,1.0920178]",0.45178546937613157,1.1691128132143773,0.05886818875473984,false,0.0,nan,0.0,
rrtstar_ompl,16,static_tall_formal_v2_016,near_obstacle,tall,38,"[-1.2524353,-1.6132412,-0.35198371,-1.7790881,-1.6518394,0.043084596]","[0.074031122,0.17547648,1.0876116]",0.4401675337825498,1.1182818213354917,0.06043871842458878,false,0.0,nan,0.0,
rrtstar_ompl,16,static_tall_formal_v2_016,near_obstacle,tall,39,"[-1.2853941,-1.6143791,-0.39019381,-1.7845904,-1.653993,0.044218401]","[0.073696554,0.19289309,1.0823647]",0.4276867459372386,1.0674508294566054,0.06202765895519052,false,0.0,nan,0.0,
rrtstar_ompl,16,static_tall_formal_v2_016,near_obstacle,tall,40,"[-1.3183529,-1.615517,-0.42840391,-1.7900927,-1.6561467,0.045352207]","[0.074651279,0.2102899,1.0762842]",0.4143553825109372,1.0166198375777198,0.0637347135842784,false,0.0,nan,0.0,
rrtstar_ompl,16,static_tall_formal_v2_016,near_obstacle,tall,41,"[-1.3513117,-1.616655,-0.466614,-1.795595,-1.6583004,0.046486012]","[0.076893218,0.22756611,1.0693796]",0.40018778343011546,0.9657888456988337,0.06572236034271078,false,0.0,nan,0.0,
rrtstar_ompl,16,static_tall_formal_v2_016,near_obstacle,tall,42,"[-1.3842706,-1.6177929,-0.5048241,-1.8010973,-1.660454,0.047619817]","[0.080412947,0.24462062,1.061661]",0.3851993154843448,0.9149578538199478,0.06797749171471179,false,0.0,nan,0.0,
rrtstar_ompl,16,static_tall_formal_v2_016,near_obstacle,tall,43,"[-1.4172294,-1.6189308,-0.5430342,-1.8065996,-1.6626077,0.048753622]","[0.085193306,0.26135385,1.0531404]",0.36940676021348134,0.8641268619410616,0.07048596341554167,false,0.0,nan,0.0,
rrtstar_ompl,16,static_tall_formal_v2_016,near_obstacle,tall,44,"[-1.4501882,-1.6200688,-0.5812443,-1.812102,-1.6647614,0.049887427]","[0.091209657,0.27766714,1.043831]",0.3528284122461909,0.813295870062176,0.07323302269984064,false,0.0,nan,0.0,
rrtstar_ompl,16,static_tall_formal_v2_016,near_obstacle,tall,45,"[-1.483147,-1.6212067,-0.61945439,-1.8176043,-1.666915,0.051021232]","[0.098430172,0.29346406,1.0337477]",0.3354838431382944,0.7624648781832897,0.07620355783841026,false,0.0,nan,0.0,
rrtstar_ompl,16,static_tall_formal_v2_016,near_obstacle,tall,46,"[-1.5161059,-1.6223446,-0.65766449,-1.8231066,-1.6690687,0.052155038]","[0.10681571,0.30865079,1.0229059]",0.31739342673263543,0.7116338863044035,0.07938229785463008,false,0.0,nan,0.0,
rrtstar_ompl,16,static_tall_formal_v2_016,near_obstacle,tall,47,"[-1.5490647,-1.6234825,-0.69587459,-1.8286089,-1.6712224,0.053288843]","[0.1163201,0.32313657,1.0113232]",0.29857917705574405,0.6608028944255179,0.08275408692399625,false,0.0,nan,0.0,
rrtstar_ompl,16,static_tall_formal_v2_016,near_obstacle,tall,48,"[-1.5820235,-1.6246205,-0.73408469,-1.8341112,-1.673376,0.054422648]","[0.12689058,0.33683386,0.99901807]",0.27906420240572044,0.6099719025466317,0.08630411310963892,false,0.0,nan,0.0,
rrtstar_ompl,16,static_tall_formal_v2_016,near_obstacle,tall,49,"[-1.6149823,-1.6257584,-0.77229479,-1.8396135,-1.6755297,0.055556453]","[0.13846783,0.34965989,0.98601031]",0.25887257750815146,0.5591409106677457,0.0878999940395355,false,0.0,nan,0.0,
rrtstar_ompl,16,static_tall_formal_v2_016,near_obstacle,tall,50,"[-1.6479411,-1.6268963,-0.81050488,-1.8451159,-1.6776834,0.056690258]","[0.15098633,0.36153579,0.97232068]",0.23802945821150465,0.5083099187888597,0.0878999940395355,false,0.0,nan,0.0,
rrtstar_ompl,16,static_tall_formal_v2_016,near_obstacle,tall,51,"[-1.6809,-1.6280342,-0.84871498,-1.8506182,-1.679837,0.057824063]","[0.16437492,0.37238815,0.95797163]",0.21656119486012929,0.457478926909974,0.0878999940395355,false,0.0,nan,0.0,
rrtstar_ompl,16,static_tall_formal_v2_016,near_obstacle,tall,52,"[-1.7138588,-1.6291722,-0.88692508,-1.8561205,-1.6819907,0.058957869]","[0.17855686,0.38214877,0.94298631]",0.19449495479008755,0.4066479350310878,0.0878999940395355,false,0.0,nan,0.0,
rrtstar_ompl,16,static_tall_formal_v2_016,near_obstacle,tall,53,"[-1.7468176,-1.6303101,-0.92513518,-1.8616228,-1.6841444,0.060091674]","[0.19345044,0.39075521,0.92738926]",0.17185906241243615,0.35581694315220197,0.0878999940395355,false,0.0,nan,0.0,
rrtstar_ompl,16,static_tall_formal_v2_016,near_obstacle,tall,54,"[-1.7797764,-1.631448,-0.96334527,-1.8671251,-1.686298,0.061225479]","[0.20896959,0.39815155,0.91120601]",0.14868245946418088,0.30498595127331596,0.0878999940395355,false,0.0,nan,0.0,
rrtstar_ompl,16,static_tall_formal_v2_016,near_obstacle,tall,55,"[-1.8127353,-1.6325859,-1.0015554,-1.8726275,-1.6884517,0.062359284]","[0.22502384,0.40428799,0.89446312]",0.12499527359693215,0.25415495939443,0.0878999940395355,false,0.0,nan,0.0,
rrtstar_ompl,16,static_tall_formal_v2_016,near_obstacle,tall,56,"[-1.8456941,-1.6337239,-1.0397655,-1.8781298,-1.6906054,0.063493089]","[0.24151942,0.40912196,0.87718791]",0.1008279663117326,0.2033239675155438,0.0878999940395355,false,0.0,nan,0.0,
rrtstar_ompl,16,static_tall_formal_v2_016,near_obstacle,tall,57,"[-1.8786529,-1.6348618,-1.0779756,-1.8836321,-1.692759,0.064626894]","[0.25835928,0.41261742,0.85940897]",0.07621223484256123,0.1524929756366582,0.0878999940395355,false,0.0,nan,0.0,
rrtstar_ompl,16,static_tall_formal_v2_016,near_obstacle,tall,58,"[-1.9116117,-1.6359997,-1.1161857,-1.8891344,-1.6949127,0.0657607]","[0.27544385,0.41474622,0.84115577]",0.05118038548126889,0.1016619837577718,0.0878999940395355,false,0.0,nan,0.0,
rrtstar_ompl,16,static_tall_formal_v2_016,near_obstacle,tall,59,"[-1.9445705,-1.6371376,-1.1543958,-1.8946367,-1.6970664,0.066894505]","[0.29267162,0.41548711,0.82245827]",0.025765139265786087,0.050830991878886046,0.0878999940395355,false,0.0,nan,0.0,
rrtstar_ompl,16,static_tall_formal_v2_016,near_obstacle,tall,60,"[-1.9775294,-1.6382756,-1.1926059,-1.900139,-1.69922,0.06802831]","[0.30993962,0.41482678,0.80334747]",3.3521060727335358e-09,0.0,0.0878999940395355,false,0.0,nan,0.0,
rrtstar_ompl,17,static_tall_formal_v2_017,hard_reach,tall,0,"[0,-1.57,1.1,-1.57,-1.57,0]","[0.48397353,0.13337938,0.72136778]",0.4077341347729973,2.7536589735643036,0.0878999940395355,false,20.091779232025146,nan,0.0,
rrtstar_ompl,17,static_tall_formal_v2_017,hard_reach,tall,1,"[0.014746919,-1.5576612,1.0784377,-1.5682945,-1.5795304,0.039727451]","[0.48588166,0.13961035,0.72556067]",0.40142609734278645,2.7035924467722254,0.0878999940395355,false,0.0,nan,0.0,
rrtstar_ompl,17,static_tall_formal_v2_017,hard_reach,tall,2,"[0.029493838,-1.5453225,1.0568754,-1.566589,-1.5890608,0.079454903]","[0.48766816,0.14592561,0.72968376]",0.39507429416125067,2.6535259199801473,0.0878999940395355,false,0.0,nan,0.0,
rrtstar_ompl,17,static_tall_formal_v2_017,hard_reach,tall,3,"[0.044240757,-1.5329837,1.0353131,-1.5648836,-1.5985912,0.11918235]","[0.48933011,0.15232237,0.73373675]",0.38867846731974476,2.6034593931880687,0.0878999940395355,false,0.0,nan,0.0,
rrtstar_ompl,17,static_tall_formal_v2_017,hard_reach,tall,4,"[0.058987676,-1.520645,1.0137508,-1.5631781,-1.6081216,0.15890981]","[0.49086466,0.1587977,0.73771924]",0.38223844680711705,2.55339286639599,0.0878999940395355,false,0.0,nan,0.0,
rrtstar_ompl,17,static_tall_formal_v2_017,hard_reach,tall,5,"[0.073734595,-1.5083062,0.99218848,-1.5614726,-1.617652,0.19863726]","[0.49226901,0.16534862,0.74163091]",0.3757540301869306,2.503326339603912,0.0878999940395355,false,0.0,nan,0.0,
rrtstar_ompl,17,static_tall_formal_v2_017,hard_reach,tall,6,"[0.088481513,-1.4959675,0.97062617,-1.5597671,-1.6271824,0.23836471]","[0.49354061,0.17197202,0.74547124]",0.36922521841999534,2.4532598128118344,0.0878999940395355,false,0.0,nan,0.0,
rrtstar_ompl,17,static_tall_formal_v2_017,hard_reach,tall,7,"[0.10322843,-1.4836287,0.94906387,-1.5580617,-1.6367129,0.27809216]","[0.49467674,0.1786647,0.74923992]",0.36265188611909654,2.403193286019756,0.0878999940395355,false,0.0,nan,0.0,
rrtstar_ompl,17,static_tall_formal_v2_017,hard_reach,tall,8,"[0.11797535,-1.47129,0.92750157,-1.5563562,-1.6462433,0.31781961]","[0.49567494,0.18542346,0.7529366]",0.35603394248236053,2.3531267592276777,0.0878999940395355,false,0.0,nan,0.0,
rrtstar_ompl,17,static_tall_formal_v2_017,hard_reach,tall,9,"[0.13272227,-1.4589512,0.90593926,-1.5546507,-1.6557737,0.35754706]","[0.49653271,0.1922449,0.75656074]",0.34937144751392185,2.3030602324355995,0.0878999940395355,false,0.0,nan,0.0,
rrtstar_ompl,17,static_tall_formal_v2_017,hard_reach,tall,10,"[0.14746919,-1.4466125,0.88437696,-1.5529452,-1.6653041,0.39727451]","[0.49724776,0.19912563,0.76011217]",0.34266435187623806,2.252993705643521,0.0878999940395355,false,0.0,nan,0.0,
rrtstar_ompl,17,static_tall_formal_v2_017,hard_reach,tall,11,"[0.16221611,-1.4342737,0.86281465,-1.5512398,-1.6748345,0.43700197]","[0.49781781,0.20606218,0.76359051]",0.33591267225948007,2.202927178851443,0.0878999940395355,false,0.0,nan,0.0,
rrtstar_ompl,17,static_tall_formal_v2_017,hard_reach,tall,12,"[0.17696303,-1.421935,0.84125235,-1.5495343,-1.6843649,0.47672942]","[0.49824071,0.21305092,0.76699555]",0.3291165078244268,2.1528606520593647,0.0878999940395355,false,0.0,nan,0.0,
rrtstar_ompl,17,static_tall_formal_v2_017,hard_reach,tall,13,"[0.19170995,-1.4095962,0.81969005,-1.5478288,-1.6938953,0.51645687]","[0.49851432,0.22008823,0.77032661]",0.3222759763123087,2.1027941252672866,0.0878999940395355,false,0.0,nan,0.0,
rrtstar_ompl,17,static_tall_formal_v2_017,hard_reach,tall,14,"[0.20645686,-1.3972575,0.79812774,-1.5461233,-1.7034257,0.55618432]","[0.49863672,0.22717042,0.77358359]",0.3153911565264458,2.052727598475208,0.0878999940395355,false,0.0,nan,0.0,
rrtstar_ompl,17,static_tall_formal_v2_017,hard_reach,tall,15,"[0.22120378,-1.3849187,0.77656544,-1.5444178,-1.7129561,0.59591177]","[0.49860591,0.23429365,0.77676624]",0.30846219133103064,2.0026610716831295,0.0878999940395355,false,0.0,nan,0.0,
rrtstar_ompl,17,static_tall_formal_v2_017,hard_reach,tall,16,"[0.2359507,-1.37258,0.75500313,-1.5427124,-1.7224865,0.63563922]","[0.4984203,0.24145417,0.77987409]",0.30148930505149707,1.9525945448910516,0.0878999940395355,false,0.0,nan,0.0,
rrtstar_ompl,17,static_tall_formal_v2_017,hard_reach,tall,17,"[0.25069762,-1.3602412,0.73344083,-1.5410069,-1.7320169,0.67536667]","[0.49807814,0.24864794,0.78290695]",0.2944727497525681,1.9025280180989734,0.0878999940395355,false,0.0,nan,0.0,
rrtstar_ompl,17,static_tall_formal_v2_017,hard_reach,tall,18,"[0.26544454,-1.3479025,0.71187852,-1.5393014,-1.7415473,0.71509413]","[0.49757764,0.25587109,0.78586453]",0.287412598023195,1.852461491306895,0.0878999940395355,false,0.0,nan,0.0,
rrtstar_ompl,17,static_tall_formal_v2_017,hard_reach,tall,19,"[0.28019146,-1.3355637,0.69031622,-1.5375959,-1.7510777,0.75482158]","[0.49691755,0.26311958,0.7887463]",0.28030925956406755,1.802394964514817,0.0878999940395355,false,0.0,nan,0.0,
rrtstar_ompl,17,static_tall_formal_v2_017,hard_reach,tall,20,"[0.29493838,-1.323225,0.66875392,-1.5358905,-1.7606081,0.79454903]","[0.49609643,0.27038929,0.79155242]",0.273162952183269,1.7523284377227386,0.0878999940395355,false,0.0,nan,0.0,
rrtstar_ompl,17,static_tall_formal_v2_017,hard_reach,tall,21,"[0.3096853,-1.3108862,0.64719161,-1.534185,-1.7701386,0.83427648]","[0.49511307,0.27767614,0.79428232]",0.2659740306684297,1.70226191093066,0.0878999940395355,false,0.0,nan,0.0,
rrtstar_ompl,17,static_tall_formal_v2_017,hard_reach,tall,22,"[0.32443222,-1.2985474,0.62562931,-1.5324795,-1.779669,0.87400393]","[0.49396616,0.28497592,0.7969358]",0.25874276220857184,1.6521953841385821,0.0878999940395355,false,0.0,nan,0.0,
rrtstar_ompl,17,static_tall_formal_v2_017,hard_reach,tall,23,"[0.33917913,-1.2862087,0.604067,-1.530774,-1.7891994,0.91373138]","[0.49265492,0.2922844,0.79951274]",0.2514696311884488,1.602128857346504,0.0878999940395355,false,0.0,nan,0.0,
rrtstar_ompl,17,static_tall_formal_v2_017,hard_reach,tall,24,"[0.35392605,-1.2738699,0.5825047,-1.5290686,-1.7987298,0.95345883]","[0.49117821,0.29959738,0.80201262]",0.24415492123307822,1.5520623305544259,0.0878999940395355,false,0.0,nan,0.0,
rrtstar_ompl,17,static_tall_formal_v2_017,hard_reach,tall,25,"[0.36867297,-1.2615312,0.5609424,-1.5273631,-1.8082602,0.99318629]","[0.48953539,0.30691049,0.80443543]",0.23679915657255265,1.5019958037623473,0.0878999940395355,false,0.0,nan,0.0,
rrtstar_ompl,17,static_tall_formal_v2_017,hard_reach,tall,26,"[0.38341989,-1.2491924,0.53938009,-1.5256576,-1.8177906,1.0329137]","[0.48772562,0.31421942,0.80678093]",0.22940266868832876,1.4519292769702692,0.0878999940395355,false,0.0,nan,0.0,
rrtstar_ompl,17,static_tall_formal_v2_017,hard_reach,tall,27,"[0.39816681,-1.2368537,0.51781779,-1.5239521,-1.827321,1.0726412]","[0.48574847,0.32151982,0.80904895]",0.22196598847785343,1.401862750178191,0.0878999940395355,false,0.0,nan,0.0,
rrtstar_ompl,17,static_tall_formal_v2_017,hard_reach,tall,28,"[0.41291373,-1.2245149,0.49625548,-1.5222467,-1.8368514,1.1123686]","[0.48360336,0.32880729,0.811239]",0.2144895785231451,1.3517962233861127,0.0878999940395355,false,0.0,nan,0.0,
rrtstar_ompl,17,static_tall_formal_v2_017,hard_reach,tall,29,"[0.42766065,-1.2121762,0.47469318,-1.5205412,-1.8463818,1.1520961]","[0.48129004,0.33607733,0.81335121]",0.2069740235508019,1.3017296965940346,0.08342753341712938,false,0.0,nan,0.0,
rrtstar_ompl,17,static_tall_formal_v2_017,hard_reach,tall,30,"[0.44240757,-1.1998374,0.45313087,-1.5188357,-1.8559122,1.1918235]","[0.47880822,0.34332559,0.81538534]",0.19941974371007912,1.2516631698019562,0.07839495078533831,false,0.0,nan,0.0,
rrtstar_ompl,17,static_tall_formal_v2_017,hard_reach,tall,31,"[0.45715449,-1.1874987,0.43156857,-1.5171302,-1.8654426,1.231551]","[0.47615787,0.35054761,0.81734103]",0.19182733758829854,1.201596643009878,0.073413411299451,false,0.0,nan,0.0,
rrtstar_ompl,17,static_tall_formal_v2_017,hard_reach,tall,32,"[0.47190141,-1.1751599,0.41000627,-1.5154247,-1.874973,1.2712784]","[0.47333905,0.35773879,0.81921822]",0.1841975022123978,1.1515301162177998,0.06849598372076934,false,0.0,nan,0.0,
rrtstar_ompl,17,static_tall_formal_v2_017,hard_reach,tall,33,"[0.48664832,-1.1628212,0.38844396,-1.5137193,-1.8845034,1.3110059]","[0.47035187,0.36489475,0.82101691]",0.17653071472855988,1.1014635894257214,0.06365737564131171,false,0.0,nan,0.0,
rrtstar_ompl,17,static_tall_formal_v2_017,hard_reach,tall,34,"[0.50139524,-1.1504824,0.36688166,-1.5120138,-1.8940339,1.3507333]","[0.46719661,0.37201098,0.82273662]",0.16882763171915452,1.0513970626336433,0.058914250561243914,false,0.0,nan,0.0,
rrtstar_ompl,17,static_tall_formal_v2_017,hard_reach,tall,35,"[0.51614216,-1.1381437,0.34531935,-1.5103083,-1.9035643,1.3904608]","[0.46387371,0.37908295,0.82437754]",0.1610889122458116,1.0013305358415647,0.05428548353814433,false,0.0,nan,0.0,
rrtstar_ompl,17,static_tall_formal_v2_017,hard_reach,tall,36,"[0.53088908,-1.1258049,0.32375705,-1.5086028,-1.9130947,1.4301883]","[0.46038365,0.38610613,0.8259393]",0.1533152343833004,0.9512640090494867,0.0497923759512329,false,0.0,nan,0.0,
rrtstar_ompl,17,static_tall_formal_v2_017,hard_reach,tall,37,"[0.545636,-1.1134662,0.30219475,-1.5068974,-1.9226251,1.4699157]","[0.45672715,0.39307603,0.82742184]",0.145507314575971,0.9011974822574085,0.04545894639356106,false,0.0,nan,0.0,
rrtstar_ompl,17,static_tall_formal_v2_017,hard_reach,tall,38,"[0.56038292,-1.1011274,0.28063244,-1.5051919,-1.9321555,1.5096432]","[0.45290491,0.39998814,0.828825]",0.13766582674829078,0.8511309554653301,0.04131213807480025,false,0.0,nan,0.0,
rrtstar_ompl,17,static_tall_formal_v2_017,hard_reach,tall,39,"[0.57512984,-1.0887887,0.25907014,-1.5034864,-1.9416859,1.5493706]","[0.44891781,0.40683806,0.83014888]",0.12979139282850688,0.801064428673252,0.03738191316079788,false,0.0,nan,0.0,
rrtstar_ompl,17,static_tall_formal_v2_017,hard_reach,tall,40,"[0.58987676,-1.0764499,0.23750783,-1.5017809,-1.9512163,1.5890981]","[0.444767,0.41362119,0.83139318]",0.12188494795248243,0.7509979018811735,0.033701271567764285,false,0.0,nan,0.0,
rrtstar_ompl,17,static_tall_formal_v2_017,hard_reach,tall,41,"[0.60462368,-1.0641112,0.21594553,-1.5000755,-1.9607467,1.6288255]","[0.44045362,0.42033312,0.83255792]",0.11394719887689908,0.7009313750890954,0.030306121417737558,false,0.0,nan,0.0,
rrtstar_ompl,17,static_tall_formal_v2_017,hard_reach,tall,42,"[0.61937059,-1.0517724,0.19438322,-1.49837,-1.9702771,1.668553]","[0.43597886,0.42696944,0.83364278]",0.10597886256120409,0.6508648482970171,0.02723482699390546,false,0.0,nan,0.0,
rrtstar_ompl,17,static_tall_formal_v2_017,hard_reach,tall,43,"[0.63411751,-1.0394336,0.17282092,-1.4966645,-1.9798075,1.7082804]","[0.43134412,0.43352562,0.83464819]",0.09798078594220692,0.6007983215049388,0.024527429168370057,false,0.0,nan,0.0,
rrtstar_ompl,17,static_tall_formal_v2_017,hard_reach,tall,44,"[0.64886443,-1.0270949,0.15125862,-1.494959,-1.9893379,1.7480079]","[0.42655104,0.43999735,0.83557349]",0.08995384772140236,0.5507317947128607,0.022224291236010066,false,0.0,nan,0.0,
rrtstar_ompl,17,static_tall_formal_v2_017,hard_reach,tall,45,"[0.66361135,-1.0147561,0.12969631,-1.4932535,-1.9988683,1.7877353]","[0.42160115,0.44638026,0.83641928]",0.08189874698492726,0.5006652679207823,0.020232044008777622,false,0.0,nan,0.0,
rrtstar_ompl,17,static_tall_formal_v2_017,hard_reach,tall,46,"[0.67835827,-1.0024174,0.10813401,-1.4915481,-2.0083987,1.8274628]","[0.4164964,0.45267004,0.83718491]",0.07381649766583771,0.45059874112870446,0.018424388675344072,false,0.0,nan,0.0,
rrtstar_ompl,17,static_tall_formal_v2_017,hard_reach,tall,47,"[0.69310519,-0.99007864,0.086571703,-1.4898426,-2.0179292,1.8671902]","[0.41123852,0.45886225,0.83787066]",0.06570793478007245,0.400532214336626,0.016813679244013002,false,0.0,nan,0.0,
rrtstar_ompl,17,static_tall_formal_v2_017,hard_reach,tall,48,"[0.70785211,-0.97773989,0.065009399,-1.4881371,-2.0274596,1.9069177]","[0.40582958,0.46495289,0.83847642]",0.05757379174808568,0.35046568754454793,0.015412506305481855,false,0.0,nan,0.0,
rrtstar_ompl,17,static_tall_formal_v2_017,hard_reach,tall,49,"[0.72259903,-0.96540113,0.043447095,-1.4864316,-2.03699,1.9466451]","[0.40027183,0.47093755,0.83900219]",0.049415198038375296,0.3003991607524697,0.014233369949379016,false,0.0,nan,0.0,
rrtstar_ompl,17,static_tall_formal_v2_017,hard_reach,tall,50,"[0.73734595,-0.95306238,0.021884791,-1.4847262,-2.0465204,1.9863726]","[0.39456734,0.47681209,0.83944809]",0.04123290084317483,0.2503326339603913,0.013288535688204081,false,0.0,nan,0.0,
rrtstar_ompl,17,static_tall_formal_v2_017,hard_reach,tall,51,"[0.75209286,-0.94072363,0.00032248673,-1.4830207,-2.0560508,2.0261]","[0.38871866,0.48257247,0.83981395]",0.03302793011296623,0.20026610716831317,0.012589511533627348,false,0.0,nan,0.0,
rrtstar_ompl,17,static_tall_formal_v2_017,hard_reach,tall,52,"[0.76683978,-0.92838488,-0.021239817,-1.4813152,-2.0655812,2.0658275]","[0.38272816,0.48821458,0.84009987]",0.024801136512083013,0.15019958037623496,0.01214687705788249,false,0.0,nan,0.0,
rrtstar_ompl,17,static_tall_formal_v2_017,hard_reach,tall,53,"[0.7815867,-0.91604612,-0.042802122,-1.4796097,-2.0751116,2.1055549]","[0.37659854,0.49373439,0.84030592]",0.016553584163280663,0.10013305358415636,0.011969703459739717,false,0.0,nan,0.0,
rrtstar_ompl,17,static_tall_formal_v2_017,hard_reach,tall,54,"[0.79633362,-0.90370737,-0.064364426,-1.4779043,-2.084642,2.1452824]","[0.3703326,0.49912813,0.84043211]",0.008286181761302101,0.050066526792078264,0.012000892424583465,false,0.0,nan,0.0,
rrtstar_ompl,17,static_tall_formal_v2_017,hard_reach,tall,55,"[0.81108054,-0.89136862,-0.08592673,-1.4761988,-2.0941724,2.1850098]","[0.36393303,0.50439161,0.84047836]",3.3337404651439935e-09,0.0,0.012182828718423883,false,0.0,nan,0.0,
rrtstar_ompl,18,static_tall_formal_v2_018,near_obstacle,tall,0,"[0,-1.57,1.1,-1.57,-1.57,0]","[0.48397353,0.13337938,0.72136778]",0.22329230644274564,1.3768614686183434,0.0878999940395355,false,20.078578233718872,nan,0.0,
rrtstar_ompl,18,static_tall_formal_v2_018,near_obstacle,tall,1,"[-0.011592283,-1.5753381,1.125976,-1.6106381,-1.5798346,0.0038310633]","[0.48764431,0.1267556,0.71680111]",0.21545991623493704,1.3258665994102565,0.0878999940395355,false,0.0,nan,0.0,
rrtstar_ompl,18,static_tall_formal_v2_018,near_obstacle,tall,2,"[-0.023184566,-1.5806762,1.151952,-1.6512761,-1.5896693,0.0076621267]","[0.49101716,0.1200697,0.71217453]",0.20759969966426287,1.2748717302021697,0.0878999940395355,false,0.0,nan,0.0,
rrtstar_ompl,18,static_tall_formal_v2_018,near_obstacle,tall,3,"[-0.034776849,-1.5860142,1.1779279,-1.6919142,-1.5995039,0.01149319]","[0.49408907,0.11333031,0.70748973]",0.19971107770137952,1.223876860994083,0.0878999940395355,false,0.0,nan,0.0,
rrtstar_ompl,18,static_tall_formal_v2_018,near_obstacle,tall,4,"[-0.046369132,-1.5913523,1.2039039,-1.7325522,-1.6093386,0.015324253]","[0.49685723,0.10654615,0.70274854]",0.19179354991503517,1.1728819917859963,0.0878999940395355,false,0.0,nan,0.0,
rrtstar_ompl,18,static_tall_formal_v2_018,near_obstacle,tall,5,"[-0.057961415,-1.5966904,1.2298799,-1.7731903,-1.6191732,0.019155317]","[0.49931914,0.099726044,0.69795275]",0.18384653082521576,1.1218871225779095,0.0878999940395355,false,0.0,nan,0.0,
rrtstar_ompl,18,static_tall_formal_v2_018,near_obstacle,tall,6,"[-0.069553698,-1.6020285,1.2558559,-1.8138283,-1.6290079,0.02298638]","[0.50147271,0.092878893,0.69310397]",0.1758692802301628,1.0708922533698226,0.0878999940395355,false,0.0,nan,0.0,
rrtstar_ompl,18,static_tall_formal_v2_018,near_obstacle,tall,7,"[-0.081145981,-1.6073666,1.2818319,-1.8544664,-1.6388425,0.026817443]","[0.50331593,0.08601366,0.68820405]",0.1678611271491316,1.019897384161736,0.0878999940395355,false,0.0,nan,0.0,
rrtstar_ompl,18,static_tall_formal_v2_018,near_obstacle,tall,8,"[-0.092738264,-1.6127046,1.3078079,-1.8951044,-1.6486772,0.030648507]","[0.50484735,0.079139449,0.68325484]",0.15982146555307497,0.968902514953649,0.0878999940395355,false,0.0,nan,0.0,
rrtstar_ompl,18,static_tall_formal_v2_018,near_obstacle,tall,9,"[-0.10433055,-1.6180427,1.3337838,-1.9357425,-1.6585118,0.03447957]","[0.50606579,0.072265357,0.67825782]",0.15174937847645187,0.9179076457455623,0.0878999940395355,false,0.0,nan,0.0,
rrtstar_ompl,18,static_tall_formal_v2_018,near_obstacle,tall,10,"[-0.11592283,-1.6233808,1.3597598,-1.9763806,-1.6683465,0.038310633]","[0.50697005,0.065400548,0.67321503]",0.14364421175424083,0.8669127765374756,0.0878999940395355,false,0.0,nan,0.0,
rrtstar_ompl,18,static_tall_formal_v2_018,near_obstacle,tall,11,"[-0.12751511,-1.6287189,1.3857358,-2.0170186,-1.6781811,0.042141697]","[0.50755966,0.05855421,0.66812813]",0.13550513095778052,0.8159179073293886,0.0878999940395355,false,0.0,nan,0.0,
rrtstar_ompl,18,static_tall_formal_v2_018,near_obstacle,tall,12,"[-0.1391074,-1.634057,1.4117118,-2.0576567,-1.6880158,0.04597276]","[0.50783432,0.051735587,0.66299891]",0.12733135900075918,0.7649230381213017,0.0878999940395355,false,0.0,nan,0.0,
rrtstar_ompl,18,static_tall_formal_v2_018,near_obstacle,tall,13,"[-0.15069968,-1.639395,1.4376878,-2.0982947,-1.6978504,0.049803823]","[0.50779408,0.044953912,0.65782911]",0.11912205671631601,0.7139281689132152,0.0878999940395355,false,0.0,nan,0.0,
rrtstar_ompl,18,static_tall_formal_v2_018,near_obstacle,tall,14,"[-0.16229196,-1.6447331,1.4636638,-2.1389328,-1.7076851,0.053634887]","[0.50743914,0.038218454,0.65262043]",0.11087634405389198,0.6629332997051283,0.0878999940395355,false,0.0,nan,0.0,
rrtstar_ompl,18,static_tall_formal_v2_018,near_obstacle,tall,15,"[-0.17388424,-1.6500712,1.4896397,-2.1795708,-1.7175197,0.05746595]","[0.50677019,0.031538442,0.64737463]",0.10259337037743084,0.6119384304970413,0.0878999940395355,false,0.0,nan,0.0,
rrtstar_ompl,18,static_tall_formal_v2_018,near_obstacle,tall,16,"[-0.18547653,-1.6554093,1.5156157,-2.2202089,-1.7273543,0.061297013]","[0.50578803,0.024923116,0.64209366]",0.09427237281272405,0.5609435612889548,0.0878999940395355,false,0.0,nan,0.0,
rrtstar_ompl,18,static_tall_formal_v2_018,near_obstacle,tall,17,"[-0.19706881,-1.6607474,1.5415917,-2.260847,-1.737189,0.065128077]","[0.50449425,0.018381704,0.63677907]",0.08591250243403561,0.5099486920808679,0.0878999940395355,false,0.0,nan,0.0,
rrtstar_ompl,18,static_tall_formal_v2_018,near_obstacle,tall,18,"[-0.20866109,-1.6660854,1.5675677,-2.301485,-1.7470236,0.06895914]","[0.50289023,0.011923347,0.63143253]",0.07751278153135087,0.4589538228727811,0.0878999940395355,false,0.0,nan,0.0,
rrtstar_ompl,18,static_tall_formal_v2_018,near_obstacle,tall,19,"[-0.22025338,-1.6714235,1.5935437,-2.3421231,-1.7568583,0.072790203]","[0.50097787,0.0055571944,0.62605602]",0.06907254004588224,0.40795895366469453,0.08681605168455647,false,0.0,nan,0.0,
rrtstar_ompl,18,static_tall_formal_v2_018,near_obstacle,tall,20,"[-0.23184566,-1.6767616,1.6195196,-2.3827611,-1.7666929,0.076621267]","[0.49875954,-0.00070767477,0.62065125]",0.0605910151052444,0.35696408445660766,0.08332483279250685,false,0.0,nan,0.0,
rrtstar_ompl,18,static_tall_formal_v2_018,near_obstacle,tall,21,"[-0.24343794,-1.6820997,1.6454956,-2.4233992,-1.7765276,0.08045233]","[0.49623767,-0.0068622902,0.61521983]",0.05206727899219518,0.3059692152485206,0.08030380585519956,false,0.0,nan,0.0,
rrtstar_ompl,18,static_tall_formal_v2_018,near_obstacle,tall,22,"[-0.25503023,-1.6874378,1.6714716,-2.4640372,-1.7863622,0.084283393]","[0.49341515,-0.012897708,0.60976356]",0.043500629256642415,0.2549743460404341,0.07777953227178219,false,0.0,nan,0.0,
rrtstar_ompl,18,static_tall_formal_v2_018,near_obstacle,tall,23,"[-0.26662251,-1.6927758,1.6974476,-2.5046753,-1.7961969,0.088114457]","[0.4902952,-0.018805096,0.60428435]",0.03489046243825411,0.20397947683234732,0.07577394026881767,false,0.0,nan,0.0,
rrtstar_ompl,18,static_tall_formal_v2_018,near_obstacle,tall,24,"[-0.27821479,-1.6981139,1.7234236,-2.5453133,-1.8060315,0.09194552]","[0.48688123,-0.024575716,0.59878367]",0.026235894357913802,0.15298460762426042,0.07430283423232042,false,0.0,nan,0.0,
rrtstar_ompl,18,static_tall_formal_v2_018,near_obstacle,tall,25,"[-0.28980707,-1.703452,1.7493996,-2.5859514,-1.8158662,0.095776583]","[0.48317713,-0.030200951,0.59326345]",0.017536425820775362,0.10198973841617379,0.07337522912448849,false,0.0,nan,0.0,
rrtstar_ompl,18,static_tall_formal_v2_018,near_obstacle,tall,26,"[-0.30139936,-1.7087901,1.7753755,-2.6265895,-1.8257008,0.099607647]","[0.47918677,-0.035672247,0.5877254]",0.008791367648486636,0.050994869208086935,0.07299234879233835,false,0.0,nan,0.0,
rrtstar_ompl,18,static_tall_formal_v2_018,near_obstacle,tall,27,"[-0.31299164,-1.7141282,1.8013515,-2.6672275,-1.8355355,0.10343871]","[0.4749147,-0.040981274,0.58217096]",5.257803462786277e-09,0.0,0.07314740303796818,false,0.0,nan,0.0,
rrtstar_ompl,19,static_tall_formal_v2_019,easy,tall,0,"[0,-1.57,1.1,-1.57,-1.57,0]","[0.48397353,0.13337938,0.72136778]",0.4248215147142615,2.9017043387252417,0.0878999940395355,false,20.69086265563965,nan,0.0,
rrtstar_ompl,19,static_tall_formal_v2_019,easy,tall,1,"[0.0170389,-1.5704706,1.1008612,-1.5681545,-1.578803,-0.046160083]","[0.48141551,0.14072545,0.72093463]",0.41780452984520094,2.8516749535748067,0.0878999940395355,false,0.0,nan,0.0,
rrtstar_ompl,19,static_tall_formal_v2_019,easy,tall,2,"[0.0340778,-1.5709413,1.1017225,-1.5663089,-1.587606,-0.092320167]","[0.47874346,0.14802322,0.72050846]",0.4107679200744985,2.8016455684243713,0.0878999940395355,false,0.0,nan,0.0,
rrtstar_ompl,19,static_tall_formal_v2_019,easy,tall,3,"[0.051116701,-1.5714119,1.1025837,-1.5644634,-1.596409,-0.13848025]","[0.47595856,0.15527096,0.72008938]",0.4037123209760047,2.7516161832739363,0.0878999940395355,false,0.0,nan,0.0,
rrtstar_ompl,19,static_tall_formal_v2_019,easy,tall,4,"[0.068155601,-1.5718825,1.1034449,-1.5626178,-1.605212,-0.18464033]","[0.47306153,0.162467,0.71967745]",0.39663803175160234,2.701586798123501,0.0878999940395355,false,0.0,nan,0.0,
rrtstar_ompl,19,static_tall_formal_v2_019,easy,tall,5,"[0.085194501,-1.5723531,1.1043062,-1.5607723,-1.614015,-0.23080042]","[0.47005349,0.16960952,0.71927243]",0.38954568599593886,2.651557412973066,0.0878999940395355,false,0.0,nan,0.0,
rrtstar_ompl,19,static_tall_formal_v2_019,easy,tall,6,"[0.1022334,-1.5728238,1.1051674,-1.5589267,-1.622818,-0.2769605]","[0.46693549,0.17669693,0.71887463]",0.38243572176233936,2.60152802782263,0.0878999940395355,false,0.0,nan,0.0,
rrtstar_ompl,19,static_tall_formal_v2_019,easy,tall,7,"[0.1192723,-1.5732944,1.1060287,-1.5570812,-1.631621,-0.32312058]","[0.46370855,0.1837275,0.71848387]",0.3753086608441849,2.551498642672195,0.0878999940395355,false,0.0,nan,0.0,
rrtstar_ompl,19,static_tall_formal_v2_019,easy,tall,8,"[0.1363112,-1.573765,1.1068899,-1.5552356,-1.640424,-0.36928067]","[0.4603737,0.19069964,0.71810031]",0.3681649268302853,2.50146925752176,0.0878999940395355,false,0.0,nan,0.0,
rrtstar_ompl,19,static_tall_formal_v2_019,easy,tall,9,"[0.1533501,-1.5742356,1.1077511,-1.5533901,-1.6492269,-0.41544075]","[0.45693207,0.19761167,0.71772385]",0.3610050489333445,2.4514398723713247,0.0878999940395355,false,0.0,nan,0.0,
rrtstar_ompl,19,static_tall_formal_v2_019,easy,tall,10,"[0.170389,-1.5747063,1.1086124,-1.5515446,-1.6580299,-0.46160083]","[0.45338488,0.20446198,0.71735454]",0.35382961464915597,2.4014104872208897,0.0878999940395355,false,0.0,nan,0.0,
rrtstar_ompl,19,static_tall_formal_v2_019,easy,tall,11,"[0.1874279,-1.5751769,1.1094736,-1.549699,-1.6668329,-0.50776092]","[0.44973302,0.21124902,0.71699244]",0.34663888104230434,2.3513811020704543,0.0878999940395355,false,0.0,nan,0.0,
rrtstar_ompl,19,static_tall_formal_v2_019,easy,tall,12,"[0.2044668,-1.5756475,1.1103348,-1.5478535,-1.6756359,-0.553921]","[0.44597781,0.21797127,0.71663755]",0.33943343528065,2.3013517169200193,0.0878999940395355,false,0.0,nan,0.0,
rrtstar_ompl,19,static_tall_formal_v2_019,easy,tall,13,"[0.2215057,-1.5761181,1.1111961,-1.5460079,-1.6844389,-0.60008108]","[0.4421204,0.22462708,0.71628994]",0.3322137972728642,2.2513223317695843,0.0878999940395355,false,0.0,nan,0.0,
rrtstar_ompl,19,static_tall_formal_v2_019,easy,tall,14,"[0.2385446,-1.5765888,1.1120573,-1.5441624,-1.6932419,-0.64624117]","[0.43816206,0.23121502,0.71594954]",0.3249804349601237,2.201292946619149,0.0878999940395355,false,0.0,nan,0.0,
rrtstar_ompl,19,static_tall_formal_v2_019,easy,tall,15,"[0.2555835,-1.5770594,1.1129185,-1.5423168,-1.7020449,-0.69240125]","[0.43410385,0.23773356,0.71561635]",0.31773372309792824,2.151263561468714,0.0878999940395355,false,0.0,nan,0.0,
rrtstar_ompl,19,static_tall_formal_v2_019,easy,tall,16,"[0.2726224,-1.57753,1.1137798,-1.5404713,-1.7108479,-0.73856134]","[0.42994723,0.24418126,0.71529055]",0.3104742929340074,2.1012341763182785,0.0878999940395355,false,0.0,nan,0.0,
rrtstar_ompl,19,static_tall_formal_v2_019,easy,tall,17,"[0.2896613,-1.5780006,1.114641,-1.5386257,-1.7196509,-0.78472142]","[0.42569324,0.25055665,0.71497196]",0.30320245634893594,2.0512047911678435,0.0878999940395355,false,0.0,nan,0.0,
rrtstar_ompl,19,static_tall_formal_v2_019,easy,tall,18,"[0.3067002,-1.5784713,1.1155022,-1.5367802,-1.7284539,-0.8308815]","[0.42134327,0.25685826,0.71466064]",0.29591877532545235,2.001175406017408,0.0878999940395355,false,0.0,nan,0.0,
rrtstar_ompl,19,static_tall_formal_v2_019,easy,tall,19,"[0.3237391,-1.5789419,1.1163635,-1.5349347,-1.7372569,-0.87704159]","[0.41689873,0.26308483,0.71435654]",0.2886237395285312,1.9511460208669729,0.0878999940395355,false,0.0,nan,0.0,
rrtstar_ompl,19,static_tall_formal_v2_019,easy,tall,20,"[0.340778,-1.5794125,1.1172247,-1.5330891,-1.7460599,-0.92320167]","[0.41236073,0.26923484,0.71406001]",0.2813177353898639,1.9011166357165374,0.0878999940395355,false,0.0,nan,0.0,
rrtstar_ompl,19,static_tall_formal_v2_019,easy,tall,21,"[0.3578169,-1.5798831,1.118086,-1.5312436,-1.7548629,-0.96936175]","[0.40773073,0.275307,0.71377051]",0.27400127170117683,1.8510872505661022,0.0878999940395355,false,0.0,nan,0.0,
rrtstar_ompl,19,static_tall_formal_v2_019,easy,tall,22,"[0.3748558,-1.5803538,1.1189472,-1.529398,-1.7636659,-1.0155218]","[0.40301007,0.28129995,0.71348864]",0.2666748368144164,1.8010578654156673,0.0878999940395355,false,0.0,nan,0.0,
rrtstar_ompl,19,static_tall_formal_v2_019,easy,tall,23,"[0.3918947,-1.5808244,1.1198084,-1.5275525,-1.7724689,-1.0616819]","[0.39820015,0.28721243,0.71321392]",0.2593388748713246,1.751028480265232,0.0878999940395355,false,0.0,nan,0.0,
rrtstar_ompl,19,static_tall_formal_v2_019,easy,tall,24,"[0.4089336,-1.581295,1.1206697,-1.5257069,-1.7812719,-1.107842]","[0.39330229,0.29304314,0.71294659]",0.25199380422974077,1.7009990951147969,0.0878999940395355,false,0.0,nan,0.0,
rrtstar_ompl,19,static_tall_formal_v2_019,easy,tall,25,"[0.4259725,-1.5817656,1.1215309,-1.5238614,-1.7900749,-1.1540021]","[0.38831794,0.29879081,0.71268666]",0.24464012508709243,1.6509697099643619,0.0878999940395355,false,0.0,nan,0.0,
rrtstar_ompl,19,static_tall_formal_v2_019,easy,tall,26,"[0.4430114,-1.5822363,1.1223921,-1.5220158,-1.7988778,-1.2001622]","[0.38324854,0.30445424,0.71243405]",0.23727829497836572,1.6009403248139262,0.0878999940395355,false,0.0,nan,0.0,
rrtstar_ompl,19,static_tall_formal_v2_019,easy,tall,27,"[0.4600503,-1.5827069,1.1232534,-1.5201703,-1.8076808,-1.2463223]","[0.37809542,0.31003219,0.71218884]",0.22990869780274856,1.5509109396634913,0.0878999940395355,false,0.0,nan,0.0,
rrtstar_ompl,19,static_tall_formal_v2_019,easy,tall,28,"[0.4770892,-1.5831775,1.1241146,-1.5183248,-1.8164838,-1.2924823]","[0.37286022,0.31552354,0.7119509]",0.22253191445134216,1.500881554513056,0.0878999940395355,false,0.0,nan,0.0,
rrtstar_ompl,19,static_tall_formal_v2_019,easy,tall,29,"[0.4941281,-1.5836481,1.1249758,-1.5164792,-1.8252868,-1.3386424]","[0.36754423,0.32092711,0.71172053]",0.21514824929313933,1.4508521693626208,0.0878999940395355,false,0.0,nan,0.0,
rrtstar_ompl,19,static_tall_formal_v2_019,easy,tall,30,"[0.51116701,-1.5841188,1.1258371,-1.5146337,-1.8340898,-1.3848025]","[0.36214891,0.32624167,0.71149743]",0.2077581919407948,1.4008227842121854,0.0878999940395355,false,0.0,nan,0.0,
rrtstar_ompl,19,static_tall_formal_v2_019,easy,tall,31,"[0.52820591,-1.5845894,1.1266983,-1.5127881,-1.8428928,-1.4309626]","[0.35667598,0.33146629,0.71128178]",0.2003622956602314,1.3507933990617504,0.0878999940395355,false,0.0,nan,0.0,
rrtstar_ompl,19,static_tall_formal_v2_019,easy,tall,32,"[0.54524481,-1.58506,1.1275595,-1.5109426,-1.8516958,-1.4771227]","[0.35112667,0.33659974,0.71107346]",0.19296083415147858,1.3007640139113155,0.0878999940395355,false,0.0,nan,0.0,
rrtstar_ompl,19,static_tall_formal_v2_019,easy,tall,33,"[0.56228371,-1.5855306,1.1284208,-1.509097,-1.8604988,-1.5232828]","[0.34550267,0.34164104,0.71087247]",0.18555436614219728,1.25073462876088,0.0878999940395355,false,0.0,nan,0.0,
rrtstar_ompl,19,static_tall_formal_v2_019,easy,tall,34,"[0.57932261,-1.5860013,1.129282,-1.5072515,-1.8693018,-1.5694428]","[0.33980548,0.34658909,0.71067899]",0.17814333598424392,1.200705243610445,0.0878999940395355,false,0.0,nan,0.0,
rrtstar_ompl,19,static_tall_formal_v2_019,easy,tall,35,"[0.59636151,-1.5864719,1.1301433,-1.5054059,-1.8781048,-1.6156029]","[0.33403662,0.35144305,0.71049279]",0.17072807419016814,1.1506758584600096,0.0878999940395355,false,0.0,nan,0.0,
rrtstar_ompl,19,static_tall_formal_v2_019,easy,tall,36,"[0.61340041,-1.5869425,1.1310045,-1.5035604,-1.8869078,-1.661763]","[0.32819763,0.35620174,0.7103141]",0.16330912150224536,1.1006464733095744,0.0878999940395355,false,0.0,nan,0.0,
rrtstar_ompl,19,static_tall_formal_v2_019,easy,tall,37,"[0.63043931,-1.5874131,1.1318657,-1.5017149,-1.8957108,-1.7079231]","[0.32229021,0.36086446,0.71014261]",0.1558868957908558,1.050617088159139,0.0878999940395355,false,0.0,nan,0.0,
rrtstar_ompl,19,static_tall_formal_v2_019,easy,tall,38,"[0.64747821,-1.5878838,1.132727,-1.4998693,-1.9045138,-1.7540832]","[0.31631571,0.36542997,0.70997864]",0.14846178287737294,1.0005877030087043,0.0878999940395355,false,0.0,nan,0.0,
rrtstar_ompl,19,static_tall_formal_v2_019,easy,tall,39,"[0.66451711,-1.5883544,1.1335882,-1.4980238,-1.9133168,-1.8002433]","[0.31027573,0.36989754,0.709822]",0.14103414059207742,0.9505583178582687,0.0878999940395355,false,0.0,nan,0.0,
rrtstar_ompl,19,static_tall_formal_v2_019,easy,tall,40,"[0.68155601,-1.588825,1.1344494,-1.4961782,-1.9221198,-1.8464033]","[0.30417207,0.37426633,0.70967275]",0.1336045633517292,0.9005289327078336,0.0878999940395355,false,0.0,nan,0.0,
rrtstar_ompl,19,static_tall_formal_v2_019,easy,tall,41,"[0.69859491,-1.5892956,1.1353107,-1.4943327,-1.9309228,-1.8925634]","[0.29800618,0.37853539,0.70953077]",0.12617338173658496,0.8504995475573984,0.0878999940395355,false,0.0,nan,0.0,
rrtstar_ompl,19,static_tall_formal_v2_019,easy,tall,42,"[0.71563381,-1.5897663,1.1361719,-1.4924871,-1.9397258,-1.9387235]","[0.2917797,0.38270396,0.70939624]",0.11874102131121009,0.8004701624069633,0.0878999940395355,false,0.0,nan,0.0,
rrtstar_ompl,19,static_tall_formal_v2_019,easy,tall,43,"[0.73267271,-1.5902369,1.1370331,-1.4906416,-1.9485287,-1.9848836]","[0.28549433,0.3867712,0.70926899]",0.11130798682705732,0.7504407772565279,0.0878999940395355,false,0.0,nan,0.0,
rrtstar_ompl,19,static_tall_formal_v2_019,easy,tall,44,"[0.74971161,-1.5907075,1.1378944,-1.488796,-1.9573317,-2.0310437]","[0.2791515,0.39073637,0.70914906]",0.1038745065076732,0.7004113921060927,0.0878999940395355,false,0.0,nan,0.0,
rrtstar_ompl,19,static_tall_formal_v2_019,easy,tall,45,"[0.76675051,-1.5911781,1.1387556,-1.4869505,-1.9661347,-2.0772038]","[0.27275303,0.39459872,0.70903665]",0.09644116086714336,0.6503820069556576,0.0878999940395355,false,0.0,nan,0.0,
rrtstar_ompl,19,static_tall_formal_v2_019,easy,tall,46,"[0.78378941,-1.5916488,1.1396168,-1.485105,-1.9749377,-2.1233638]","[0.2663005,0.39835757,0.70893133]",0.0890082881069302,0.6003526218052224,0.0878999940395355,false,0.0,nan,0.0,
rrtstar_ompl,19,static_tall_formal_v2_019,easy,tall,47,"[0.80082831,-1.5921194,1.1404781,-1.4832594,-1.9837407,-2.1695239]","[0.25979561,0.40201223,0.70883334]",0.08157634325660536,0.5503232366547872,0.0878999940395355,false,0.0,nan,0.0,
rrtstar_ompl,19,static_tall_formal_v2_019,easy,tall,48,"[0.81786721,-1.59259,1.1413393,-1.4814139,-1.9925437,-2.215684]","[0.25323987,0.40556177,0.70874274]",0.07414571402246693,0.5002938515043521,0.0878999940395355,false,0.0,nan,0.0,
rrtstar_ompl,19,static_tall_formal_v2_019,easy,tall,49,"[0.83490611,-1.5930606,1.1422006,-1.4795683,-2.0013467,-2.2618441]","[0.24663506,0.40900588,0.70865941]",0.06671677963499635,0.4502644663539169,0.0878999940395355,false,0.0,nan,0.0,
rrtstar_ompl,19,static_tall_formal_v2_019,easy,tall,50,"[0.85194501,-1.5935313,1.1430618,-1.4777228,-2.0101497,-2.3080042]","[0.23998287,0.41234374,0.7085833]",0.05929003383978118,0.40023508120348184,0.0878999940395355,false,0.0,nan,0.0,
rrtstar_ompl,19,static_tall_formal_v2_019,easy,tall,51,"[0.86898391,-1.5940019,1.143923,-1.4758772,-2.0189527,-2.3541643]","[0.23328486,0.41557491,0.70851445]",0.05186572319230808,0.3502056960530466,0.0878999940395355,false,0.0,nan,0.0,
rrtstar_ompl,19,static_tall_formal_v2_019,easy,tall,52,"[0.88602281,-1.5944725,1.1447843,-1.4740317,-2.0277557,-2.4003243]","[0.22654279,0.41869867,0.70845294]",0.04444437911457262,0.300176310902611,0.0878999940395355,false,0.0,nan,0.0,
rrtstar_ompl,19,static_tall_formal_v2_019,easy,tall,53,"[0.90306171,-1.5949431,1.1456455,-1.4721861,-2.0365587,-2.4464844]","[0.21975833,0.42171457,0.70839852]",0.03702636435065547,0.2501469257521758,0.0878999940395355,false,0.0,nan,0.0,
rrtstar_ompl,19,static_tall_formal_v2_019,easy,tall,54,"[0.92010061,-1.5954138,1.1465067,-1.4703406,-2.0453617,-2.4926445]","[0.21293315,0.42462209,0.70835131]",0.02961205327564043,0.2001175406017411,0.0878999940395355,false,0.0,nan,0.0,
rrtstar_ompl,19,static_tall_formal_v2_019,easy,tall,55,"[0.93713951,-1.5958844,1.147368,-1.4684951,-2.0541647,-2.5388046]","[0.20606898,0.42742062,0.70831132]",0.022201912443856903,0.15008815545130547,0.0878999940395355,false,0.0,nan,0.0,
rrtstar_ompl,19,static_tall_formal_v2_019,easy,tall,56,"[0.95417841,-1.596355,1.1482292,-1.4666495,-2.0629677,-2.5849647]","[0.19916749,0.43010989,0.70827854]",0.01479625516179268,0.10005877030087033,0.0878999940395355,false,0.0,nan,0.0,
rrtstar_ompl,19,static_tall_formal_v2_019,easy,tall,57,"[0.97121731,-1.5968256,1.1490904,-1.464804,-2.0717707,-2.6311248]","[0.19223031,0.43268928,0.70825285]",0.007395466730892493,0.050029385150435146,0.0878999940395355,false,0.0,nan,0.0,
rrtstar_ompl,19,static_tall_formal_v2_019,easy,tall,58,"[0.98825621,-1.5972963,1.1499517,-1.4629584,-2.0805737,-2.6772848]","[0.18525925,0.43515846,0.70823437]",3.0984753009117826e-09,0.0,0.0878999940395355,false,0.0,nan,0.0,
rrtstar_ompl,20,static_tall_formal_v2_020,near_obstacle,tall,0,"[0,-1.57,1.1,-1.57,-1.57,0]","[0.48397353,0.13337938,0.72136778]",0.27796359705958157,4.109812485875262,0.0878999940395355,false,20.000272750854492,nan,0.0,
rrtstar_ompl,20,static_tall_formal_v2_020,near_obstacle,tall,1,"[-0.023330123,-1.5672117,1.0704457,-1.5827212,-1.5667941,0.030238171]","[0.48488981,0.12242048,0.73598301]",0.282920117909777,4.059692821413368,0.0878999940395355,false,0.0,nan,0.0,
rrtstar_ompl,20,static_tall_formal_v2_020,near_obstacle,tall,2,"[-0.046660247,-1.5644234,1.0408913,-1.5954424,-1.5635883,0.060476341]","[0.48510095,0.11151265,0.75052184]",0.28842324979893064,4.009573156951474,0.0878999940395355,false,0.0,nan,0.0,
rrtstar_ompl,20,static_tall_formal_v2_020,near_obstacle,tall,3,"[-0.06999037,-1.5616351,1.011337,-1.6081635,-1.5603824,0.090714512]","[0.48461199,0.10069333,0.76496905]",0.2944014841848879,3.9594534924895806,0.0878999940395355,false,0.0,nan,0.0,
rrtstar_ompl,20,static_tall_formal_v2_020,near_obstacle,tall,4,"[-0.093320494,-1.5588468,0.98178267,-1.6208847,-1.5571766,0.12095268]","[0.48343006,0.089999691,0.77930987]",0.3007848437302075,3.9093338280276875,0.0878999940395355,false,0.0,nan,0.0,
rrtstar_ompl,20,static_tall_formal_v2_020,near_obstacle,tall,5,"[-0.11665062,-1.5560585,0.95222834,-1.6336059,-1.5539707,0.15119085]","[0.48156452,0.079468399,0.79352921]",0.3075060912877879,3.859214163565794,0.0878999940395355,false,0.0,nan,0.0,
rrtstar_ompl,20,static_tall_formal_v2_020,near_obstacle,tall,6,"[-0.13998074,-1.5532702,0.922674,-1.6463271,-1.5507649,0.18142902]","[0.47902685,0.069135554,0.80761224]",0.31450126856591637,3.8090944991039004,0.0878999940395355,false,0.0,nan,0.0,
rrtstar_ompl,20,static_tall_formal_v2_020,near_obstacle,tall,7,"[-0.16331086,-1.5504819,0.89311967,-1.6590483,-1.547559,0.2116672]","[0.47583032,0.059036512,0.82154381]",0.32170994473436004,3.7589748346420073,0.0878999940395355,false,0.0,nan,0.0,
rrtstar_ompl,20,static_tall_formal_v2_020,near_obstacle,tall,8,"[-0.18664099,-1.5476936,0.86356534,-1.6717694,-1.5443532,0.24190537]","[0.4719905,0.049205843,0.83530962]",0.3290758308948827,3.708855170180114,0.0878999940395355,false,0.0,nan,0.0,
rrtstar_ompl,20,static_tall_formal_v2_020,near_obstacle,tall,9,"[-0.20997111,-1.5449053,0.834011,-1.6844906,-1.5411473,0.27214354]","[0.46752471,0.039677158,0.8488946]",0.3365463536567608,3.6587355057182207,0.0878999940395355,false,0.0,nan,0.0,
rrtstar_ompl,20,static_tall_formal_v2_020,near_obstacle,tall,10,"[-0.23330123,-1.542117,0.80445667,-1.6972118,-1.5379415,0.30238171]","[0.46245223,0.030483067,0.8622843]",0.34407286328047226,3.6086158412563267,0.0878999940395355,false,0.0,nan,0.0,
rrtstar_ompl,20,static_tall_formal_v2_020,near_obstacle,tall,11,"[-0.25663136,-1.5393287,0.77490234,-1.709933,-1.5347356,0.33261988]","[0.4567942,0.021654963,0.87546432]",0.3516104529912249,3.558496176794433,0.0878999940395355,false,0.0,nan,0.0,
rrtstar_ompl,20,static_tall_formal_v2_020,near_obstacle,tall,12,"[-0.27996148,-1.5365404,0.74534801,-1.7226542,-1.5315298,0.36285805]","[0.45057341,0.013223024,0.88842052]",0.35911767339435086,3.5083765123325397,0.0878999940395355,false,0.0,nan,0.0,
rrtstar_ompl,20,static_tall_formal_v2_020,near_obstacle,tall,13,"[-0.3032916,-1.5337521,0.71579367,-1.7353753,-1.5283239,0.39309622]","[0.44381458,0.005216049,0.9011386]",0.3665563675324605,3.4582568478706466,0.0878999940395355,false,0.0,nan,0.0,
rrtstar_ompl,20,static_tall_formal_v2_020,near_obstacle,tall,14,"[-0.32662173,-1.5309638,0.68623934,-1.7480965,-1.5251181,0.42333439]","[0.43654376,-0.0023385584,0.91360486]",0.3738913592679067,3.408137183408753,0.0878999940395355,false,0.0,nan,0.0,
rrtstar_ompl,20,static_tall_formal_v2_020,near_obstacle,tall,15,"[-0.34995185,-1.5281755,0.65668501,-1.7608177,-1.5219122,0.45357256]","[0.42878875,-0.0094149914,0.92580557]",0.3810903272375868,3.3580175189468595,0.0878999940395355,false,0.0,nan,0.0,
rrtstar_ompl,20,static_tall_formal_v2_020,near_obstacle,tall,16,"[-0.37328197,-1.5253872,0.62713068,-1.7735389,-1.5187063,0.48381073]","[0.42057878,-0.015989048,0.93772727]",0.3881234929917563,3.307897854484966,0.0878999940395355,false,0.0,nan,0.0,
rrtstar_ompl,20,static_tall_formal_v2_020,near_obstacle,tall,17,"[-0.3966121,-1.5225989,0.59757634,-1.7862601,-1.5155005,0.5140489]","[0.41194421,-0.022038238,0.94935691]",0.3949634128829199,3.257778190023073,0.0878999940395355,false,0.0,nan,0.0,
rrtstar_ompl,20,static_tall_formal_v2_020,near_obstacle,tall,18,"[-0.41994222,-1.5198106,0.56802201,-1.7989812,-1.5122946,0.54428707]","[0.402917,-0.027541857,0.96068132]",0.401584752573615,3.2076585255611794,0.08729514758232537,false,0.0,nan,0.0,
rrtstar_ompl,20,static_tall_formal_v2_020,near_obstacle,tall,19,"[-0.44327234,-1.5170223,0.53846768,-1.8117024,-1.5090888,0.57452524]","[0.39353001,-0.032481126,0.97168803]",0.40796429568466575,3.157538861099286,0.08364292773959878,false,0.0,nan,0.0,
rrtstar_ompl,20,static_tall_formal_v2_020,near_obstacle,tall,20,"[-0.46660247,-1.514234,0.50891334,-1.8244236,-1.5058829,0.60476341]","[0.3838172,-0.036839031,0.98236459]",0.4140803776014559,3.1074191966373927,0.0801196989745783,false,0.0,nan,0.0,
rrtstar_ompl,20,static_tall_formal_v2_020,near_obstacle,tall,21,"[-0.48993259,-1.5114457,0.47935901,-1.8371448,-1.5026771,0.63500159]","[0.3738136,-0.040600687,0.99269891]",0.4199131662864707,3.057299532175499,0.0767372502833635,false,0.0,nan,0.0,
rrtstar_ompl,20,static_tall_formal_v2_020,near_obstacle,tall,22,"[-0.51326272,-1.5086574,0.44980468,-1.849866,-1.4994712,0.66523976]","[0.36355481,-0.04375314,1.0026795]",0.4254443181275614,3.0071798677136057,0.07350791198565668,false,0.0,nan,0.0,
rrtstar_ompl,20,static_tall_formal_v2_020,near_obstacle,tall,23,"[-0.53659284,-1.5058691,0.42025035,-1.8625871,-1.4962654,0.69547793]","[0.35307738,-0.046285652,1.0122947]",0.43065683613244377,2.957060203251712,0.070444434863106,false,0.0,nan,0.0,
rrtstar_ompl,20,static_tall_formal_v2_020,near_obstacle,tall,24,"[-0.55992296,-1.5030808,0.39069601,-1.8753083,-1.4930595,0.7257161]","[0.34241825,-0.048189342,1.0215336]",0.4355349594577875,2.906940538789819,0.06755999062386375,false,0.0,nan,0.0,
rrtstar_ompl,20,static_tall_formal_v2_020,near_obstacle,tall,25,"[-0.58325309,-1.5002925,0.36114168,-1.8880295,-1.4898537,0.75595427]","[0.33161503,-0.049457777,1.0303856]",0.44006427567561707,2.8568208743279255,0.06486793531732421,false,0.0,nan,0.0,
rrtstar_ompl,20,static_tall_formal_v2_020,near_obstacle,tall,26,"[-0.60658321,-1.4975042,0.33158735,-1.9007507,-1.4866478,0.78619244]","[0.32070538,-0.050086506,1.0388407]",0.4442314700485616,2.806701209866032,0.062381732245585714,false,0.0,nan,0.0,
rrtstar_ompl,20,static_tall_formal_v2_020,near_obstacle,tall,27,"[-0.62991333,-1.4947159,0.30203301,-1.9134719,-1.483442,0.81643061]","[0.30972749,-0.05007327,1.0468886]",0.4480240131152083,2.7565815454041385,0.06011477272057439,false,0.0,nan,0.0,
rrtstar_ompl,20,static_tall_formal_v2_020,near_obstacle,tall,28,"[-0.65324346,-1.4919276,0.27247868,-1.9261931,-1.4802361,0.84666878]","[0.29871932,-0.049418055,1.0545201]",0.4514305942648638,2.706461880942245,0.05808012933246004,false,0.0,nan,0.0,
rrtstar_ompl,20,static_tall_formal_v2_020,near_obstacle,tall,29,"[-0.67657358,-1.4891393,0.24292435,-1.9389142,-1.4770302,0.87690695]","[0.28771919,-0.048123136,1.0617263]",0.45444087481139855,2.656342216480352,0.056290258816668964,false,0.0,nan,0.0,
rrtstar_ompl,20,static_tall_formal_v2_020,near_obstacle,tall,30,"[-0.6999037,-1.486351,0.21337002,-1.9516354,-1.4738244,0.90714512]","[0.27676487,-0.046192843,1.0684983]",0.4570449725769485,2.6062225520184583,0.05475684093926164,false,0.0,nan,0.0,
rrtstar_ompl,20,static_tall_formal_v2_020,near_obstacle,tall,31,"[-0.72323383,-1.4835627,0.18381568,-1.9643566,-1.4706185,0.93738329]","[0.26589403,-0.043633737,1.0748283]",0.4592343988077144,2.556102887556565,0.05349045496759894,false,0.0,nan,0.0,
rrtstar_ompl,20,static_tall_formal_v2_020,near_obstacle,tall,32,"[-0.74656395,-1.4807744,0.15426135,-1.9770778,-1.4674127,0.96762146]","[0.25514391,-0.040454574,1.0807084]",0.4610009573402401,2.5059832230946717,0.052500276555442066,false,0.0,nan,0.0,
rrtstar_ompl,20,static_tall_formal_v2_020,near_obstacle,tall,33,"[-0.76989407,-1.4779861,0.12470702,-1.989799,-1.4642068,0.99785963]","[0.24455112,-0.036666196,1.0861316]",0.4623374562350003,2.4558635586327777,0.05179385625039215,false,0.0,nan,0.0,
rrtstar_ompl,20,static_tall_formal_v2_020,near_obstacle,tall,34,"[-0.7932242,-1.4751978,0.095152685,-2.0025201,-1.461001,1.0280978]","[0.23415169,-0.03228163,1.0910912]",0.46323739596452723,2.4057438941708846,0.051376867063295,false,0.0,nan,0.0,
rrtstar_ompl,20,static_tall_formal_v2_020,near_obstacle,tall,35,"[-0.81655432,-1.4724095,0.065598352,-2.0152413,-1.4577951,1.058336]","[0.22398087,-0.027315848,1.0955809]",0.46369485659743603,2.355624229708991,0.05125295542882094,false,0.0,nan,0.0,
rrtstar_ompl,20,static_tall_formal_v2_020,near_obstacle,tall,36,"[-0.83988444,-1.4696212,0.036044019,-2.0279625,-1.4545893,1.0885741]","[0.21407297,-0.021786004,1.0995951]",0.46370460501783956,2.3055045652470976,0.051423595180936865,false,0.0,nan,0.0,
rrtstar_ompl,20,static_tall_formal_v2_020,near_obstacle,tall,37,"[-0.86321457,-1.4668329,0.0064896862,-2.0406837,-1.4513834,1.1188123]","[0.20446131,-0.015711077,1.1031284]",0.4632620717203917,2.255384900785204,0.05188806968674631,false,0.0,nan,0.0,
rrtstar_ompl,20,static_tall_formal_v2_020,near_obstacle,tall,38,"[-0.88654469,-1.4640446,-0.023064647,-2.0534049,-1.4481776,1.1490505]","[0.19517803,-0.0091120377,1.1061763]",0.4623632658023546,2.205265236323311,0.05264349417457037,false,0.0,nan,0.0,
rrtstar_ompl,20,static_tall_formal_v2_020,near_obstacle,tall,39,"[-0.90987481,-1.4612563,-0.052618979,-2.066126,-1.4449717,1.1792887]","[0.18625404,-0.0020115748,1.1087346]",0.46100493080354865,2.1551455718614174,0.0536849249022828,false,0.0,nan,0.0,
rrtstar_ompl,20,static_tall_formal_v2_020,near_obstacle,tall,40,"[-0.93320494,-1.458468,-0.082173312,-2.0788472,-1.4417659,1.2095268]","[0.17771894,0.0055656433,1.1107997]",0.45918424492001136,2.105025907399524,0.05500549788797218,false,0.0,nan,0.0,
rrtstar_ompl,20,static_tall_formal_v2_020,near_obstacle,tall,41,"[-0.95653506,-1.4556796,-0.11172764,-2.0915684,-1.43856,1.239765]","[0.16960086,0.013593554,1.1123685]",0.45689896983578604,2.054906242937631,0.05659666587827944,false,0.0,nan,0.0,
rrtstar_ompl,20,static_tall_formal_v2_020,near_obstacle,tall,42,"[-0.97986518,-1.4528913,-0.14128198,-2.1042896,-1.4353542,1.2700032]","[0.1619264,0.022044219,1.1134385]",0.45414756176545185,2.004786578475737,0.058448445129241466,false,0.0,nan,0.0,
rrtstar_ompl,20,static_tall_formal_v2_020,near_obstacle,tall,43,"[-1.0031953,-1.450103,-0.17083631,-2.1170108,-1.4321483,1.3002413]","[0.15472049,0.030888427,1.1140076]",0.4509287396596512,1.9546669140138437,0.05911705004162353,false,0.0,nan,0.0,
rrtstar_ompl,20,static_tall_formal_v2_020,near_obstacle,tall,44,"[-1.0265254,-1.4473147,-0.20039064,-2.1297319,-1.4289424,1.3304795]","[0.14800639,0.040095367,1.1140743]",0.4472419675821017,1.9045472495519502,0.059766136276251755,false,0.0,nan,0.0,
rrtstar_ompl,20,static_tall_formal_v2_020,near_obstacle,tall,45,"[-1.0498556,-1.4445264,-0.22994498,-2.1424531,-1.4257366,1.3607177]","[0.14180553,0.049633019,1.1136379]",0.44308722028184166,1.8544275850900567,0.06061983385138579,false,0.0,nan,0.0,
rrtstar_ompl,20,static_tall_formal_v2_020,near_obstacle,tall,46,"[-1.0731857,-1.4417381,-0.25949931,-2.1551743,-1.4225307,1.3909559]","[0.13613747,0.05946815,1.1126978]",0.43846482576053053,1.8043079206281631,0.0616739632470794,false,0.0,nan,0.0,
rrtstar_ompl,20,static_tall_formal_v2_020,near_obstacle,tall,47,"[-1.0965158,-1.4389498,-0.28905364,-2.1678955,-1.4193249,1.421194]","[0.13101985,0.069566444,1.1112545]",0.4333758146664355,1.75418825616627,0.06292349467433243,false,0.0,nan,0.0,
rrtstar_ompl,20,static_tall_formal_v2_020,near_obstacle,tall,48,"[-1.1198459,-1.4361615,-0.31860797,-2.1806167,-1.416119,1.4514322]","[0.1264683,0.079892568,1.1093084]",0.4278214784695069,1.7040685917043765,0.06436261448754081,false,0.0,nan,0.0,
rrtstar_ompl,20,static_tall_formal_v2_020,near_obstacle,tall,49,"[-1.143176,-1.4333732,-0.34816231,-2.1933378,-1.4129132,1.4816704]","[0.12249635,0.090410329,1.106861]",0.4218038223273211,1.6539489272424832,0.06598488981186838,false,0.0,nan,0.0,
rrtstar_ompl,20,static_tall_formal_v2_020,near_obstacle,tall,50,"[-1.1665062,-1.4305849,-0.37771664,-2.206059,-1.4097073,1.5119085]","[0.11911549,0.10108287,1.1039141]",0.4153251018088681,1.6038292627805897,0.06778330500425779,false,0.0,nan,0.0,
rrtstar_ompl,20,static_tall_formal_v2_020,near_obstacle,tall,51,"[-1.1898363,-1.4277966,-0.40727097,-2.2187802,-1.4065015,1.5421467]","[0.11633502,0.1118726,1.1004703]",0.4083882253460745,1.5537095983186964,0.06975045292177075,false,0.0,nan,0.0,
rrtstar_ompl,20,static_tall_formal_v2_020,near_obstacle,tall,52,"[-1.2131664,-1.4250083,-0.43682531,-2.2315014,-1.4032956,1.5723849]","[0.11416207,0.12274145,1.0965322]",0.40099630731946145,1.5035899338568028,0.07187861799796731,false,0.0,nan,0.0,
rrtstar_ompl,20,static_tall_formal_v2_020,near_obstacle,tall,53,"[-1.2364965,-1.42222,-0.46637964,-2.2442226,-1.4000898,1.602623]","[0.11260158,0.13365112,1.0921037]",0.39315323513096956,1.4534702693949095,0.0741598290018025,false,0.0,nan,0.0,
rrtstar_ompl,20,static_tall_formal_v2_020,near_obstacle,tall,54,"[-1.2598267,-1.4194317,-0.49593397,-2.2569437,-1.3968839,1.6328612]","[0.11165623,0.14456287,1.0871887]",0.38486311380375643,1.4033506049330158,0.07658604564589482,false,0.0,nan,0.0,
rrtstar_ompl,20,static_tall_formal_v2_020,near_obstacle,tall,55,"[-1.2831568,-1.4166434,-0.5254883,-2.2696649,-1.3936781,1.6630994]","[0.1113265,0.15543801,1.0817919]",0.37613052589155277,1.3532309404711225,0.07885696661719122,false,0.0,nan,0.0,
rrtstar_ompl,20,static_tall_formal_v2_020,near_obstacle,tall,56,"[-1.3064869,-1.4138551,-0.55504264,-2.2823861,-1.3904722,1.6933376]","[0.11161064,0.16623773,1.0759181]",0.3669602813568319,1.303111276009229,0.08042965313300629,false,0.0,nan,0.0,
rrtstar_ompl,20,static_tall_formal_v2_020,near_obstacle,tall,57,"[-1.329817,-1.4110668,-0.58459697,-2.2951073,-1.3872663,1.7235757]","[0.11250451,0.17692368,1.0695733]",0.3573579810767412,1.2529916115473358,0.08212371048557263,false,0.0,nan,0.0,
rrtstar_ompl,20,static_tall_formal_v2_020,near_obstacle,tall,58,"[-1.3531472,-1.4082785,-0.6141513,-2.3078285,-1.3840605,1.7538139]","[0.11400205,0.18745717,1.0627635]",0.34732932025940183,1.2028719470854425,0.08393444546588652,false,0.0,nan,0.0,
rrtstar_ompl,20,static_tall_formal_v2_020,near_obstacle,tall,59,"[-1.3764773,-1.4054902,-0.64370564,-2.3205496,-1.3808546,1.7840521]","[0.11609466,0.19780056,1.0554953]",0.33688044406807566,1.152752282623549,0.08585702485036431,false,0.0,nan,0.0,
rrtstar_ompl,20,static_tall_formal_v2_020,near_obstacle,tall,60,"[-1.3998074,-1.4027019,-0.67325997,-2.3332708,-1.3776488,1.8142902]","[0.11877178,0.20791636,1.0477762]",0.32601818789407977,1.1026326181616553,0.08788654639845012,false,0.0,nan,0.0,
rrtstar_ompl,20,static_tall_formal_v2_020,near_obstacle,tall,61,"[-1.4231375,-1.3999136,-0.7028143,-2.345992,-1.3744429,1.8445284]","[0.12202056,0.21776795,1.0396136]",0.31474916305905154,1.0525129536997622,0.0878999940395355,false,0.0,nan,0.0,
rrtstar_ompl,20,static_tall_formal_v2_020,near_obstacle,tall,62,"[-1.4464677,-1.3971253,-0.73236863,-2.3587132,-1.3712371,1.8747666]","[0.12582614,0.2273194,1.0310159]",0.30308090436762947,1.0023932892378684,0.0878999940395355,false,0.0,nan,0.0,
rrtstar_ompl,20,static_tall_formal_v2_020,near_obstacle,tall,63,"[-1.4697978,-1.394337,-0.76192297,-2.3714344,-1.3680312,1.9050048]","[0.13017151,0.2365357,1.0219917]",0.291021136591668,0.9522736247759751,0.0878999940395355,false,0.0,nan,0.0,
rrtstar_ompl,20,static_tall_formal_v2_020,near_obstacle,tall,64,"[-1.4931279,-1.3915487,-0.7914773,-2.3841555,-1.3648254,1.9352429]","[0.13503775,0.24538276,1.0125499]",0.27857753704926064,0.9021539603140817,0.0878999940395355,false,0.0,nan,0.0,
rrtstar_ompl,20,static_tall_formal_v2_020,near_obstacle,tall,65,"[-1.516458,-1.3887604,-0.82103163,-2.3968767,-1.3616195,1.9654811]","[0.14040388,0.2538279,1.0027006]",0.2657590054792781,0.8520342958521882,0.0878999940395355,false,0.0,nan,0.0,
rrtstar_ompl,20,static_tall_formal_v2_020,near_obstacle,tall,66,"[-1.5397881,-1.3859721,-0.85058597,-2.4095979,-1.3584137,1.9957193]","[0.1462471,0.2618393,0.99245322]",0.2525737840898527,0.8019146313902947,0.0878999940395355,false,0.0,nan,0.0,
rrtstar_ompl,20,static_tall_formal_v2_020,near_obstacle,tall,67,"[-1.5631183,-1.3831838,-0.8801403,-2.4223191,-1.3552078,2.0259574]","[0.15254283,0.26938698,0.98181868]",0.23903114035221937,0.7517949669284016,0.0878999940395355,false,0.0,nan,0.0,
rrtstar_ompl,20,static_tall_formal_v2_020,near_obstacle,tall,68,"[-1.5864484,-1.3803955,-0.90969463,-2.4350403,-1.352002,2.0561956]","[0.15926471,0.27644187,0.97080761]",0.22514028172045494,0.7016753024665082,0.0878999940395355,false,0.0,nan,0.0,
rrtstar_ompl,20,static_tall_formal_v2_020,near_obstacle,tall,69,"[-1.6097785,-1.3776072,-0.93924896,-2.4477614,-1.3487961,2.0864338]","[0.16638473,0.28297701,0.95943159]",0.21091104978897518,0.6515556380046146,0.0878999940395355,false,0.0,nan,0.0,
rrtstar_ompl,20,static_tall_formal_v2_020,near_obstacle,tall,70,"[-1.6331086,-1.3748189,-0.9688033,-2.4604826,-1.3455903,2.116672]","[0.17387338,0.28896663,0.94770205]",0.19635317898958116,0.6014359735427214,0.0878999940395355,false,0.0,nan,0.0,
rrtstar_ompl,20,static_tall_formal_v2_020,near_obstacle,tall,71,"[-1.6564388,-1.3720306,-0.99835763,-2.4732038,-1.3423844,2.1469101]","[0.18169968,0.29438707,0.93563116]",0.1814769370608547,0.5513163090808277,0.0878999940395355,false,0.0,nan,0.0,
rrtstar_ompl,20,static_tall_formal_v2_020,near_obstacle,tall,72,"[-1.6797689,-1.3692423,-1.027912,-2.485925,-1.3391785,2.1771483]","[0.1898313,0.29921615,0.92323142]",0.16629289028838687,0.5011966446189343,0.0878999940395355,false,0.0,nan,0.0,
rrtstar_ompl,20,static_tall_formal_v2_020,near_obstacle,tall,73,"[-1.703099,-1.366454,-1.0574663,-2.4986462,-1.3359727,2.2073865]","[0.19823462,0.30343384,0.91051543]",0.15081162940882553,0.4510769801570408,0.0878999940395355,false,0.0,nan,0.0,
rrtstar_ompl,20,static_tall_formal_v2_020,near_obstacle,tall,74,"[-1.7264291,-1.3636657,-1.0870206,-2.5113673,-1.3327668,2.2376246]","[0.20687489,0.30702206,0.89749658]",0.13504440496552741,0.4009573156951474,0.0878999940395355,false,0.0,nan,0.0,
rrtstar_ompl,20,static_tall_formal_v2_020,near_obstacle,tall,75,"[-1.7497593,-1.3608774,-1.116575,-2.5240885,-1.329561,2.2678628]","[0.21571645,0.30996451,0.88418794]",0.11900210825183764,0.35083765123325394,0.0878999940395355,false,0.0,nan,0.0,
rrtstar_ompl,20,static_tall_formal_v2_020,near_obstacle,tall,76,"[-1.7730894,-1.3580891,-1.1461293,-2.5368097,-1.3263551,2.298101]","[0.22472261,0.31224731,0.87060356]",0.10269650283999955,0.3007179867713603,0.0878999940395355,false,0.0,nan,0.0,
rrtstar_ompl,20,static_tall_formal_v2_020,near_obstacle,tall,77,"[-1.7964195,-1.3553008,-1.1756836,-2.5495309,-1.3231493,2.3283391]","[0.23385589,0.31385857,0.8567574]",0.08613924521758792,0.25059832230946744,0.0878999940395355,false,0.0,nan,0.0,
rrtstar_ompl,20,static_tall_formal_v2_020,near_obstacle,tall,78,"[-1.8197496,-1.3525125,-1.205238,-2.5622521,-1.3199434,2.3585773]","[0.24307826,0.31478858,0.84266365]",0.06934211672287534,0.20047865784757377,0.0878999940395355,false,0.0,nan,0.0,
rrtstar_ompl,20,static_tall_formal_v2_020,near_obstacle,tall,79,"[-1.8430797,-1.3497242,-1.2347923,-2.5749732,-1.3167376,2.3888155]","[0.25235111,0.31502965,0.82833683]",0.05231720731163353,0.15035899338568043,0.0878999940395355,false,0.0,nan,0.0,
rrtstar_ompl,20,static_tall_formal_v2_020,near_obstacle,tall,80,"[-1.8664099,-1.3469359,-1.2643466,-2.5876944,-1.3135317,2.4190537]","[0.26163527,0.31457677,0.81379175]",0.0350768812164558,0.1002393289237871,0.0878999940395355,false,0.0,nan,0.0,
rrtstar_ompl,20,static_tall_formal_v2_020,near_obstacle,tall,81,"[-1.88974,-1.3441476,-1.293901,-2.6004156,-1.3103259,2.4492918]","[0.27089161,0.31342694,0.79904354]",0.017633651080015685,0.050119664461893226,0.0878999940395355,false,0.0,nan,0.0,
rrtstar_ompl,20,static_tall_formal_v2_020,near_obstacle,tall,82,"[-1.9130701,-1.3413593,-1.3234553,-2.6131368,-1.30712,2.47953]","[0.2800805,0.31157917,0.78410715]",3.7368416820939566e-09,0.0,0.0878999940395355,false,0.0,nan,0.0,
rrtstar_ompl,21,static_tall_formal_v2_021,near_obstacle,tall,0,"[0,-1.57,1.1,-1.57,-1.57,0]","[0.48397353,0.13337938,0.72136778]",0.6306061495629403,3.1861872432923524,0.0878999940395355,false,20.17698645591736,nan,0.0,
rrtstar_ompl,21,static_tall_formal_v2_021,near_obstacle,tall,1,"[0.038695607,-1.5759621,1.0694427,-1.5717677,-1.5712622,-0.0092956724]","[0.47078633,0.15157998,0.73917061]",0.6435746058689551,3.135612842605172,0.0878999940395355,false,0.0,nan,0.0,
rrtstar_ompl,21,static_tall_formal_v2_021,near_obstacle,tall,2,"[0.077391214,-1.5819241,1.0388855,-1.5735354,-1.5725245,-0.018591345]","[0.45627299,0.16890982,0.75676125]",0.6565251673093206,3.085038441917992,0.0878999940395355,false,0.0,nan,0.0,
rrtstar_ompl,21,static_tall_formal_v2_021,near_obstacle,tall,3,"[0.11608682,-1.5878862,1.0083282,-1.5753031,-1.5737867,-0.027887017]","[0.44049203,0.18526974,0.77411562]",0.6693702745400874,3.0344640412308115,0.0878999940395355,false,0.0,nan,0.0,
rrtstar_ompl,21,static_tall_formal_v2_021,near_obstacle,tall,4,"[0.15478243,-1.5938483,0.97777095,-1.5770708,-1.5750489,-0.03718269]","[0.42350966,0.20056465,0.79120988]",0.6820275794256179,2.9838896405436315,0.0878999940395355,false,0.0,nan,0.0,
rrtstar_ompl,21,static_tall_formal_v2_021,near_obstacle,tall,5,"[0.19347804,-1.5998103,0.94721369,-1.5788385,-1.5763112,-0.046478362]","[0.40539864,0.21470417,0.80802023]",0.6944198373389245,2.933315239856452,0.0878999940395355,false,0.0,nan,0.0,
rrtstar_ompl,21,static_tall_formal_v2_021,near_obstacle,tall,6,"[0.23217364,-1.6057724,0.91665643,-1.5806062,-1.5775734,-0.055774034]","[0.38623935,0.22760311,0.82452357]",0.7064747314437064,2.882740839169271,0.0878999940395355,false,0.0,nan,0.0,
rrtstar_ompl,21,static_tall_formal_v2_021,near_obstacle,tall,7,"[0.27086925,-1.6117344,0.88609916,-1.5823739,-1.5788356,-0.065069707]","[0.36611786,0.23918207,0.84069705]",0.7181246865635028,2.832166438482091,0.0878999940395355,false,0.0,nan,0.0,
rrtstar_ompl,21,static_tall_formal_v2_021,near_obstacle,tall,8,"[0.30956486,-1.6176965,0.8555419,-1.5841416,-1.5800978,-0.074365379]","[0.34512642,0.24936782,0.85651845]",0.7293065963712098,2.7815920377949106,0.0878999940395355,false,0.0,nan,0.0,
rrtstar_ompl,21,static_tall_formal_v2_021,near_obstacle,tall,9,"[0.34826046,-1.6236586,0.82498464,-1.5859093,-1.5813601,-0.083661051]","[0.32336301,0.25809377,0.87196541]",0.739961595348394,2.7310176371077306,0.0878999940395355,false,0.0,nan,0.0,
rrtstar_ompl,21,static_tall_formal_v2_021,near_obstacle,tall,10,"[0.38695607,-1.6296206,0.79442738,-1.587677,-1.5826223,-0.092956724]","[0.30093038,0.26530051,0.88701683]",0.7500349892271926,2.68044323642055,0.0878999940395355,false,0.0,nan,0.0,
rrtstar_ompl,21,static_tall_formal_v2_021,near_obstacle,tall,11,"[0.42565168,-1.6355827,0.76387011,-1.5894447,-1.5838845,-0.1022524]","[0.27793592,0.27093595,0.9016515]",0.7594757824795739,2.62986883573337,0.0878999940395355,false,0.0,nan,0.0,
rrtstar_ompl,21,static_tall_formal_v2_021,near_obstacle,tall,12,"[0.46434729,-1.6415448,0.73331285,-1.5912124,-1.5851468,-0.11154807]","[0.25449073,0.27495569,0.91584891]",0.7682365510166239,2.57929443504619,0.0878999940395355,false,0.0,nan,0.0,
rrtstar_ompl,21,static_tall_formal_v2_021,near_obstacle,tall,13,"[0.50304289,-1.6475068,0.70275559,-1.5929801,-1.586409,-0.12084374]","[0.23070958,0.27732372,0.92958939]",0.7762736578286779,2.5287200343590097,0.0878999940395355,false,0.0,nan,0.0,
rrtstar_ompl,21,static_tall_formal_v2_021,near_obstacle,tall,14,"[0.5417385,-1.6534689,0.67219833,-1.5947478,-1.5876712,-0.13013941]","[0.20670989,0.27801198,0.94285351]",0.7835463402388577,2.4781456336718297,0.0878999940395355,false,0.0,nan,0.0,
rrtstar_ompl,21,static_tall_formal_v2_021,near_obstacle,tall,15,"[0.58043411,-1.659431,0.64164106,-1.5965154,-1.5889335,-0.13943509]","[0.18261093,0.27700114,0.95562261]",0.7900172960770157,2.4275712329846497,0.0878999940395355,false,0.0,nan,0.0,
rrtstar_ompl,21,static_tall_formal_v2_021,near_obstacle,tall,16,"[0.61912971,-1.665393,0.6110838,-1.5982831,-1.5901957,-0.14873076]","[0.15853417,0.27428049,0.96787876]",0.7956519937340045,2.3769968322974693,0.0878999940395355,false,0.0,nan,0.0,
rrtstar_ompl,21,static_tall_formal_v2_021,near_obstacle,tall,17,"[0.65782532,-1.6713551,0.58052654,-1.6000508,-1.5914579,-0.15802643]","[0.13460125,0.26984808,0.9796046]",0.8004189344561802,2.326422431610289,0.0878999940395355,false,0.0,nan,0.0,
rrtstar_ompl,21,static_tall_formal_v2_021,near_obstacle,tall,18,"[0.69652093,-1.6773172,0.54996928,-1.6018185,-1.5927201,-0.1673221]","[0.11093464,0.26371092,0.99078345]",0.8042892984268183,2.275848030923109,0.0878999940395355,false,0.0,nan,0.0,
rrtstar_ompl,21,static_tall_formal_v2_021,near_obstacle,tall,19,"[0.73521654,-1.6832792,0.51941201,-1.6035862,-1.5939824,-0.17661778]","[0.087656021,0.25588477,1.0013992]",0.8072368891486931,2.225273630235929,0.0878999940395355,false,0.0,nan,0.0,
rrtstar_ompl,21,static_tall_formal_v2_021,near_obstacle,tall,20,"[0.77391214,-1.6892413,0.48885475,-1.6053539,-1.5952446,-0.18591345]","[0.064886034,0.24639413,1.0114369]",0.8092381189788831,2.1746992295487484,0.0878999940395355,false,0.0,nan,0.0,
rrtstar_ompl,21,static_tall_formal_v2_021,near_obstacle,tall,21,"[0.81260775,-1.6952033,0.45829749,-1.6071216,-1.5965068,-0.19520912]","[0.042743847,0.23527256,1.0208819]",0.8102718840790109,2.1241248288615684,0.0878999940395355,false,0.0,nan,0.0,
rrtstar_ompl,21,static_tall_formal_v2_021,near_obstacle,tall,22,"[0.85130336,-1.7011654,0.42774023,-1.6088893,-1.5977691,-0.20450479]","[0.02134598,0.22256193,1.029721]",0.8103195903410453,2.073550428174388,0.0878999940395355,false,0.0,nan,0.0,
rrtstar_ompl,21,static_tall_formal_v2_021,near_obstacle,tall,23,"[0.88999896,-1.7071275,0.39718297,-1.610657,-1.5990313,-0.21380046]","[0.00080628693,0.20831284,1.0379407]",0.8093647617761672,2.022976027487208,0.0878999940395355,false,0.0,nan,0.0,
rrtstar_ompl,21,static_tall_formal_v2_021,near_obstacle,tall,24,"[0.92869457,-1.7130895,0.3666257,-1.6124247,-1.6002935,-0.22309614]","[-0.018765345,0.19258377,1.0455295]",0.8073933571755657,1.972401626800028,0.0878999940395355,false,0.0,nan,0.0,
rrtstar_ompl,21,static_tall_formal_v2_021,near_obstacle,tall,25,"[0.96739018,-1.7190516,0.33606844,-1.6141924,-1.6015558,-0.23239181]","[-0.037262883,0.17544152,1.0524759]",0.8043935695445777,1.9218272261128473,0.0878999940395355,false,0.0,nan,0.0,
rrtstar_ompl,21,static_tall_formal_v2_021,near_obstacle,tall,26,"[1.0060858,-1.7250137,0.30551118,-1.6159601,-1.602818,-0.24168748]","[-0.054585349,0.15696022,1.0587696]",0.8003556236029956,1.8712528254256675,0.0878999940395355,false,0.0,nan,0.0,
rrtstar_ompl,21,static_tall_formal_v2_021,near_obstacle,tall,27,"[1.0447814,-1.7309757,0.27495392,-1.6177278,-1.6040802,-0.25098315]","[-0.070637047,0.1372214,1.0644015]",0.7952721424625887,1.8206784247384873,0.0878999940395355,false,0.0,nan,0.0,
rrtstar_ompl,21,static_tall_formal_v2_021,near_obstacle,tall,28,"[1.083477,-1.7369378,0.24439665,-1.6194955,-1.6053425,-0.26027883]","[-0.085327968,0.11631356,1.0693624]",0.7891374349068144,1.770104024051307,0.0878999940395355,false,0.0,nan,0.0,
rrtstar_ompl,21,static_tall_formal_v2_021,near_obstacle,tall,29,"[1.1221726,-1.7428999,0.21383939,-1.6212632,-1.6066047,-0.2695745]","[-0.098574787,0.094331466,1.073645]",0.7819482008605814,1.7195296233641268,0.0878999940395355,false,0.0,nan,0.0,
rrtstar_ompl,21,static_tall_formal_v2_021,near_obstacle,tall,30,"[1.1608682,-1.7488619,0.18328213,-1.6230309,-1.6078669,-0.27887017]","[-0.11030068,0.071376063,1.0772425]",0.773702985634904,1.6689552226769464,0.0878999940395355,false,0.0,nan,0.0,
rrtstar_ompl,21,static_tall_formal_v2_021,near_obstacle,tall,31,"[1.1995638,-1.754824,0.15272487,-1.6247986,-1.6091291,-0.28816584]","[-0.12043631,0.047553547,1.0801488]",0.7644021960354132,1.6183808219897664,0.0878999940395355,false,0.0,nan,0.0,
rrtstar_ompl,21,static_tall_formal_v2_021,near_obstacle,tall,32,"[1.2382594,-1.760786,0.1221676,-1.6265663,-1.6103914,-0.29746152]","[-0.12891987,0.022975333,1.0823592]",0.7540483876125893,1.5678064213025862,0.0878999940395355,false,0.0,nan,0.0,
rrtstar_ompl,21,static_tall_formal_v2_021,near_obstacle,tall,33,"[1.276955,-1.7667481,0.091610341,-1.628334,-1.6116536,-0.30675719]","[-0.13569766,-0.0022430569,1.0838696]",0.7426458215167203,1.5172320206154057,0.0878999940395355,false,0.0,nan,0.0,
rrtstar_ompl,21,static_tall_formal_v2_021,near_obstacle,tall,34,"[1.3156506,-1.7727102,0.061053079,-1.6301017,-1.6129158,-0.31605286]","[-0.14072427,-0.027982399,1.0846767]",0.7302004969094974,1.466657619928226,0.0878999940395355,false,0.0,nan,0.0,
rrtstar_ompl,21,static_tall_formal_v2_021,near_obstacle,tall,35,"[1.3543463,-1.7786722,0.030495817,-1.6318694,-1.6141781,-0.32534853]","[-0.14396279,-0.05411981,1.0847789]",0.7167206498577211,1.4160832192410455,0.0878999940395355,false,0.0,nan,0.0,
rrtstar_ompl,21,static_tall_formal_v2_021,near_obstacle,tall,36,"[1.3930419,-1.7846343,-6.1445714e-05,-1.6336371,-1.6154403,-0.33464421]","[-0.14538516,-0.080530442,1.0841743]",0.7022156294511094,1.3655088185538655,0.0878999940395355,false,0.0,nan,0.0,
rrtstar_ompl,21,static_tall_formal_v2_021,near_obstacle,tall,37,"[1.4317375,-1.7905964,-0.030618708,-1.6354048,-1.6167025,-0.34393988]","[-0.14497228,-0.10708715,1.082863]",0.6866970733643968,1.314934417866685,0.0878999940395355,false,0.0,nan,0.0,
rrtstar_ompl,21,static_tall_formal_v2_021,near_obstacle,tall,38,"[1.4704331,-1.7965584,-0.06117597,-1.6371725,-1.6179648,-0.35323555]","[-0.14271414,-0.13366169,1.0808458]",0.6701781626473843,1.264360017179505,0.0878999940395355,false,0.0,nan,0.0,
rrtstar_ompl,21,static_tall_formal_v2_021,near_obstacle,tall,39,"[1.5091287,-1.8025205,-0.091733233,-1.6389402,-1.619227,-0.36253122]","[-0.13861002,-0.16012539,1.0781242]",0.6526735482215055,1.2137856164923249,0.0878999940395355,false,0.0,nan,0.0,
rrtstar_ompl,21,static_tall_formal_v2_021,near_obstacle,tall,40,"[1.5478243,-1.8084826,-0.1222905,-1.6407079,-1.6204892,-0.3718269]","[-0.13266812,-0.18634936,1.0747007]",0.6341996475582801,1.1632112158051449,0.0878999940395355,false,0.0,nan,0.0,
rrtstar_ompl,21,static_tall_formal_v2_021,near_obstacle,tall,41,"[1.5865199,-1.8144446,-0.15284776,-1.6424756,-1.6217514,-0.38112257]","[-0.12490606,-0.21220586,1.0705791]",0.6147744014216048,1.1126368151179644,0.0878999940395355,false,0.0,nan,0.0,
rrtstar_ompl,21,static_tall_formal_v2_021,near_obstacle,tall,42,"[1.6252155,-1.8204067,-0.18340502,-1.6442433,-1.6230137,-0.39041824]","[-0.11535041,-0.23756808,1.0657635]",0.5944172924817063,1.0620624144307842,0.0878999940395355,false,0.0,nan,0.0,
rrtstar_ompl,21,static_tall_formal_v2_021,near_obstacle,tall,43,"[1.6639111,-1.8263688,-0.21396228,-1.6460109,-1.6242759,-0.39971391]","[-0.10403685,-0.26231182,1.0602596]",0.573149344397564,1.011488013743604,0.0878999940395355,false,0.0,nan,0.0,
rrtstar_ompl,21,static_tall_formal_v2_021,near_obstacle,tall,44,"[1.7026067,-1.8323308,-0.24451954,-1.6477786,-1.6255381,-0.40900958]","[-0.091009803,-0.2863152,1.0540737]",0.5509930331921842,0.9609136130564239,0.0878999940395355,false,0.0,nan,0.0,
rrtstar_ompl,21,static_tall_formal_v2_021,near_obstacle,tall,45,"[1.7413023,-1.8382929,-0.27507681,-1.6495463,-1.6268004,-0.41830526]","[-0.076322168,-0.30945995,1.047213]",0.5279720331716677,0.9103392123692436,0.0878999940395355,false,0.0,nan,0.0,
rrtstar_ompl,21,static_tall_formal_v2_021,near_obstacle,tall,46,"[1.7799979,-1.8442549,-0.30563407,-1.651314,-1.6280626,-0.42760093]","[-0.0600354,-0.33163184,1.0396854]",0.5041115092497942,0.8597648116820635,0.0878999940395355,false,0.0,nan,0.0,
rrtstar_ompl,21,static_tall_formal_v2_021,near_obstacle,tall,47,"[1.8186935,-1.850217,-0.33619133,-1.6530817,-1.6293248,-0.4368966]","[-0.042218808,-0.35272092,1.0315003]",0.4794381184991286,0.8091904109948832,0.0878999940395355,false,0.0,nan,0.0,
rrtstar_ompl,21,static_tall_formal_v2_021,near_obstacle,tall,48,"[1.8573891,-1.8561791,-0.36674859,-1.6548494,-1.6305871,-0.44619227]","[-0.02294939,-0.37262261,1.0226676]",0.4539795006486005,0.7586160103077032,0.0878999940395355,false,0.0,nan,0.0,
rrtstar_ompl,21,static_tall_formal_v2_021,near_obstacle,tall,49,"[1.8960848,-1.8621411,-0.39730586,-1.6566171,-1.6318493,-0.45548795]","[-0.002311429,-0.39123809,1.013198]",0.42776454190347757,0.7080416096205228,0.0878999940395355,false,0.0,nan,0.0,
rrtstar_ompl,21,static_tall_formal_v2_021,near_obstacle,tall,50,"[1.9347804,-1.8681032,-0.42786312,-1.6583848,-1.6331115,-0.46478362]","[0.019603856,-0.40847448,1.0031034]",0.4008235814555299,0.6574672089333425,0.0878999940395355,false,0.0,nan,0.0,
rrtstar_ompl,21,static_tall_formal_v2_021,near_obstacle,tall,51,"[1.973476,-1.8740653,-0.45842038,-1.6601525,-1.6343738,-0.47407929]","[0.042699054,-0.4242461,0.992396]",0.37318759051543227,0.6068928082461623,0.0878999940395355,false,0.0,nan,0.0,
rrtstar_ompl,21,static_tall_formal_v2_021,near_obstacle,tall,52,"[2.0121716,-1.8800273,-0.48897764,-1.6619202,-1.635636,-0.48337496]","[0.066870674,-0.4384737,0.98108935]",0.34488907582447126,0.5563184075589822,0.0878999940395355,false,0.0,nan,0.0,
rrtstar_ompl,21,static_tall_formal_v2_021,near_obstacle,tall,53,"[2.0508672,-1.8859894,-0.51953491,-1.6636879,-1.6368982,-0.49267064]","[0.092010126,-0.45108631,0.96919745]",0.31596110384901277,0.5057440068718021,0.0878999940395355,false,0.0,nan,0.0,
rrtstar_ompl,21,static_tall_formal_v2_021,near_obstacle,tall,54,"[2.0895628,-1.8919515,-0.55009217,-1.6654556,-1.6381604,-0.50196631]","[0.11800393,-0.46202019,0.95673543]",0.2864380269616311,0.4551696061846221,0.0878999940395355,false,0.0,nan,0.0,
rrtstar_ompl,21,static_tall_formal_v2_021,near_obstacle,tall,55,"[2.1282584,-1.8979135,-0.58064943,-1.6672233,-1.6394227,-0.51126198]","[0.14473422,-0.47122031,0.94371879]",0.25635504507323303,0.4045952054974416,0.0878999940395355,false,0.0,nan,0.0,
rrtstar_ompl,21,static_tall_formal_v2_021,near_obstacle,tall,56,"[2.166954,-1.9038756,-0.61120669,-1.668991,-1.6406849,-0.52055765]","[0.17207982,-0.47864005,0.93016422]",0.22574816318896782,0.3540208048102616,0.0878999940395355,false,0.0,nan,0.0,
rrtstar_ompl,21,static_tall_formal_v2_021,near_obstacle,tall,57,"[2.2056496,-1.9098376,-0.64176396,-1.6707587,-1.6419471,-0.52985333]","[0.19991665,-0.48424155,0.91608894]",0.1946540615422627,0.3034464041230814,0.0878999940395355,false,0.0,nan,0.0,
rrtstar_ompl,21,static_tall_formal_v2_021,near_obstacle,tall,58,"[2.2443452,-1.9157997,-0.67232122,-1.6725264,-1.6432094,-0.539149]","[0.22811809,-0.48799568,0.9015106]",0.16311020337249396,0.2528720034359014,0.0878999940395355,false,0.0,nan,0.0,
rrtstar_ompl,21,static_tall_formal_v2_021,near_obstacle,tall,59,"[2.2830408,-1.9217618,-0.70287848,-1.6742941,-1.6444716,-0.54844467]","[0.256556,-0.48988259,0.88644791]",0.13115480715214192,0.20229760274872075,0.0878999940395355,false,0.0,nan,0.0,
rrtstar_ompl,21,static_tall_formal_v2_021,near_obstacle,tall,60,"[2.3217364,-1.9277238,-0.73343574,-1.6760618,-1.6457338,-0.55774034]","[0.28510135,-0.48989168,0.87091994]",0.0988264817036623,0.15172320206154075,0.0878999940395355,false,0.0,nan,0.0,
rrtstar_ompl,21,static_tall_formal_v2_021,near_obstacle,tall,61,"[2.360432,-1.9336859,-0.76399301,-1.6778295,-1.6469961,-0.56703602]","[0.3136248,-0.48802114,0.85494685]",0.06616455966510083,0.10114880137436057,0.08459136925206741,false,0.0,nan,0.0,
rrtstar_ompl,21,static_tall_formal_v2_021,near_obstacle,tall,62,"[2.3991276,-1.939648,-0.79455027,-1.6795972,-1.6482583,-0.57633169]","[0.34199688,-0.48427883,0.8385489]",0.03320907669851099,0.050574400687180575,0.07705286650565717,false,0.0,nan,0.0,
rrtstar_ompl,21,static_tall_formal_v2_021,near_obstacle,tall,63,"[2.4378233,-1.94561,-0.82510753,-1.6813649,-1.6495205,-0.58562736]","[0.37008986,-0.47868156,0.82174718]",5.891355959799207e-09,0.0,0.07084122658759166,false,0.0,nan,0.0,
rrtstar_ompl,22,static_tall_formal_v2_022,near_obstacle,tall,0,"[0,-1.57,1.1,-1.57,-1.57,0]","[0.48397353,0.13337938,0.72136778]",0.3996167059756644,3.159657299057418,0.0878999940395355,false,20.317262887954712,nan,0.0,
rrtstar_ompl,22,static_tall_formal_v2_022,near_obstacle,tall,1,"[-0.025923488,-1.5677625,1.0638842,-1.5897013,-1.5639895,0.010473907]","[0.4841685,0.1214689,0.74034709]",0.40507264117450353,3.10950400859619,0.0878999940395355,false,0.0,nan,0.0,
rrtstar_ompl,22,static_tall_formal_v2_022,near_obstacle,tall,2,"[-0.051846977,-1.5655249,1.0277685,-1.6094026,-1.557979,0.020947815]","[0.48328739,0.10967825,0.75921452]",0.41084675873049237,3.0593507181349606,0.0878999940395355,false,0.0,nan,0.0,
rrtstar_ompl,22,static_tall_formal_v2_022,near_obstacle,tall,3,"[-0.077770465,-1.5632874,0.99165274,-1.629104,-1.5519685,0.031421722]","[0.48134044,0.098075315,0.77793562]",0.41686592907544096,3.009197427673732,0.0878999940395355,false,0.0,nan,0.0,
rrtstar_ompl,22,static_tall_formal_v2_022,near_obstacle,tall,4,"[-0.10369395,-1.5610498,0.95553698,-1.6488053,-1.545958,0.04189563]","[0.47834289,0.086727142,0.79647565]",0.42305933885962427,2.959044137212503,0.0878999940395355,false,0.0,nan,0.0,
rrtstar_ompl,22,static_tall_formal_v2_022,near_obstacle,tall,5,"[-0.12961744,-1.5588123,0.91942123,-1.6685066,-1.5399475,0.052369537]","[0.47431463,0.075699702,0.8147999]",0.42935866334608713,2.908890846751274,0.0878999940395355,false,0.0,nan,0.0,
rrtstar_ompl,22,static_tall_formal_v2_022,near_obstacle,tall,6,"[-0.15554093,-1.5565747,0.88330547,-1.6882079,-1.533937,0.062843445]","[0.46928036,0.065057464,0.83287424]",0.4356987198528201,2.8587375562900452,0.0878999940395355,false,0.0,nan,0.0,
rrtstar_ompl,22,static_tall_formal_v2_022,near_obstacle,tall,7,"[-0.18146442,-1.5543372,0.84718972,-1.7079093,-1.5279265,0.073317352]","[0.46327001,0.054863025,0.85066402]",0.442017948532838,2.808584265828816,0.0878999940395355,false,0.0,nan,0.0,
rrtstar_ompl,22,static_tall_formal_v2_022,near_obstacle,tall,8,"[-0.20738791,-1.5520997,0.81107397,-1.7276106,-1.521916,0.08379126]","[0.45631704,0.045176923,0.86813545]",0.4482575356299004,2.7584309753675873,0.0878999940395355,false,0.0,nan,0.0,
rrtstar_ompl,22,static_tall_formal_v2_022,near_obstacle,tall,9,"[-0.23331139,-1.5498621,0.77495821,-1.7473119,-1.5159055,0.094265167]","[0.44846043,0.036057126,0.88525492]",0.4543628465475021,2.7082776849063586,0.0878999940395355,false,0.0,nan,0.0,
rrtstar_ompl,22,static_tall_formal_v2_022,near_obstacle,tall,10,"[-0.25923488,-1.5476246,0.73884246,-1.7670132,-1.509895,0.10473907]","[0.43974262,0.027558833,0.90198916]",0.46028215379596976,2.65812439444513,0.0878999940395355,false,0.0,nan,0.0,
rrtstar_ompl,22,static_tall_formal_v2_022,near_obstacle,tall,11,"[-0.28515837,-1.545387,0.7027267,-1.7867146,-1.5038845,0.11521298]","[0.43021053,0.019734189,0.91830575]",0.46596736037909126,2.607971103983901,0.0878999940395355,false,0.0,nan,0.0,
rrtstar_ompl,22,static_tall_formal_v2_022,near_obstacle,tall,12,"[-0.31108186,-1.5431495,0.66661095,-1.8064159,-1.497874,0.12568689]","[0.4199146,0.012631858,0.93417275]",0.47137352547977013,2.557817813522672,0.0878999940395355,false,0.0,nan,0.0,
rrtstar_ompl,22,static_tall_formal_v2_022,near_obstacle,tall,13,"[-0.33700535,-1.5409119,0.63049519,-1.8261172,-1.4918635,0.1361608]","[0.40890902,0.0062970165,0.94955862]",0.476458685482971,2.507664523061443,0.0878999940395355,false,0.0,nan,0.0,
rrtstar_ompl,22,static_tall_formal_v2_022,near_obstacle,tall,14,"[-0.36292884,-1.5386744,0.59437944,-1.8458185,-1.485853,0.1466347]","[0.39725119,0.00077081658,0.96443301]",0.4811840442029811,2.4575112326002144,0.0878999940395355,false,0.0,nan,0.0,
rrtstar_ompl,22,static_tall_formal_v2_022,near_obstacle,tall,15,"[-0.38885232,-1.5364369,0.55826369,-1.8655198,-1.4798425,0.15710861]","[0.38500169,-0.0039096847,0.9787662]",0.48551361004542815,2.4073579421389852,0.0878999940395355,false,0.0,nan,0.0,
rrtstar_ompl,22,static_tall_formal_v2_022,near_obstacle,tall,16,"[-0.41477581,-1.5341993,0.52214793,-1.8852212,-1.473832,0.16758252]","[0.37222376,-0.007711824,0.99252945]",0.48941413185031635,2.3572046516777565,0.0878999940395355,false,0.0,nan,0.0,
rrtstar_ompl,22,static_tall_formal_v2_022,near_obstacle,tall,17,"[-0.4406993,-1.5319618,0.48603218,-1.9049225,-1.4678215,0.17805643]","[0.35898313,-0.010607399,1.0056949]",0.4928548225922923,2.3070513612165278,0.0878999940395355,false,0.0,nan,0.0,
rrtstar_ompl,22,static_tall_formal_v2_022,near_obstacle,tall,18,"[-0.46662279,-1.5297242,0.44991642,-1.9246238,-1.461811,0.18853033]","[0.3453474,-0.012572967,1.0182358]",0.4958074046242381,2.2568980707552986,0.08428281593084103,false,0.0,nan,0.0,
rrtstar_ompl,22,static_tall_formal_v2_022,near_obstacle,tall,19,"[-0.49254628,-1.5274867,0.41380067,-1.9443251,-1.4558005,0.19900424]","[0.33138627,-0.013589907,1.0301268]",0.49824604777690995,2.2067447802940703,0.08062260550561762,false,0.0,nan,0.0,
rrtstar_ompl,22,static_tall_formal_v2_022,near_obstacle,tall,20,"[-0.51846977,-1.5252492,0.37768491,-1.9640265,-1.44979,0.20947815]","[0.3171705,-0.013644626,1.0413432]",0.500146899150013,2.156591489832841,0.07712245617754024,false,0.0,nan,0.0,
rrtstar_ompl,22,static_tall_formal_v2_022,near_obstacle,tall,21,"[-0.54439325,-1.5230116,0.34156916,-1.9837278,-1.4437795,0.21995206]","[0.30277216,-0.012728492,1.051862]",0.5014884058896706,2.1064381993716124,0.07379677376874302,false,0.0,nan,0.0,
rrtstar_ompl,22,static_tall_formal_v2_022,near_obstacle,tall,22,"[-0.57031674,-1.5207741,0.30545341,-2.0034291,-1.437769,0.23042596]","[0.2882638,-0.010838058,1.0616612]",0.5022509224541701,2.0562849089103836,0.07066051342282087,false,0.0,nan,0.0,
rrtstar_ompl,22,static_tall_formal_v2_022,near_obstacle,tall,23,"[-0.59624023,-1.5185365,0.26933765,-2.0231304,-1.4317585,0.24089987]","[0.27371863,-0.0079751201,1.0707206]",0.5024169687652329,2.0061316184491544,0.06772887306991793,false,0.0,nan,0.0,
rrtstar_ompl,22,static_tall_formal_v2_022,near_obstacle,tall,24,"[-0.62216372,-1.516299,0.2332219,-2.0428318,-1.425748,0.25137378]","[0.25920939,-0.0041466244,1.0790209]",0.5019707594199495,1.955978327987926,0.0650173392045871,false,0.0,nan,0.0,
rrtstar_ompl,22,static_tall_formal_v2_022,near_obstacle,tall,25,"[-0.64808721,-1.5140614,0.19710614,-2.0625331,-1.4197375,0.26184769]","[0.24480855,0.00063544139,1.0865445]",0.5008982031678205,1.9058250375266967,0.06254130593569132,false,0.0,nan,0.0,
rrtstar_ompl,22,static_tall_formal_v2_022,near_obstacle,tall,26,"[-0.67401069,-1.5118239,0.16099039,-2.0822344,-1.413727,0.27232159]","[0.23058784,0.006353803,1.0932754]",0.4991870868437603,1.855671747065468,0.060315910709840576,false,0.0,nan,0.0,
rrtstar_ompl,22,static_tall_formal_v2_022,near_obstacle,tall,27,"[-0.69993418,-1.5095864,0.12487463,-2.1019357,-1.4077165,0.2827955]","[0.21661764,0.012986161,1.0991991]",0.4968268107440152,1.8055184566042393,0.05835568088273274,false,0.0,nan,0.0,
rrtstar_ompl,22,static_tall_formal_v2_022,near_obstacle,tall,28,"[-0.72585767,-1.5073488,0.08875888,-2.121637,-1.401706,0.29326941]","[0.20296687,0.020505305,1.1043028]",0.4938085473143843,1.7553651661430103,0.056674242201131514,false,0.0,nan,0.0,
rrtstar_ompl,22,static_tall_formal_v2_022,near_obstacle,tall,29,"[-0.75178116,-1.5051113,0.052643126,-2.1413384,-1.3956954,0.30374332]","[0.18970263,0.028879121,1.1085749]",0.4901246532835299,1.7052118756817813,0.055283952686596166,false,0.0,nan,0.0,
rrtstar_ompl,22,static_tall_formal_v2_022,near_obstacle,tall,30,"[-0.77770465,-1.5028737,0.016527371,-2.1610397,-1.3896849,0.31421722]","[0.17688949,0.038070943,1.1120061]",0.48576934479499956,1.6550585852205526,0.05419558666638011,false,0.0,nan,0.0,
rrtstar_ompl,22,static_tall_formal_v2_022,near_obstacle,tall,31,"[-0.80362814,-1.5006362,-0.019588383,-2.180741,-1.3836744,0.32469113]","[0.16458976,0.048039317,1.114588]",0.48073802987896,1.6049052947593236,0.053417944985444554,false,0.0,nan,0.0,
rrtstar_ompl,22,static_tall_formal_v2_022,near_obstacle,tall,32,"[-0.82955162,-1.4983986,-0.055704137,-2.2004423,-1.3776639,0.33516504]","[0.15286273,0.05873869,1.116315]",0.475027973599909,1.554752004298095,0.052957639722382654,false,0.0,nan,0.0,
rrtstar_ompl,22,static_tall_formal_v2_022,near_obstacle,tall,33,"[-0.85547511,-1.4961611,-0.091819891,-2.2201437,-1.3716534,0.34563895]","[0.14176428,0.070119321,1.1171823]",0.46863739079380373,1.504598713836866,0.05281885509190029,false,0.0,nan,0.0,
rrtstar_ompl,22,static_tall_formal_v2_022,near_obstacle,tall,34,"[-0.8813986,-1.4939236,-0.12793565,-2.239845,-1.3656429,0.35611285]","[0.1313469,0.08212772,1.1171869]",0.46156587639176827,1.4544454233756374,0.05300319316548674,false,0.0,nan,0.0,
rrtstar_ompl,22,static_tall_formal_v2_022,near_obstacle,tall,35,"[-0.90732209,-1.491686,-0.1640514,-2.2595463,-1.3596324,0.36658676]","[0.12165931,0.094706655,1.1163284]",0.45381480161085125,1.4042921329144082,0.05350960268323854,false,0.0,nan,0.0,
rrtstar_ompl,22,static_tall_formal_v2_022,near_obstacle,tall,36,"[-0.93324558,-1.4894485,-0.20016715,-2.2792476,-1.3536219,0.37706067]","[0.11274616,0.10779567,1.1146071]",0.4453862807988641,1.3541388424531795,0.05433444765933851,false,0.0,nan,0.0,
rrtstar_ompl,22,static_tall_formal_v2_022,near_obstacle,tall,37,"[-0.95916907,-1.4872109,-0.23628291,-2.298949,-1.3476114,0.38753458]","[0.10464765,0.1213315,1.1120255]",0.43628369155295144,1.3039855519919503,0.055471618756653934,false,0.0,nan,0.0,
rrtstar_ompl,22,static_tall_formal_v2_022,near_obstacle,tall,38,"[-0.98509255,-1.4849734,-0.27239866,-2.3186503,-1.3416009,0.39800848]","[0.097399816,0.13524772,1.1085882]",0.4265122382850425,1.2538322615307216,0.0569127899517779,false,0.0,nan,0.0,
rrtstar_ompl,22,static_tall_formal_v2_022,near_obstacle,tall,39,"[-1.011016,-1.4827358,-0.30851442,-2.3383516,-1.3355904,0.40848239]","[0.091033667,0.14947601,1.1043011]",0.4160776982118829,1.2036789710694926,0.0586476625762507,false,0.0,nan,0.0,
rrtstar_ompl,22,static_tall_formal_v2_022,near_obstacle,tall,40,"[-1.0369395,-1.4804983,-0.34463017,-2.3580529,-1.3295799,0.4189563]","[0.085575581,0.16394588,1.0991719]",0.4049871699534827,1.153525680608264,0.059658814209197705,false,0.0,nan,0.0,
rrtstar_ompl,22,static_tall_formal_v2_022,near_obstacle,tall,41,"[-1.062863,-1.4782608,-0.38074593,-2.3777542,-1.3235694,0.42943021]","[0.081046835,0.1785852,1.09321]",0.393248888947708,1.103372390147035,0.06046713614584652,false,0.0,nan,0.0,
rrtstar_ompl,22,static_tall_formal_v2_022,near_obstacle,tall,42,"[-1.0887865,-1.4760232,-0.41686168,-2.3974556,-1.3175589,0.43990411]","[0.077463657,0.19332066,1.086427]",0.3808724481335337,1.0532190996858062,0.06151309307108689,false,0.0,nan,0.0,
rrtstar_ompl,22,static_tall_formal_v2_022,near_obstacle,tall,43,"[-1.11471,-1.4737857,-0.45297743,-2.4171569,-1.3115484,0.45037802]","[0.074837059,0.20807792,1.0788354]",0.36786804339824375,1.0030658092245774,0.06279072114264374,false,0.0,nan,0.0,
rrtstar_ompl,22,static_tall_formal_v2_022,near_obstacle,tall,44,"[-1.1406335,-1.4715481,-0.48909319,-2.4368582,-1.3055379,0.46085193]","[0.073172852,0.22278221,1.0704497]",0.35424713701352706,0.9529125187633486,0.0642929614637029,false,0.0,nan,0.0,
rrtstar_ompl,22,static_tall_formal_v2_022,near_obstacle,tall,45,"[-1.166557,-1.4693106,-0.52520894,-2.4565595,-1.2995274,0.47132584]","[0.072471522,0.23735867,1.0612862]",0.34002223430054207,0.9027592283021195,0.06601177892886166,false,0.0,nan,0.0,
rrtstar_ompl,22,static_tall_formal_v2_022,near_obstacle,tall,46,"[-1.1924805,-1.4670731,-0.5613247,-2.4762609,-1.2935169,0.48179974]","[0.072728358,0.25173259,1.0513625]",0.32520674049413195,0.852605937840891,0.06793839764102215,false,0.0,nan,0.0,
rrtstar_ompl,22,static_tall_formal_v2_022,near_obstacle,tall,47,"[-1.2184039,-1.4648355,-0.59744045,-2.4959622,-1.2875064,0.49227365]","[0.073933408,0.26582986,1.0406979]",0.3098151012381935,0.802452647379662,0.07006340993346576,false,0.0,nan,0.0,
rrtstar_ompl,22,static_tall_formal_v2_022,near_obstacle,tall,48,"[-1.2443274,-1.462598,-0.63355621,-2.5156635,-1.2814959,0.50274756]","[0.076071486,0.27957761,1.0293131]",0.2938624600653943,0.7522993569184332,0.0723769764881725,false,0.0,nan,0.0,
rrtstar_ompl,22,static_tall_formal_v2_022,near_obstacle,tall,49,"[-1.2702509,-1.4603604,-0.66967196,-2.5353648,-1.2754854,0.51322147]","[0.079122312,0.29290408,1.0172302]",0.27736504204451234,0.702146066457204,0.074868970154031,false,0.0,nan,0.0,
rrtstar_ompl,22,static_tall_formal_v2_022,near_obstacle,tall,50,"[-1.2961744,-1.4581229,-0.70578771,-2.5550662,-1.2694749,0.52369537]","[0.083060652,0.30573949,1.0044726]",0.2603397364565339,0.6519927759959756,0.07752911120880933,false,0.0,nan,0.0,
rrtstar_ompl,22,static_tall_formal_v2_022,near_obstacle,tall,51,"[-1.3220979,-1.4558853,-0.74190347,-2.5747675,-1.2634644,0.53416928]","[0.087856382,0.31801611,0.99106538]",0.24280437612599623,0.6018394855347465,0.08034710176364683,false,0.0,nan,0.0,
rrtstar_ompl,22,static_tall_formal_v2_022,near_obstacle,tall,52,"[-1.3480214,-1.4536478,-0.77801922,-2.5944688,-1.2574539,0.54464319]","[0.093474716,0.32966864,0.97703439]",0.22477734876353253,0.5516861950735177,0.0833127132723842,false,0.0,nan,0.0,
rrtstar_ompl,22,static_tall_formal_v2_022,near_obstacle,tall,53,"[-1.3739449,-1.4514103,-0.81413498,-2.6141701,-1.2514434,0.5551171]","[0.099876396,0.34063447,0.96240723]",0.20627817848371555,0.5015329046122887,0.08542153372206418,false,0.0,nan,0.0,
rrtstar_ompl,22,static_tall_formal_v2_022,near_obstacle,tall,54,"[-1.3998684,-1.4491727,-0.85025073,-2.6338714,-1.2454329,0.565591]","[0.10701778,0.35085431,0.9472121]",0.1873266083273821,0.45137961415106015,0.08765298786979989,false,0.0,nan,0.0,
rrtstar_ompl,22,static_tall_formal_v2_022,near_obstacle,tall,55,"[-1.4257919,-1.4469352,-0.88636649,-2.6535728,-1.2394224,0.57606491]","[0.11485125,0.3602722,0.93147874]",0.167943436539697,0.4012263236898311,0.0878999940395355,false,0.0,nan,0.0,
rrtstar_ompl,22,static_tall_formal_v2_022,near_obstacle,tall,56,"[-1.4517153,-1.4446976,-0.92248224,-2.6732741,-1.2334119,0.58653882]","[0.12332537,0.36883587,0.91523755]",0.14814981455334236,0.3510730332286025,0.0878999940395355,false,0.0,nan,0.0,
rrtstar_ompl,22,static_tall_formal_v2_022,near_obstacle,tall,57,"[-1.4776388,-1.4424601,-0.95859799,-2.6929754,-1.2274014,0.59701273]","[0.13238516,0.37649685,0.89851999]",0.12796763051836274,0.3009197427673735,0.0878999940395355,false,0.0,nan,0.0,
rrtstar_ompl,22,static_tall_formal_v2_022,near_obstacle,tall,58,"[-1.5035623,-1.4402225,-0.99471375,-2.7126767,-1.2213909,0.60748663]","[0.14197236,0.38321114,0.88135827]",0.10741918490089118,0.2507664523061446,0.0878999940395355,false,0.0,nan,0.0,
rrtstar_ompl,22,static_tall_formal_v2_022,near_obstacle,tall,59,"[-1.5294858,-1.437985,-1.0308295,-2.7323781,-1.2153804,0.61796054]","[0.15202585,0.38893911,0.86378551]",0.0865274141016019,0.2006131618449154,0.0878999940395355,false,0.0,nan,0.0,
rrtstar_ompl,22,static_tall_formal_v2_022,near_obstacle,tall,60,"[-1.5554093,-1.4357475,-1.0669453,-2.7520794,-1.2093699,0.62843445]","[0.16248189,0.39364564,0.84583527]",0.06531552332188731,0.1504598713836868,0.0878999940395355,false,0.0,nan,0.0,
rrtstar_ompl,22,static_tall_formal_v2_022,near_obstacle,tall,61,"[-1.5813328,-1.4335099,-1.103061,-2.7717807,-1.2033594,0.63890836]","[0.17327446,0.39730021,0.8275423]",0.04380766912565115,0.10030658092245778,0.0878999940395355,false,0.0,nan,0.0,
rrtstar_ompl,22,static_tall_formal_v2_022,near_obstacle,tall,62,"[-1.6072563,-1.4312724,-1.1391768,-2.791482,-1.1973489,0.64938226]","[0.1843356,0.39987758,0.80894095]",0.022027547878411807,0.05015329046122923,0.0878999940395355,false,0.0,nan,0.0,
rrtstar_ompl,22,static_tall_formal_v2_022,near_obstacle,tall,63,"[-1.6331798,-1.4290348,-1.1752925,-2.8111833,-1.1913384,0.65985617]","[0.19559585,0.40135747,0.7900669]",5.277410865618064e-09,0.0,0.0878999940395355,false,0.0,nan,0.0,
rrtstar_ompl,23,static_tall_formal_v2_023,hard_reach,tall,0,"[0,-1.57,1.1,-1.57,-1.57,0]","[0.48397353,0.13337938,0.72136778]",0.22676174300444174,2.74597437902637,0.0878999940395355,false,20.089613437652588,nan,0.0,
rrtstar_ompl,23,static_tall_formal_v2_023,hard_reach,tall,1,"[-0.0029715067,-1.5629904,1.094705,-1.5840034,-1.5795333,0.04704128]","[0.48817381,0.13097987,0.72240794]",0.22195322855189697,2.695123001636993,0.0878999940395355,false,0.0,nan,0.0,
rrtstar_ompl,23,static_tall_formal_v2_023,hard_reach,tall,2,"[-0.0059430133,-1.5559807,1.0894101,-1.5980068,-1.5890666,0.09408256]","[0.49233824,0.12855677,0.723441]",0.21716164917178812,2.6442716242476156,0.0878999940395355,false,0.0,nan,0.0,
rrtstar_ompl,23,static_tall_formal_v2_023,hard_reach,tall,3,"[-0.00891452,-1.5489711,1.0841151,-1.6120102,-1.5986,0.14112384]","[0.49646604,0.12611051,0.72446644]",0.21238765204872984,2.5934202468582384,0.0878999940395355,false,0.0,nan,0.0,
rrtstar_ompl,23,static_tall_formal_v2_023,hard_reach,tall,4,"[-0.011886027,-1.5419615,1.0788201,-1.6260135,-1.6081333,0.18816512]","[0.50055683,0.12364142,0.72548413]",0.2076315050623035,2.5425688694688615,0.0878999940395355,false,0.0,nan,0.0,
rrtstar_ompl,23,static_tall_formal_v2_023,hard_reach,tall,5,"[-0.014857533,-1.5349518,1.0735251,-1.6400169,-1.6176666,0.2352064]","[0.50460988,0.1211499,0.72649336]",0.20289381169341353,2.4917174920794842,0.0878999940395355,false,0.0,nan,0.0,
rrtstar_ompl,23,static_tall_formal_v2_023,hard_reach,tall,6,"[-0.01782904,-1.5279422,1.0682302,-1.6540203,-1.6271999,0.28224768]","[0.50862461,0.1186363,0.72749376]",0.19817502664820716,2.4408661146901065,0.0878999940395355,false,0.0,nan,0.0,
rrtstar_ompl,23,static_tall_formal_v2_023,hard_reach,tall,7,"[-0.020800547,-1.5209326,1.0629352,-1.6680237,-1.6367333,0.32928896]","[0.51260054,0.11610103,0.72848499]",0.19347553088756214,2.3900147373007297,0.0878999940395355,false,0.0,nan,0.0,
rrtstar_ompl,23,static_tall_formal_v2_023,hard_reach,tall,8,"[-0.023772053,-1.5139229,1.0576402,-1.6820271,-1.6462666,0.37633024]","[0.51653695,0.11354447,0.72946656]",0.18879587303441733,2.3391633599113524,0.0878999940395355,false,0.0,nan,0.0,
rrtstar_ompl,23,static_tall_formal_v2_023,hard_reach,tall,9,"[-0.02674356,-1.5069133,1.0523453,-1.6960305,-1.6557999,0.42337152]","[0.52043337,0.11096701,0.73043787]",0.18413645431527295,2.288311982521975,0.0878999940395355,false,0.0,nan,0.0,
rrtstar_ompl,23,static_tall_formal_v2_023,hard_reach,tall,10,"[-0.029715067,-1.4999037,1.0470503,-1.7100339,-1.6653332,0.4704128]","[0.52428937,0.10836905,0.73139864]",0.1794975939774443,2.237460605132598,0.0878999940395355,false,0.0,nan,0.0,
rrtstar_ompl,23,static_tall_formal_v2_023,hard_reach,tall,11,"[-0.032686573,-1.492894,1.0417553,-1.7240372,-1.6748665,0.51745408]","[0.52810425,0.10575102,0.73234832]",0.1748798540476297,2.1866092277432205,0.0878999940395355,false,0.0,nan,0.0,
rrtstar_ompl,23,static_tall_formal_v2_023,hard_reach,tall,12,"[-0.03565808,-1.4858844,1.0364604,-1.7380406,-1.6843999,0.56449536]","[0.53187752,0.10311332,0.7332865]",0.1702836087960625,2.1357578503538437,0.0878999940395355,false,0.0,nan,0.0,
rrtstar_ompl,23,static_tall_formal_v2_023,hard_reach,tall,13,"[-0.038629587,-1.4788748,1.0311654,-1.752044,-1.6939332,0.61153664]","[0.53560877,0.10045636,0.73421276]",0.16570917562517232,2.0849064729644664,0.0878999940395355,false,0.0,nan,0.0,
rrtstar_ompl,23,static_tall_formal_v2_023,hard_reach,tall,14,"[-0.041601093,-1.4718651,1.0258704,-1.7660474,-1.7034665,0.65857792]","[0.53929746,0.097780555,0.7351262]",0.16115701770077606,2.034055095575089,0.0878999940395355,false,0.0,nan,0.0,
rrtstar_ompl,23,static_tall_formal_v2_023,hard_reach,tall,15,"[-0.0445726,-1.4648555,1.0205754,-1.7800508,-1.7129998,0.7056192]","[0.54294312,0.095086351,0.73602682]",0.15662745326831584,1.9832037181857118,0.0878999940395355,false,0.0,nan,0.0,
rrtstar_ompl,23,static_tall_formal_v2_023,hard_reach,tall,16,"[-0.047544107,-1.4578459,1.0152805,-1.7940542,-1.7225332,0.75266048]","[0.54654527,0.092374191,0.7369141]",0.15212086833021687,1.9323523407963343,0.0878999940395355,false,0.0,nan,0.0,
rrtstar_ompl,23,static_tall_formal_v2_023,hard_reach,tall,17,"[-0.050515613,-1.4508362,1.0099855,-1.8080576,-1.7320665,0.79970176]","[0.55010337,0.089644447,0.73778725]",0.14763765429844164,1.8815009634069573,0.0878999940395355,false,0.0,nan,0.0,
rrtstar_ompl,23,static_tall_formal_v2_023,hard_reach,tall,18,"[-0.05348712,-1.4438266,1.0046905,-1.8220609,-1.7415998,0.84674304]","[0.55361712,0.086897656,0.73864585]",0.14317811349004098,1.8306495860175802,0.0878999940395355,false,0.0,nan,0.0,
rrtstar_ompl,23,static_tall_formal_v2_023,hard_reach,tall,19,"[-0.056458627,-1.436817,0.99939557,-1.8360643,-1.7511331,0.89378432]","[0.55708617,0.084134176,0.73948956]",0.13874244406501957,1.7797982086282027,0.0878999940395355,false,0.0,nan,0.0,
rrtstar_ompl,23,static_tall_formal_v2_023,hard_reach,tall,20,"[-0.059430133,-1.4298073,0.9941006,-1.8500677,-1.7606664,0.9408256]","[0.5605098,0.081354491,0.7403177]",0.13433119923583162,1.7289468312388256,0.0878999940395355,false,0.0,nan,0.0,
rrtstar_ompl,23,static_tall_formal_v2_023,hard_reach,tall,21,"[-0.06240164,-1.4227977,0.98880563,-1.8640711,-1.7701998,0.98786688]","[0.56388783,0.078559071,0.7411297]",0.12994455393931706,1.6780954538494484,0.0878999940395355,false,0.0,nan,0.0,
rrtstar_ompl,23,static_tall_formal_v2_023,hard_reach,tall,22,"[-0.065373147,-1.4157881,0.98351066,-1.8780745,-1.7797331,1.0349082]","[0.56721979,0.075748339,0.74192518]",0.1255828107803342,1.6272440764600713,0.0878999940395355,false,0.0,nan,0.0,
rrtstar_ompl,23,static_tall_formal_v2_023,hard_reach,tall,23,"[-0.068344653,-1.4087784,0.97821569,-1.8920779,-1.7892664,1.0819494]","[0.57050544,0.072922736,0.74270362]",0.12124614178180533,1.576392699070694,0.0878999940395355,false,0.0,nan,0.0,
rrtstar_ompl,23,static_tall_formal_v2_023,hard_reach,tall,24,"[-0.07131616,-1.4017688,0.97292072,-1.9060813,-1.7987997,1.1289907]","[0.57374424,0.070082776,0.74346435]",0.11693497121425916,1.525541321681317,0.0878999940395355,false,0.0,nan,0.0,
rrtstar_ompl,23,static_tall_formal_v2_023,hard_reach,tall,25,"[-0.074287667,-1.3947591,0.96762575,-1.9200846,-1.8083331,1.176032]","[0.57693601,0.067228884,0.74420691]",0.11264939960230522,1.4746899442919394,0.0878999940395355,false,0.0,nan,0.0,
rrtstar_ompl,23,static_tall_formal_v2_023,hard_reach,tall,26,"[-0.077259173,-1.3877495,0.96233078,-1.934088,-1.8178664,1.2230733]","[0.58008033,0.064361542,0.74493068]",0.10838972890696608,1.4238385669025624,0.0878999940395355,false,0.0,nan,0.0,
rrtstar_ompl,23,static_tall_formal_v2_023,hard_reach,tall,27,"[-0.08023068,-1.3807399,0.95703581,-1.9480914,-1.8273997,1.2701146]","[0.58317697,0.0614812,0.74563521]",0.10415609942215938,1.372987189513185,0.0878999940395355,false,0.0,nan,0.0,
rrtstar_ompl,23,static_tall_formal_v2_023,hard_reach,tall,28,"[-0.083202187,-1.3737302,0.95174083,-1.9620948,-1.836933,1.3171558]","[0.58622557,0.058588356,0.74631995]",0.09994876435263335,1.3221358121238078,0.0878999940395355,false,0.0,nan,0.0,
rrtstar_ompl,23,static_tall_formal_v2_023,hard_reach,tall,29,"[-0.086173693,-1.3667206,0.94644586,-1.9760982,-1.8464663,1.3641971]","[0.58922589,0.055683464,0.74698424]",0.09576786983114799,1.2712844347344305,0.08631489301323891,false,0.0,nan,0.0,
rrtstar_ompl,23,static_tall_formal_v2_023,hard_reach,tall,30,"[-0.0891452,-1.359711,0.94115089,-1.9901016,-1.8559997,1.4112384]","[0.59217757,0.052767009,0.74762762]",0.09161363344453102,1.2204330573450533,0.08366397623279495,false,0.0,nan,0.0,
rrtstar_ompl,23,static_tall_formal_v2_023,hard_reach,tall,31,"[-0.092116707,-1.3527013,0.93585592,-2.004105,-1.865533,1.4582797]","[0.59508038,0.049839437,0.74824953]",0.08748616641016951,1.1695816799556762,0.08101972807754299,false,0.0,nan,0.0,
rrtstar_ompl,23,static_tall_formal_v2_023,hard_reach,tall,32,"[-0.095088213,-1.3456917,0.93056095,-2.0181083,-1.8750663,1.505321]","[0.59793407,0.046901282,0.74884945]",0.083385638982764,1.1187303025662991,0.07838270698431646,false,0.0,nan,0.0,
rrtstar_ompl,23,static_tall_formal_v2_023,hard_reach,tall,33,"[-0.09805972,-1.3386821,0.92526598,-2.0321117,-1.8845996,1.5523622]","[0.60073853,0.043952961,0.74942666]",0.0793120630528504,1.0678789251769216,0.07575328671115203,false,0.0,nan,0.0,
rrtstar_ompl,23,static_tall_formal_v2_023,hard_reach,tall,34,"[-0.10103123,-1.3316724,0.91997101,-2.0461151,-1.894133,1.5994035]","[0.60349351,0.040995006,0.74998081]",0.07526557775758672,1.0170275477875446,0.07313184891422805,false,0.0,nan,0.0,
rrtstar_ompl,23,static_tall_formal_v2_023,hard_reach,tall,35,"[-0.10400273,-1.3246628,0.91467604,-2.0601185,-1.9036663,1.6464448]","[0.60619873,0.038027853,0.75051105]",0.07124630458004338,0.9661761703981673,0.07051882172118532,false,0.0,nan,0.0,
rrtstar_ompl,23,static_tall_formal_v2_023,hard_reach,tall,36,"[-0.10697424,-1.3176532,0.90938107,-2.0741219,-1.9131996,1.6934861]","[0.60885412,0.03505202,0.75101709]",0.06725424201674796,0.9153247930087901,0.06791462077994131,false,0.0,nan,0.0,
rrtstar_ompl,23,static_tall_formal_v2_023,hard_reach,tall,37,"[-0.10994575,-1.3106435,0.9040861,-2.0881253,-1.9227329,1.7405274]","[0.61145943,0.032067969,0.75149828]",0.06328946442168017,0.8644734156194127,0.06524897633742202,false,0.0,nan,0.0,
rrtstar_ompl,23,static_tall_formal_v2_023,hard_reach,tall,38,"[-0.11291725,-1.3036339,0.89879113,-2.1021287,-1.9322662,1.7875686]","[0.61401457,0.029076166,0.75195402]",0.059351964339510926,0.8136220382300355,0.0622347971598923,false,0.0,nan,0.0,
rrtstar_ompl,23,static_tall_formal_v2_023,hard_reach,tall,39,"[-0.11588876,-1.2966243,0.89349616,-2.116132,-1.9417996,1.8346099]","[0.61651939,0.026077103,0.75238371]",0.05544174522815352,0.7627706608406584,0.059237150132865235,false,0.0,nan,0.0,
rrtstar_ompl,23,static_tall_formal_v2_023,hard_reach,tall,40,"[-0.11886027,-1.2896146,0.88820119,-2.1301354,-1.9513329,1.8816512]","[0.61897379,0.023071282,0.75278693]",0.05155880037473776,0.7119192834512813,0.05625738507997899,false,0.0,nan,0.0,
rrtstar_ompl,23,static_tall_formal_v2_023,hard_reach,tall,41,"[-0.12183177,-1.282605,0.88290622,-2.1441388,-1.9608662,1.9286925]","[0.62137765,0.02005915,0.75316298]",0.047703082171268375,0.6610679060619038,0.0532969117452298,false,0.0,nan,0.0,
rrtstar_ompl,23,static_tall_formal_v2_023,hard_reach,tall,42,"[-0.12480328,-1.2755954,0.87761125,-2.1581422,-1.9703995,1.9757338]","[0.62373102,0.017041225,0.75351125]",0.043874484009712666,0.6102165286725267,0.05035722276474841,false,0.0,nan,0.0,
rrtstar_ompl,23,static_tall_formal_v2_023,hard_reach,tall,43,"[-0.12777479,-1.2685857,0.87231628,-2.1721456,-1.9799329,2.022775]","[0.62603366,0.014017913,0.75383115]",0.04007296130838888,0.5593651512831496,0.047439973582751926,false,0.0,nan,0.0,
rrtstar_ompl,23,static_tall_formal_v2_023,hard_reach,tall,44,"[-0.13074629,-1.2615761,0.86702131,-2.186149,-1.9894662,2.0698163]","[0.62828547,0.010989789,0.75412238]",0.03629851941618598,0.5085137738937723,0.044547011546926404,false,0.0,nan,0.0,
rrtstar_ompl,23,static_tall_formal_v2_023,hard_reach,tall,45,"[-0.1337178,-1.2545665,0.86172634,-2.2001524,-1.9989995,2.1168576]","[0.63048655,0.0079572573,0.7543841]",0.032550902800017475,0.4576623965043949,0.041680225140819246,false,0.0,nan,0.0,
rrtstar_ompl,23,static_tall_formal_v2_023,hard_reach,tall,46,"[-0.13668931,-1.2475568,0.85643137,-2.2141557,-2.0085328,2.1638989]","[0.6326369,0.0049208291,0.75461596]",0.028829982217386873,0.40681101911501777,0.03884174548505877,false,0.0,nan,0.0,
rrtstar_ompl,23,static_tall_formal_v2_023,hard_reach,tall,47,"[-0.13966081,-1.2405472,0.8511364,-2.2281591,-2.0180661,2.2109402]","[0.63473642,0.0018809438,0.75481719]",0.025135632703342386,0.35595964172564054,0.03603385622484272,false,0.0,nan,0.0,
rrtstar_ompl,23,static_tall_formal_v2_023,hard_reach,tall,48,"[-0.14263232,-1.2335376,0.84584143,-2.2421625,-2.0275995,2.2579814]","[0.63678515,-0.0011619329,0.7549873]",0.021467635114589496,0.30510826433626353,0.033259024698211875,false,0.0,nan,0.0,
rrtstar_ompl,23,static_tall_formal_v2_023,hard_reach,tall,49,"[-0.14560383,-1.2265279,0.84054646,-2.2561659,-2.0371328,2.3050227]","[0.63878328,-0.0042072609,0.75512588]",0.01782576230276133,0.2542568869468861,0.03051996243376713,false,0.0,nan,0.0,
rrtstar_ompl,23,static_tall_formal_v2_023,hard_reach,tall,50,"[-0.14857533,-1.2195183,0.83525149,-2.2701693,-2.0466661,2.352064]","[0.6407305,-0.0072546788,0.7552321]",0.01420987559312241,0.2034055095575088,0.027819594826305638,false,0.0,nan,0.0,
rrtstar_ompl,23,static_tall_formal_v2_023,hard_reach,tall,51,"[-0.15154684,-1.2125087,0.82995652,-2.2841727,-2.0561994,2.3991053]","[0.64262724,-0.010303672,0.75530571]",0.010619578369186863,0.15255413216813174,0.025161118325544227,false,0.0,nan,0.0,
rrtstar_ompl,23,static_tall_formal_v2_023,hard_reach,tall,52,"[-0.15451835,-1.205499,0.82466155,-2.2981761,-2.0657328,2.4461466]","[0.64447331,-0.013353746,0.75534594]",0.007054757664045514,0.10170275477875473,0.022548000250882466,false,0.0,nan,0.0,
rrtstar_ompl,23,static_tall_formal_v2_023,hard_reach,tall,53,"[-0.15748985,-1.1984894,0.81936658,-2.3121794,-2.0752661,2.4931878]","[0.64626902,-0.016404513,0.75535226]",0.0035149504717621152,0.050851377389376985,0.01998399142571032,false,0.0,nan,0.0,
rrtstar_ompl,23,static_tall_formal_v2_023,hard_reach,tall,54,"[-0.16046136,-1.1914798,0.81407161,-2.3261828,-2.0847994,2.5402291]","[0.64801425,-0.019455463,0.75532424]",5.845593743915621e-09,0.0,0.017473226187482385,false,0.0,nan,0.0,
rrtstar_ompl,24,static_tall_formal_v2_024,easy,tall,0,"[0,-1.57,1.1,-1.57,-1.57,0]","[0.48397353,0.13337938,0.72136778]",0.3017019044797583,1.9690172892284414,0.0878999940395355,false,20.145549297332764,nan,0.0,
rrtstar_ompl,24,static_tall_formal_v2_024,easy,tall,1,"[0.017096067,-1.5674329,1.097997,-1.5900113,-1.582589,-0.041075403]","[0.48365712,0.1404143,0.72378767]",0.29492384591917,1.9185296664277123,0.0878999940395355,false,0.0,nan,0.0,
rrtstar_ompl,24,static_tall_formal_v2_024,easy,tall,2,"[0.034192135,-1.5648659,1.0959939,-1.6100225,-1.595178,-0.082150806]","[0.48318216,0.1474759,0.72623396]",0.28807455228442375,1.868042043626983,0.0878999940395355,false,0.0,nan,0.0,
rrtstar_ompl,24,static_tall_formal_v2_024,easy,tall,3,"[0.051288202,-1.5622988,1.0939909,-1.6300338,-1.607767,-0.12322621]","[0.48254645,0.15455998,0.72870511]",0.28115522015433597,1.8175544208262535,0.0878999940395355,false,0.0,nan,0.0,
rrtstar_ompl,24,static_tall_formal_v2_024,easy,tall,4,"[0.06838427,-1.5597318,1.0919878,-1.6500451,-1.620356,-0.16430161]","[0.48174813,0.16166215,0.7311995]",0.27416729815848395,1.7670667980255244,0.0878999940395355,false,0.0,nan,0.0,
rrtstar_ompl,24,static_tall_formal_v2_024,easy,tall,5,"[0.085480337,-1.5571647,1.0899848,-1.6700564,-1.632945,-0.20537701]","[0.48078549,0.16877797,0.73371595]",0.2671120557762917,1.716579175224795,0.0878999940395355,false,0.0,nan,0.0,
rrtstar_ompl,24,static_tall_formal_v2_024,easy,tall,6,"[0.1025764,-1.5545977,1.0879817,-1.6900676,-1.645534,-0.24645242]","[0.47965682,0.17590298,0.73625273]",0.25999090852648277,1.6660915524240658,0.0878999940395355,false,0.0,nan,0.0,
rrtstar_ompl,24,static_tall_formal_v2_024,easy,tall,7,"[0.11967247,-1.5520306,1.0859787,-1.7100789,-1.658123,-0.28752782]","[0.47836074,0.18303254,0.73880816]",0.25280542124640387,1.6156039296233364,0.0878999940395355,false,0.0,nan,0.0,
rrtstar_ompl,24,static_tall_formal_v2_024,easy,tall,8,"[0.13676854,-1.5494636,1.0839756,-1.7300902,-1.670712,-0.32860322]","[0.47689614,0.19016206,0.74138051]",0.24555719000715032,1.5651163068226073,0.0878999940395355,false,0.0,nan,0.0,
rrtstar_ompl,24,static_tall_formal_v2_024,easy,tall,9,"[0.15386461,-1.5468965,1.0819726,-1.7501014,-1.683301,-0.36967863]","[0.47526175,0.19728671,0.74396843]",0.23824771633014438,1.5146286840218781,0.0878999940395355,false,0.0,nan,0.0,
rrtstar_ompl,24,static_tall_formal_v2_024,easy,tall,10,"[0.17096067,-1.5443295,1.0799695,-1.7701127,-1.69589,-0.41075403]","[0.47345668,0.20440181,0.74656999]",0.23087864189929036,1.4641410612211487,0.0878999940395355,false,0.0,nan,0.0,
rrtstar_ompl,24,static_tall_formal_v2_024,easy,tall,11,"[0.18805674,-1.5417624,1.0779665,-1.790124,-1.708479,-0.45182943]","[0.47148025,0.21150246,0.74918348]",0.22345173349260414,1.4136534384204194,0.0878999940395355,false,0.0,nan,0.0,
rrtstar_ompl,24,static_tall_formal_v2_024,easy,tall,12,"[0.20515281,-1.5391954,1.0759634,-1.8101353,-1.721068,-0.49290483]","[0.46933195,0.21858381,0.75180703]",0.21596878872376302,1.3631658156196902,0.0878999940395355,false,0.0,nan,0.0,
rrtstar_ompl,24,static_tall_formal_v2_024,easy,tall,13,"[0.22224888,-1.5366283,1.0739604,-1.8301465,-1.733657,-0.53398024]","[0.46701133,0.22564098,0.75443912]",0.20843144256493507,1.312678192818961,0.0878999940395355,false,0.0,nan,0.0,
rrtstar_ompl,24,static_tall_formal_v2_024,easy,tall,14,"[0.23934494,-1.5340613,1.0719574,-1.8501578,-1.746246,-0.57505564]","[0.46451819,0.232669,0.75707769]",0.20084162529067162,1.2621905700182317,0.0878999940395355,false,0.0,nan,0.0,
rrtstar_ompl,24,static_tall_formal_v2_024,easy,tall,15,"[0.25644101,-1.5314942,1.0699543,-1.8701691,-1.758835,-0.61613104]","[0.46185267,0.23966299,0.75972104]",0.19320118991065346,1.2117029472175023,0.0878999940395355,false,0.0,nan,0.0,
rrtstar_ompl,24,static_tall_formal_v2_024,easy,tall,16,"[0.27353708,-1.5289271,1.0679513,-1.8901803,-1.771424,-0.65720645]","[0.45901489,0.24661793,0.76236725]",0.18551208171697492,1.161215324416773,0.0878999940395355,false,0.0,nan,0.0,
rrtstar_ompl,24,static_tall_formal_v2_024,easy,tall,17,"[0.29063315,-1.5263601,1.0659482,-1.9101916,-1.784013,-0.69828185]","[0.45600504,0.25352889,0.76501453]",0.17777606807480353,1.110727701616044,0.0878999940395355,false,0.0,nan,0.0,
rrtstar_ompl,24,static_tall_formal_v2_024,easy,tall,18,"[0.30772921,-1.523793,1.0639452,-1.9302029,-1.796602,-0.73935725]","[0.45282394,0.26039091,0.76766086]",0.1699953446453923,1.0602400788153146,0.0878999940395355,false,0.0,nan,0.0,
rrtstar_ompl,24,static_tall_formal_v2_024,easy,tall,19,"[0.32482528,-1.521226,1.0619421,-1.9502142,-1.809191,-0.78043265]","[0.44947228,0.26719904,0.77030444]",0.16217183904449886,1.0097524560145854,0.0878999940395355,false,0.0,nan,0.0,
rrtstar_ompl,24,static_tall_formal_v2_024,easy,tall,20,"[0.34192135,-1.5186589,1.0599391,-1.9702254,-1.82178,-0.82150806]","[0.44595093,0.2739484,0.77294332]",0.15430753469196085,0.9592648332138561,0.0878999940395355,false,0.0,nan,0.0,
rrtstar_ompl,24,static_tall_formal_v2_024,easy,tall,21,"[0.35901742,-1.5160919,1.057936,-1.9902367,-1.834369,-0.86258346]","[0.44226104,0.28063408,0.77557528]",0.14640462102906746,0.9087772104131269,0.0878999940395355,false,0.0,nan,0.0,
rrtstar_ompl,24,static_tall_formal_v2_024,easy,tall,22,"[0.37611348,-1.5135248,1.055933,-2.010248,-1.8469579,-0.90365886]","[0.43840396,0.28725126,0.77819884]",0.13846503237963687,0.8582895876123975,0.0878999940395355,false,0.0,nan,0.0,
rrtstar_ompl,24,static_tall_formal_v2_024,easy,tall,23,"[0.39320955,-1.5109578,1.0539299,-2.0302593,-1.8595469,-0.94473426]","[0.43438125,0.29379511,0.78081161]",0.13049108355681396,0.8078019648116683,0.0878999940395355,false,0.0,nan,0.0,
rrtstar_ompl,24,static_tall_formal_v2_024,easy,tall,24,"[0.41030562,-1.5083907,1.0519269,-2.0502705,-1.8721359,-0.98580967]","[0.43019453,0.30026087,0.78341186]",0.12248480475086083,0.7573143420109388,0.0878999940395355,false,0.0,nan,0.0,
rrtstar_ompl,24,static_tall_formal_v2_024,easy,tall,25,"[0.42740169,-1.5058237,1.0499239,-2.0702818,-1.8847249,-1.0268851]","[0.42584559,0.30664399,0.78599751]",0.11444824705905077,0.7068267192102097,0.0878999940395355,false,0.0,nan,0.0,
rrtstar_ompl,24,static_tall_formal_v2_024,easy,tall,26,"[0.44449775,-1.5032566,1.0479208,-2.0902931,-1.8973139,-1.0679605]","[0.42133665,0.31293976,0.78856659]",0.1063837517310229,0.6563390964094805,0.0878999940395355,false,0.0,nan,0.0,
rrtstar_ompl,24,static_tall_formal_v2_024,easy,tall,27,"[0.46159382,-1.5006896,1.0459178,-2.1103043,-1.9099029,-1.1090359]","[0.41666979,0.31914362,0.79111701]",0.09829346076638926,0.6058514736087512,0.0878999940395355,false,0.0,nan,0.0,
rrtstar_ompl,24,static_tall_formal_v2_024,easy,tall,28,"[0.47868989,-1.4981225,1.0439147,-2.1303156,-1.9224919,-1.1501113]","[0.41184747,0.32525119,0.79364693]",0.09017954013539797,0.5553638508080219,0.0878999940395355,false,0.0,nan,0.0,
rrtstar_ompl,24,static_tall_formal_v2_024,easy,tall,29,"[0.49578596,-1.4955555,1.0419117,-2.1503269,-1.9350809,-1.1911867]","[0.40687227,0.33125815,0.7961542]",0.08204422209271874,0.5048762280072927,0.0878999940395355,false,0.0,nan,0.0,
rrtstar_ompl,24,static_tall_formal_v2_024,easy,tall,30,"[0.51288202,-1.4929884,1.0399086,-2.1703382,-1.9476699,-1.2322621]","[0.40174675,0.33716014,0.79863697]",0.07388962894669207,0.4543886052065635,0.0878999940395355,false,0.0,nan,0.0,
rrtstar_ompl,24,static_tall_formal_v2_024,easy,tall,31,"[0.52997809,-1.4904213,1.0379056,-2.1903494,-1.9602589,-1.2733375]","[0.396474,0.34295309,0.80109304]",0.06571814855766038,0.40390098240583416,0.0878999940395355,false,0.0,nan,0.0,
rrtstar_ompl,24,static_tall_formal_v2_024,easy,tall,32,"[0.54707416,-1.4878543,1.0359025,-2.2103607,-1.9728479,-1.3144129]","[0.39105698,0.34863299,0.80352068]",0.057531840944817586,0.35341335960510484,0.0878999940395355,false,0.0,nan,0.0,
rrtstar_ompl,24,static_tall_formal_v2_024,easy,tall,33,"[0.56417023,-1.4852872,1.0338995,-2.230372,-1.9854369,-1.3554883]","[0.38549891,0.35419595,0.80591774]",0.049332988964949205,0.30292573680437557,0.0878999940395355,false,0.0,nan,0.0,
rrtstar_ompl,24,static_tall_formal_v2_024,easy,tall,34,"[0.58126629,-1.4827202,1.0318964,-2.2503832,-1.9980259,-1.3965637]","[0.37980312,0.35963812,0.80828226]",0.04112384745453332,0.25243811400364646,0.0878999940395355,false,0.0,nan,0.0,
rrtstar_ompl,24,static_tall_formal_v2_024,easy,tall,35,"[0.59836236,-1.4801531,1.0298934,-2.2703945,-2.0106149,-1.4376391]","[0.37397301,0.3649559,0.8106122]",0.03290655906272411,0.20195049120291708,0.0878999940395355,false,0.0,nan,0.0,
rrtstar_ompl,24,static_tall_formal_v2_024,easy,tall,36,"[0.61545843,-1.4775861,1.0278903,-2.2904058,-2.0232039,-1.4787145]","[0.36801234,0.3701458,0.81290579]",0.024683376620450354,0.15146286840218753,0.0878999940395355,false,0.0,nan,0.0,
rrtstar_ompl,24,static_tall_formal_v2_024,easy,tall,37,"[0.6325545,-1.475019,1.0258873,-2.3104171,-2.0357929,-1.5197899]","[0.36192468,0.37520444,0.81516099]",0.016456397732182684,0.10097524560145862,0.0878999940395355,false,0.0,nan,0.0,
rrtstar_ompl,24,static_tall_formal_v2_024,easy,tall,38,"[0.64965056,-1.472452,1.0238843,-2.3304283,-2.0483819,-1.5608653]","[0.35571399,0.38012862,0.81737584]",0.008227894859745974,0.05048762280072926,0.0878999940395355,false,0.0,nan,0.0,
rrtstar_ompl,24,static_tall_formal_v2_024,easy,tall,39,"[0.66674663,-1.4698849,1.0218812,-2.3504396,-2.0609709,-1.6019407]","[0.34938425,0.38491529,0.81954849]",3.6906332246901418e-09,0.0,0.0878999940395355,false,0.0,nan,0.0,
rrtstar_ompl,25,static_tall_formal_v2_025,near_obstacle,tall,0,"[0,-1.57,1.1,-1.57,-1.57,0]","[0.48397353,0.13337938,0.72136778]",0.25489311915354723,3.146119883718481,0.0878999940395355,false,20.15266728401184,nan,0.0,
rrtstar_ompl,25,static_tall_formal_v2_025,near_obstacle,tall,1,"[0.00020482677,-1.5807626,1.115168,-1.584607,-1.5739819,0.044718852]","[0.48059049,0.13308123,0.72117388]",0.2517102995816504,3.0953760146262477,0.0878999940395355,false,0.0,nan,0.0,
rrtstar_ompl,25,static_tall_formal_v2_025,near_obstacle,tall,2,"[0.00040965355,-1.5915252,1.1303361,-1.5992139,-1.5779639,0.089437703]","[0.47718662,0.13278167,0.72093326]",0.24849499941272118,3.044632145534014,0.0878999940395355,false,0.0,nan,0.0,
rrtstar_ompl,25,static_tall_formal_v2_025,near_obstacle,tall,3,"[0.00061448032,-1.6022878,1.1455041,-1.6138209,-1.5819458,0.13415655]","[0.47376218,0.13248074,0.72064555]",0.2452470476076517,2.9938882764417807,0.0878999940395355,false,0.0,nan,0.0,
rrtstar_ompl,25,static_tall_formal_v2_025,near_obstacle,tall,4,"[0.0008193071,-1.6130504,1.1606722,-1.6284279,-1.5859278,0.17887541]","[0.47031772,0.13217841,0.72031069]",0.24196663259212178,2.9431444073495467,0.0878999940395355,false,0.0,nan,0.0,
rrtstar_ompl,25,static_tall_formal_v2_025,near_obstacle,tall,5,"[0.0010241339,-1.623813,1.1758402,-1.6430349,-1.5899097,0.22359426]","[0.46685368,0.13187467,0.71992868]",0.23865388839886317,2.8924005382573132,0.0878999940395355,false,0.0,nan,0.0,
rrtstar_ompl,25,static_tall_formal_v2_025,near_obstacle,tall,6,"[0.0012289606,-1.6345756,1.1910083,-1.6576418,-1.5938917,0.26831311]","[0.46337044,0.13156955,0.71949935]",0.23530882487421373,2.84165666916508,0.0878999940395355,false,0.0,nan,0.0,
rrtstar_ompl,25,static_tall_formal_v2_025,near_obstacle,tall,7,"[0.0014337874,-1.6453381,1.2061763,-1.6722488,-1.5978736,0.31303196]","[0.45986846,0.131263,0.71902275]",0.23193159873940158,2.7909128000728463,0.0878999940395355,false,0.0,nan,0.0,
rrtstar_ompl,25,static_tall_formal_v2_025,near_obstacle,tall,8,"[0.0016386142,-1.6561007,1.2213444,-1.6868558,-1.6018556,0.35775081]","[0.45634818,0.13095503,0.71849835]",0.22852211295526523,2.7401689309806128,0.0878999940395355,false,0.0,nan,0.0,
rrtstar_ompl,25,static_tall_formal_v2_025,near_obstacle,tall,9,"[0.001843441,-1.6668633,1.2365124,-1.7014628,-1.6058375,0.40246966]","[0.45281008,0.13064563,0.71792638]",0.22508063264475373,2.689425061888379,0.0878999940395355,false,0.0,nan,0.0,
rrtstar_ompl,25,static_tall_formal_v2_025,near_obstacle,tall,10,"[0.0020482677,-1.6776259,1.2516805,-1.7160697,-1.6098195,0.44718852]","[0.44925445,0.13033479,0.71730673]",0.22160710513524953,2.6386811927961458,0.0878999940395355,false,0.0,nan,0.0,
rrtstar_ompl,25,static_tall_formal_v2_025,near_obstacle,tall,11,"[0.0022530945,-1.6883885,1.2668485,-1.7306767,-1.6138014,0.49190737]","[0.44568193,0.13002257,0.71663916]",0.2181017231168407,2.587937323703912,0.0878999940395355,false,0.0,nan,0.0,
rrtstar_ompl,25,static_tall_formal_v2_025,near_obstacle,tall,12,"[0.0024579213,-1.6991511,1.2820165,-1.7452837,-1.6177834,0.53662622]","[0.44209272,0.1297089,0.71592385]",0.21456448418090962,2.5371934546116783,0.0878999940395355,false,0.0,nan,0.0,
rrtstar_ompl,25,static_tall_formal_v2_025,near_obstacle,tall,13,"[0.0026627481,-1.7099137,1.2971846,-1.7598907,-1.6217653,0.58134507]","[0.43848762,0.1293938,0.71516031]",0.21099562496257349,2.486449585519445,0.0878999940395355,false,0.0,nan,0.0,
rrtstar_ompl,25,static_tall_formal_v2_025,near_obstacle,tall,14,"[0.0028675748,-1.7206763,1.3123526,-1.7744976,-1.6257473,0.62606392]","[0.43486676,0.12907724,0.71434873]",0.20739506602535238,2.4357057164272113,0.0878999940395355,false,0.0,nan,0.0,
rrtstar_ompl,25,static_tall_formal_v2_025,near_obstacle,tall,15,"[0.0030724016,-1.7314389,1.3275207,-1.7891046,-1.6297292,0.67078277]","[0.43123066,0.12875926,0.71348906]",0.20376299669551884,2.384961847334978,0.0878999940395355,false,0.0,nan,0.0,
rrtstar_ompl,25,static_tall_formal_v2_025,near_obstacle,tall,16,"[0.0032772284,-1.7422015,1.3426887,-1.8037116,-1.6337112,0.71550163]","[0.42757994,0.12843984,0.71258122]",0.2000996514544676,2.3342179782427444,0.0878999940395355,false,0.0,nan,0.0,
rrtstar_ompl,25,static_tall_formal_v2_025,near_obstacle,tall,17,"[0.0034820552,-1.7529641,1.3578568,-1.8183186,-1.6376931,0.76022048]","[0.42391479,0.12811898,0.71162498]",0.19640484098413222,2.2834741091505104,0.0878999940395355,false,0.0,nan,0.0,
rrtstar_ompl,25,static_tall_formal_v2_025,near_obstacle,tall,18,"[0.0036868819,-1.7637267,1.3730248,-1.8329255,-1.6416751,0.80493933]","[0.42023587,0.12779668,0.71062046]",0.19267893775131156,2.232730240058277,0.0878999940395355,false,0.0,nan,0.0,
rrtstar_ompl,25,static_tall_formal_v2_025,near_obstacle,tall,19,"[0.0038917087,-1.7744893,1.3881929,-1.8475325,-1.645657,0.84965818]","[0.41654363,0.12747292,0.70956755]",0.18892201411826334,2.1819863709660434,0.0878999940395355,false,0.0,nan,0.0,
rrtstar_ompl,25,static_tall_formal_v2_025,near_obstacle,tall,20,"[0.0040965355,-1.7852519,1.4033609,-1.8621395,-1.649639,0.89437703]","[0.41283837,0.12714773,0.70846617]",0.18513404490122318,2.13124250187381,0.0878999940395355,false,0.0,nan,0.0,
rrtstar_ompl,25,static_tall_formal_v2_025,near_obstacle,tall,21,"[0.0043013623,-1.7960144,1.418529,-1.8767465,-1.6536209,0.93909588]","[0.40912071,0.1268211,0.70731634]",0.18131531565235057,2.0804986327815764,0.0878999940395355,false,0.0,nan,0.0,
rrtstar_ompl,25,static_tall_formal_v2_025,near_obstacle,tall,22,"[0.004506189,-1.806777,1.433697,-1.8913534,-1.6576029,0.98381474]","[0.40539098,0.12649305,0.70611787]",0.17746576774082817,2.029754763689343,0.0878999940395355,false,0.0,nan,0.0,
rrtstar_ompl,25,static_tall_formal_v2_025,near_obstacle,tall,23,"[0.0047110158,-1.8175396,1.448865,-1.9059604,-1.6615848,1.0285336]","[0.40164974,0.12616353,0.70487088]",0.1735856878831993,1.9790108945971092,0.0878999940395355,false,0.0,nan,0.0,
rrtstar_ompl,25,static_tall_formal_v2_025,near_obstacle,tall,24,"[0.0049158426,-1.8283022,1.4640331,-1.9205674,-1.6655668,1.0732524]","[0.3978973,0.12583257,0.70357525]",0.16967502134801565,1.9282670255048757,0.0878999940395355,false,0.0,nan,0.0,
rrtstar_ompl,25,static_tall_formal_v2_025,near_obstacle,tall,25,"[0.0051206694,-1.8390648,1.4792011,-1.9351743,-1.6695487,1.1179713]","[0.39413431,0.12550017,0.70223105]",0.16573410568274455,1.877523156412642,0.0878999940395355,false,0.0,nan,0.0,
rrtstar_ompl,25,static_tall_formal_v2_025,near_obstacle,tall,26,"[0.0053254961,-1.8498274,1.4943692,-1.9497813,-1.6735307,1.1626901]","[0.39036122,0.12516634,0.70083821]",0.16176304026448043,1.8267792873204083,0.0878999940395355,false,0.0,nan,0.0,
rrtstar_ompl,25,static_tall_formal_v2_025,near_obstacle,tall,27,"[0.0055303229,-1.86059,1.5095372,-1.9643883,-1.6775126,1.207409]","[0.38657835,0.12483109,0.69939667]",0.15776182084686738,1.7760354182281748,0.0878999940395355,false,0.0,nan,0.0,
rrtstar_ompl,25,static_tall_formal_v2_025,near_obstacle,tall,28,"[0.0057351497,-1.8713526,1.5247053,-1.9789953,-1.6814946,1.2521278]","[0.38278618,0.12449439,0.69790637]",0.15373056776549157,1.7252915491359415,0.0878999940395355,false,0.0,nan,0.0,
rrtstar_ompl,25,static_tall_formal_v2_025,near_obstacle,tall,29,"[0.0059399765,-1.8821152,1.5398733,-1.9936022,-1.6854765,1.2968467]","[0.3789854,0.12415626,0.69636756]",0.14966973526238397,1.6745476800437076,0.0878999940395355,false,0.0,nan,0.0,
rrtstar_ompl,25,static_tall_formal_v2_025,near_obstacle,tall,30,"[0.0061448032,-1.8928778,1.5550414,-2.0082092,-1.6894585,1.3415655]","[0.37517613,0.12381673,0.69478005]",0.14557908096034863,1.623803810951474,0.0878999940395355,false,0.0,nan,0.0,
rrtstar_ompl,25,static_tall_formal_v2_025,near_obstacle,tall,31,"[0.00634963,-1.9036404,1.5702094,-2.0228162,-1.6934404,1.3862844]","[0.37135917,0.12347578,0.69314378]",0.1414590008568086,1.5730599418592406,0.0878999940395355,false,0.0,nan,0.0,
rrtstar_ompl,25,static_tall_formal_v2_025,near_obstacle,tall,32,"[0.0065544568,-1.914403,1.5853775,-2.0374232,-1.6974224,1.4310033]","[0.36753479,0.12313339,0.69145888]",0.13730952996853504,1.522316072767007,0.0878999940395355,false,0.0,nan,0.0,
rrtstar_ompl,25,static_tall_formal_v2_025,near_obstacle,tall,33,"[0.0067592835,-1.9251656,1.6005455,-2.0520301,-1.7014043,1.4757221]","[0.36370346,0.12278962,0.68972516]",0.13313072635825038,1.4715722036747736,0.0878999940395355,false,0.0,nan,0.0,
rrtstar_ompl,25,static_tall_formal_v2_025,near_obstacle,tall,34,"[0.0069641103,-1.9359281,1.6157135,-2.0666371,-1.7053863,1.520441]","[0.35986573,0.12244443,0.68794286]",0.1289229127539037,1.42082833458254,0.0878999940395355,false,0.0,nan,0.0,
rrtstar_ompl,25,static_tall_formal_v2_025,near_obstacle,tall,35,"[0.0071689371,-1.9466907,1.6308816,-2.0812441,-1.7093682,1.5651598]","[0.35602197,0.12209783,0.68611223]",0.12468629389046391,1.3700844654903062,0.0878999940395355,false,0.0,nan,0.0,
rrtstar_ompl,25,static_tall_formal_v2_025,near_obstacle,tall,36,"[0.0073737639,-1.9574533,1.6460496,-2.0958511,-1.7133502,1.6098787]","[0.35217279,0.12174987,0.68423277]",0.12042086204194258,1.3193405963980727,0.0878999940395355,false,0.0,nan,0.0,
rrtstar_ompl,25,static_tall_formal_v2_025,near_obstacle,tall,37,"[0.0075785906,-1.9682159,1.6612177,-2.110458,-1.7173321,1.6545975]","[0.34831861,0.12140051,0.68230468]",0.11612680708385723,1.2685967273058392,0.0878999940395355,false,0.0,nan,0.0,
rrtstar_ompl,25,static_tall_formal_v2_025,near_obstacle,tall,38,"[0.0077834174,-1.9789785,1.6763857,-2.125065,-1.7213141,1.6993164]","[0.34445977,0.12104975,0.68032819]",0.11180430731966771,1.2178528582136057,0.0878999940395355,false,0.0,nan,0.0,
rrtstar_ompl,25,static_tall_formal_v2_025,near_obstacle,tall,39,"[0.0079882442,-1.9897411,1.6915538,-2.139672,-1.725296,1.7440352]","[0.34059697,0.12069763,0.67830324]",0.10745365206938941,1.1671089891213722,0.0878999940395355,false,0.0,nan,0.0,
rrtstar_ompl,25,static_tall_formal_v2_025,near_obstacle,tall,40,"[0.008193071,-2.0005037,1.7067218,-2.154279,-1.729278,1.7887541]","[0.33673042,0.12034415,0.67622977]",0.10307472913727975,1.1163651200291387,0.0878999940395355,false,0.0,nan,0.0,
rrtstar_ompl,25,static_tall_formal_v2_025,near_obstacle,tall,41,"[0.0083978977,-2.0112663,1.7218899,-2.1688859,-1.7332599,1.8334729]","[0.33286089,0.11998928,0.67410797]",0.0986680273371547,1.065621250936905,0.0878999940395355,false,0.0,nan,0.0,
rrtstar_ompl,25,static_tall_formal_v2_025,near_obstacle,tall,42,"[0.0086027245,-2.0220289,1.7370579,-2.1834929,-1.7372419,1.8781918]","[0.32898861,0.11963312,0.67193776]",0.09423346512419456,1.0148773818446715,0.0878999940395355,false,0.0,nan,0.0,
rrtstar_ompl,25,static_tall_formal_v2_025,near_obstacle,tall,43,"[0.0088075513,-2.0327915,1.7522259,-2.1980999,-1.7412238,1.9229106]","[0.32511419,0.11927559,0.6697194]",0.08977141340819947,0.9641335127524376,0.0878999940395355,false,0.0,nan,0.0,
rrtstar_ompl,25,static_tall_formal_v2_025,near_obstacle,tall,44,"[0.0090123781,-2.0435541,1.767394,-2.2127069,-1.7452058,1.9676295]","[0.32123798,0.11891671,0.66745287]",0.08528191668372352,0.9133896436602041,0.0878999940395355,false,0.0,nan,0.0,
rrtstar_ompl,25,static_tall_formal_v2_025,near_obstacle,tall,45,"[0.0092172048,-2.0543167,1.782562,-2.2273138,-1.7491877,2.0123483]","[0.31736046,0.11855654,0.66513813]",0.0807650861896815,0.8626457745679703,0.0878999940395355,false,0.0,nan,0.0,
rrtstar_ompl,25,static_tall_formal_v2_025,near_obstacle,tall,46,"[0.0094220316,-2.0650793,1.7977301,-2.2419208,-1.7531697,2.0570672]","[0.31348228,0.11819503,0.66277528]",0.07622127248070738,0.8119019054757372,0.0878999940395355,false,0.0,nan,0.0,
rrtstar_ompl,25,static_tall_formal_v2_025,near_obstacle,tall,47,"[0.0096268584,-2.0758419,1.8128981,-2.2565278,-1.7571516,2.101786]","[0.30960372,0.11783225,0.66036475]",0.07165069116798004,0.7611580363835034,0.0878999940395355,false,0.0,nan,0.0,
rrtstar_ompl,25,static_tall_formal_v2_025,near_obstacle,tall,48,"[0.0098316852,-2.0866044,1.8280662,-2.2711347,-1.7611336,2.1465049]","[0.30572546,0.11746815,0.65790612]",0.06705340337234351,0.7104141672912702,0.0878999940395355,false,0.0,nan,0.0,
rrtstar_ompl,25,static_tall_formal_v2_025,near_obstacle,tall,49,"[0.010036512,-2.097367,1.8432342,-2.2857417,-1.7651155,2.1912237]","[0.3018477,0.11710278,0.65539986]",0.06242961295077263,0.6596702981990366,0.0878999940395355,false,0.0,nan,0.0,
rrtstar_ompl,25,static_tall_formal_v2_025,near_obstacle,tall,50,"[0.010241339,-2.1081296,1.8584023,-2.3003487,-1.7690975,2.2359426]","[0.29797104,0.11673614,0.6528458]",0.05777944699637654,0.6089264291068028,0.0878999940395355,false,0.0,nan,0.0,
rrtstar_ompl,25,static_tall_formal_v2_025,near_obstacle,tall,51,"[0.010446165,-2.1188922,1.8735703,-2.3149557,-1.7730794,2.2806614]","[0.29409617,0.11636826,0.65024418]",0.05310335125040081,0.5581825600145692,0.0878999940395355,false,0.0,nan,0.0,
rrtstar_ompl,25,static_tall_formal_v2_025,near_obstacle,tall,52,"[0.010650992,-2.1296548,1.8887384,-2.3295626,-1.7770614,2.3253803]","[0.29022312,0.1159991,0.64759511]",0.04840117151376965,0.5074386909223355,0.0878999940395355,false,0.0,nan,0.0,
rrtstar_ompl,25,static_tall_formal_v2_025,near_obstacle,tall,53,"[0.010855819,-2.1404174,1.9039064,-2.3441696,-1.7810433,2.3700991]","[0.28635272,0.11562874,0.64489865]",0.04367336796848123,0.4566948218301022,0.0878999940395355,false,0.0,nan,0.0,
rrtstar_ompl,25,static_tall_formal_v2_025,near_obstacle,tall,54,"[0.011060646,-2.15118,1.9190744,-2.3587766,-1.7850253,2.414818]","[0.28248534,0.11525714,0.64215499]",0.038920083222524236,0.4059509527378685,0.0878999940395355,false,0.0,nan,0.0,
rrtstar_ompl,25,static_tall_formal_v2_025,near_obstacle,tall,55,"[0.011265473,-2.1619426,1.9342425,-2.3733836,-1.7890072,2.4595368]","[0.27862144,0.11488433,0.63936418]",0.03414148884562753,0.35520708364563486,0.0878999940395355,false,0.0,nan,0.0,
rrtstar_ompl,25,static_tall_formal_v2_025,near_obstacle,tall,56,"[0.011470299,-2.1727052,1.9494105,-2.3879905,-1.7929892,2.5042557]","[0.27476132,0.11451034,0.63652635]",0.029337648220886196,0.3044632145534017,0.0878999940395355,false,0.0,nan,0.0,
rrtstar_ompl,25,static_tall_formal_v2_025,near_obstacle,tall,57,"[0.011675126,-2.1834678,1.9645786,-2.4025975,-1.7969711,2.5489745]","[0.27090576,0.1141352,0.63364172]",0.024509076325469913,0.2537193454611679,0.0878999940395355,false,0.0,nan,0.0,
rrtstar_ompl,25,static_tall_formal_v2_025,near_obstacle,tall,58,"[0.011879953,-2.1942304,1.9797466,-2.4172045,-1.8009531,2.5936934]","[0.26705509,0.11375884,0.63071042]",0.01965585266125452,0.20297547636893432,0.0878999940395355,false,0.0,nan,0.0,
rrtstar_ompl,25,static_tall_formal_v2_025,near_obstacle,tall,59,"[0.01208478,-2.204993,1.9949147,-2.4318115,-1.804935,2.6384122]","[0.26320964,0.11338137,0.62773252]",0.014778035247094368,0.15223160727670054,0.0859876106911672,false,0.0,nan,0.0,
rrtstar_ompl,25,static_tall_formal_v2_025,near_obstacle,tall,60,"[0.012289606,-2.2157556,2.0100827,-2.4464184,-1.808917,2.6831311]","[0.25937021,0.11300273,0.624708]",0.009876001272346613,0.10148773818446696,0.08324164646421403,false,0.0,nan,0.0,
rrtstar_ompl,25,static_tall_formal_v2_025,near_obstacle,tall,61,"[0.012494433,-2.2265181,2.0252508,-2.4610254,-1.8128989,2.7278499]","[0.25553688,0.11262301,0.62163752]",0.0049499935876282704,0.05074386909223381,0.08059886952284451,false,0.0,nan,0.0,
rrtstar_ompl,25,static_tall_formal_v2_025,near_obstacle,tall,62,"[0.01269926,-2.2372807,2.0404188,-2.4756324,-1.8168809,2.7725688]","[0.25171036,0.11224215,0.61852062]",1.571455785399413e-08,0.0,0.07806623984648836,false,0.0,nan,0.0,
rrtstar_ompl,26,static_tall_formal_v2_026,hard_reach,tall,0,"[0,-1.57,1.1,-1.57,-1.57,0]","[0.48397353,0.13337938,0.72136778]",0.7409092553474,2.7502603885148296,0.0878999940395355,false,20.081442832946777,nan,0.0,
rrtstar_ompl,26,static_tall_formal_v2_026,hard_reach,tall,1,"[-0.027047607,-1.5609159,1.0852381,-1.5520238,-1.5683384,-0.033801797]","[0.48970544,0.12034516,0.72168577]",0.7313393652688196,2.7002556541781964,0.0878999940395355,false,0.0,nan,0.0,
rrtstar_ompl,26,static_tall_formal_v2_026,hard_reach,tall,2,"[-0.054095215,-1.5518318,1.0704763,-1.5340476,-1.5666768,-0.067603593]","[0.4950529,0.10710011,0.7219699]",0.7215682286716011,2.650250919841563,0.0878999940395355,false,0.0,nan,0.0,
rrtstar_ompl,26,static_tall_formal_v2_026,hard_reach,tall,3,"[-0.081142822,-1.5427478,1.0557144,-1.5160713,-1.5650152,-0.10140539]","[0.50000864,0.093656413,0.7222206]",0.7115984009412211,2.60024618550493,0.0878999940395355,false,0.0,nan,0.0,
rrtstar_ompl,26,static_tall_formal_v2_026,hard_reach,tall,4,"[-0.10819043,-1.5336637,1.0409525,-1.4980951,-1.5633535,-0.13520719]","[0.50456566,0.08002653,0.72243792]",0.7014324410729813,2.5502414511682967,0.0878999940395355,false,0.0,nan,0.0,
rrtstar_ompl,26,static_tall_formal_v2_026,hard_reach,tall,5,"[-0.13523804,-1.5245796,1.0261906,-1.4801189,-1.5616919,-0.16900898]","[0.50871736,0.066223115,0.72262204]",0.6910729506652453,2.5002367168316635,0.0878999940395355,false,0.0,nan,0.0,
rrtstar_ompl,26,static_tall_formal_v2_026,hard_reach,tall,6,"[-0.16228564,-1.5154955,1.0114288,-1.4621427,-1.5600303,-0.20281078]","[0.51245791,0.052259017,0.72277319]",0.6805227204124782,2.4502319824950303,0.0878999940395355,false,0.0,nan,0.0,
rrtstar_ompl,26,static_tall_formal_v2_026,hard_reach,tall,7,"[-0.18933325,-1.5064114,0.9966669,-1.4441664,-1.5583687,-0.23661258]","[0.5157814,0.038147345,0.72289163]",0.66978442561312,2.400227248158397,0.0878999940395355,false,0.0,nan,0.0,
rrtstar_ompl,26,static_tall_formal_v2_026,hard_reach,tall,8,"[-0.21638086,-1.4973274,0.98190503,-1.4261902,-1.5567071,-0.27041437]","[0.5186829,0.023901382,0.72297758]",0.6588610338570943,2.350222513821764,0.0878999940395355,false,0.0,nan,0.0,
rrtstar_ompl,26,static_tall_formal_v2_026,hard_reach,tall,9,"[-0.24342847,-1.4882433,0.96714316,-1.408214,-1.5550455,-0.30421617]","[0.52115744,0.0095345899,0.7230311]",0.6477553533956087,2.30021777948513,0.0878999940395355,false,0.0,nan,0.0,
rrtstar_ompl,26,static_tall_formal_v2_026,hard_reach,tall,10,"[-0.27047607,-1.4791592,0.95238129,-1.3902378,-1.5533838,-0.33801797]","[0.52320069,-0.0049394183,0.7230525]",0.6364703236584943,2.250213045148497,0.0878999940395355,false,0.0,nan,0.0,
rrtstar_ompl,26,static_tall_formal_v2_026,hard_reach,tall,11,"[-0.29752368,-1.4700751,0.93761942,-1.3722615,-1.5517222,-0.37181976]","[0.52480888,-0.019506888,0.72304177]",0.6250089989782499,2.2002083108118637,0.0878999940395355,false,0.0,nan,0.0,
rrtstar_ompl,26,static_tall_formal_v2_026,hard_reach,tall,12,"[-0.32457129,-1.460991,0.92285755,-1.3542853,-1.5500606,-0.40562156]","[0.52597862,-0.034153961,0.72299951]",0.6133744481319129,2.1502035764752305,0.08237434375576363,false,0.0,nan,0.0,
rrtstar_ompl,26,static_tall_formal_v2_026,hard_reach,tall,13,"[-0.3516189,-1.451907,0.90809568,-1.3363091,-1.548399,-0.43942336]","[0.52670705,-0.048866581,0.72292566]",0.6015698741406712,2.1001988421385973,0.07638935223750196,false,0.0,nan,0.0,
rrtstar_ompl,26,static_tall_formal_v2_026,hard_reach,tall,14,"[-0.3786665,-1.4428229,0.89333381,-1.3183329,-1.5467374,-0.47322515]","[0.52699149,-0.06363073,0.72282046]",0.5895982775079083,2.050194107801964,0.07067863524347504,false,0.0,nan,0.0,
rrtstar_ompl,26,static_tall_formal_v2_026,hard_reach,tall,15,"[-0.40571411,-1.4337388,0.87857194,-1.3003567,-1.5450758,-0.50702695]","[0.52682996,-0.078432113,0.72268426]",0.5774630098361829,2.000189373465331,0.06528473434457016,false,0.0,nan,0.0,
rrtstar_ompl,26,static_tall_formal_v2_026,hard_reach,tall,16,"[-0.43276172,-1.4246547,0.86381007,-1.2823804,-1.5434141,-0.54082875]","[0.5262211,-0.093256578,0.72251713]",0.5651673663528127,1.9501846391286977,0.06025408081915473,false,0.0,nan,0.0,
rrtstar_ompl,26,static_tall_formal_v2_026,hard_reach,tall,17,"[-0.45980933,-1.4155706,0.84904819,-1.2644042,-1.5417525,-0.57463054]","[0.52516377,-0.10808983,0.72231919]",0.5527146325086068,1.9001799047920642,0.05563674447449174,false,0.0,nan,0.0,
rrtstar_ompl,26,static_tall_formal_v2_026,hard_reach,tall,18,"[-0.48685693,-1.4064865,0.83428632,-1.246428,-1.5400909,-0.60843234]","[0.52365732,-0.1229175,0.7220909]",0.5401082085488804,1.850175170455431,0.05148553869615363,false,0.0,nan,0.0,
rrtstar_ompl,26,static_tall_formal_v2_026,hard_reach,tall,19,"[-0.51390454,-1.3974025,0.81952445,-1.2284518,-1.5384293,-0.64223414]","[0.52170175,-0.13772517,0.72183222]",0.5273516102838989,1.8001704361187976,0.047854688089743525,false,0.0,nan,0.0,
rrtstar_ompl,26,static_tall_formal_v2_026,hard_reach,tall,20,"[-0.54095215,-1.3883184,0.80476258,-1.2104755,-1.5367677,-0.67603593]","[0.51929736,-0.15249874,0.72154379]",0.5144481316449728,1.7501657017821644,0.04479781023081553,false,0.0,nan,0.0,
rrtstar_ompl,26,static_tall_formal_v2_026,hard_reach,tall,21,"[-0.56799976,-1.3792343,0.79000071,-1.1924993,-1.5351061,-0.70983773]","[0.5164451,-0.16722371,0.7212252]",0.5014014480386224,1.7001609674455311,0.04236552339892047,false,0.0,nan,0.0,
rrtstar_ompl,26,static_tall_formal_v2_026,hard_reach,tall,22,"[-0.59504736,-1.3701502,0.77523884,-1.1745231,-1.5334445,-0.74363953]","[0.5131461,-0.18188569,0.72087723]",0.4882151066064769,1.650156233108898,0.040602475845635186,false,0.0,nan,0.0,
rrtstar_ompl,26,static_tall_formal_v2_026,hard_reach,tall,23,"[-0.62209497,-1.3610661,0.76047697,-1.1565469,-1.5317828,-0.77744132]","[0.50940233,-0.19647065,0.72049987]",0.47489266018957643,1.6001514987722647,0.039544260489777314,false,0.0,nan,0.0,
rrtstar_ompl,26,static_tall_formal_v2_026,hard_reach,tall,24,"[-0.64914258,-1.3519821,0.7457151,-1.1385706,-1.5301212,-0.81124312]","[0.50521582,-0.21096422,0.72009349]",0.46143773927722853,1.5501467644356315,0.03921470227895184,false,0.0,nan,0.0,
rrtstar_ompl,26,static_tall_formal_v2_026,hard_reach,tall,25,"[-0.67619019,-1.342898,0.73095323,-1.1205944,-1.5284596,-0.84504492]","[0.50058973,-0.22535247,0.71965784]",0.44785417430515967,1.5001420300989983,0.03962388134233161,false,0.0,nan,0.0,
rrtstar_ompl,26,static_tall_formal_v2_026,hard_reach,tall,26,"[-0.70323779,-1.3338139,0.71619136,-1.1026182,-1.526798,-0.87884671]","[0.49552688,-0.23962128,0.7191937]",0.4341455479204794,1.4501372957623648,0.040767372749648645,false,0.0,nan,0.0,
rrtstar_ompl,26,static_tall_formal_v2_026,hard_reach,tall,27,"[-0.7302854,-1.3247298,0.70142949,-1.084642,-1.5251364,-0.91264851]","[0.49003103,-0.25375685,0.71870112]",0.42031562238577247,1.4001325614257316,0.04262669952888229,false,0.0,nan,0.0,
rrtstar_ompl,26,static_tall_formal_v2_026,hard_reach,tall,28,"[-0.75733301,-1.3156457,0.68666761,-1.0666657,-1.5234748,-0.94645031]","[0.48410642,-0.26774532,0.71818018]",0.4063683339018006,1.3501278270890984,0.04517105999252494,false,0.0,nan,0.0,
rrtstar_ompl,26,static_tall_formal_v2_026,hard_reach,tall,29,"[-0.78438062,-1.3065617,0.67190574,-1.0486895,-1.5218131,-0.98025211]","[0.47775736,-0.28157312,0.71763128]",0.39230730180121426,1.3001230927524652,0.048359932009365836,false,0.0,nan,0.0,
rrtstar_ompl,26,static_tall_formal_v2_026,hard_reach,tall,30,"[-0.81142822,-1.2974776,0.65714387,-1.0307133,-1.5201515,-1.0140539]","[0.4709892,-0.29522675,0.71705455]",0.3781366415538507,1.250118358415832,0.051882092034101074,false,0.0,nan,0.0,
rrtstar_ompl,26,static_tall_formal_v2_026,hard_reach,tall,31,"[-0.83847583,-1.2883935,0.642382,-1.0127371,-1.5184899,-1.0478557]","[0.46380728,-0.30869296,0.71645033]",0.3638601706781699,1.2001136240791985,0.0533207582630878,false,0.0,nan,0.0,
rrtstar_ompl,26,static_tall_formal_v2_026,hard_reach,tall,32,"[-0.86552344,-1.2793094,0.62762013,-0.99476086,-1.5168283,-1.0816575]","[0.45621729,-0.32195869,0.71581858]",0.3494815903694104,1.1501088897425653,0.05526111536102038,false,0.0,nan,0.0,
rrtstar_ompl,26,static_tall_formal_v2_026,hard_reach,tall,33,"[-0.89257105,-1.2702253,0.61285826,-0.97678463,-1.5151667,-1.1154593]","[0.44822589,-0.33501092,0.71515989]",0.3350052259755115,1.100104155405932,0.056324674744536715,false,0.0,nan,0.0,
rrtstar_ompl,26,static_tall_formal_v2_026,hard_reach,tall,34,"[-0.91961865,-1.2611413,0.59809639,-0.95880841,-1.5135051,-1.1492611]","[0.43983954,-0.34783703,0.71447438]",0.3204347905876459,1.0500994210692987,0.05737417950553948,false,0.0,nan,0.0,
rrtstar_ompl,26,static_tall_formal_v2_026,hard_reach,tall,35,"[-0.94666626,-1.2520572,0.58333452,-0.94083219,-1.5118435,-1.1830629]","[0.43106553,-0.36042464,0.7137621]",0.30577433629583933,1.0000946867326654,0.05878693672758652,false,0.0,nan,0.0,
rrtstar_ompl,26,static_tall_formal_v2_026,hard_reach,tall,36,"[-0.97371387,-1.2429731,0.56857265,-0.92285596,-1.5101818,-1.2168647]","[0.42191142,-0.37276149,0.7130233]",0.2910279280608861,0.9500899523960322,0.06055087756286821,false,0.0,nan,0.0,
rrtstar_ompl,26,static_tall_formal_v2_026,hard_reach,tall,37,"[-1.0007615,-1.233889,0.55381078,-0.90487974,-1.5085202,-1.2506665]","[0.41238514,-0.3848356,0.71225852]",0.27619963419262555,0.9000852180593989,0.06265148174096831,false,0.0,nan,0.0,
rrtstar_ompl,26,static_tall_formal_v2_026,hard_reach,tall,38,"[-1.0278091,-1.2248049,0.53904891,-0.88690352,-1.5068586,-1.2844683]","[0.40249515,-0.39663541,0.71146774]",0.26129354658575316,0.8500804837227656,0.06507226640010065,false,0.0,nan,0.0,
rrtstar_ompl,26,static_tall_formal_v2_026,hard_reach,tall,39,"[-1.0548567,-1.2157209,0.52428703,-0.86892729,-1.505197,-1.3182701]","[0.39224994,-0.40814942,0.71065122]",0.24631363925833882,0.8000757493861322,0.06779536880440308,false,0.0,nan,0.0,
rrtstar_ompl,26,static_tall_formal_v2_026,hard_reach,tall,40,"[-1.0819043,-1.2066368,0.50952516,-0.85095107,-1.5035354,-1.3520719]","[0.38165879,-0.41936654,0.70980918]",0.23126416659363505,0.7500710150494989,0.07080195734627777,false,0.0,nan,0.0,
rrtstar_ompl,26,static_tall_formal_v2_026,hard_reach,tall,41,"[-1.1089519,-1.1975527,0.49476329,-0.83297485,-1.5018738,-1.3858737]","[0.37073109,-0.43027607,0.70894194]",0.21614916793115072,0.7000662807128658,0.07166342964584171,false,0.0,nan,0.0,
rrtstar_ompl,26,static_tall_formal_v2_026,hard_reach,tall,42,"[-1.1359995,-1.1884686,0.48000142,-0.81499862,-1.5002121,-1.4196755]","[0.3594766,-0.44086751,0.7080496]",0.20097278218068743,0.6500615463762325,0.07241621837855697,false,0.0,nan,0.0,
rrtstar_ompl,26,static_tall_formal_v2_026,hard_reach,tall,43,"[-1.1630471,-1.1793845,0.46523955,-0.7970224,-1.4985505,-1.4534773]","[0.34790552,-0.45113069,0.70713246]",0.18573926085909448,0.6000568120395992,0.07337068671690258,false,0.0,nan,0.0,
rrtstar_ompl,26,static_tall_formal_v2_026,hard_reach,tall,44,"[-1.1900947,-1.1703004,0.45047768,-0.77904618,-1.4968889,-1.4872791]","[0.33602822,-0.46105585,0.70619106]",0.1704527075575126,0.5500520777029658,0.07452235088248227,false,0.0,nan,0.0,
rrtstar_ompl,26,static_tall_formal_v2_026,hard_reach,tall,45,"[-1.2171423,-1.1612164,0.43571581,-0.76106995,-1.4952273,-1.5210809]","[0.32385546,-0.4706336,0.70522511]",0.15511724377868727,0.5000473433663326,0.07586592401115635,false,0.0,nan,0.0,
rrtstar_ompl,26,static_tall_formal_v2_026,hard_reach,tall,46,"[-1.2441899,-1.1521323,0.42095394,-0.74309373,-1.4935657,-1.5548826]","[0.31139836,-0.47985488,0.70423508]",0.13973712581231493,0.45004260902969967,0.07374528870830763,false,0.0,nan,0.0,
rrtstar_ompl,26,static_tall_formal_v2_026,hard_reach,tall,47,"[-1.2712376,-1.1430482,0.40619207,-0.72511751,-1.4919041,-1.5886844]","[0.29866824,-0.48871085,0.7032212]",0.12431661078560265,0.40003787469306623,0.06715266387979726,false,0.0,nan,0.0,
rrtstar_ompl,26,static_tall_formal_v2_026,hard_reach,tall,48,"[-1.2982852,-1.1339641,0.3914302,-0.70714128,-1.4902424,-1.6224862]","[0.2856766,-0.49719337,0.70218378]",0.1088597269434424,0.350033140356433,0.0609844259698997,false,0.0,nan,0.0,
rrtstar_ompl,26,static_tall_formal_v2_026,hard_reach,tall,49,"[-1.3253328,-1.12488,0.37666833,-0.68916506,-1.4885808,-1.656288]","[0.2724354,-0.50529432,0.701123]",0.09337083026669513,0.30002840601979974,0.05531724378831504,false,0.0,nan,0.0,
rrtstar_ompl,26,static_tall_formal_v2_026,hard_reach,tall,50,"[-1.3523804,-1.115796,0.36190645,-0.67118884,-1.4869192,-1.6900898]","[0.25895679,-0.51300645,0.70003903]",0.07785405769047246,0.25002367168316647,0.05023521320418395,false,0.0,nan,0.0,
rrtstar_ompl,26,static_tall_formal_v2_026,hard_reach,tall,51,"[-1.379428,-1.1067119,0.34714458,-0.65321261,-1.4852576,-1.7238916]","[0.24525303,-0.52032238,0.69893223]",0.062313646935160144,0.20001893734653317,0.04582765137282084,false,0.0,nan,0.0,
rrtstar_ompl,26,static_tall_formal_v2_026,hard_reach,tall,52,"[-1.4064756,-1.0976278,0.33238271,-0.63523639,-1.483596,-1.7576934]","[0.23133679,-0.52723551,0.69780272]",0.04675387128069695,0.1500142030098998,0.04218546427742642,false,0.0,nan,0.0,
rrtstar_ompl,26,static_tall_formal_v2_026,hard_reach,tall,53,"[-1.4335232,-1.0885437,0.31762084,-0.61726017,-1.4819344,-1.7914952]","[0.21722072,-0.53373945,0.69665086]",0.031178882305389923,0.1000094686732667,0.03939606275571639,false,0.0,nan,0.0,
rrtstar_ompl,26,static_tall_formal_v2_026,hard_reach,tall,54,"[-1.4605708,-1.0794596,0.30285897,-0.59928394,-1.4802728,-1.825297]","[0.20291783,-0.53982854,0.69547677]",0.015592842190901741,0.050004734336633265,0.03753646704406027,false,0.0,nan,0.0,
rrtstar_ompl,26,static_tall_formal_v2_026,hard_reach,tall,55,"[-1.4876184,-1.0703756,0.2880971,-0.58130772,-1.4786111,-1.8590988]","[0.18844123,-0.54549724,0.69428068]",4.607117688147493e-09,0.0,0.036666373222076415,false,0.0,nan,0.0,
rrtstar_ompl,27,static_tall_formal_v2_027,near_obstacle,tall,0,"[0,-1.57,1.1,-1.57,-1.57,0]","[0.48397353,0.13337938,0.72136778]",0.3095139560525211,2.2174813098720807,0.0878999940395355,false,20.019251823425293,nan,0.0,
rrtstar_ompl,27,static_tall_formal_v2_027,near_obstacle,tall,1,"[0.016792044,-1.5606427,1.0762553,-1.5448647,-1.5882944,0.025299667]","[0.4825967,0.13968047,0.72493464]",0.30305061522647675,2.1670840073749886,0.0878999940395355,false,0.0,nan,0.0,
rrtstar_ompl,27,static_tall_formal_v2_027,near_obstacle,tall,2,"[0.033584087,-1.5512853,1.0525106,-1.5197293,-1.6065888,0.050599334]","[0.48104256,0.14597054,0.72846204]",0.2965358474471241,2.1166867048778957,0.0878999940395355,false,0.0,nan,0.0,
rrtstar_ompl,27,static_tall_formal_v2_027,near_obstacle,tall,3,"[0.050376131,-1.541928,1.0287659,-1.494594,-1.6248832,0.075899]","[0.4793126,0.15224448,0.73194927]",0.28997149796152344,2.0662894023808027,0.0878999940395355,false,0.0,nan,0.0,
rrtstar_ompl,27,static_tall_formal_v2_027,near_obstacle,tall,4,"[0.067168175,-1.5325706,1.0050212,-1.4694586,-1.6431777,0.10119867]","[0.4774082,0.15849711,0.73539603]",0.2833592590625536,2.01589209988371,0.0878999940395355,false,0.0,nan,0.0,
rrtstar_ompl,27,static_tall_formal_v2_027,near_obstacle,tall,5,"[0.083960218,-1.5232133,0.98127645,-1.4443233,-1.6614721,0.12649833]","[0.47533101,0.16472341,0.73880202]",0.27670084397499306,1.9654947973866175,0.0878999940395355,false,0.0,nan,0.0,
rrtstar_ompl,27,static_tall_formal_v2_027,near_obstacle,tall,6,"[0.10075226,-1.5138559,0.95753174,-1.4191879,-1.6797665,0.151798]","[0.47308266,0.17091842,0.74216652]",0.26999804180737047,1.9150974948895245,0.0878999940395355,false,0.0,nan,0.0,
rrtstar_ompl,27,static_tall_formal_v2_027,near_obstacle,tall,7,"[0.11754431,-1.5044986,0.93378703,-1.3940526,-1.6980609,0.17709767]","[0.47066513,0.17707729,0.745489]",0.2632526974462646,1.8647001923924318,0.0878999940395355,false,0.0,nan,0.0,
rrtstar_ompl,27,static_tall_formal_v2_027,near_obstacle,tall,8,"[0.13433635,-1.4951413,0.91004232,-1.3689173,-1.7163553,0.20239733]","[0.46808031,0.18319531,0.74876922]",0.25646641809268445,1.814302889895339,0.0878999940395355,false,0.0,nan,0.0,
rrtstar_ompl,27,static_tall_formal_v2_027,near_obstacle,tall,9,"[0.15112839,-1.4857839,0.88629761,-1.3437819,-1.7346497,0.227697]","[0.46533054,0.18926778,0.75200641]",0.24964122918028642,1.7639055873982463,0.0878999940395355,false,0.0,nan,0.0,
rrtstar_ompl,27,static_tall_formal_v2_027,near_obstacle,tall,10,"[0.16792044,-1.4764266,0.8625529,-1.3186466,-1.7529441,0.25299667]","[0.46241796,0.19529019,0.75520003]",0.24277883926650168,1.7135082849011536,0.0878999940395355,false,0.0,nan,0.0,
rrtstar_ompl,27,static_tall_formal_v2_027,near_obstacle,tall,11,"[0.18471248,-1.4670692,0.83880819,-1.2935112,-1.7712386,0.27829634]","[0.45934507,0.20125812,0.7583496]",0.235881100651651,1.6631109824040609,0.0878999940395355,false,0.0,nan,0.0,
rrtstar_ompl,27,static_tall_formal_v2_027,near_obstacle,tall,12,"[0.20150452,-1.4577119,0.81506347,-1.2683759,-1.789533,0.303596]","[0.45611435,0.20716731,0.76145428]",0.22894985230719037,1.6127136799069681,0.0878999940395355,false,0.0,nan,0.0,
rrtstar_ompl,27,static_tall_formal_v2_027,near_obstacle,tall,13,"[0.21829657,-1.4483545,0.79131876,-1.2432405,-1.8078274,0.32889567]","[0.45272866,0.21301357,0.76451361]",0.22198704623456414,1.5623163774098754,0.0878999940395355,false,0.0,nan,0.0,
rrtstar_ompl,27,static_tall_formal_v2_027,near_obstacle,tall,14,"[0.23508861,-1.4389972,0.76757405,-1.2181052,-1.8261218,0.35419534]","[0.44919044,0.21879281,0.76752698]",0.21499430227492017,1.5119190749127827,0.0878999940395355,false,0.0,nan,0.0,
rrtstar_ompl,27,static_tall_formal_v2_027,near_obstacle,tall,15,"[0.25188065,-1.4296399,0.74382934,-1.1929698,-1.8444162,0.379495]","[0.44550276,0.2245011,0.77049357]",0.20797365808147752,1.4615217724156901,0.0878999940395355,false,0.0,nan,0.0,
rrtstar_ompl,27,static_tall_formal_v2_027,near_obstacle,tall,16,"[0.2686727,-1.4202825,0.72008463,-1.1678345,-1.8627106,0.40479467]","[0.44166851,0.2301347,0.77341294]",0.20092679331687882,1.4111244699185972,0.0878999940395355,false,0.0,nan,0.0,
rrtstar_ompl,27,static_tall_formal_v2_027,near_obstacle,tall,17,"[0.28546474,-1.4109252,0.69633992,-1.1426992,-1.881005,0.43009434]","[0.43769079,0.23568982,0.7762841]",0.19385572660488154,1.3607271674215042,0.0878999940395355,false,0.0,nan,0.0,
rrtstar_ompl,27,static_tall_formal_v2_027,near_obstacle,tall,18,"[0.30225679,-1.4015678,0.67259521,-1.1175638,-1.8992995,0.455394]","[0.43357277,0.24116305,0.77910626]",0.18676225066965657,1.3103298649244117,0.0878999940395355,false,0.0,nan,0.0,
rrtstar_ompl,27,static_tall_formal_v2_027,near_obstacle,tall,19,"[0.31904883,-1.3922105,0.6488505,-1.0924285,-1.9175939,0.48069367]","[0.42931753,0.2465509,0.78187889]",0.17964806993393917,1.2599325624273188,0.0878999940395355,false,0.0,nan,0.0,
rrtstar_ompl,27,static_tall_formal_v2_027,near_obstacle,tall,20,"[0.33584087,-1.3828531,0.62510579,-1.0672931,-1.9358883,0.50599334]","[0.42492855,0.25185016,0.78460109]",0.1725151371434698,1.209535259930226,0.0878999940395355,false,0.0,nan,0.0,
rrtstar_ompl,27,static_tall_formal_v2_027,near_obstacle,tall,21,"[0.35263292,-1.3734958,0.60136108,-1.0421578,-1.9541827,0.531293]","[0.42040902,0.25705761,0.78727221]",0.1653651384947325,1.1591379574331333,0.0878999940395355,false,0.0,nan,0.0,
rrtstar_ompl,27,static_tall_formal_v2_027,near_obstacle,tall,22,"[0.36942496,-1.3641385,0.57761637,-1.0170224,-1.9724771,0.55659267]","[0.41576239,0.26217037,0.78989124]",0.15819984829364953,1.1087406549360406,0.0878999940395355,false,0.0,nan,0.0,
rrtstar_ompl,27,static_tall_formal_v2_027,near_obstacle,tall,23,"[0.386217,-1.3547811,0.55387166,-0.9918871,-1.9907715,0.58189234]","[0.41099229,0.26718542,0.79245746]",0.15102122136947918,1.058343352438948,0.0878999940395355,false,0.0,nan,0.0,
rrtstar_ompl,27,static_tall_formal_v2_027,near_obstacle,tall,24,"[0.40300905,-1.3454238,0.53012695,-0.96675175,-2.0090659,0.607192]","[0.406102,0.27210021,0.79496998]",0.14383071181563534,1.007946049941855,0.0878999940395355,false,0.0,nan,0.0,
rrtstar_ompl,27,static_tall_formal_v2_027,near_obstacle,tall,25,"[0.41980109,-1.3360664,0.50638224,-0.94161641,-2.0273604,0.63249167]","[0.40109539,0.27691203,0.79742783]",0.13663037582095394,0.9575487474447623,0.0878999940395355,false,0.0,nan,0.0,
rrtstar_ompl,27,static_tall_formal_v2_027,near_obstacle,tall,26,"[0.43659313,-1.3267091,0.48263753,-0.91648107,-2.0456548,0.65779134]","[0.39597592,0.28161848,0.79983008]",0.1294217852664673,0.9071514449476695,0.0878999940395355,false,0.0,nan,0.0,
rrtstar_ompl,27,static_tall_formal_v2_027,near_obstacle,tall,27,"[0.45338518,-1.3173517,0.45889282,-0.89134572,-2.0639492,0.683091]","[0.39074722,0.28621721,0.802176]",0.1222065638102208,0.8567541424505768,0.0878999940395355,false,0.0,nan,0.0,
rrtstar_ompl,27,static_tall_formal_v2_027,near_obstacle,tall,28,"[0.47017722,-1.3079944,0.43514811,-0.86621038,-2.0822436,0.70839067]","[0.38541287,0.29070607,0.8044647]",0.11498626977200667,0.8063568399534842,0.0878999940395355,false,0.0,nan,0.0,
rrtstar_ompl,27,static_tall_formal_v2_027,near_obstacle,tall,29,"[0.48696927,-1.2986371,0.4114034,-0.84107503,-2.100538,0.73369034]","[0.37997675,0.29508305,0.80669498]",0.1077627100240406,0.7559595374563914,0.0878999940395355,false,0.0,nan,0.0,
rrtstar_ompl,27,static_tall_formal_v2_027,near_obstacle,tall,30,"[0.50376131,-1.2892797,0.38765869,-0.81593969,-2.1188324,0.75899]","[0.37444249,0.29934615,0.8088659]",0.10053744623729623,0.7055622349592987,0.0878999940395355,false,0.0,nan,0.0,
rrtstar_ompl,27,static_tall_formal_v2_027,near_obstacle,tall,31,"[0.52055335,-1.2799224,0.36391398,-0.79080435,-2.1371268,0.78428967]","[0.36881387,0.30349362,0.81097668]",0.09331202629940061,0.6551649324622058,0.0878999940395355,false,0.0,nan,0.0,
rrtstar_ompl,27,static_tall_formal_v2_027,near_obstacle,tall,32,"[0.5373454,-1.270565,0.34016927,-0.765669,-2.1554213,0.80958934]","[0.36309457,0.30752397,0.81302625]",0.08608786140475796,0.604767629965113,0.0878999940395355,false,0.0,nan,0.0,
rrtstar_ompl,27,static_tall_formal_v2_027,near_obstacle,tall,33,"[0.55413744,-1.2612077,0.31642456,-0.74053366,-2.1737157,0.834889]","[0.35728824,0.31143552,0.81501341]",0.07886648551220286,0.5543703274680205,0.0878999940395355,false,0.0,nan,0.0,
rrtstar_ompl,27,static_tall_formal_v2_027,near_obstacle,tall,34,"[0.57092948,-1.2518503,0.29267984,-0.71539832,-2.1920101,0.86018867]","[0.3513988,0.31522685,0.81693733]",0.07164946597017395,0.5039730249709277,0.0878999940395355,false,0.0,nan,0.0,
rrtstar_ompl,27,static_tall_formal_v2_027,near_obstacle,tall,35,"[0.58772153,-1.242493,0.26893513,-0.69026297,-2.2103045,0.88548834]","[0.3454299,0.31889686,0.81879681]",0.06443811864652305,0.45357572247383504,0.0878999940395355,false,0.0,nan,0.0,
rrtstar_ompl,27,static_tall_formal_v2_027,near_obstacle,tall,36,"[0.60451357,-1.2331357,0.24519042,-0.66512763,-2.2285989,0.91078801]","[0.33938518,0.32244432,0.82059091]",0.05723375129894902,0.4031784199767421,0.0878999940395355,false,0.0,nan,0.0,
rrtstar_ompl,27,static_tall_formal_v2_027,near_obstacle,tall,37,"[0.62130561,-1.2237783,0.22144571,-0.63999229,-2.2468933,0.93608767]","[0.33326843,0.32586819,0.82231849]",0.05003778203914694,0.3527811174796493,0.0878999940395355,false,0.0,nan,0.0,
rrtstar_ompl,27,static_tall_formal_v2_027,near_obstacle,tall,38,"[0.63809766,-1.214421,0.197701,-0.61485694,-2.2651877,0.96138734]","[0.32708332,0.32916766,0.8239783]",0.042851467521165476,0.3023838149825566,0.0878999940395355,false,0.0,nan,0.0,
rrtstar_ompl,27,static_tall_formal_v2_027,near_obstacle,tall,39,"[0.6548897,-1.2050636,0.17395629,-0.5897216,-2.2834821,0.98668701]","[0.32083336,0.33234185,0.82556969]",0.035675867528879884,0.2519865124854638,0.0878999940395355,false,0.0,nan,0.0,
rrtstar_ompl,27,static_tall_formal_v2_027,near_obstacle,tall,40,"[0.67168175,-1.1957063,0.15021158,-0.56458625,-2.3017766,1.0119867]","[0.3145223,0.33539015,0.8270911]",0.028512331294620587,0.20158920998837118,0.08756861724751383,false,0.0,nan,0.0,
rrtstar_ompl,27,static_tall_formal_v2_027,near_obstacle,tall,41,"[0.68847379,-1.1863489,0.12646687,-0.53945091,-2.320071,1.0372863]","[0.30815372,0.33831191,0.82854158]",0.021361972638239985,0.15119190749127848,0.08528867375517848,false,0.0,nan,0.0,
rrtstar_ompl,27,static_tall_formal_v2_027,near_obstacle,tall,42,"[0.70526583,-1.1769916,0.10272216,-0.51431557,-2.3383654,1.062586]","[0.30173117,0.3411068,0.82992011]",0.01422578600300581,0.10079460499418555,0.08319131765925644,false,0.0,nan,0.0,
rrtstar_ompl,27,static_tall_formal_v2_027,near_obstacle,tall,43,"[0.72205788,-1.1676343,0.07897745,-0.48918022,-2.3566598,1.0878857]","[0.29525813,0.34377435,0.83122545]",0.007104829551096003,0.05039730249709287,0.08128968394236186,false,0.0,nan,0.0,
rrtstar_ompl,27,static_tall_formal_v2_027,near_obstacle,tall,44,"[0.73884992,-1.1582769,0.05523274,-0.46404488,-2.3749542,1.1131853]","[0.28873804,0.34631443,0.83245629]",2.248414347438829e-09,0.0,0.07959661070687962,false,0.0,nan,0.0,
rrtstar_ompl,28,static_tall_formal_v2_028,easy,tall,0,"[0,-1.57,1.1,-1.57,-1.57,0]","[0.48397353,0.13337938,0.72136778]",0.4891684650510803,3.666993955051448,0.0878999940395355,false,20.017674446105957,nan,0.0,
rrtstar_ompl,28,static_tall_formal_v2_028,easy,tall,1,"[0.033727112,-1.5698792,1.066623,-1.563641,-1.5810998,0.010398726]","[0.4743185,0.14835258,0.73651946]",0.4965807530604184,3.616761161146633,0.0878999940395355,false,0.0,nan,0.0,
rrtstar_ompl,28,static_tall_formal_v2_028,easy,tall,2,"[0.067454223,-1.5697584,1.033246,-1.5572819,-1.5921996,0.020797452]","[0.46372682,0.16279531,0.75150126]",0.504149031208954,3.5665283672418187,0.0878999940395355,false,0.0,nan,0.0,
rrtstar_ompl,28,static_tall_formal_v2_028,easy,tall,3,"[0.10118133,-1.5696375,0.999869,-1.5509229,-1.6032994,0.031196178]","[0.45223054,0.17664605,0.76629794]",0.5118188470514716,3.516295573337004,0.0878999940395355,false,0.0,nan,0.0,
rrtstar_ompl,28,static_tall_formal_v2_028,easy,tall,4,"[0.13490845,-1.5695167,0.966492,-1.5445638,-1.6143993,0.041594904]","[0.43986595,0.1898454,0.78089368]",0.5195379634857539,3.4660627794321903,0.0878999940395355,false,0.0,nan,0.0,
rrtstar_ompl,28,static_tall_formal_v2_028,easy,tall,5,"[0.16863556,-1.5693959,0.933115,-1.5382048,-1.6254991,0.05199363]","[0.42667332,0.20233636,0.79527336]",0.527256447109825,3.4158299855273757,0.0878999940395355,false,0.0,nan,0.0,
rrtstar_ompl,28,static_tall_formal_v2_028,easy,tall,6,"[0.20236267,-1.5692751,0.899738,-1.5318457,-1.6365989,0.062392356]","[0.41269654,0.21406451,0.80942184]",0.5349265870172529,3.3655971916225607,0.0878999940395355,false,0.0,nan,0.0,
rrtstar_ompl,28,static_tall_formal_v2_028,easy,tall,7,"[0.23608978,-1.5691543,0.86636101,-1.5254867,-1.6476987,0.072791082]","[0.39798319,0.22497837,0.82332414]",0.5425031287291128,3.315364397717747,0.0878999940395355,false,0.0,nan,0.0,
rrtstar_ompl,28,static_tall_formal_v2_028,easy,tall,8,"[0.26981689,-1.5690334,0.83298401,-1.5191276,-1.6587985,0.083189808]","[0.38258421,0.23502949,0.83696598]",0.5499431003841841,3.2651316038129323,0.0878999940395355,false,0.0,nan,0.0,
rrtstar_ompl,28,static_tall_formal_v2_028,easy,tall,9,"[0.303544,-1.5689126,0.79960701,-1.5127686,-1.6698983,0.093588534]","[0.36655366,0.24417286,0.85033274]",0.5572059558909765,3.214898809908118,0.0878999940395355,false,0.0,nan,0.0,
rrtstar_ompl,28,static_tall_formal_v2_028,easy,tall,10,"[0.33727112,-1.5687918,0.76623001,-1.5064095,-1.6809981,0.10398726]","[0.34994885,0.2523669,0.86341023]",0.5642533595804702,3.164666016003304,0.0878999940395355,false,0.0,nan,0.0,
rrtstar_ompl,28,static_tall_formal_v2_028,easy,tall,11,"[0.37099823,-1.568671,0.73285301,-1.5000505,-1.692098,0.11438599]","[0.33282936,0.25957382,0.87618512]",0.5710492238869285,3.1144332220984894,0.0878999940395355,false,0.0,nan,0.0,
rrtstar_ompl,28,static_tall_formal_v2_028,easy,tall,12,"[0.40472534,-1.5685502,0.69947601,-1.4936915,-1.7031978,0.12478471]","[0.31525767,0.26575983,0.8886435]",0.5775596829885689,3.064200428193675,0.0878999940395355,false,0.0,nan,0.0,
rrtstar_ompl,28,static_tall_formal_v2_028,easy,tall,13,"[0.43845245,-1.5684293,0.66609901,-1.4873324,-1.7142976,0.13518344]","[0.29729825,0.27089503,0.90077251]",0.5837528141314066,3.0139676342888606,0.0878999940395355,false,0.0,nan,0.0,
rrtstar_ompl,28,static_tall_formal_v2_028,easy,tall,14,"[0.47217956,-1.5683085,0.63272201,-1.4809734,-1.7253974,0.14558216]","[0.2790176,0.27495393,0.91255921]",0.5895987986262463,2.963734840384046,0.0878999940395355,false,0.0,nan,0.0,
rrtstar_ompl,28,static_tall_formal_v2_028,easy,tall,15,"[0.50590667,-1.5681877,0.59934501,-1.4746143,-1.7364972,0.15598089]","[0.26048374,0.27791524,0.9239912]",0.595069650363539,2.913502046479232,0.0878999940395355,false,0.0,nan,0.0,
rrtstar_ompl,28,static_tall_formal_v2_028,easy,tall,16,"[0.53963379,-1.5680669,0.56596801,-1.4682553,-1.747597,0.16637962]","[0.24176648,0.2797623,0.93505645]",0.6001393735749381,2.8632692525744177,0.0878999940395355,false,0.0,nan,0.0,
rrtstar_ompl,28,static_tall_formal_v2_028,easy,tall,17,"[0.5733609,-1.5679461,0.53259101,-1.4618962,-1.7586969,0.17677834]","[0.22293609,0.28048277,0.9457432]",0.6047835241688255,2.8130364586696035,0.0878999940395355,false,0.0,nan,0.0,
rrtstar_ompl,28,static_tall_formal_v2_028,easy,tall,18,"[0.60708801,-1.5678252,0.49921401,-1.4555372,-1.7697967,0.18717707]","[0.20406424,0.2800692,0.95604002]",0.6089795580940636,2.762803664764789,0.0878999940395355,false,0.0,nan,0.0,
rrtstar_ompl,28,static_tall_formal_v2_028,easy,tall,19,"[0.64081512,-1.5677044,0.46583702,-1.4491781,-1.7808965,0.19757579]","[0.18522254,0.27851847,0.9659363]",0.6127063834195139,2.7125708708599747,0.0878999940395355,false,0.0,nan,0.0,
rrtstar_ompl,28,static_tall_formal_v2_028,easy,tall,20,"[0.67454223,-1.5675836,0.43246002,-1.4428191,-1.7919963,0.20797452]","[0.16648322,0.27583247,0.97542125]",0.6159446021552584,2.66233807695516,0.0878999940395355,false,0.0,nan,0.0,
rrtstar_ompl,28,static_tall_formal_v2_028,easy,tall,21,"[0.70826934,-1.5674628,0.39908302,-1.43646,-1.8030961,0.21837325]","[0.14791808,0.27201754,0.98448485]",0.6186761780603681,2.612105283050346,0.0878999940395355,false,0.0,nan,0.0,
rrtstar_ompl,28,static_tall_formal_v2_028,easy,tall,22,"[0.74199646,-1.567342,0.36570602,-1.430101,-1.8141959,0.22877197]","[0.12959863,0.26708481,0.99311781]",0.6208847146139664,2.561872489145532,0.0878999940395355,false,0.0,nan,0.0,
rrtstar_ompl,28,static_tall_formal_v2_028,easy,tall,23,"[0.77572357,-1.5672212,0.33232902,-1.423742,-1.8252957,0.2391707]","[0.11159538,0.26105002,1.0013106]",0.6225550192615628,2.511639695240717,0.0878999940395355,false,0.0,nan,0.0,
rrtstar_ompl,28,static_tall_formal_v2_028,easy,tall,24,"[0.80945068,-1.5671003,0.29895202,-1.4173829,-1.8363956,0.24956942]","[0.093978122,0.25393364,1.0090547]",0.6236734640470153,2.4614069013359035,0.0878999940395355,false,0.0,nan,0.0,
rrtstar_ompl,28,static_tall_formal_v2_028,easy,tall,25,"[0.84317779,-1.5669795,0.26557502,-1.4110239,-1.8474954,0.25996815]","[0.076814979,0.2457604,1.0163417]",0.6242274648172742,2.411174107431089,0.0878999940395355,false,0.0,nan,0.0,
rrtstar_ompl,28,static_tall_formal_v2_028,easy,tall,26,"[0.8769049,-1.5668587,0.23219802,-1.4046648,-1.8585952,0.27036688]","[0.06017264,0.23655966,1.0231643]",0.6242060131861532,2.3609413135262742,0.0878999940395355,false,0.0,nan,0.0,
rrtstar_ompl,28,static_tall_formal_v2_028,easy,tall,27,"[0.91063201,-1.5667379,0.19882102,-1.3983058,-1.869695,0.2807656]","[0.044115588,0.22636503,1.0295147]",0.6235990465279049,2.31070851962146,0.0878999940395355,false,0.0,nan,0.0,
rrtstar_ompl,28,static_tall_formal_v2_028,easy,tall,28,"[0.94435913,-1.5666171,0.16544402,-1.3919467,-1.8807948,0.29116433]","[0.028706353,0.21521431,1.0353866]",0.6223979578759035,2.2604757257166455,0.0878999940395355,false,0.0,nan,0.0,
rrtstar_ompl,28,static_tall_formal_v2_028,easy,tall,29,"[0.97808624,-1.5664962,0.13206702,-1.3855877,-1.8918946,0.30156305]","[0.014004715,0.20314914,1.0407734]",0.6205949627422699,2.2102429318118313,0.0878999940395355,false,0.0,nan,0.0,
rrtstar_ompl,28,static_tall_formal_v2_028,easy,tall,30,"[1.0118133,-1.5663754,0.098690025,-1.3792286,-1.9029944,0.31196178]","[6.7852437e-05,0.19021545,1.0456698]",0.618183978387654,2.1600101379070167,0.0878999940395355,false,0.0,nan,0.0,
rrtstar_ompl,28,static_tall_formal_v2_028,easy,tall,31,"[1.0455405,-1.5662546,0.065313025,-1.3728696,-1.9140943,0.32236051]","[-0.013050236,0.17646229,1.0500702]",0.6151593411617675,2.1097773440022025,0.0878999940395355,false,0.0,nan,0.0,
rrtstar_ompl,28,static_tall_formal_v2_028,easy,tall,32,"[1.0792676,-1.5661338,0.031936026,-1.3665105,-1.9251941,0.33275923]","[-0.025298595,0.16194266,1.05397]",0.611516986558184,2.0595445500973883,0.0878999940395355,false,0.0,nan,0.0,
rrtstar_ompl,28,static_tall_formal_v2_028,easy,tall,33,"[1.1129947,-1.566013,-0.0014409729,-1.3601515,-1.9362939,0.34315796]","[-0.036630005,0.14671241,1.0573653]",0.6072537466033975,2.0093117561925737,0.0878999940395355,false,0.0,nan,0.0,
rrtstar_ompl,28,static_tall_formal_v2_028,easy,tall,34,"[1.1467218,-1.5658921,-0.034817972,-1.3537925,-1.9473937,0.35355668]","[-0.047000736,0.13083078,1.0602522]",0.6023674590005702,1.9590789622877594,0.0878999940395355,false,0.0,nan,0.0,
rrtstar_ompl,28,static_tall_formal_v2_028,easy,tall,35,"[1.1804489,-1.5657713,-0.068194971,-1.3474334,-1.9584935,0.36395541]","[-0.056371085,0.11435936,1.0626279]",0.5968570009988302,1.9088461683829452,0.0878999940395355,false,0.0,nan,0.0,
rrtstar_ompl,28,static_tall_formal_v2_028,easy,tall,36,"[1.214176,-1.5656505,-0.10157197,-1.3410744,-1.9695933,0.37435414]","[-0.064705312,0.097362652,1.0644898]",0.5907223183007098,1.8586133744781308,0.0878999940395355,false,0.0,nan,0.0,
rrtstar_ompl,28,static_tall_formal_v2_028,easy,tall,37,"[1.2479031,-1.5655297,-0.13494897,-1.3347153,-1.9806932,0.38475286]","[-0.071971975,0.079907037,1.065836]",0.5839641213076477,1.8083805805733164,0.0878999940395355,false,0.0,nan,0.0,
rrtstar_ompl,28,static_tall_formal_v2_028,easy,tall,38,"[1.2816302,-1.5654089,-0.16832597,-1.3283563,-1.991793,0.39515159]","[-0.078143917,0.062061206,1.0666649]",0.5765843492691125,1.7581477866685022,0.0878999940395355,false,0.0,nan,0.0,
rrtstar_ompl,28,static_tall_formal_v2_028,easy,tall,39,"[1.3153574,-1.565288,-0.20170297,-1.3219972,-2.0028928,0.40555032]","[-0.083198622,0.043895088,1.0669758]",0.5685855998457102,1.7079149927636876,0.0878999940395355,false,0.0,nan,0.0,
rrtstar_ompl,28,static_tall_formal_v2_028,easy,tall,40,"[1.3490845,-1.5651672,-0.23507997,-1.3156382,-2.0139926,0.41594904]","[-0.08711794,0.025480445,1.0667685]",0.5599716682851426,1.6576821988588735,0.0878999940395355,false,0.0,nan,0.0,
rrtstar_ompl,28,static_tall_formal_v2_028,easy,tall,41,"[1.3828116,-1.5650464,-0.26845697,-1.3092791,-2.0250924,0.42634777]","[-0.089888632,0.0068896636,1.0660433]",0.5507470344449696,1.6074494049540589,0.0878999940395355,false,0.0,nan,0.0,
rrtstar_ompl,28,static_tall_formal_v2_028,easy,tall,42,"[1.4165387,-1.5649256,-0.30183397,-1.3029201,-2.0361922,0.43674649]","[-0.091502011,-0.011803746,1.0648007]",0.5409171148494802,1.557216611049245,0.0878999940395355,false,0.0,nan,0.0,
rrtstar_ompl,28,static_tall_formal_v2_028,easy,tall,43,"[1.4502658,-1.5648048,-0.33521096,-1.2965611,-2.047292,0.44714522]","[-0.091954261,-0.030526206,1.0630425]",0.5304881705863027,1.5069838171444303,0.0878999940395355,false,0.0,nan,0.0,
rrtstar_ompl,28,static_tall_formal_v2_028,easy,tall,44,"[1.4839929,-1.5646839,-0.36858796,-1.290202,-2.0583919,0.45754395]","[-0.091246367,-0.049203612,1.0607705]",0.5194674210656237,1.456751023239616,0.0878999940395355,false,0.0,nan,0.0,
rrtstar_ompl,28,static_tall_formal_v2_028,easy,tall,45,"[1.51772,-1.5645631,-0.40196496,-1.283843,-2.0694917,0.46794267]","[-0.089384101,-0.06776239,1.0579871]",0.507862681298538,1.4065182293348015,0.0878999940395355,false,0.0,nan,0.0,
rrtstar_ompl,28,static_tall_formal_v2_028,easy,tall,46,"[1.5514471,-1.5644423,-0.43534196,-1.2774839,-2.0805915,0.4783414]","[-0.086377986,-0.08612927,1.0546956]",0.49568284810153146,1.3562854354299874,0.0878999940395355,false,0.0,nan,0.0,
rrtstar_ompl,28,static_tall_formal_v2_028,easy,tall,47,"[1.5851742,-1.5643215,-0.46871896,-1.2711249,-2.0916913,0.48874012]","[-0.082243338,-0.10423198,1.0508995]",0.482937347853345,1.3060526415251728,0.0878999940395355,false,0.0,nan,0.0,
rrtstar_ompl,28,static_tall_formal_v2_028,easy,tall,48,"[1.6189014,-1.5642007,-0.50209596,-1.2647658,-2.1027911,0.49913885]","[-0.077000156,-0.12199914,1.046603]",0.4696365541263428,1.2558198476203588,0.0878999940395355,false,0.0,nan,0.0,
rrtstar_ompl,28,static_tall_formal_v2_028,easy,tall,49,"[1.6526285,-1.5640798,-0.53547296,-1.2584068,-2.1138909,0.50953758]","[-0.070672989,-0.1393611,1.0418108]",0.45579146868847975,1.2055870537155444,0.0878999940395355,false,0.0,nan,0.0,
rrtstar_ompl,28,static_tall_formal_v2_028,easy,tall,50,"[1.6863556,-1.563959,-0.56884996,-1.2520477,-2.1249907,0.5199363]","[-0.063290879,-0.15624967,1.0365281]",0.44141389137167963,1.15535425981073,0.0878999940395355,false,0.0,nan,0.0,
rrtstar_ompl,28,static_tall_formal_v2_028,easy,tall,51,"[1.7200827,-1.5638382,-0.60222696,-1.2456887,-2.1360906,0.53033503]","[-0.054887298,-0.17259891,1.0307608]",0.4265162633972854,1.1051214659059154,0.0878999940395355,false,0.0,nan,0.0,
rrtstar_ompl,28,static_tall_formal_v2_028,easy,tall,52,"[1.7538098,-1.5637174,-0.63560396,-1.2393296,-2.1471904,0.54073375]","[-0.045499884,-0.18834507,1.024515]",0.4111117395581597,1.0548886720011013,0.0878999940395355,false,0.0,nan,0.0,
rrtstar_ompl,28,static_tall_formal_v2_028,easy,tall,53,"[1.7875369,-1.5635966,-0.66898096,-1.2329706,-2.1582902,0.55113248]","[-0.035170428,-0.20342714,1.0177978]",0.3952142115499192,1.0046558780962866,0.0878999940395355,false,0.0,nan,0.0,
rrtstar_ompl,28,static_tall_formal_v2_028,easy,tall,54,"[1.821264,-1.5634757,-0.70235796,-1.2266116,-2.16939,0.56153121]","[-0.023944486,-0.21778664,1.0106165]",0.3788381675714382,0.9544230841914726,0.0878999940395355,false,0.0,nan,0.0,
rrtstar_ompl,28,static_tall_formal_v2_028,easy,tall,55,"[1.8549911,-1.5633549,-0.73573495,-1.2202525,-2.1804898,0.57192993]","[-0.011871386,-0.23136872,1.002979]",0.36199864830469664,0.9041902902866581,0.0878999940395355,false,0.0,nan,0.0,
rrtstar_ompl,28,static_tall_formal_v2_028,easy,tall,56,"[1.8887183,-1.5632341,-0.76911195,-1.2138935,-2.1915896,0.58232866]","[0.00099596195,-0.24412128,0.99489343]",0.34471135351219373,0.8539574963818439,0.0878999940395355,false,0.0,nan,0.0,
rrtstar_ompl,28,static_tall_formal_v2_028,easy,tall,57,"[1.9224454,-1.5631133,-0.80248895,-1.2075344,-2.2026895,0.59272738]","[0.014601645,-0.25599641,0.98636901]",0.32699263764239045,0.8037247024770294,0.0878999940395355,false,0.0,nan,0.0,
rrtstar_ompl,28,static_tall_formal_v2_028,easy,tall,58,"[1.9561725,-1.5629925,-0.83586595,-1.2011754,-2.2137893,0.60312611]","[0.028886423,-0.26694936,0.97741491]",0.3088593938322679,0.7534919085722152,0.0878999940395355,false,0.0,nan,0.0,
rrtstar_ompl,28,static_tall_formal_v2_028,easy,tall,59,"[1.9898996,-1.5628717,-0.86924295,-1.1948163,-2.2248891,0.61352484]","[0.043788612,-0.2769399,0.96804088]",0.2903288171890226,0.7032591146674007,0.0878999940395355,false,0.0,nan,0.0,
rrtstar_ompl,28,static_tall_formal_v2_028,easy,tall,60,"[2.0236267,-1.5627508,-0.90261995,-1.1884573,-2.2359889,0.62392356]","[0.059243768,-0.28593138,0.95825738]",0.2714190092494868,0.6530263207625864,0.0878999940395355,false,0.0,nan,0.0,
rrtstar_ompl,28,static_tall_formal_v2_028,easy,tall,61,"[2.0573538,-1.56263,-0.93599695,-1.1820982,-2.2470887,0.63432229]","[0.075185344,-0.29389212,0.948075]",0.2521482528735537,0.602793526857772,0.0878999940395355,false,0.0,nan,0.0,
rrtstar_ompl,28,static_tall_formal_v2_028,easy,tall,62,"[2.0910809,-1.5625092,-0.96937395,-1.1757392,-2.2581885,0.64472101]","[0.091544919,-0.30079418,0.93750501]",0.23253542356486898,0.5525607329529579,0.0878999940395355,false,0.0,nan,0.0,
rrtstar_ompl,28,static_tall_formal_v2_028,easy,tall,63,"[2.124808,-1.5623884,-1.0027509,-1.1693801,-2.2692883,0.65511974]","[0.10825244,-0.30661476,0.92655885]",0.21259966625869664,0.5023279390481434,0.0878999940395355,false,0.0,nan,0.0,
rrtstar_ompl,28,static_tall_formal_v2_028,easy,tall,64,"[2.1585351,-1.5622676,-1.0361279,-1.1630211,-2.2803882,0.66551847]","[0.12523633,-0.3113353,0.91524881]",0.1923609689387157,0.4520951451433294,0.0878999940395355,false,0.0,nan,0.0,
rrtstar_ompl,28,static_tall_formal_v2_028,easy,tall,65,"[2.1922623,-1.5621467,-1.0695049,-1.1566621,-2.291488,0.67591719]","[0.14242423,-0.31494233,0.9035871]",0.1718392493943328,0.4018623512385146,0.0878999940395355,false,0.0,nan,0.0,
rrtstar_ompl,28,static_tall_formal_v2_028,easy,tall,66,"[2.2259894,-1.5620259,-1.1028819,-1.150303,-2.3025878,0.68631592]","[0.159743,-0.31742671,0.89158678]",0.15105509222814748,0.3516295573337002,0.0878999940395355,false,0.0,nan,0.0,
rrtstar_ompl,28,static_tall_formal_v2_028,easy,tall,67,"[2.2597165,-1.5619051,-1.1362589,-1.143944,-2.3136876,0.69671464]","[0.17711915,-0.31878459,0.87926072]",0.13002910113626234,0.30139676342888605,0.0878999940395355,false,0.0,nan,0.0,
rrtstar_ompl,28,static_tall_formal_v2_028,easy,tall,68,"[2.2934436,-1.5617843,-1.1696359,-1.1375849,-2.3247874,0.70711337]","[0.19447902,-0.31901664,0.86662275]",0.10878262089479197,0.2511639695240716,0.0878999940395355,false,0.0,nan,0.0,
rrtstar_ompl,28,static_tall_formal_v2_028,easy,tall,69,"[2.3271707,-1.5616635,-1.2030129,-1.1312259,-2.3358872,0.7175121]","[0.21174924,-0.31812865,0.85368657]",0.08733699557773006,0.2009311756192572,0.0878999940395355,false,0.0,nan,0.0,
rrtstar_ompl,28,static_tall_formal_v2_028,easy,tall,70,"[2.3608978,-1.5615426,-1.2363899,-1.1248668,-2.346987,0.72791082]","[0.22885719,-0.31613091,0.84046668]",0.06571394556906306,0.15069838171444316,0.0878999940395355,false,0.0,nan,0.0,
rrtstar_ompl,28,static_tall_formal_v2_028,easy,tall,71,"[2.3946249,-1.5614218,-1.2697669,-1.1185078,-2.3580869,0.73830955]","[0.24573097,-0.31303853,0.82697737]",0.04393524737188619,0.10046558780962843,0.0878999940395355,false,0.0,nan,0.0,
rrtstar_ompl,28,static_tall_formal_v2_028,easy,tall,72,"[2.428352,-1.561301,-1.3031439,-1.1121487,-2.3691867,0.74870827]","[0.26229987,-0.30887154,0.81323361]",0.0220231666998971,0.0502327939048143,0.0878999940395355,false,0.0,nan,0.0,
rrtstar_ompl,28,static_tall_formal_v2_028,easy,tall,73,"[2.4620792,-1.5611802,-1.3365209,-1.1057897,-2.3802865,0.759107]","[0.27849472,-0.3036544,0.79925048]",6.0937112277176275e-09,0.0,0.0878999940395355,false,0.0,nan,0.0,
rrtstar_ompl,29,static_tall_formal_v2_029,near_obstacle,tall,0,"[0,-1.57,1.1,-1.57,-1.57,0]","[0.48397353,0.13337938,0.72136778]",0.4800010077373487,1.9400640895859669,0.0878999940395355,false,20.078349590301514,nan,0.0,
rrtstar_ompl,29,static_tall_formal_v2_029,near_obstacle,tall,1,"[-0.03507921,-1.5694406,1.0846186,-1.5390525,-1.5663573,0.012964224]","[0.48521167,0.11679669,0.7243771]",0.46694351452166794,1.8890097714389678,0.0878999940395355,false,0.0,nan,0.0,
rrtstar_ompl,29,static_tall_formal_v2_029,near_obstacle,tall,2,"[-0.070158419,-1.5688812,1.0692371,-1.5081049,-1.5627146,0.025928449]","[0.48577487,0.10029849,0.72735935]",0.45380315996054255,1.8379554532919689,0.0878999940395355,false,0.0,nan,0.0,
rrtstar_ompl,29,static_tall_formal_v2_029,near_obstacle,tall,3,"[-0.10523763,-1.5683217,1.0538557,-1.4771574,-1.5590718,0.038892673]","[0.48567191,0.083915368,0.73031378]",0.44058878369382953,1.7869011351449695,0.0878999940395355,false,0.0,nan,0.0,
rrtstar_ompl,29,static_tall_formal_v2_029,near_obstacle,tall,4,"[-0.14031684,-1.5677623,1.0384742,-1.4462098,-1.5554291,0.051856898]","[0.48491302,0.067677319,0.73324013]",0.4273092003157227,1.7358468169979706,0.0878999940395355,false,0.0,nan,0.0,
rrtstar_ompl,29,static_tall_formal_v2_029,near_obstacle,tall,5,"[-0.17539605,-1.5672029,1.0230928,-1.4152623,-1.5517864,0.064821122]","[0.48350969,0.051613681,0.73613763]",0.41397322964138195,1.6847924988509713,0.0878999940395355,false,0.0,nan,0.0,
rrtstar_ompl,29,static_tall_formal_v2_029,near_obstacle,tall,6,"[-0.21047526,-1.5666435,1.0077113,-1.3843148,-1.5481437,0.077785347]","[0.48147511,0.035753045,0.73900592]",0.4005898616895127,1.6337381807039721,0.0878999940395355,false,0.0,nan,0.0,
rrtstar_ompl,29,static_tall_formal_v2_029,near_obstacle,tall,7,"[-0.24555447,-1.566084,0.99232989,-1.3533672,-1.544501,0.090749571]","[0.47882369,0.020123171,0.74184436]",0.38716805534322546,1.582683862556973,0.0878999940395355,false,0.0,nan,0.0,
rrtstar_ompl,29,static_tall_formal_v2_029,near_obstacle,tall,8,"[-0.28063368,-1.5655246,0.97694845,-1.3224197,-1.5408583,0.1037138]","[0.47557104,0.0047509717,0.74465245]",0.3737167232707836,1.5316295444099741,0.0878999940395355,false,0.0,nan,0.0,
rrtstar_ompl,29,static_tall_formal_v2_029,near_obstacle,tall,9,"[-0.31571289,-1.5649652,0.961567,-1.2914721,-1.5372155,0.11667802]","[0.47173411,-0.010337565,0.74742967]",0.36024486909220627,1.4805752262629748,0.0878999940395355,false,0.0,nan,0.0,
rrtstar_ompl,29,static_tall_formal_v2_029,near_obstacle,tall,10,"[-0.3507921,-1.5644058,0.94618556,-1.2605246,-1.5335728,0.12964224]","[0.46733099,-0.025117381,0.75017548]",0.34676150116696713,1.4295209081159757,0.0878999940395355,false,0.0,nan,0.0,
rrtstar_ompl,29,static_tall_formal_v2_029,near_obstacle,tall,11,"[-0.38587131,-1.5638463,0.93080412,-1.2295771,-1.5299301,0.14260647]","[0.46238101,-0.039564669,0.75288951]",0.3332755211489682,1.3784665899689765,0.0878999940395355,false,0.0,nan,0.0,
rrtstar_ompl,29,static_tall_formal_v2_029,near_obstacle,tall,12,"[-0.42095052,-1.5632869,0.91542267,-1.1986295,-1.5262874,0.15557069]","[0.45690447,-0.053656477,0.75557113]",0.31979599350540067,1.3274122718219776,0.0878999940395355,false,0.0,nan,0.0,
rrtstar_ompl,29,static_tall_formal_v2_029,near_obstacle,tall,13,"[-0.45602973,-1.5627275,0.90004123,-1.167682,-1.5226447,0.16853492]","[0.45092279,-0.067371227,0.7582199]",0.3063318259679638,1.276357953674978,0.0878999940395355,false,0.0,nan,0.0,
rrtstar_ompl,29,static_tall_formal_v2_029,near_obstacle,tall,14,"[-0.49110894,-1.5621681,0.88465978,-1.1367345,-1.519002,0.18149914]","[0.44445828,-0.080688342,0.76083535]",0.29289201576413704,1.2253036355279792,0.0878999940395355,false,0.0,nan,0.0,
rrtstar_ompl,29,static_tall_formal_v2_029,near_obstacle,tall,15,"[-0.52618815,-1.5616086,0.86927834,-1.1057869,-1.5153592,0.19446337]","[0.43753418,-0.093588687,0.76341677]",0.27948548623010594,1.17424931738098,0.08555786544499622,false,0.0,nan,0.0,
rrtstar_ompl,29,static_tall_formal_v2_029,near_obstacle,tall,16,"[-0.56126736,-1.5610492,0.8538969,-1.0748394,-1.5117165,0.20742759]","[0.43017456,-0.1060543,0.76596391]",0.26612109890039404,1.123194999233981,0.08129493731973181,false,0.0,nan,0.0,
rrtstar_ompl,29,static_tall_formal_v2_029,near_obstacle,tall,17,"[-0.59634657,-1.5604898,0.83851545,-1.0438918,-1.5080738,0.22039182]","[0.42240432,-0.11806845,0.76847631]",0.2528078547573015,1.0721406810869816,0.07726840503081706,false,0.0,nan,0.0,
rrtstar_ompl,29,static_tall_formal_v2_029,near_obstacle,tall,18,"[-0.63142578,-1.5599304,0.82313401,-1.0129443,-1.5044311,0.23335604]","[0.41424876,-0.12961601,0.7709533]",0.23955436752276663,1.0210863629399827,0.0735025076562959,false,0.0,nan,0.0,
rrtstar_ompl,29,static_tall_formal_v2_029,near_obstacle,tall,19,"[-0.66650498,-1.5593709,0.80775257,-0.98199676,-1.5007884,0.24632027]","[0.40573403,-0.14068292,0.77339447]",0.22636950042640885,0.9700320447929834,0.07002223481837122,false,0.0,nan,0.0,
rrtstar_ompl,29,static_tall_formal_v2_029,near_obstacle,tall,20,"[-0.70158419,-1.5588115,0.79237112,-0.95104922,-1.4971457,0.25928449]","[0.396887,-0.15125695,0.77579951]",0.21326201933933947,0.9189777266459844,0.06685275900069734,false,0.0,nan,0.0,
rrtstar_ompl,29,static_tall_formal_v2_029,near_obstacle,tall,21,"[-0.7366634,-1.5582521,0.77698968,-0.92010168,-1.4935029,0.27224871]","[0.38773462,-0.16132693,0.77816784]",0.20024051295974235,0.8679234084989851,0.06401913329840206,false,0.0,nan,0.0,
rrtstar_ompl,29,static_tall_formal_v2_029,near_obstacle,tall,22,"[-0.77174261,-1.5576927,0.76160823,-0.88915414,-1.4898602,0.28521294]","[0.37830445,-0.17088331,0.78049892]",0.18731361650759643,0.8168690903519861,0.0615455569316673,false,0.0,nan,0.0,
rrtstar_ompl,29,static_tall_formal_v2_029,near_obstacle,tall,23,"[-0.80682182,-1.5571333,0.74622679,-0.8582066,-1.4862175,0.29817716]","[0.3686243,-0.17991795,0.78279239]",0.17448982663173465,0.765814772204987,0.05945475640500569,false,0.0,nan,0.0,
rrtstar_ompl,29,static_tall_formal_v2_029,near_obstacle,tall,24,"[-0.84190103,-1.5565738,0.73084535,-0.82725907,-1.4825748,0.31114139]","[0.35872218,-0.18842417,0.78504807]",0.1617774972295682,0.7147604540579879,0.05776715746243766,false,0.0,nan,0.0,
rrtstar_ompl,29,static_tall_formal_v2_029,near_obstacle,tall,25,"[-0.87698024,-1.5560144,0.7154639,-0.79631153,-1.4789321,0.32410561]","[0.34862641,-0.19639692,0.78726494]",0.14918512053531416,0.6637061359109886,0.05650014108579107,false,0.0,nan,0.0,
rrtstar_ompl,29,static_tall_formal_v2_029,near_obstacle,tall,26,"[-0.91205945,-1.555455,0.70008246,-0.76536399,-1.4752893,0.33706984]","[0.33836529,-0.20383249,0.78944302]",0.13672090172686793,0.6126518177639896,0.05566737280874523,false,0.0,nan,0.0,
rrtstar_ompl,29,static_tall_formal_v2_029,near_obstacle,tall,27,"[-0.94713866,-1.5548956,0.68470101,-0.73441645,-1.4716466,0.35003406]","[0.32796699,-0.21072869,0.79158169]",0.12439290327263479,0.5615974996169906,0.05527809608296608,false,0.0,nan,0.0,
rrtstar_ompl,29,static_tall_formal_v2_029,near_obstacle,tall,28,"[-0.98221787,-1.5543361,0.66931957,-0.70346891,-1.4680039,0.36299829]","[0.31745982,-0.21708475,0.79368073]",0.11220923641971575,0.5105431814699913,0.05533677834652567,false,0.0,nan,0.0,
rrtstar_ompl,29,static_tall_formal_v2_029,near_obstacle,tall,29,"[-1.0172971,-1.5537767,0.65393813,-0.67252137,-1.4643612,0.37596251]","[0.30687198,-0.22290149,0.79573953]",0.1001779576108412,0.4594888633229921,0.05584283472623708,false,0.0,nan,0.0,
rrtstar_ompl,29,static_tall_formal_v2_029,near_obstacle,tall,30,"[-1.0523763,-1.5532173,0.63855668,-0.64157383,-1.4607185,0.38892673]","[0.29623121,-0.22818114,0.79775774]",0.08830678002214977,0.40843454517599315,0.05679069091538902,false,0.0,nan,0.0,
rrtstar_ompl,29,static_tall_formal_v2_029,near_obstacle,tall,31,"[-1.0874555,-1.5526579,0.62317524,-0.61062629,-1.4570758,0.40189096]","[0.28556514,-0.23292732,0.79973495]",0.07660348158676697,0.3573802270289939,0.05817004470858533,false,0.0,nan,0.0,
rrtstar_ompl,29,static_tall_formal_v2_029,near_obstacle,tall,32,"[-1.1225347,-1.5520984,0.60779379,-0.57967875,-1.453433,0.41485518]","[0.27490088,-0.23714505,0.80167079]",0.06507558651735325,0.30632590888199496,0.059878518983529666,false,0.0,nan,0.0,
rrtstar_ompl,29,static_tall_formal_v2_029,near_obstacle,tall,33,"[-1.1576139,-1.551539,0.59241235,-0.54873121,-1.4497903,0.42781941]","[0.26426521,-0.24084064,0.80356479]",0.05373060154401671,0.2552715907349957,0.06109200382318941,false,0.0,nan,0.0,
rrtstar_ompl,29,static_tall_formal_v2_029,near_obstacle,tall,34,"[-1.1926931,-1.5509796,0.57703091,-0.51778368,-1.4461476,0.44078363]","[0.25368443,-0.24402224,0.80541664]",0.04257583904596411,0.20421727258799643,0.06270106504206949,false,0.0,nan,0.0,
rrtstar_ompl,29,static_tall_formal_v2_029,near_obstacle,tall,35,"[-1.2277723,-1.5504202,0.56164946,-0.48683614,-1.4425049,0.45374786]","[0.24318407,-0.24669877,0.80722594]",0.03161840257571146,0.15316295444099745,0.06469037203428118,false,0.0,nan,0.0,
rrtstar_ompl,29,static_tall_formal_v2_029,near_obstacle,tall,36,"[-1.2628516,-1.5498607,0.54626802,-0.4558886,-1.4388622,0.46671208]","[0.23278925,-0.24888061,0.80899245]",0.020865409473858242,0.1021086362939983,0.06704187658784447,false,0.0,nan,0.0,
rrtstar_ompl,29,static_tall_formal_v2_029,near_obstacle,tall,37,"[-1.2979308,-1.5493013,0.53088657,-0.42494106,-1.4352195,0.47967631]","[0.22252421,-0.25057954,0.8107155]",0.010323740704861042,0.05105431814699898,0.06973542787548842,false,0.0,nan,0.0,
rrtstar_ompl,29,static_tall_formal_v2_029,near_obstacle,tall,38,"[-1.33301,-1.5487419,0.51550513,-0.39399352,-1.4315767,0.49264053]","[0.2124124,-0.25180829,0.8123951]",6.319972378267246e-09,0.0,0.07274944034984482,false,0.0,nan,0.0,
rrtstar_ompl,30,static_tall_formal_v2_030,hard_reach,tall,0,"[0,-1.57,1.1,-1.57,-1.57,0]","[0.48397353,0.13337938,0.72136778]",0.6551599361407783,3.929288635045411,0.0878999940395355,false,20.125961542129517,nan,0.0,
rrtstar_ompl,30,static_tall_formal_v2_030,hard_reach,tall,1,"[-0.020892886,-1.5733133,1.0624863,-1.5817802,-1.5650417,-0.022793939]","[0.47983149,0.12387592,0.74259675]",0.6733298630494637,3.8789131397243164,0.0878999940395355,false,0.0,nan,0.0,
rrtstar_ompl,30,static_tall_formal_v2_030,hard_reach,tall,2,"[-0.041785772,-1.5766266,1.0249726,-1.5935604,-1.5600833,-0.045587878]","[0.47455928,0.11464308,0.76360488]",0.6910672962435112,3.8285376444032213,0.0878999940395355,false,0.0,nan,0.0,
rrtstar_ompl,30,static_tall_formal_v2_030,hard_reach,tall,3,"[-0.062678658,-1.5799398,0.9874589,-1.6053406,-1.555125,-0.068381818]","[0.46817616,0.10574308,0.78434891]",0.7083385249360233,3.778162149082126,0.0878999940395355,false,0.0,nan,0.0,
rrtstar_ompl,30,static_tall_formal_v2_030,hard_reach,tall,4,"[-0.083571544,-1.5832531,0.94994519,-1.6171208,-1.5501666,-0.091175757]","[0.46070597,0.097236894,0.80478603]",0.7251120712170744,3.727786653761031,0.0878999940395355,false,0.0,nan,0.0,
rrtstar_ompl,30,static_tall_formal_v2_030,hard_reach,tall,5,"[-0.10446443,-1.5865664,0.91243149,-1.628901,-1.5452083,-0.1139697]","[0.45217699,0.089184016,0.82487386]",0.7413583336421945,3.6774111584399365,0.0878999940395355,false,0.0,nan,0.0,
rrtstar_ompl,30,static_tall_formal_v2_030,hard_reach,tall,6,"[-0.12535732,-1.5898797,0.87491779,-1.6406813,-1.5402499,-0.13676364]","[0.44262183,0.081641972,0.84457034]",0.757049387387705,3.627035663118841,0.0878999940395355,false,0.0,nan,0.0,
rrtstar_ompl,30,static_tall_formal_v2_030,hard_reach,tall,7,"[-0.1462502,-1.593193,0.83740409,-1.6524615,-1.5352916,-0.15955757]","[0.43207711,0.074666373,0.86383414]",0.7721588671637203,3.576660167797746,0.0878999940395355,false,0.0,nan,0.0,
rrtstar_ompl,30,static_tall_formal_v2_030,hard_reach,tall,8,"[-0.16714309,-1.5965062,0.79989039,-1.6642417,-1.5303332,-0.18235151]","[0.42058358,0.068310291,0.88262475]",0.7866620971146947,3.5262846724766512,0.0878999940395355,false,0.0,nan,0.0,
rrtstar_ompl,30,static_tall_formal_v2_030,hard_reach,tall,9,"[-0.18803597,-1.5998195,0.76237669,-1.6760219,-1.5253749,-0.20514545]","[0.40818596,0.062624201,0.90090215]",0.8005356313015958,3.475909177155556,0.0878999940395355,false,0.0,nan,0.0,
rrtstar_ompl,30,static_tall_formal_v2_030,hard_reach,tall,10,"[-0.20892886,-1.6031328,0.72486298,-1.6878021,-1.5204165,-0.22793939]","[0.39493269,0.057655741,0.91862732]",0.8137573793544695,3.4255336818344615,0.0878999940395355,false,0.0,nan,0.0,
rrtstar_ompl,30,static_tall_formal_v2_030,hard_reach,tall,11,"[-0.22982174,-1.6064461,0.68734928,-1.6995823,-1.5154582,-0.25073333]","[0.38087565,0.053449303,0.93576241]",0.826306753976029,3.375158186513366,0.0878999940395355,false,0.0,nan,0.0,
rrtstar_ompl,30,static_tall_formal_v2_030,hard_reach,tall,12,"[-0.25071463,-1.6097594,0.64983558,-1.7113625,-1.5104998,-0.27352727]","[0.36607021,0.050045956,0.95227015]",0.838164063828961,3.3247826911922713,0.0878999940395355,false,0.0,nan,0.0,
rrtstar_ompl,30,static_tall_formal_v2_030,hard_reach,tall,13,"[-0.27160752,-1.6130727,0.61232188,-1.7231427,-1.5055415,-0.29632121]","[0.35057446,0.047483306,0.96811491]",0.8493110298089196,3.2744071958711762,0.0878999940395355,false,0.0,nan,0.0,
rrtstar_ompl,30,static_tall_formal_v2_030,hard_reach,tall,14,"[-0.2925004,-1.6163859,0.57480818,-1.7349229,-1.5005831,-0.31911515]","[0.33444974,0.045794964,0.98326182]",0.8597303939482442,3.2240317005500807,0.0878999940395355,false,0.0,nan,0.0,
rrtstar_ompl,30,static_tall_formal_v2_030,hard_reach,tall,15,"[-0.31339329,-1.6196992,0.53729448,-1.7467031,-1.4956248,-0.34190909]","[0.31775972,0.045010783,0.99767816]",0.8694065416563782,3.173656205228986,0.0878999940395355,false,0.0,nan,0.0,
rrtstar_ompl,30,static_tall_formal_v2_030,hard_reach,tall,16,"[-0.33428617,-1.6230125,0.49978077,-1.7584833,-1.4906664,-0.36470303]","[0.30057067,0.045156389,1.0113313]",0.8783240532700296,3.123280709907891,0.0878999940395355,false,0.0,nan,0.0,
rrtstar_ompl,30,static_tall_formal_v2_030,hard_reach,tall,17,"[-0.35517906,-1.6263258,0.46226707,-1.7702635,-1.4857081,-0.38749697]","[0.2829507,0.046253115,1.0241914]",0.8864695762660818,3.072905214586796,0.0878999940395355,false,0.0,nan,0.0,
rrtstar_ompl,30,static_tall_formal_v2_030,hard_reach,tall,18,"[-0.37607195,-1.6296391,0.42475337,-1.7820438,-1.4807497,-0.41029091]","[0.26496953,0.048318006,1.0362291]",0.89383010146426,3.022529719265701,0.0878999940395355,false,0.0,nan,0.0,
rrtstar_ompl,30,static_tall_formal_v2_030,hard_reach,tall,19,"[-0.39696483,-1.6329523,0.38723967,-1.793824,-1.4757914,-0.43308485]","[0.24669877,0.051363505,1.0474173]",0.9003940297873071,2.972154223944606,0.0878999940395355,false,0.0,nan,0.0,
rrtstar_ompl,30,static_tall_formal_v2_030,hard_reach,tall,20,"[-0.41785772,-1.6362656,0.34972597,-1.8056042,-1.470833,-0.45587878]","[0.22821087,0.055397458,1.0577302]",0.906150793301111,2.921778728623511,0.0878999940395355,false,0.0,nan,0.0,
rrtstar_ompl,30,static_tall_formal_v2_030,hard_reach,tall,21,"[-0.4387506,-1.6395789,0.31221227,-1.8173844,-1.4658747,-0.47867272]","[0.20957926,0.060423102,1.0671442]",0.9110910018830419,2.871403233302416,0.0878999940395355,false,0.0,nan,0.0,
rrtstar_ompl,30,static_tall_formal_v2_030,hard_reach,tall,22,"[-0.45964349,-1.6428922,0.27469856,-1.8291646,-1.4609163,-0.50146666]","[0.19087777,0.066438898,1.075637]",0.9152061403897571,2.8210277379813213,0.0878999940395355,false,0.0,nan,0.0,
rrtstar_ompl,30,static_tall_formal_v2_030,hard_reach,tall,23,"[-0.48053638,-1.6462055,0.23718486,-1.8409448,-1.455958,-0.5242606]","[0.17218074,0.07343857,1.0831881]",0.918488471659509,2.770652242660226,0.0878999940395355,false,0.0,nan,0.0,
rrtstar_ompl,30,static_tall_formal_v2_030,hard_reach,tall,24,"[-0.50142926,-1.6495187,0.19967116,-1.852725,-1.4509996,-0.54705454]","[0.15356193,0.081411257,1.0897796]",0.9209320416660002,2.7202767473391307,0.0878999940395355,false,0.0,nan,0.0,
rrtstar_ompl,30,static_tall_formal_v2_030,hard_reach,tall,25,"[-0.52232215,-1.652832,0.16215746,-1.8645052,-1.4460413,-0.56984848]","[0.13509506,0.090341158,1.0953947]",0.9225310765996141,2.669901252018036,0.0878999940395355,false,0.0,nan,0.0,
rrtstar_ompl,30,static_tall_formal_v2_030,hard_reach,tall,26,"[-0.54321503,-1.6561453,0.12464376,-1.8762854,-1.4410829,-0.59264242]","[0.11685295,0.10020787,1.1000196]",0.9232817427247507,2.619525756696941,0.0878999940395355,false,0.0,nan,0.0,
rrtstar_ompl,30,static_tall_formal_v2_030,hard_reach,tall,27,"[-0.56410792,-1.6594586,0.087130055,-1.8880656,-1.4361246,-0.61543636]","[0.098907366,0.11098641,1.1036413]",0.9231802638479256,2.569150261375846,0.0878999940395355,false,0.0,nan,0.0,
rrtstar_ompl,30,static_tall_formal_v2_030,hard_reach,tall,28,"[-0.58500081,-1.6627719,0.049616353,-1.8998458,-1.4311662,-0.6382303]","[0.081328727,0.12264711,1.1062498]",0.9222246486822844,2.518774766054751,0.0878999940395355,false,0.0,nan,0.0,
rrtstar_ompl,30,static_tall_formal_v2_030,hard_reach,tall,29,"[-0.60589369,-1.6660851,0.012102652,-1.9116261,-1.4262079,-0.66102424]","[0.064185537,0.13515612,1.107837]",0.9204135393607245,2.4683992707336557,0.0878999940395355,false,0.0,nan,0.0,
rrtstar_ompl,30,static_tall_formal_v2_030,hard_reach,tall,30,"[-0.62678658,-1.6693984,-0.02541105,-1.9234063,-1.4212495,-0.68381818]","[0.047544599,0.14847505,1.1083966]",0.9177466949935541,2.4180237754125606,0.0878999940395355,false,0.0,nan,0.0,
rrtstar_ompl,30,static_tall_formal_v2_030,hard_reach,tall,31,"[-0.64767946,-1.6727117,-0.062924752,-1.9351865,-1.4162912,-0.70661212]","[0.031470228,0.16256137,1.1079248]",0.9142247634553504,2.367648280091466,0.0878999940395355,false,0.0,nan,0.0,
rrtstar_ompl,30,static_tall_formal_v2_030,hard_reach,tall,32,"[-0.66857235,-1.676025,-0.10043845,-1.9469667,-1.4113328,-0.72940606]","[0.016024224,0.17736869,1.10642]",0.9098497434594395,2.317272784770371,0.0873200225004349,false,0.0,nan,0.0,
rrtstar_ompl,30,static_tall_formal_v2_030,hard_reach,tall,33,"[-0.68946523,-1.6793383,-0.13795215,-1.9587469,-1.4063745,-0.75219999]","[0.001265578,0.19284648,1.1038824]",0.9046241792141141,2.266897289449276,0.08520850306587864,false,0.0,nan,0.0,
rrtstar_ompl,30,static_tall_formal_v2_030,hard_reach,tall,34,"[-0.71035812,-1.6826516,-0.17546586,-1.9705271,-1.4014161,-0.77499393]","[-0.01275003,0.20894097,1.1003149]",0.8985519983285595,2.2165217941281807,0.08315098874698236,false,0.0,nan,0.0,
rrtstar_ompl,30,static_tall_formal_v2_030,hard_reach,tall,35,"[-0.73125101,-1.6859648,-0.21297956,-1.9823073,-1.3964578,-0.79778787]","[-0.025970094,0.22559485,1.0957216]",0.8916374515113177,2.166146298807086,0.08115028436402931,false,0.0,nan,0.0,
rrtstar_ompl,30,static_tall_formal_v2_030,hard_reach,tall,36,"[-0.75214389,-1.6892781,-0.25049326,-1.9940875,-1.3914995,-0.82058181]","[-0.038345732,0.24274753,1.0901103]",0.8838868421128634,2.115770803485991,0.07920924157929472,false,0.0,nan,0.0,
rrtstar_ompl,30,static_tall_formal_v2_030,hard_reach,tall,37,"[-0.77303678,-1.6925914,-0.28800696,-2.0058677,-1.3865411,-0.84337575]","[-0.049831994,0.26033553,1.0834895]",0.8753063619713359,2.065395308164896,0.07733080685512751,false,0.0,nan,0.0,
rrtstar_ompl,30,static_tall_formal_v2_030,hard_reach,tall,38,"[-0.79392966,-1.6959047,-0.32552066,-2.0176479,-1.3815828,-0.86616969]","[-0.06038776,0.27829286,1.0758708]",0.8659036906674926,2.015019812843801,0.07551793081122109,false,0.0,nan,0.0,
rrtstar_ompl,30,static_tall_formal_v2_030,hard_reach,tall,39,"[-0.81482255,-1.699218,-0.36303436,-2.0294281,-1.3766244,-0.88896363]","[-0.069976181,0.29655093,1.0672674]",0.8556874336601163,1.9646443175227057,0.07377359308251284,false,0.0,nan,0.0,
rrtstar_ompl,30,static_tall_formal_v2_030,hard_reach,tall,40,"[-0.83571544,-1.7025312,-0.40054807,-2.0412083,-1.3716661,-0.91175757]","[-0.078564987,0.31503931,1.057695]",0.8446670392072698,1.914268822201611,0.07210084568436732,false,0.0,nan,0.0,
rrtstar_ompl,30,static_tall_formal_v2_030,hard_reach,tall,41,"[-0.85660832,-1.7058445,-0.43806177,-2.0529886,-1.3667077,-0.93455151]","[-0.086126134,0.33368573,1.0471711]",0.8328527542946333,1.8638933268805158,0.07050270029655976,false,0.0,nan,0.0,
rrtstar_ompl,30,static_tall_formal_v2_030,hard_reach,tall,42,"[-0.87750121,-1.7091578,-0.47557547,-2.0647688,-1.3617494,-0.95734545]","[-0.092636272,0.35241628,1.0357153]",0.8202558715617415,1.8135178315594207,0.0689822060408858,false,0.0,nan,0.0,
rrtstar_ompl,30,static_tall_formal_v2_030,hard_reach,tall,43,"[-0.89839409,-1.7124711,-0.51308917,-2.076549,-1.356791,-0.98013939]","[-0.098076858,0.37115598,1.0233492]",0.8068883648665095,1.7631423362383256,0.06754235256898537,false,0.0,nan,0.0,
rrtstar_ompl,30,static_tall_formal_v2_030,hard_reach,tall,44,"[-0.91928698,-1.7157844,-0.55060287,-2.0883292,-1.3518327,-1.0029333]","[-0.10243404,0.38982901,1.0100964]",0.7927634048224903,1.7127668409172307,0.06618611647585128,false,0.0,nan,0.0,
rrtstar_ompl,30,static_tall_formal_v2_030,hard_reach,tall,45,"[-0.94017987,-1.7190976,-0.58811657,-2.1001094,-1.3468743,-1.0257273]","[-0.10569908,0.40835929,0.99598265]",0.7778948321197187,1.6623913455961359,0.06491640441238118,false,0.0,nan,0.0,
rrtstar_ompl,30,static_tall_formal_v2_030,hard_reach,tall,46,"[-0.96107275,-1.7224109,-0.62563028,-2.1118896,-1.341916,-1.0485212]","[-0.10786791,0.42667013,0.98103499]",0.7622971350334939,1.6120158502750404,0.06373605469467324,false,0.0,nan,0.0,
rrtstar_ompl,30,static_tall_formal_v2_030,hard_reach,tall,47,"[-0.98196564,-1.7257242,-0.66314398,-2.1236698,-1.3369576,-1.0713151]","[-0.10894142,0.44468528,0.96528274]",0.7459858135944788,1.5616403549539457,0.06264780723813788,false,0.0,nan,0.0,
rrtstar_ompl,30,static_tall_formal_v2_030,hard_reach,tall,48,"[-1.0028585,-1.7290375,-0.70065768,-2.13545,-1.3319993,-1.0941091]","[-0.10892554,0.46232903,0.94875681]",0.7289771377159517,1.5112648596328504,0.061654261707083116,false,0.0,nan,0.0,
rrtstar_ompl,30,static_tall_formal_v2_030,hard_reach,tall,49,"[-1.0237514,-1.7323508,-0.73817138,-2.1472302,-1.3270409,-1.116903]","[-0.107831,0.47952625,0.93148977]",0.7112880851262664,1.4608893643117558,0.060757912288621915,false,0.0,nan,0.0,
rrtstar_ompl,30,static_tall_formal_v2_030,hard_reach,tall,50,"[-1.0446443,-1.7356641,-0.77568508,-2.1590104,-1.3220826,-1.139697]","[-0.10567337,0.49620298,0.91351599]",0.6929365681032447,1.4105138689906604,0.059961048137297954,false,0.0,nan,0.0,
rrtstar_ompl,30,static_tall_formal_v2_030,hard_reach,tall,51,"[-1.0655372,-1.7389773,-0.81319878,-2.1707906,-1.3171242,-1.1624909]","[-0.10247296,0.51228714,0.89487076]",0.6739406104029244,1.3601383736695656,0.05926579323411045,false,0.0,nan,0.0,
rrtstar_ompl,30,static_tall_formal_v2_030,hard_reach,tall,52,"[-1.0864301,-1.7422906,-0.85071249,-2.1825709,-1.3121659,-1.1852848]","[-0.098254919,0.52770817,0.8755917]",0.6543198199232994,1.3097628783484707,0.05867405422537793,false,0.0,nan,0.0,
rrtstar_ompl,30,static_tall_formal_v2_030,hard_reach,tall,53,"[-1.107323,-1.7456039,-0.88822619,-2.1943511,-1.3072075,-1.2080788]","[-0.093048692,0.54239744,0.85571706]",0.6340937164212053,1.2593873830273754,0.057691837409177854,false,0.0,nan,0.0,
rrtstar_ompl,30,static_tall_formal_v2_030,hard_reach,tall,54,"[-1.1282158,-1.7489172,-0.92573989,-2.2061313,-1.3022492,-1.2308727]","[-0.086888246,0.55628908,0.83528692]",0.6132829448933692,1.2090118877062805,0.056228900063201775,false,0.0,nan,0.0,
rrtstar_ompl,30,static_tall_formal_v2_030,hard_reach,tall,55,"[-1.1491087,-1.7522305,-0.96325359,-2.2179115,-1.2972908,-1.2536667]","[-0.079811767,0.56931973,0.81434226]",0.5919085349799091,1.1586363923851852,0.05481564346630563,false,0.0,nan,0.0,
rrtstar_ompl,30,static_tall_formal_v2_030,hard_reach,tall,56,"[-1.1700016,-1.7555437,-1.0007673,-2.2296917,-1.2923325,-1.2764606]","[-0.071861655,0.581429,0.79292506]",0.5699920311893307,1.1082608970640904,0.05345478725528033,false,0.0,nan,0.0,
rrtstar_ompl,30,static_tall_formal_v2_030,hard_reach,tall,57,"[-1.1908945,-1.758857,-1.038281,-2.2414719,-1.2873741,-1.2992545]","[-0.063083984,0.59255987,0.77107877]",0.5475558557176109,1.0578854017429957,0.05214904852840527,false,0.0,nan,0.0,
rrtstar_ompl,30,static_tall_formal_v2_030,hard_reach,tall,58,"[-1.2117874,-1.7621703,-1.0757947,-2.2532521,-1.2824158,-1.3220485]","[-0.053528592,0.60265893,0.74884731]",0.524622634692281,1.0075099064219004,0.05090125231497791,false,0.0,nan,0.0,
rrtstar_ompl,30,static_tall_formal_v2_030,hard_reach,tall,59,"[-1.2326803,-1.7654836,-1.1133084,-2.2650323,-1.2774574,-1.3448424]","[-0.043248691,0.61167628,0.72627562]",0.5012156146216632,0.9571344111008057,0.04971424837659816,false,0.0,nan,0.0,
rrtstar_ompl,30,static_tall_formal_v2_030,hard_reach,tall,60,"[-1.2535732,-1.7687969,-1.1508221,-2.2768125,-1.2724991,-1.3676364]","[-0.032300778,0.6195659,0.70340949]",0.47735863149028757,0.9067589157797102,0.048590969381346216,false,0.0,nan,0.0,
rrtstar_ompl,30,static_tall_formal_v2_030,hard_reach,tall,61,"[-1.274466,-1.7721101,-1.1883358,-2.2885927,-1.2675407,-1.3904303]","[-0.020744164,0.62628651,0.68029523]",0.45307590827016647,0.8563834204586155,0.047534319095610095,false,0.0,nan,0.0,
rrtstar_ompl,30,static_tall_formal_v2_030,hard_reach,tall,62,"[-1.2953589,-1.7754234,-1.2258495,-2.3003729,-1.2625824,-1.4132242]","[-0.0086408425,0.63180059,0.6569795]",0.42839187393007616,0.8060079251375206,0.04654723429417837,false,0.0,nan,0.0,
rrtstar_ompl,30,static_tall_formal_v2_030,hard_reach,tall,63,"[-1.3162518,-1.7787367,-1.2633632,-2.3121531,-1.257624,-1.4360182]","[0.0039448757,0.63607556,0.63350946]",0.40333142522455334,0.7556324298164254,0.04563264517820151,false,0.0,nan,0.0,
rrtstar_ompl,30,static_tall_formal_v2_030,hard_reach,tall,64,"[-1.3371447,-1.78205,-1.3008769,-2.3239334,-1.2526657,-1.4588121]","[0.016946662,0.63908321,0.60993296]",0.37792006464540484,0.7052569344953306,0.04479346031211552,false,0.0,nan,0.0,
rrtstar_ompl,30,static_tall_formal_v2_030,hard_reach,tall,65,"[-1.3580376,-1.7853633,-1.3383906,-2.3357136,-1.2477073,-1.4816061]","[0.030296169,0.64080036,0.58629751]",0.352183304712849,0.6548814391742351,0.044032548932563434,false,0.0,nan,0.0,
rrtstar_ompl,30,static_tall_formal_v2_030,hard_reach,tall,66,"[-1.3789305,-1.7886765,-1.3759043,-2.3474938,-1.242749,-1.5044]","[0.043923967,0.64120865,0.56265116]",0.32614710488253496,0.6045059438531405,0.04335271500311283,false,0.0,nan,0.0,
rrtstar_ompl,30,static_tall_formal_v2_030,hard_reach,tall,67,"[-1.3998234,-1.7919898,-1.413418,-2.359274,-1.2377906,-1.5271939]","[0.05775933,0.64029467,0.53904164]",0.2998374972386669,0.5541304485320455,0.042756642285281435,false,0.0,nan,0.0,
rrtstar_ompl,30,static_tall_formal_v2_030,hard_reach,tall,68,"[-1.4207162,-1.7953031,-1.4509317,-2.3710542,-1.2328323,-1.5499879]","[0.071730822,0.6380502,0.5155167]",0.2732808182819208,0.5037549532109504,0.042246960635682035,false,0.0,nan,0.0,
rrtstar_ompl,30,static_tall_formal_v2_030,hard_reach,tall,69,"[-1.4416091,-1.7986164,-1.4884454,-2.3828344,-1.2278739,-1.5727818]","[0.085766405,0.63447183,0.4921239]",0.2465035904250402,0.45337945788985545,0.04182613680850879,false,0.0,nan,0.0,
rrtstar_ompl,30,static_tall_formal_v2_030,hard_reach,tall,70,"[-1.462502,-1.8019297,-1.5259591,-2.3946146,-1.2229156,-1.5955757]","[0.099794045,0.62956178,0.46891043]",0.21953253468200853,0.40300396256876037,0.04149649878178832,false,0.0,nan,0.0,
rrtstar_ompl,30,static_tall_formal_v2_030,hard_reach,tall,71,"[-1.4833949,-1.805243,-1.5634728,-2.4063948,-1.2179573,-1.6183697]","[0.1137419,0.62332666,0.4459233]",0.1923944474866175,0.3526284672476653,0.04126021198581796,false,0.0,nan,0.0,
rrtstar_ompl,30,static_tall_formal_v2_030,hard_reach,tall,72,"[-1.5042878,-1.8085562,-1.6009865,-2.418175,-1.2129989,-1.6411636]","[0.12753874,0.61577874,0.42320845]",0.1651159409740677,0.30225297192657014,0.04111921123948209,false,0.0,nan,0.0,
rrtstar_ompl,30,static_tall_formal_v2_030,hard_reach,tall,73,"[-1.5251807,-1.8118695,-1.6385002,-2.4299552,-1.2080406,-1.6639576]","[0.14111389,0.60693502,0.40081167]",0.13772407750651622,0.2518774766054752,0.04107526175034397,false,0.0,nan,0.0,
rrtstar_ompl,30,static_tall_formal_v2_030,hard_reach,tall,74,"[-1.5460736,-1.8151828,-1.6760139,-2.4417354,-1.2030822,-1.6867515]","[0.1543982,0.59681737,0.37877777]",0.11024552197911358,0.2015019812843803,0.041129874730847546,false,0.0,nan,0.0,
rrtstar_ompl,30,static_tall_formal_v2_030,hard_reach,tall,75,"[-1.5669664,-1.8184961,-1.7135276,-2.4535157,-1.1981239,-1.7095454]","[0.1673239,0.5854528,0.35715079]",0.08270715844642873,0.1511264859632853,0.04128433680799366,false,0.0,nan,0.0,
rrtstar_ompl,30,static_tall_formal_v2_030,hard_reach,tall,76,"[-1.5878593,-1.8218094,-1.7510413,-2.4652959,-1.1931655,-1.7323394]","[0.17982501,0.5728727,0.33597413]",0.05513586585728396,0.10075099064219024,0.04153967038316271,false,0.0,nan,0.0,
rrtstar_ompl,30,static_tall_formal_v2_030,hard_reach,tall,77,"[-1.6087522,-1.8251226,-1.788555,-2.4770761,-1.1882072,-1.7551333]","[0.19183774,0.55911309,0.31528959]",0.02755795360289886,0.050375495321095094,0.04189669242154538,false,0.0,nan,0.0,
rrtstar_ompl,30,static_tall_formal_v2_030,hard_reach,tall,78,"[-1.6296451,-1.8284359,-1.8260687,-2.4888563,-1.1832488,-1.7779273]","[0.20330052,0.54421455,0.29513818]",3.4190217260971105e-09,0.0,0.04235580956598753,false,0.0,nan,0.0,
rrtstar_ompl,31,static_tall_formal_v2_031,near_obstacle,tall,0,"[0,-1.57,1.1,-1.57,-1.57,0]","[0.48397353,0.13337938,0.72136778]",0.35971714740641775,1.647373002583639,0.0878999940395355,false,20.098784685134888,nan,0.0,
rrtstar_ompl,31,static_tall_formal_v2_031,near_obstacle,tall,1,"[-0.037056882,-1.581422,1.1002009,-1.5377866,-1.5598681,-0.0024819772]","[0.48080564,0.11665552,0.72245944]",0.3459399848952585,1.5958925962529005,0.0878999940395355,false,0.0,nan,0.0,
rrtstar_ompl,31,static_tall_formal_v2_031,near_obstacle,tall,2,"[-0.074113764,-1.5928441,1.1004017,-1.5055733,-1.5497362,-0.0049639544]","[0.47696823,0.10035546,0.72350264]",0.33223653496443684,1.5444121899221614,0.0878999940395355,false,0.0,nan,0.0,
rrtstar_ompl,31,static_tall_formal_v2_031,near_obstacle,tall,3,"[-0.11117065,-1.6042661,1.1006026,-1.4733599,-1.5396042,-0.0074459316]","[0.47249064,0.084509023,0.72449863]",0.3186164595067018,1.492931783591423,0.0878999940395355,false,0.0,nan,0.0,
rrtstar_ompl,31,static_tall_formal_v2_031,near_obstacle,tall,4,"[-0.14822753,-1.6156882,1.1008034,-1.4411466,-1.5294723,-0.0099279088]","[0.46740377,0.069144286,0.72544807]",0.30508952001439493,1.441451377260684,0.0878999940395355,false,0.0,nan,0.0,
rrtstar_ompl,31,static_tall_formal_v2_031,near_obstacle,tall,5,"[-0.18528441,-1.6271102,1.1010043,-1.4089332,-1.5193404,-0.012409886]","[0.46173978,0.054287504,0.72635221]",0.29166533809565737,1.3899709709299455,0.0878999940395355,false,0.0,nan,0.0,
rrtstar_ompl,31,static_tall_formal_v2_031,near_obstacle,tall,6,"[-0.22234129,-1.6385322,1.1012051,-1.3767199,-1.5092085,-0.014891863]","[0.45553192,0.039962944,0.72721159]",0.27835333885052405,1.3384905645992067,0.0878999940395355,false,0.0,nan,0.0,
rrtstar_ompl,31,static_tall_formal_v2_031,near_obstacle,tall,7,"[-0.25939818,-1.6499543,1.101406,-1.3445065,-1.4990766,-0.01737384]","[0.44881496,0.026192982,0.7280274]",0.26516319750232514,1.287010158268468,0.0878999940395355,false,0.0,nan,0.0,
rrtstar_ompl,31,static_tall_formal_v2_031,near_obstacle,tall,8,"[-0.29645506,-1.6613763,1.1016068,-1.3122931,-1.4889447,-0.019855818]","[0.44162416,0.012997951,0.72880054]",0.25210410857696713,1.2355297519377293,0.0878999940395355,false,0.0,nan,0.0,
rrtstar_ompl,31,static_tall_formal_v2_031,near_obstacle,tall,9,"[-0.33351194,-1.6727984,1.1018077,-1.2800798,-1.4788127,-0.022337795]","[0.43399596,0.00039611486,0.72953165]",0.2391853727179189,1.1840493456069907,0.0878999940395355,false,0.0,nan,0.0,
rrtstar_ompl,31,static_tall_formal_v2_031,near_obstacle,tall,10,"[-0.37056882,-1.6842204,1.1020086,-1.2478664,-1.4686808,-0.024819772]","[0.42596754,-0.01159633,0.73022163]",0.22641620094270382,1.132568939276252,0.0878999940395355,false,0.0,nan,0.0,
rrtstar_ompl,31,static_tall_formal_v2_031,near_obstacle,tall,11,"[-0.4076257,-1.6956425,1.1022094,-1.2156531,-1.4585489,-0.027301749]","[0.41757664,-0.022965413,0.73087126]",0.21380554703893906,1.081088532945513,0.0878999940395355,false,0.0,nan,0.0,
rrtstar_ompl,31,static_tall_formal_v2_031,near_obstacle,tall,12,"[-0.44468259,-1.7070645,1.1024103,-1.1834397,-1.448417,-0.029783726]","[0.40886173,-0.033699296,0.73148125]",0.20136245249882398,1.0296081266147745,0.0878999940395355,false,0.0,nan,0.0,
rrtstar_ompl,31,static_tall_formal_v2_031,near_obstacle,tall,13,"[-0.48173947,-1.7184865,1.1026111,-1.1512264,-1.4382851,-0.032265703]","[0.39986148,-0.043788303,0.73205233]",0.18909565843097173,0.9781277202840356,0.0878999940395355,false,0.0,nan,0.0,
rrtstar_ompl,31,static_tall_formal_v2_031,near_obstacle,tall,14,"[-0.51879635,-1.7299086,1.102812,-1.119013,-1.4281531,-0.034747681]","[0.39061496,-0.053224996,0.73258519]",0.17701381066796107,0.926647313953297,0.0878999940395355,false,0.0,nan,0.0,
rrtstar_ompl,31,static_tall_formal_v2_031,near_obstacle,tall,15,"[-0.55585323,-1.7413306,1.1030128,-1.0867996,-1.4180212,-0.037229658]","[0.3811616,-0.062004194,0.73308039]",0.16512563538736455,0.8751669076225583,0.0878999940395355,false,0.0,nan,0.0,
rrtstar_ompl,31,static_tall_formal_v2_031,near_obstacle,tall,16,"[-0.59291012,-1.7527527,1.1032137,-1.0545863,-1.4078893,-0.039711635]","[0.37154031,-0.070122853,0.73353863]",0.1534391546039992,0.8236865012918195,0.0878999940395355,false,0.0,nan,0.0,
rrtstar_ompl,31,static_tall_formal_v2_031,near_obstacle,tall,17,"[-0.629967,-1.7641747,1.1034145,-1.0223729,-1.3977574,-0.042193612]","[0.36179045,-0.077580228,0.73396039]",0.14196272504713872,0.7722060949610807,0.0878999940395355,false,0.0,nan,0.0,
rrtstar_ompl,31,static_tall_formal_v2_031,near_obstacle,tall,18,"[-0.66702388,-1.7755967,1.1036154,-0.99015958,-1.3876255,-0.044675589]","[0.35195103,-0.084377617,0.73434633]",0.13070442726799775,0.720725688630342,0.0878999940395355,false,0.0,nan,0.0,
rrtstar_ompl,31,static_tall_formal_v2_031,near_obstacle,tall,19,"[-0.70408076,-1.7870188,1.1038162,-0.95794622,-1.3774935,-0.047157567]","[0.34206069,-0.090518706,0.73469698]",0.11967204424695303,0.6692452822996035,0.08672810947154347,false,0.0,nan,0.0,
rrtstar_ompl,31,static_tall_formal_v2_031,near_obstacle,tall,20,"[-0.74113764,-1.7984408,1.1040171,-0.92573286,-1.3673616,-0.049639544]","[0.33215758,-0.09600915,0.73501277]",0.10887321361861127,0.6177648759688646,0.08371084793578518,false,0.0,nan,0.0,
rrtstar_ompl,31,static_tall_formal_v2_031,near_obstacle,tall,21,"[-0.77819453,-1.8098629,1.104218,-0.89351951,-1.3572297,-0.052121521]","[0.32227939,-0.10085694,0.73529398]",0.0983153883794239,0.566284469638126,0.08096390281847848,false,0.0,nan,0.0,
rrtstar_ompl,31,static_tall_formal_v2_031,near_obstacle,tall,22,"[-0.81525141,-1.8212849,1.1044188,-0.86130615,-1.3470978,-0.054603498]","[0.31246307,-0.1050718,0.7355414]",0.08800583249701673,0.5148040633073873,0.07850529293456576,false,0.0,nan,0.0,
rrtstar_ompl,31,static_tall_formal_v2_031,near_obstacle,tall,23,"[-0.85230829,-1.8327069,1.1046197,-0.82909279,-1.3369659,-0.057085475]","[0.30274493,-0.10866585,0.73575509]",0.07795167994216222,0.4633236569766485,0.07635214529733039,false,0.0,nan,0.0,
rrtstar_ompl,31,static_tall_formal_v2_031,near_obstacle,tall,24,"[-0.88936517,-1.844129,1.1048205,-0.79687944,-1.3268339,-0.059567453]","[0.29316005,-0.11165308,0.73593527]",0.06815957797230036,0.4118432506459097,0.07452037147345883,false,0.0,nan,0.0,
rrtstar_ompl,31,static_tall_formal_v2_031,near_obstacle,tall,25,"[-0.92642205,-1.855551,1.1050214,-0.76466608,-1.316702,-0.06204943]","[0.28374293,-0.1140493,0.73608261]",0.058636329403463375,0.36036284431517096,0.0721515156025982,false,0.0,nan,0.0,
rrtstar_ompl,31,static_tall_formal_v2_031,near_obstacle,tall,26,"[-0.96347894,-1.8669731,1.1052222,-0.73245272,-1.3065701,-0.064531407]","[0.27452657,-0.1158722,0.73619717]",0.04938811746950853,0.3088824379844323,0.06921280372412612,false,0.0,nan,0.0,
rrtstar_ompl,31,static_tall_formal_v2_031,near_obstacle,tall,27,"[-1.0005358,-1.8783951,1.1054231,-0.70023936,-1.2964382,-0.067013384]","[0.26554298,-0.11714145,0.73627931]",0.040421134899694636,0.25740203165369363,0.06643780913079565,false,0.0,nan,0.0,
rrtstar_ompl,31,static_tall_formal_v2_031,near_obstacle,tall,28,"[-1.0375927,-1.8898172,1.1056239,-0.66802601,-1.2863063,-0.069495361]","[0.25682279,-0.11787814,0.73632896]",0.03174119498756909,0.2059216253229549,0.0638409789413834,false,0.0,nan,0.0,
rrtstar_ompl,31,static_tall_formal_v2_031,near_obstacle,tall,29,"[-1.0746496,-1.9012392,1.1058248,-0.63581265,-1.2761744,-0.071977338]","[0.24839529,-0.11810537,0.73634648]",0.023353947744371658,0.1544412189922161,0.06143715181707303,false,0.0,nan,0.0,
rrtstar_ompl,31,static_tall_formal_v2_031,near_obstacle,tall,30,"[-1.1117065,-1.9126612,1.1060257,-0.60359929,-1.2660424,-0.074459316]","[0.2402882,-0.11784743,0.736332]",0.01526465749158562,0.10296081266147745,0.059241504918813484,false,0.0,nan,0.0,
rrtstar_ompl,31,static_tall_formal_v2_031,near_obstacle,tall,31,"[-1.1487633,-1.9240833,1.1062265,-0.57138594,-1.2559105,-0.076941293]","[0.23252782,-0.11713023,0.73628557]",0.00747847371262295,0.05148040633073871,0.05726925700472331,false,0.0,nan,0.0,
rrtstar_ompl,31,static_tall_formal_v2_031,near_obstacle,tall,32,"[-1.1858202,-1.9355053,1.1064274,-0.53917258,-1.2457786,-0.07942327]","[0.22513857,-0.11598115,0.73620731]",6.885861162457353e-09,0.0,0.05553546075435033,false,0.0,nan,0.0,
rrtstar_ompl,32,static_tall_formal_v2_032,around_tall_obstacle,tall,0,"[0,-1.57,1.1,-1.57,-1.57,0]","[0.48397353,0.13337938,0.72136778]",0.3341284623478733,1.245602274423182,0.0878999940395355,false,20.137988805770874,nan,0.0,
rrtstar_ompl,32,static_tall_formal_v2_032,around_tall_obstacle,tall,1,"[0.021601832,-1.5557136,1.0968766,-1.5355218,-1.575344,0.028210259]","[0.48688591,0.14339739,0.71133959]",0.3208763638849611,1.1937021796555494,0.0878999940395355,false,0.0,nan,0.0,
rrtstar_ompl,32,static_tall_formal_v2_032,around_tall_obstacle,tall,2,"[0.043203663,-1.5414272,1.0937533,-1.5010436,-1.5806881,0.056420517]","[0.4892683,0.1535898,0.70130944]",0.3074829468246963,1.141802084887917,0.0878999940395355,false,0.0,nan,0.0,
rrtstar_ompl,32,static_tall_formal_v2_032,around_tall_obstacle,tall,3,"[0.064805495,-1.5271409,1.0906299,-1.4665654,-1.5860321,0.084630776]","[0.49111882,0.16393168,0.69129038]",0.29396035375800583,1.0899019901202842,0.0878999940395355,false,0.0,nan,0.0,
rrtstar_ompl,32,static_tall_formal_v2_032,around_tall_obstacle,tall,4,"[0.086407327,-1.5128545,1.0875066,-1.4320871,-1.5913762,0.11284103]","[0.49243733,0.17439838,0.68129539]",0.2803208149200323,1.0380018953526517,0.0878999940395355,false,0.0,nan,0.0,
rrtstar_ompl,32,static_tall_formal_v2_032,around_tall_obstacle,tall,5,"[0.10800916,-1.4985681,1.0843832,-1.3976089,-1.5967202,0.14105129]","[0.49322507,0.18496551,0.67133683]",0.2665762228930043,0.9861018005850192,0.0878999940395355,false,0.0,nan,0.0,
rrtstar_ompl,32,static_tall_formal_v2_032,around_tall_obstacle,tall,6,"[0.12961099,-1.4842817,1.0812599,-1.3631307,-1.6020643,0.16926155]","[0.49348485,0.19560915,0.66142696]",0.25273852233404487,0.9342017058173866,0.0878999940395355,false,0.0,nan,0.0,
rrtstar_ompl,32,static_tall_formal_v2_032,around_tall_obstacle,tall,7,"[0.15121282,-1.4699954,1.0781365,-1.3286525,-1.6074083,0.19747181]","[0.4932209,0.20630591,0.65157759]",0.23881941934622075,0.8823016110497539,0.0878999940395355,false,0.0,nan,0.0,
rrtstar_ompl,32,static_tall_formal_v2_032,around_tall_obstacle,tall,8,"[0.17281465,-1.455709,1.0750132,-1.2941743,-1.6127523,0.22568207]","[0.49243864,0.21703292,0.64180046]",0.22483062501574727,0.8304015162821213,0.0878999940395355,false,0.0,nan,0.0,
rrtstar_ompl,32,static_tall_formal_v2_032,around_tall_obstacle,tall,9,"[0.19441649,-1.4414226,1.0718898,-1.2596961,-1.6180964,0.25389233]","[0.49114493,0.22776806,0.6321066]",0.21078344968202753,0.7785014215144886,0.0878999940395355,false,0.0,nan,0.0,
rrtstar_ompl,32,static_tall_formal_v2_032,around_tall_obstacle,tall,10,"[0.21601832,-1.4271362,1.0687665,-1.2252178,-1.6234404,0.28210259]","[0.48934793,0.2384899,0.62250662]",0.19668905254448274,0.7266013267468561,0.0878999940395355,false,0.0,nan,0.0,
rrtstar_ompl,32,static_tall_formal_v2_032,around_tall_obstacle,tall,11,"[0.23762015,-1.4128499,1.0656431,-1.1907396,-1.6287845,0.31031285]","[0.48705682,0.24917784,0.61301118]",0.1825585508790194,0.6747012319792236,0.0878999940395355,false,0.0,nan,0.0,
rrtstar_ompl,32,static_tall_formal_v2_032,around_tall_obstacle,tall,12,"[0.25922198,-1.3985635,1.0625198,-1.1562614,-1.6341285,0.3385231]","[0.48428226,0.25981221,0.60362995]",0.16840261256143482,0.622801137211591,0.08150378391585594,false,0.0,nan,0.0,
rrtstar_ompl,32,static_tall_formal_v2_032,around_tall_obstacle,tall,13,"[0.28082381,-1.3842771,1.0593964,-1.1217832,-1.6394725,0.36673336]","[0.48103538,0.27037418,0.59437239]",0.1542316208628752,0.5709010424439585,0.07304723435430491,false,0.0,nan,0.0,
rrtstar_ompl,32,static_tall_formal_v2_032,around_tall_obstacle,tall,14,"[0.30242564,-1.3699907,1.056273,-1.087305,-1.6448166,0.39494362]","[0.47732863,0.28084603,0.58524746]",0.14005568807183086,0.5190009476763258,0.06588502799789331,false,0.0,nan,0.0,
rrtstar_ompl,32,static_tall_formal_v2_032,around_tall_obstacle,tall,15,"[0.32402748,-1.3557043,1.0531497,-1.0528268,-1.6501606,0.42315388]","[0.47317535,0.29121092,0.57626349]",0.12588466985172816,0.46710085290869324,0.06023217796694586,false,0.0,nan,0.0,
rrtstar_ompl,32,static_tall_formal_v2_032,around_tall_obstacle,tall,16,"[0.34562931,-1.341418,1.0500263,-1.0183486,-1.6555047,0.45136414]","[0.46858951,0.30145329,0.56742865]",0.11172806345286117,0.4152007581410608,0.05628097787131186,false,0.0,nan,0.0,
rrtstar_ompl,32,static_tall_formal_v2_032,around_tall_obstacle,tall,17,"[0.36723114,-1.3271316,1.046903,-0.98387035,-1.6608487,0.4795744]","[0.46358585,0.31155854,0.55875039]",0.09759501182332021,0.3633006633734281,0.054166395897309795,false,0.0,nan,0.0,
rrtstar_ompl,32,static_tall_formal_v2_032,around_tall_obstacle,tall,18,"[0.38883297,-1.3128452,1.0437796,-0.94939213,-1.6661928,0.50778466]","[0.45817986,0.32151327,0.55023539]",0.08349417529584673,0.3114005686057955,0.05393430345919307,false,0.0,nan,0.0,
rrtstar_ompl,32,static_tall_formal_v2_032,around_tall_obstacle,tall,19,"[0.4104348,-1.2985588,1.0406563,-0.91491392,-1.6715368,0.53599492]","[0.45238733,0.33130527,0.54189003]",0.06943380736479522,0.25950047383816294,0.05552645909325717,false,0.0,nan,0.0,
rrtstar_ompl,32,static_tall_formal_v2_032,around_tall_obstacle,tall,20,"[0.43203663,-1.2842725,1.0375329,-0.8804357,-1.6768808,0.56420518]","[0.44622472,0.34092343,0.53372008]",0.055421888329369076,0.2076003790705303,0.056654750128935547,false,0.0,nan,0.0,
rrtstar_ompl,32,static_tall_formal_v2_032,around_tall_obstacle,tall,21,"[0.45363847,-1.2699861,1.0344096,-0.84595749,-1.6822249,0.59241543]","[0.43970871,0.35035792,0.52573085]",0.04146588858941802,0.15570028430289776,0.05141836550079426,false,0.0,nan,0.0,
rrtstar_ompl,32,static_tall_formal_v2_032,around_tall_obstacle,tall,22,"[0.4752403,-1.2556997,1.0312862,-0.81147927,-1.6875689,0.62062569]","[0.43285617,0.3596001,0.51792681]",0.027572627361763996,0.10380018953526524,0.046573836717457615,false,0.0,nan,0.0,
rrtstar_ompl,32,static_tall_formal_v2_032,around_tall_obstacle,tall,23,"[0.49684213,-1.2414133,1.0281629,-0.77700105,-1.692913,0.64883595]","[0.42568433,0.36864245,0.51031214]",0.013748731346334375,0.05190009476763245,0.04221579952502358,false,0.0,nan,0.0,
rrtstar_ompl,32,static_tall_formal_v2_032,around_tall_obstacle,tall,24,"[0.51844396,-1.2271269,1.0250395,-0.74252284,-1.698257,0.67704621]","[0.41821045,0.37747881,0.50289005]",3.6820911320746744e-09,0.0,0.03836300155519655,false,0.0,nan,0.0,
rrtstar_ompl,33,static_tall_formal_v2_033,near_obstacle,tall,0,"[0,-1.57,1.1,-1.57,-1.57,0]","[0.48397353,0.13337938,0.72136778]",0.40290963427336635,2.4009854329564657,0.0878999940395355,false,20.246017456054688,nan,0.0,
rrtstar_ompl,33,static_tall_formal_v2_033,near_obstacle,tall,1,"[-0.018932604,-1.5758672,1.1066246,-1.5627116,-1.5776556,0.044199217]","[0.48368141,0.12348223,0.72002316]",0.39407094565579237,2.3509649031032063,0.0878999940395355,false,0.0,nan,0.0,
rrtstar_ompl,33,static_tall_formal_v2_033,near_obstacle,tall,2,"[-0.037865207,-1.5817344,1.1132491,-1.5554231,-1.5853113,0.088398433]","[0.48317766,0.11364464,0.71867216]",0.3852312893515116,2.3009443732499464,0.0878999940395355,false,0.0,nan,0.0,
rrtstar_ompl,33,static_tall_formal_v2_033,near_obstacle,tall,3,"[-0.056797811,-1.5876016,1.1198737,-1.5481347,-1.5929669,0.13259765]","[0.48246491,0.10387135,0.71731454]",0.3763921042458893,2.250923843396687,0.0878999940395355,false,0.0,nan,0.0,
rrtstar_ompl,33,static_tall_formal_v2_033,near_obstacle,tall,4,"[-0.075730415,-1.5934688,1.1264983,-1.5408463,-1.6006226,0.17679687]","[0.48154524,0.094166934,0.71595073]",0.3675545896812048,2.200903313543427,0.0878999940395355,false,0.0,nan,0.0,
rrtstar_ompl,33,static_tall_formal_v2_033,near_obstacle,tall,5,"[-0.094663019,-1.599336,1.1331229,-1.5335578,-1.6082782,0.22099608]","[0.48042169,0.084535949,0.71458071]",0.3587203153137302,2.1508827836901676,0.0878999940395355,false,0.0,nan,0.0,
rrtstar_ompl,33,static_tall_formal_v2_033,near_obstacle,tall,6,"[-0.11359562,-1.6052032,1.1397474,-1.5262694,-1.6159339,0.2651953]","[0.47909692,0.074982822,0.71320462]",0.34989060046307635,2.1008622538369077,0.0878999940395355,false,0.0,nan,0.0,
rrtstar_ompl,33,static_tall_formal_v2_033,near_obstacle,tall,7,"[-0.13252823,-1.6110704,1.146372,-1.518981,-1.6235895,0.30939452]","[0.47757357,0.06551192,0.71182251]",0.3410667069061131,2.050841723983648,0.0878999940395355,false,0.0,nan,0.0,
rrtstar_ompl,33,static_tall_formal_v2_033,near_obstacle,tall,8,"[-0.15146083,-1.6169376,1.1529966,-1.5116925,-1.6312452,0.35359373]","[0.47585469,0.056127485,0.71043479]",0.3322500833330659,2.000821194130389,0.0878999940395355,false,0.0,nan,0.0,
rrtstar_ompl,33,static_tall_formal_v2_033,near_obstacle,tall,9,"[-0.17039343,-1.6228048,1.1596211,-1.5044041,-1.6389008,0.39779295]","[0.47394341,0.046833716,0.70904124]",0.32344209563130316,1.950800664277129,0.0878999940395355,false,0.0,nan,0.0,
rrtstar_ompl,33,static_tall_formal_v2_033,near_obstacle,tall,10,"[-0.18932604,-1.628672,1.1662457,-1.4971157,-1.6465565,0.44199217]","[0.47184262,0.037634693,0.70764214]",0.31464399032531615,1.900780134423869,0.0878999940395355,false,0.0,nan,0.0,
rrtstar_ompl,33,static_tall_formal_v2_033,near_obstacle,tall,11,"[-0.20825864,-1.6345392,1.1728703,-1.4898272,-1.6542121,0.48619138]","[0.46955559,0.028534358,0.70623755]",0.305857101229158,1.8507596045706092,0.0878999940395355,false,0.0,nan,0.0,
rrtstar_ompl,33,static_tall_formal_v2_033,near_obstacle,tall,12,"[-0.22719125,-1.6404064,1.1794948,-1.4825388,-1.6618678,0.5303906]","[0.46708578,0.019536667,0.70482761]",0.2970829105848249,1.8007390747173497,0.0878999940395355,false,0.0,nan,0.0,
rrtstar_ompl,33,static_tall_formal_v2_033,near_obstacle,tall,13,"[-0.24612385,-1.6462736,1.1861194,-1.4752504,-1.6695234,0.57458982]","[0.46443623,0.010645373,0.70341247]",0.28832252735527986,1.7507185448640898,0.0878999940395355,false,0.0,nan,0.0,
rrtstar_ompl,33,static_tall_formal_v2_033,near_obstacle,tall,14,"[-0.26505645,-1.6521408,1.192744,-1.4679619,-1.6771791,0.61878903]","[0.4616107,0.001864126,0.70199215]",0.2795773979951409,1.7006980150108302,0.0878999940395355,false,0.0,nan,0.0,
rrtstar_ompl,33,static_tall_formal_v2_033,near_obstacle,tall,15,"[-0.28398906,-1.658008,1.1993686,-1.4606735,-1.6848347,0.66298825]","[0.45861259,-0.0068034101,0.70056683]",0.2708488230432801,1.6506774851575703,0.0878999940395355,false,0.0,nan,0.0,
rrtstar_ompl,33,static_tall_formal_v2_033,near_obstacle,tall,16,"[-0.30292166,-1.6638752,1.2059931,-1.4533851,-1.6924904,0.70718747]","[0.45544559,-0.015353847,0.6991365]",0.2621380692373115,1.6006569553043108,0.0878999940395355,false,0.0,nan,0.0,
rrtstar_ompl,33,static_tall_formal_v2_033,near_obstacle,tall,17,"[-0.32185426,-1.6697424,1.2126177,-1.4460966,-1.700146,0.75138668]","[0.45211315,-0.023783796,0.69770151]",0.2534463477071401,1.5506364254510507,0.0878999940395355,false,0.0,nan,0.0,
rrtstar_ompl,33,static_tall_formal_v2_033,near_obstacle,tall,18,"[-0.34078687,-1.6756096,1.2192423,-1.4388082,-1.7078017,0.7955859]","[0.44861925,-0.032089941,0.69626164]",0.24477505300323738,1.5006158955977913,0.0878999940395355,false,0.0,nan,0.0,
rrtstar_ompl,33,static_tall_formal_v2_033,near_obstacle,tall,19,"[-0.35971947,-1.6814768,1.2258668,-1.4315198,-1.7154573,0.83978512]","[0.44496769,-0.040269181,0.69481719]",0.23612546008531263,1.4505953657445319,0.0878999940395355,false,0.0,nan,0.0,
rrtstar_ompl,33,static_tall_formal_v2_033,near_obstacle,tall,20,"[-0.37865208,-1.687344,1.2324914,-1.4242313,-1.723113,0.88398433]","[0.4411622,-0.048318475,0.69336808]",0.22749870385589724,1.4005748358912717,0.0878999940395355,false,0.0,nan,0.0,
rrtstar_ompl,33,static_tall_formal_v2_033,near_obstacle,tall,21,"[-0.39758468,-1.6932111,1.239116,-1.4169429,-1.7307686,0.92818355]","[0.4372068,-0.056234892,0.6919148]",0.21889616899195236,1.3505543060380123,0.0878999940395355,false,0.0,nan,0.0,
rrtstar_ompl,33,static_tall_formal_v2_033,near_obstacle,tall,22,"[-0.41651728,-1.6990783,1.2457405,-1.4096545,-1.7384243,0.97238277]","[0.43310547,-0.064015657,0.69045687]",0.21031894736694076,1.3005337761847526,0.0878999940395355,false,0.0,nan,0.0,
rrtstar_ompl,33,static_tall_formal_v2_033,near_obstacle,tall,23,"[-0.43544989,-1.7049455,1.2523651,-1.402366,-1.7460799,1.016582]","[0.42886227,-0.071657971,0.68899471]",0.20176842871977207,1.2505132463314927,0.0878999940395355,false,0.0,nan,0.0,
rrtstar_ompl,33,static_tall_formal_v2_033,near_obstacle,tall,24,"[-0.45438249,-1.7108127,1.2589897,-1.3950776,-1.7537356,1.0607812]","[0.42448124,-0.079159349,0.68752843]",0.19324572344823973,1.200492716478233,0.0878999940395355,false,0.0,nan,0.0,
rrtstar_ompl,33,static_tall_formal_v2_033,near_obstacle,tall,25,"[-0.47331509,-1.7166799,1.2656143,-1.3877892,-1.7613912,1.1049804]","[0.41996652,-0.086517297,0.68605804]",0.18475204884933027,1.1504721866249732,0.0878999940395355,false,0.0,nan,0.0,
rrtstar_ompl,33,static_tall_formal_v2_033,near_obstacle,tall,26,"[-0.4922477,-1.7225471,1.2722388,-1.3805007,-1.7690469,1.1491796]","[0.41532224,-0.093729436,0.68458354]",0.17628857856054045,1.1004516567717137,0.0878999940395355,false,0.0,nan,0.0,
rrtstar_ompl,33,static_tall_formal_v2_033,near_obstacle,tall,27,"[-0.5111803,-1.7284143,1.2788634,-1.3732123,-1.7767025,1.1933789]","[0.41055286,-0.10079356,0.68310517]",0.16785666969199764,1.0504311269184539,0.0878999940395355,false,0.0,nan,0.0,
rrtstar_ompl,33,static_tall_formal_v2_033,near_obstacle,tall,28,"[-0.53011291,-1.7342815,1.285488,-1.3659239,-1.7843582,1.2375781]","[0.4056623,-0.10770759,0.68162286]",0.15945722217175448,1.000410597065194,0.0878999940395355,false,0.0,nan,0.0,
rrtstar_ompl,33,static_tall_formal_v2_033,near_obstacle,tall,29,"[-0.54904551,-1.7401487,1.2921125,-1.3586354,-1.7920138,1.2817773]","[0.40065497,-0.11446943,0.6801368]",0.1510915655916471,0.9503900672119345,0.0878999940395355,false,0.0,nan,0.0,
rrtstar_ompl,33,static_tall_formal_v2_033,near_obstacle,tall,30,"[-0.56797811,-1.7460159,1.2987371,-1.351347,-1.7996695,1.3259765]","[0.39553535,-0.12107733,0.67864692]",0.14276086202569058,0.9003695373586746,0.0878999940395355,false,0.0,nan,0.0,
rrtstar_ompl,33,static_tall_formal_v2_033,near_obstacle,tall,31,"[-0.58691072,-1.7518831,1.3053617,-1.3440586,-1.8073251,1.3701757]","[0.39030749,-0.12752943,0.67715341]",0.1344661181755359,0.850349007505415,0.0878999940395355,false,0.0,nan,0.0,
rrtstar_ompl,33,static_tall_formal_v2_033,near_obstacle,tall,32,"[-0.60584332,-1.7577503,1.3119862,-1.3367701,-1.8149808,1.4143749]","[0.38497603,-0.13382418,0.6756562]",0.1262085860939114,0.8003284776521555,0.0878999940395355,false,0.0,nan,0.0,
rrtstar_ompl,33,static_tall_formal_v2_033,near_obstacle,tall,33,"[-0.62477592,-1.7636175,1.3186108,-1.3294817,-1.8226364,1.4585742]","[0.37954515,-0.13996005,0.67415553]",0.11798927154595466,0.7503079477988958,0.0878999940395355,false,0.0,nan,0.0,
rrtstar_ompl,33,static_tall_formal_v2_033,near_obstacle,tall,34,"[-0.64370853,-1.7694847,1.3252354,-1.3221933,-1.8302921,1.5027734]","[0.37401929,-0.14593551,0.67265135]",0.10980935196565979,0.7002874179456358,0.0878999940395355,false,0.0,nan,0.0,
rrtstar_ompl,33,static_tall_formal_v2_033,near_obstacle,tall,35,"[-0.66264113,-1.7753519,1.33186,-1.3149048,-1.8379477,1.5469726]","[0.36840302,-0.15174948,0.67114377]",0.10166991099535863,0.6502668880923762,0.0878999940395355,false,0.0,nan,0.0,
rrtstar_ompl,33,static_tall_formal_v2_033,near_obstacle,tall,36,"[-0.68157374,-1.7812191,1.3384845,-1.3076164,-1.8456034,1.5911718]","[0.36270046,-0.15740071,0.66963279]",0.09357184607409609,0.6002463582391164,0.0878999940395355,false,0.0,nan,0.0,
rrtstar_ompl,33,static_tall_formal_v2_033,near_obstacle,tall,37,"[-0.70050634,-1.7870863,1.3451091,-1.300328,-1.853259,1.635371]","[0.35691625,-0.16288814,0.66811836]",0.08551635676428963,0.5502258283858568,0.08703786867188845,false,0.0,nan,0.0,
rrtstar_ompl,33,static_tall_formal_v2_033,near_obstacle,tall,38,"[-0.71943894,-1.7929535,1.3517337,-1.2930395,-1.8609147,1.6795702]","[0.35105482,-0.16821094,0.66660082]",0.07750449283558308,0.5002052985325973,0.08545097997471676,false,0.0,nan,0.0,
rrtstar_ompl,33,static_tall_formal_v2_033,near_obstacle,tall,39,"[-0.73837155,-1.7988207,1.3583582,-1.2857511,-1.8685703,1.7237695]","[0.34512052,-0.17336816,0.66508001]",0.06953725731129211,0.45018476867933727,0.08393183487133338,false,0.0,nan,0.0,
rrtstar_ompl,33,static_tall_formal_v2_033,near_obstacle,tall,40,"[-0.75730415,-1.8046879,1.3649828,-1.2784627,-1.876226,1.7679687]","[0.33911783,-0.17835928,0.66355592]",0.06161558437698245,0.40016423882607755,0.08248287517447289,false,0.0,nan,0.0,
rrtstar_ompl,33,static_tall_formal_v2_033,near_obstacle,tall,41,"[-0.77623675,-1.8105551,1.3716074,-1.2711742,-1.8838816,1.8121679]","[0.33305117,-0.18318367,0.66202885]",0.05374058552159608,0.350143708972818,0.08110652871725732,false,0.0,nan,0.0,
rrtstar_ompl,33,static_tall_formal_v2_033,near_obstacle,tall,42,"[-0.79516936,-1.8164223,1.3782319,-1.2638858,-1.8915373,1.8563671]","[0.3269248,-0.18784082,0.66049856]",0.04591305834141045,0.30012317911955827,0.07980520639263167,false,0.0,nan,0.0,
rrtstar_ompl,33,static_tall_formal_v2_033,near_obstacle,tall,43,"[-0.81410196,-1.8222895,1.3848565,-1.2565974,-1.8991929,1.9005663]","[0.32074332,-0.19233043,0.65896523]",0.03813415355667693,0.25010264926629855,0.07858120920270284,false,0.0,nan,0.0,
rrtstar_ompl,33,static_tall_formal_v2_033,near_obstacle,tall,44,"[-0.83303457,-1.8281567,1.3914811,-1.2493089,-1.9068486,1.9447655]","[0.31451106,-0.19665235,0.65742886]",0.03040473166519594,0.20008211941303897,0.07743681844930572,false,0.0,nan,0.0,
rrtstar_ompl,33,static_tall_formal_v2_033,near_obstacle,tall,45,"[-0.85196717,-1.8340239,1.3981057,-1.2420205,-1.9145042,1.9889648]","[0.30823234,-0.20080642,0.65588945]",0.022725703628911235,0.15006158955977927,0.07637420274031281,false,0.0,nan,0.0,
rrtstar_ompl,33,static_tall_formal_v2_033,near_obstacle,tall,46,"[-0.87089977,-1.8398911,1.4047302,-1.2347321,-1.9221599,2.033164]","[0.30191144,-0.20479262,0.65434712]",0.015097976271238324,0.10004105970651946,0.07539543978958227,false,0.0,nan,0.0,
rrtstar_ompl,33,static_tall_formal_v2_033,near_obstacle,tall,47,"[-0.88983238,-1.8457583,1.4113548,-1.2274436,-1.9298155,2.0773632]","[0.29555279,-0.20861115,0.65280187]",0.007522474378550695,0.050020529853259776,0.07450250315891804,false,0.0,nan,0.0,
rrtstar_ompl,33,static_tall_formal_v2_033,near_obstacle,tall,48,"[-0.90876498,-1.8516255,1.4179794,-1.2201552,-1.9374712,2.1215624]","[0.28916055,-0.21226218,0.6512537]",3.4561146659004092e-09,0.0,0.07368752712703296,false,0.0,nan,0.0,
rrtstar_ompl,34,static_tall_formal_v2_034,easy,tall,0,"[0,-1.57,1.1,-1.57,-1.57,0]","[0.48397353,0.13337938,0.72136778]",0.23423542249617932,2.515369278872439,0.0878999940395355,false,20.006899118423462,nan,0.0,
rrtstar_ompl,34,static_tall_formal_v2_034,easy,tall,1,"[0.0010556478,-1.5735809,1.0956683,-1.5627469,-1.5833073,0.047628145]","[0.48092094,0.13256174,0.72422278]",0.23000243396793052,2.4650618932949904,0.0878999940395355,false,0.0,nan,0.0,
rrtstar_ompl,34,static_tall_formal_v2_034,easy,tall,2,"[0.0021112956,-1.5771618,1.0913367,-1.5554938,-1.5966147,0.095256289]","[0.47784072,0.13173802,0.72707677]",0.22574803341480326,2.4147545077175416,0.0878999940395355,false,0.0,nan,0.0,
rrtstar_ompl,34,static_tall_formal_v2_034,easy,tall,3,"[0.0031669434,-1.5807426,1.087005,-1.5482407,-1.609922,0.14288443]","[0.47473311,0.13090827,0.72992951]",0.22147250390858508,2.364447122140093,0.0878999940395355,false,0.0,nan,0.0,
rrtstar_ompl,34,static_tall_formal_v2_034,easy,tall,4,"[0.0042225912,-1.5843235,1.0826733,-1.5409876,-1.6232293,0.19051258]","[0.47159797,0.13007268,0.73278081]",0.2171758194839937,2.314139736562644,0.0878999940395355,false,0.0,nan,0.0,
rrtstar_ompl,34,static_tall_formal_v2_034,easy,tall,5,"[0.005278239,-1.5879044,1.0783416,-1.5337345,-1.6365366,0.23814072]","[0.46843553,0.12923135,0.73563063]",0.21285816484557607,2.2638323509851954,0.0878999940395355,false,0.0,nan,0.0,
rrtstar_ompl,34,static_tall_formal_v2_034,easy,tall,6,"[0.0063338868,-1.5914853,1.07401,-1.5264814,-1.649844,0.28576887]","[0.46524599,0.1283845,0.73847854]",0.2085199404225219,2.2135249654077467,0.0878999940395355,false,0.0,nan,0.0,
rrtstar_ompl,34,static_tall_formal_v2_034,easy,tall,7,"[0.0073895346,-1.5950662,1.0696783,-1.5192283,-1.6631513,0.33339701]","[0.46202919,0.12753223,0.7413246]",0.2041609344193061,2.1632175798302975,0.0878999940395355,false,0.0,nan,0.0,
rrtstar_ompl,34,static_tall_formal_v2_034,easy,tall,8,"[0.0084451824,-1.5986471,1.0653466,-1.5119752,-1.6764586,0.38102516]","[0.45878544,0.12667468,0.74416852]",0.19978155498578756,2.1129101942528488,0.0878999940395355,false,0.0,nan,0.0,
rrtstar_ompl,34,static_tall_formal_v2_034,easy,tall,9,"[0.0095008302,-1.6022279,1.0610149,-1.5047221,-1.689766,0.4286533]","[0.45551482,0.12581199,0.74700987]",0.19538206183813314,2.0626028086754,0.0878999940395355,false,0.0,nan,0.0,
rrtstar_ompl,34,static_tall_formal_v2_034,easy,tall,10,"[0.010556478,-1.6058088,1.0566833,-1.4974691,-1.7030733,0.47628145]","[0.45221731,0.12494437,0.74984866]",0.19096244040280214,2.0122954230979513,0.0878999940395355,false,0.0,nan,0.0,
rrtstar_ompl,34,static_tall_formal_v2_034,easy,tall,11,"[0.011612126,-1.6093897,1.0523516,-1.490216,-1.7163806,0.52390959]","[0.44889313,0.1240719,0.75268465]",0.18652296006266755,1.9619880375205023,0.0878999940395355,false,0.0,nan,0.0,
rrtstar_ompl,34,static_tall_formal_v2_034,easy,tall,12,"[0.012667774,-1.6129706,1.0480199,-1.4829629,-1.7296879,0.57153774]","[0.4455424,0.12319472,0.75551766]",0.1820637876567227,1.9116806519430538,0.0878999940395355,false,0.0,nan,0.0,
rrtstar_ompl,34,static_tall_formal_v2_034,easy,tall,13,"[0.013723421,-1.6165515,1.0436882,-1.4757098,-1.7429953,0.61916588]","[0.44216508,0.12231304,0.75834739]",0.17758505659611024,1.8613732663656049,0.0878999940395355,false,0.0,nan,0.0,
rrtstar_ompl,34,static_tall_formal_v2_034,easy,tall,14,"[0.014779069,-1.6201324,1.0393566,-1.4684567,-1.7563026,0.66679402]","[0.43876144,0.12142695,0.76117373]",0.17308701118043132,1.8110658807881561,0.0878999940395355,false,0.0,nan,0.0,
rrtstar_ompl,34,static_tall_formal_v2_034,easy,tall,15,"[0.015834717,-1.6237132,1.0350249,-1.4612036,-1.7696099,0.71442217]","[0.43533152,0.12053662,0.76399642]",0.16856979215025253,1.7607584952107074,0.0878999940395355,false,0.0,nan,0.0,
rrtstar_ompl,34,static_tall_formal_v2_034,easy,tall,16,"[0.016890365,-1.6272941,1.0306932,-1.4539505,-1.7829173,0.76205031]","[0.43187547,0.11964215,0.76681525]",0.16403361791828935,1.7104511096332586,0.0878999940395355,false,0.0,nan,0.0,
rrtstar_ompl,34,static_tall_formal_v2_034,easy,tall,17,"[0.017946013,-1.630875,1.0263616,-1.4466974,-1.7962246,0.80967846]","[0.4283933,0.11874375,0.76962984]",0.15947869570064,1.66014372405581,0.0878999940395355,false,0.0,nan,0.0,
rrtstar_ompl,34,static_tall_formal_v2_034,easy,tall,18,"[0.01900166,-1.6344559,1.0220299,-1.4394443,-1.8095319,0.8573066]","[0.42488527,0.11784155,0.77244037]",0.1549050920478194,1.6098363384783612,0.0878999940395355,false,0.0,nan,0.0,
rrtstar_ompl,34,static_tall_formal_v2_034,easy,tall,19,"[0.020057308,-1.6380368,1.0176982,-1.4321912,-1.8228392,0.90493475]","[0.42135155,0.11693566,0.77524614]",0.15031331426431205,1.5595289529009124,0.0878999940395355,false,0.0,nan,0.0,
rrtstar_ompl,34,static_tall_formal_v2_034,easy,tall,20,"[0.021112956,-1.6416176,1.0133665,-1.4249381,-1.8361466,0.95256289]","[0.41779202,0.11602627,0.7780472]",0.14570321609763454,1.5092215673234637,0.0878999940395355,false,0.0,nan,0.0,
rrtstar_ompl,34,static_tall_formal_v2_034,easy,tall,21,"[0.022168604,-1.6451985,1.0090349,-1.417685,-1.8494539,1.000191]","[0.41420701,0.11511348,0.78084332]",0.14107515842627766,1.458914181746015,0.0878999940395355,false,0.0,nan,0.0,
rrtstar_ompl,34,static_tall_formal_v2_034,easy,tall,22,"[0.023224252,-1.6487794,1.0047032,-1.4104319,-1.8627612,1.0478192]","[0.41059661,0.11419748,0.78363413]",0.1364293902491431,1.408606796168566,0.0878999940395355,false,0.0,nan,0.0,
rrtstar_ompl,34,static_tall_formal_v2_034,easy,tall,23,"[0.024279899,-1.6523603,1.0003715,-1.4031788,-1.8760686,1.0954473]","[0.40696082,0.11327838,0.78641975]",0.13176581461667283,1.358299410591117,0.0878999940395355,false,0.0,nan,0.0,
rrtstar_ompl,34,static_tall_formal_v2_034,easy,tall,24,"[0.025335547,-1.6559412,0.99603984,-1.3959257,-1.8893759,1.1430755]","[0.40330008,0.11235635,0.78919941]",0.1270851946143798,1.3079920250136683,0.0878999940395355,false,0.0,nan,0.0,
rrtstar_ompl,34,static_tall_formal_v2_034,easy,tall,25,"[0.026391195,-1.6595221,0.99170817,-1.3886726,-1.9026832,1.1907036]","[0.39961413,0.11143152,0.79197323]",0.12238721678300403,1.2576846394362196,0.0878999940395355,false,0.0,nan,0.0,
rrtstar_ompl,34,static_tall_formal_v2_034,easy,tall,26,"[0.027446843,-1.6631029,0.98737649,-1.3814195,-1.9159905,1.2383318]","[0.39590335,0.11050402,0.79474103]",0.11767225946289205,1.2073772538587708,0.0878999940395355,false,0.0,nan,0.0,
rrtstar_ompl,34,static_tall_formal_v2_034,easy,tall,27,"[0.028502491,-1.6666838,0.98304482,-1.3741664,-1.9292979,1.2859599]","[0.39216781,0.10957401,0.79750234]",0.11294060958535063,1.1570698682813219,0.0878999940395355,false,0.0,nan,0.0,
rrtstar_ompl,34,static_tall_formal_v2_034,easy,tall,28,"[0.029558138,-1.6702647,0.97871314,-1.3669133,-1.9426052,1.333588]","[0.38840768,0.10864165,0.80025709]",0.10819241518166518,1.1067624827038731,0.0878999940395355,false,0.0,nan,0.0,
rrtstar_ompl,34,static_tall_formal_v2_034,easy,tall,29,"[0.030613786,-1.6738456,0.97438147,-1.3596602,-1.9559125,1.3812162]","[0.38462314,0.10770706,0.80300498]",0.10342794911884211,1.0564550971264246,0.0878999940395355,false,0.0,nan,0.0,
rrtstar_ompl,34,static_tall_formal_v2_034,easy,tall,30,"[0.031669434,-1.6774265,0.9700498,-1.3524071,-1.9692199,1.4288443]","[0.38081419,0.10677038,0.80574584]",0.09864727825979987,1.0061477115489759,0.0878999940395355,false,0.0,nan,0.0,
rrtstar_ompl,34,static_tall_formal_v2_034,easy,tall,31,"[0.032725082,-1.6810073,0.96571812,-1.3451541,-1.9825272,1.4764725]","[0.37698108,0.10583173,0.80847931]",0.09385075325244481,0.9558403259715269,0.0878999940395355,false,0.0,nan,0.0,
rrtstar_ompl,34,static_tall_formal_v2_034,easy,tall,32,"[0.03378073,-1.6845882,0.96138645,-1.337901,-1.9958345,1.5241006]","[0.373124,0.1048913,0.81120527]",0.08903858919277845,0.9055329403940781,0.0878999940395355,false,0.0,nan,0.0,
rrtstar_ompl,34,static_tall_formal_v2_034,easy,tall,33,"[0.034836377,-1.6881691,0.95705478,-1.3306479,-2.0091418,1.5717288]","[0.36924297,0.10394921,0.81392336]",0.08421093909726675,0.8552255548166292,0.0878999940395355,false,0.0,nan,0.0,
rrtstar_ompl,34,static_tall_formal_v2_034,easy,tall,34,"[0.035892025,-1.69175,0.9527231,-1.3233948,-2.0224492,1.6193569]","[0.3653383,0.10300557,0.81663334]",0.0793681615321806,0.8049181692391804,0.0878999940395355,false,0.0,nan,0.0,
rrtstar_ompl,34,static_tall_formal_v2_034,easy,tall,35,"[0.036947673,-1.6953309,0.94839143,-1.3161417,-2.0357565,1.6669851]","[0.36140999,0.10206056,0.8193351]",0.07451029389665248,0.7546107836617318,0.0878999940395355,false,0.0,nan,0.0,
rrtstar_ompl,34,static_tall_formal_v2_034,easy,tall,36,"[0.038003321,-1.6989118,0.94405976,-1.3088886,-2.0490638,1.7146132]","[0.35745826,0.10111432,0.82202828]",0.06963766284435838,0.704303398084283,0.0878999940395355,false,0.0,nan,0.0,
rrtstar_ompl,34,static_tall_formal_v2_034,easy,tall,37,"[0.039058969,-1.7024926,0.93972808,-1.3016355,-2.0623712,1.7622414]","[0.35348338,0.10016697,0.82471269]",0.06475054941712989,0.6539960125068343,0.0878999940395355,false,0.0,nan,0.0,
rrtstar_ompl,34,static_tall_formal_v2_034,easy,tall,38,"[0.040114616,-1.7060735,0.93539641,-1.2943824,-2.0756785,1.8098695]","[0.34948528,0.099218629,0.82738793]",0.059849083044518935,0.6036886269293853,0.0878999940395355,false,0.0,nan,0.0,
rrtstar_ompl,34,static_tall_formal_v2_034,easy,tall,39,"[0.041170264,-1.7096544,0.93106474,-1.2871293,-2.0889858,1.8574976]","[0.34546423,0.09826947,0.83005399]",0.05493345682090175,0.5533812413519366,0.0878999940395355,false,0.0,nan,0.0,
rrtstar_ompl,34,static_tall_formal_v2_034,easy,tall,40,"[0.042225912,-1.7132353,0.92673306,-1.2798762,-2.1022931,1.9051258]","[0.34142053,0.097319618,0.83271044]",0.05000409840775584,0.5030738557744878,0.0878999940395355,false,0.0,nan,0.0,
rrtstar_ompl,34,static_tall_formal_v2_034,easy,tall,41,"[0.04328156,-1.7168162,0.92240139,-1.2726231,-2.1156005,1.9527539]","[0.33735415,0.096369192,0.83535713]",0.04506103585658478,0.45276647019703936,0.0878999940395355,false,0.0,nan,0.0,
rrtstar_ompl,34,static_tall_formal_v2_034,easy,tall,42,"[0.044337208,-1.7203971,0.91806972,-1.26537,-2.1289078,2.0003821]","[0.33326539,0.095418356,0.83799368]",0.040104670682733705,0.40245908461959046,0.0878999940395355,false,0.0,nan,0.0,
rrtstar_ompl,34,static_tall_formal_v2_034,easy,tall,43,"[0.045392855,-1.7239779,0.91373804,-1.2581169,-2.1422151,2.0480102]","[0.32915431,0.09446723,0.84061992]",0.03513510360951226,0.3521516990421412,0.0878999940395355,false,0.0,nan,0.0,
rrtstar_ompl,34,static_tall_formal_v2_034,easy,tall,44,"[0.046448503,-1.7275588,0.90940637,-1.2508638,-2.1555225,2.0956384]","[0.32502112,0.093515918,0.84323561]",0.030152587155077307,0.30184431346469254,0.0878999940395355,false,0.0,nan,0.0,
rrtstar_ompl,34,static_tall_formal_v2_034,easy,tall,45,"[0.047504151,-1.7311397,0.9050747,-1.2436107,-2.1688298,2.1432665]","[0.32086608,0.092564598,0.84584039]",0.025157498322561617,0.2515369278872438,0.0878999940395355,false,0.0,nan,0.0,
rrtstar_ompl,34,static_tall_formal_v2_034,easy,tall,46,"[0.048559799,-1.7347206,0.90074302,-1.2363576,-2.1821371,2.1908947]","[0.31668922,0.091613367,0.84843427]",0.020149815222339457,0.2012295423097951,0.0878999940395355,false,0.0,nan,0.0,
rrtstar_ompl,34,static_tall_formal_v2_034,easy,tall,47,"[0.049615447,-1.7383015,0.89641135,-1.2291045,-2.1954444,2.2385228]","[0.31249079,0.090662405,0.8510167]",0.015129979373312927,0.15092215673234624,0.0878999940395355,false,0.0,nan,0.0,
rrtstar_ompl,34,static_tall_formal_v2_034,easy,tall,48,"[0.050671094,-1.7418823,0.89207968,-1.2218514,-2.2087518,2.2861509]","[0.30827105,0.089711756,0.85358739]",0.010098309048299751,0.10061477115489756,0.0878999940395355,false,0.0,nan,0.0,
rrtstar_ompl,34,static_tall_formal_v2_034,easy,tall,49,"[0.051726742,-1.7454632,0.887748,-1.2145983,-2.2220591,2.3337791]","[0.30403006,0.088761628,0.85614634]",0.005054826640871818,0.05030738557744873,0.0878999940395355,false,0.0,nan,0.0,
rrtstar_ompl,34,static_tall_formal_v2_034,easy,tall,50,"[0.05278239,-1.7490441,0.88341633,-1.2073452,-2.2353664,2.3814072]","[0.29976815,0.087812111,0.85869306]",3.354785132988778e-09,0.0,0.0878999940395355,false,0.0,nan,0.0,
rrtstar_ompl,35,static_tall_formal_v2_035,around_tall_obstacle,tall,0,"[0,-1.57,1.1,-1.57,-1.57,0]","[0.48397353,0.13337938,0.72136778]",0.4635957664161962,2.240552748304295,0.0878999940395355,false,20.082333087921143,nan,0.0,
rrtstar_ompl,35,static_tall_formal_v2_035,around_tall_obstacle,tall,1,"[-0.020999072,-1.5572593,1.0694614,-1.545001,-1.5761888,0.019846272]","[0.48853302,0.12253203,0.72656173]",0.4535589702551698,2.1896310949337425,0.0878999940395355,false,0.0,nan,0.0,
rrtstar_ompl,35,static_tall_formal_v2_035,around_tall_obstacle,tall,2,"[-0.041998145,-1.5445186,1.0389229,-1.520002,-1.5823776,0.039692544]","[0.49273044,0.11155728,0.73163414]",0.44346570261955737,2.138709441563191,0.0878999940395355,false,0.0,nan,0.0,
rrtstar_ompl,35,static_tall_formal_v2_035,around_tall_obstacle,tall,3,"[-0.062997217,-1.531778,1.0083843,-1.495003,-1.5885665,0.059538816]","[0.49656281,0.10046819,0.73658323]",0.43331851005682076,2.0877877881926383,0.0878999940395355,false,0.0,nan,0.0,
rrtstar_ompl,35,static_tall_formal_v2_035,around_tall_obstacle,tall,4,"[-0.083996289,-1.5190373,0.97784578,-1.470004,-1.5947553,0.079385088]","[0.50002784,0.089277633,0.74140733]",0.42311978987725996,2.0368661348220862,0.0878999940395355,false,0.0,nan,0.0,
rrtstar_ompl,35,static_tall_formal_v2_035,around_tall_obstacle,tall,5,"[-0.10499536,-1.5062966,0.94730722,-1.4450051,-1.6009441,0.09923136]","[0.50312346,0.077998728,0.74610454]",0.41287210960219267,1.9859444814515341,0.0878999940395355,false,0.0,nan,0.0,
rrtstar_ompl,35,static_tall_formal_v2_035,around_tall_obstacle,tall,6,"[-0.12599443,-1.4935559,0.91676867,-1.4200061,-1.6071329,0.11907763]","[0.50584835,0.066644445,0.75067306]",0.40257795766088983,1.935022828080982,0.0878999940395355,false,0.0,nan,0.0,
rrtstar_ompl,35,static_tall_formal_v2_035,around_tall_obstacle,tall,7,"[-0.14699351,-1.4808152,0.88623011,-1.3950071,-1.6133217,0.1389239]","[0.50820148,0.055227831,0.75511122]",0.3922398382240389,1.8841011747104297,0.0878999940395355,false,0.0,nan,0.0,
rrtstar_ompl,35,static_tall_formal_v2_035,around_tall_obstacle,tall,8,"[-0.16799258,-1.4680745,0.85569155,-1.3700081,-1.6195105,0.15877018]","[0.5101822,0.043761853,0.75941736]",0.3818601656518651,1.8331795213398776,0.0878999940395355,false,0.0,nan,0.0,
rrtstar_ompl,35,static_tall_formal_v2_035,around_tall_obstacle,tall,9,"[-0.18899165,-1.4553339,0.825153,-1.3450091,-1.6256994,0.17861645]","[0.51179057,0.032259502,0.76358974]",0.37144151335531966,1.7822578679693253,0.0878999940395355,false,0.0,nan,0.0,
rrtstar_ompl,35,static_tall_formal_v2_035,around_tall_obstacle,tall,10,"[-0.20999072,-1.4425932,0.79461444,-1.3200101,-1.6318882,0.19846272]","[0.51302695,0.020733688,0.76762694]",0.36098633180494694,1.7313362145987732,0.0878999940395355,false,0.0,nan,0.0,
rrtstar_ompl,35,static_tall_formal_v2_035,around_tall_obstacle,tall,11,"[-0.23098979,-1.4298525,0.76407589,-1.2950111,-1.638077,0.21830899]","[0.51389229,0.0091971764,0.77152705]",0.35049712284111284,1.680414561228221,0.08531170721258635,false,0.0,nan,0.0,
rrtstar_ompl,35,static_tall_formal_v2_035,around_tall_obstacle,tall,12,"[-0.25198887,-1.4171118,0.73353733,-1.2700121,-1.6442658,0.23815526]","[0.51438773,-0.0023372527,0.77528858]",0.3399763049469008,1.629492907857669,0.0786242556161478,false,0.0,nan,0.0,
rrtstar_ompl,35,static_tall_formal_v2_035,around_tall_obstacle,tall,13,"[-0.27298794,-1.4043711,0.70299878,-1.2450132,-1.6504546,0.25800154]","[0.51451492,-0.013856987,0.77891034]",0.3294262328730674,1.5785712544871169,0.07212243808946567,false,0.0,nan,0.0,
rrtstar_ompl,35,static_tall_formal_v2_035,around_tall_obstacle,tall,14,"[-0.29398701,-1.3916304,0.67246022,-1.2200142,-1.6566435,0.27784781]","[0.51427644,-0.025349522,0.78239042]",0.31884955441546936,1.5276496011165648,0.06583899396047893,false,0.0,nan,0.0,
rrtstar_ompl,35,static_tall_formal_v2_035,around_tall_obstacle,tall,15,"[-0.31498608,-1.3788898,0.64192166,-1.1950152,-1.6628323,0.29769408]","[0.51367462,-0.036802478,0.78572756]",0.3082485366823746,1.4767279477460125,0.059811316021994826,false,0.0,nan,0.0,
rrtstar_ompl,35,static_tall_formal_v2_035,around_tall_obstacle,tall,16,"[-0.33598516,-1.3661491,0.61138311,-1.1700162,-1.6690211,0.31754035]","[0.5127126,-0.048203703,0.78892034]",0.29762557413344937,1.4258062943754601,0.054081601666478074,false,0.0,nan,0.0,
rrtstar_ompl,35,static_tall_formal_v2_035,around_tall_obstacle,tall,17,"[-0.35698423,-1.3534084,0.58084455,-1.1450172,-1.6752099,0.33738662]","[0.5113939,-0.059541076,0.79196733]",0.2869831353665355,1.3748846410049083,0.04869726395831275,false,0.0,nan,0.0,
rrtstar_ompl,35,static_tall_formal_v2_035,around_tall_obstacle,tall,18,"[-0.3779833,-1.3406677,0.550306,-1.1200182,-1.6813987,0.3572329]","[0.50972229,-0.070802815,0.79486722]",0.2763234367491961,1.323962987634356,0.04371071435434122,false,0.0,nan,0.0,
rrtstar_ompl,35,static_tall_formal_v2_035,around_tall_obstacle,tall,19,"[-0.39898237,-1.327927,0.51976744,-1.0950192,-1.6875875,0.37707917]","[0.50770223,-0.081977203,0.79761869]",0.2656489471788958,1.2730413342638038,0.03917897556097451,false,0.0,nan,0.0,
rrtstar_ompl,35,static_tall_formal_v2_035,around_tall_obstacle,tall,20,"[-0.41998145,-1.3151864,0.48922889,-1.0700202,-1.6937764,0.39692544]","[0.50533807,-0.093052819,0.80022061]",0.25496175409908933,1.2221196808932517,0.03516248930480664,false,0.0,nan,0.0,
rrtstar_ompl,35,static_tall_formal_v2_035,around_tall_obstacle,tall,21,"[-0.44098052,-1.3024457,0.45869033,-1.0450213,-1.6999652,0.41677171]","[0.5026353,-0.10401847,0.80267131]",0.24426435417503028,1.1711980275226996,0.03172302794463319,false,0.0,nan,0.0,
rrtstar_ompl,35,static_tall_formal_v2_035,around_tall_obstacle,tall,22,"[-0.46197959,-1.289705,0.42815178,-1.0200223,-1.706154,0.43661798]","[0.49959901,-0.11486308,0.80497003]",0.23355885061692813,1.1202763741521475,0.028921085010576025,false,0.0,nan,0.0,
rrtstar_ompl,35,static_tall_formal_v2_035,around_tall_obstacle,tall,23,"[-0.48297866,-1.2769643,0.39761322,-0.99502328,-1.7123428,0.45646426]","[0.49623525,-0.12557603,0.8071155]",0.2228474816265697,1.0693547207815952,0.026811851166022693,false,0.0,nan,0.0,
rrtstar_ompl,35,static_tall_formal_v2_035,around_tall_obstacle,tall,24,"[-0.50397773,-1.2642236,0.36707466,-0.97002429,-1.7185316,0.47631053]","[0.49255002,-0.13614675,0.80910635]",0.21213242753610617,1.0184330674110431,0.025441295143233456,false,0.0,nan,0.0,
rrtstar_ompl,35,static_tall_formal_v2_035,around_tall_obstacle,tall,25,"[-0.52497681,-1.2514829,0.33653611,-0.94502531,-1.7247205,0.4961568]","[0.48854983,-0.14656511,0.81094199]",0.2014157646023611,0.9675114140404908,0.024841886663348606,false,0.0,nan,0.0,
rrtstar_ompl,35,static_tall_formal_v2_035,around_tall_obstacle,tall,26,"[-0.54597588,-1.2387423,0.30599755,-0.92002632,-1.7309093,0.51600307]","[0.48424152,-0.15682116,0.81262076]",0.1906996211637993,0.9165897606699386,0.02502938822780064,false,0.0,nan,0.0,
rrtstar_ompl,35,static_tall_formal_v2_035,around_tall_obstacle,tall,27,"[-0.56697495,-1.2260016,0.275459,-0.89502733,-1.7370981,0.53584935]","[0.47963223,-0.16690531,0.81414223]",0.17998602949857787,0.8656681072993866,0.026001321593427607,false,0.0,nan,0.0,
rrtstar_ompl,35,static_tall_formal_v2_035,around_tall_obstacle,tall,28,"[-0.58797402,-1.2132609,0.24492044,-0.87002834,-1.7432869,0.55569562]","[0.47472948,-0.17680825,0.81550515]",0.1692770492214947,0.8147464539288345,0.02773712982330287,false,0.0,nan,0.0,
rrtstar_ompl,35,static_tall_formal_v2_035,around_tall_obstacle,tall,29,"[-0.6089731,-1.2005202,0.21438189,-0.84502936,-1.7494757,0.57554189]","[0.46954092,-0.18652099,0.81670862]",0.1585745884841859,0.7638248005582824,0.030200642915584164,false,0.0,nan,0.0,
rrtstar_ompl,35,static_tall_formal_v2_035,around_tall_obstacle,tall,30,"[-0.62997217,-1.1877795,0.18384333,-0.82003037,-1.7556645,0.59538816]","[0.46407452,-0.19603482,0.81775182]",0.14788056214702816,0.7129031471877303,0.03334343269527336,false,0.0,nan,0.0,
rrtstar_ompl,35,static_tall_formal_v2_035,around_tall_obstacle,tall,31,"[-0.65097124,-1.1750388,0.15330477,-0.79503138,-1.7618534,0.61523443]","[0.45833874,-0.20534147,0.81863385]",0.13719690596804926,0.6619814938171779,0.03710921404133524,false,0.0,nan,0.0,
rrtstar_ompl,35,static_tall_formal_v2_035,around_tall_obstacle,tall,32,"[-0.67197031,-1.1622982,0.12276622,-0.77003239,-1.7680422,0.63508071]","[0.45234188,-0.21443294,0.81935406]",0.12652531450693824,0.6110598404466258,0.041341616566022296,false,0.0,nan,0.0,
rrtstar_ompl,35,static_tall_formal_v2_035,around_tall_obstacle,tall,33,"[-0.69296939,-1.1495575,0.092227663,-0.74503341,-1.774231,0.65492698]","[0.44609293,-0.2233016,0.81991148]",0.11586767223312454,0.5601381870760738,0.04251877400081651,false,0.0,nan,0.0,
rrtstar_ompl,35,static_tall_formal_v2_035,around_tall_obstacle,tall,34,"[-0.71396846,-1.1368168,0.061689107,-0.72003442,-1.7804198,0.67477325]","[0.43960077,-0.23194015,0.82030547]",0.10522564043427943,0.5092165337055214,0.044175095648111284,false,0.0,nan,0.0,
rrtstar_ompl,35,static_tall_formal_v2_035,around_tall_obstacle,tall,35,"[-0.73496753,-1.1240761,0.031150551,-0.69503543,-1.7866086,0.69461952]","[0.43287456,-0.2403416,0.8205356]",0.09460091154711252,0.45829488033496946,0.046290506667845704,false,0.0,nan,0.0,
rrtstar_ompl,35,static_tall_formal_v2_035,around_tall_obstacle,tall,36,"[-0.7559666,-1.1113354,0.00061199545,-0.67003644,-1.7927975,0.71446579]","[0.42592382,-0.2484996,0.82060099]",0.08399503088516294,0.4073732269644171,0.04884075515148864,false,0.0,nan,0.0,
rrtstar_ompl,35,static_tall_formal_v2_035,around_tall_obstacle,tall,37,"[-0.77696567,-1.0985947,-0.02992656,-0.64503745,-1.7989863,0.73431207]","[0.418758,-0.2564078,0.82050109]",0.07340956766279497,0.35645157359386487,0.050809893307606144,false,0.0,nan,0.0,
rrtstar_ompl,35,static_tall_formal_v2_035,around_tall_obstacle,tall,38,"[-0.79796475,-1.0858541,-0.060465116,-0.62003847,-1.8051751,0.75415834]","[0.41138685,-0.2640605,0.82023531]",0.0628459359784743,0.3055299202233129,0.05154274094512397,false,0.0,nan,0.0,
rrtstar_ompl,35,static_tall_formal_v2_035,around_tall_obstacle,tall,39,"[-0.81896382,-1.0731134,-0.091003672,-0.59503948,-1.8113639,0.77400461]","[0.4038204,-0.27145219,0.81980348]",0.05230576864375377,0.25460826685276083,0.05257126651461526,false,0.0,nan,0.0,
rrtstar_ompl,35,static_tall_formal_v2_035,around_tall_obstacle,tall,40,"[-0.83996289,-1.0603727,-0.12154223,-0.57004049,-1.8175527,0.79385088]","[0.39606857,-0.27857798,0.81920475]",0.041790232921571614,0.20368661348220868,0.05388750075080691,false,0.0,nan,0.0,
rrtstar_ompl,35,static_tall_formal_v2_035,around_tall_obstacle,tall,41,"[-0.86096196,-1.047632,-0.15208078,-0.5450415,-1.8237415,0.81369715]","[0.38814154,-0.28543317,0.81843895]",0.03130070866760938,0.1527649601116565,0.05548163542059424,false,0.0,nan,0.0,
rrtstar_ompl,35,static_tall_formal_v2_035,around_tall_obstacle,tall,42,"[-0.88196104,-1.0348913,-0.18261934,-0.52004252,-1.8299304,0.83354343]","[0.38004953,-0.29201347,0.81750572]",0.020838438892069013,0.1018433067411042,0.05734237649397629,false,0.0,nan,0.0,
rrtstar_ompl,35,static_tall_formal_v2_035,around_tall_obstacle,tall,43,"[-0.90296011,-1.0221507,-0.21315789,-0.49504353,-1.8361192,0.8533897]","[0.37180284,-0.29831514,0.81640464]",0.010404484622085857,0.050921653370552,0.059457250810056,false,0.0,nan,0.0,
rrtstar_ompl,35,static_tall_formal_v2_035,around_tall_obstacle,tall,44,"[-0.92395918,-1.00941,-0.24369645,-0.47004454,-1.842308,0.87323597]","[0.3634119,-0.30433464,0.81513536]",3.4266746853816452e-09,0.0,0.058499177978020345,false,0.0,nan,0.0,
rrtstar_ompl,36,static_tall_formal_v2_036,near_obstacle,tall,0,"[0,-1.57,1.1,-1.57,-1.57,0]","[0.48397353,0.13337938,0.72136778]",0.1829014573994728,3.3434237789140506,0.0878999940395355,false,20.038155555725098,nan,0.0,
rrtstar_ompl,36,static_tall_formal_v2_036,near_obstacle,tall,1,"[-0.034339344,-1.5712647,1.0646756,-1.5808785,-1.5656861,-0.00081694152]","[0.48294088,0.11729759,0.74044716]",0.19928486866945835,3.2927658428698985,0.0878999940395355,false,0.0,nan,0.0,
rrtstar_ompl,36,static_tall_formal_v2_036,near_obstacle,tall,2,"[-0.068678688,-1.5725293,1.0293511,-1.5917571,-1.5613722,-0.001633883]","[0.48061645,0.10149582,0.75935686]",0.2169636290313619,3.2421079068257463,0.0878999940395355,false,0.0,nan,0.0,
rrtstar_ompl,36,static_tall_formal_v2_036,near_obstacle,tall,3,"[-0.10301803,-1.573794,0.99402666,-1.6026356,-1.5570583,-0.0024508245]","[0.477027,0.086069137,0.77806532]",0.2354881259327114,3.191449970781594,0.0878999940395355,false,0.0,nan,0.0,
rrtstar_ompl,36,static_tall_formal_v2_036,near_obstacle,tall,4,"[-0.13735738,-1.5750587,0.95870221,-1.6135142,-1.5527444,-0.0032677661]","[0.47220659,0.071110405,0.79654157]",0.2545168257511386,3.1407920347374416,0.0878999940395355,false,0.0,nan,0.0,
rrtstar_ompl,36,static_tall_formal_v2_036,near_obstacle,tall,5,"[-0.17169672,-1.5763233,0.92337776,-1.6243927,-1.5484305,-0.0040847076]","[0.46619642,0.056709677,0.81475431]",0.2737895515079358,3.0901340986932895,0.0878999940395355,false,0.0,nan,0.0,
rrtstar_ompl,36,static_tall_formal_v2_036,near_obstacle,tall,6,"[-0.20603606,-1.577588,0.88805331,-1.6352713,-1.5441166,-0.0049016491]","[0.45904377,0.042953715,0.83267307]",0.2931058507544971,3.0394761626491373,0.0878999940395355,false,0.0,nan,0.0,
rrtstar_ompl,36,static_tall_formal_v2_036,near_obstacle,tall,7,"[-0.24037541,-1.5788526,0.85272887,-1.6461498,-1.5398027,-0.0057185906]","[0.45080322,0.029925454,0.85026765]",0.3123084398250461,2.9888182266049848,0.0878999940395355,false,0.0,nan,0.0,
rrtstar_ompl,36,static_tall_formal_v2_036,near_obstacle,tall,8,"[-0.27471475,-1.5801173,0.81740442,-1.6570284,-1.5354888,-0.0065355321]","[0.44153491,0.017703589,0.8675077]",0.33127118201390526,2.9381602905608326,0.0878999940395355,false,0.0,nan,0.0,
rrtstar_ompl,36,static_tall_formal_v2_036,near_obstacle,tall,9,"[-0.3090541,-1.581382,0.78207997,-1.6679069,-1.5311749,-0.0073524736]","[0.43130544,0.0063618794,0.88436425]",0.3498914357743916,2.88750235451668,0.0878999940395355,false,0.0,nan,0.0,
rrtstar_ompl,36,static_tall_formal_v2_036,near_obstacle,tall,10,"[-0.34339344,-1.5826466,0.74675552,-1.6787855,-1.526861,-0.0081694152]","[0.42018613,-0.0040308069,0.90080822]",0.3680832490704832,2.836844418472528,0.0878999940395355,false,0.0,nan,0.0,
rrtstar_ompl,36,static_tall_formal_v2_036,near_obstacle,tall,11,"[-0.37773278,-1.5839113,0.71143108,-1.689664,-1.5225471,-0.0089863567]","[0.40825403,-0.013411438,0.91681129]",0.38577385441425693,2.7861864824283757,0.0878999940395355,false,0.0,nan,0.0,
rrtstar_ompl,36,static_tall_formal_v2_036,near_obstacle,tall,12,"[-0.41207213,-1.585176,0.67610663,-1.7005426,-1.5182332,-0.0098032982]","[0.39559063,-0.021722926,0.93234569]",0.40290040490718276,2.7355285463842236,0.0878999940395355,false,0.0,nan,0.0,
rrtstar_ompl,36,static_tall_formal_v2_036,near_obstacle,tall,13,"[-0.44641147,-1.5864406,0.64078218,-1.7114211,-1.5139193,-0.01062024]","[0.38228166,-0.028914591,0.94738436]",0.41940797519127565,2.684870610340071,0.0878999940395355,false,0.0,nan,0.0,
rrtstar_ompl,36,static_tall_formal_v2_036,near_obstacle,tall,14,"[-0.48075082,-1.5877053,0.60545773,-1.7222997,-1.5096054,-0.011437181]","[0.36841637,-0.034942184,0.96190107]",0.4352478467269317,2.634212674295919,0.0878999940395355,false,0.0,nan,0.0,
rrtstar_ompl,36,static_tall_formal_v2_036,near_obstacle,tall,15,"[-0.51509016,-1.5889699,0.57013328,-1.7331782,-1.5052915,-0.012254123]","[0.3540875,-0.039768547,0.97587019]",0.4503764444098942,2.5835547382517663,0.0878999940395355,false,0.0,nan,0.0,
rrtstar_ompl,36,static_tall_formal_v2_036,near_obstacle,tall,16,"[-0.54942951,-1.5902346,0.53480884,-1.7440568,-1.5009775,-0.013071064]","[0.33939031,-0.043363646,0.98926723]",0.4647546799390814,2.532896802207614,0.0878999940395355,false,0.0,nan,0.0,
rrtstar_ompl,36,static_tall_formal_v2_036,near_obstacle,tall,17,"[-0.58376885,-1.5914993,0.49948439,-1.7549353,-1.4966636,-0.013888006]","[0.32442221,-0.045704819,1.002068]",0.478346866985258,2.482238866163462,0.08620929105831257,false,0.0,nan,0.0,
rrtstar_ompl,36,static_tall_formal_v2_036,near_obstacle,tall,18,"[-0.61810819,-1.5927639,0.46415994,-1.7658139,-1.4923497,-0.014704947]","[0.30928224,-0.046776839,1.01425]",0.49112081605924984,2.4315809301193094,0.08245629699740953,false,0.0,nan,0.0,
rrtstar_ompl,36,static_tall_formal_v2_036,near_obstacle,tall,19,"[-0.65244754,-1.5940286,0.42883549,-1.7766924,-1.4880358,-0.015521889]","[0.29407027,-0.046572097,1.0257912]",0.5030470115691112,2.3809229940751573,0.07888000212199567,false,0.0,nan,0.0,
rrtstar_ompl,36,static_tall_formal_v2_036,near_obstacle,tall,20,"[-0.68678688,-1.5952933,0.39351105,-1.787571,-1.4837219,-0.01633883]","[0.27888674,-0.045090664,1.0366704]",0.5140985082938223,2.330265058031005,0.07549631710778928,false,0.0,nan,0.0,
rrtstar_ompl,36,static_tall_formal_v2_036,near_obstacle,tall,21,"[-0.72112623,-1.5965579,0.3581866,-1.7984495,-1.479408,-0.017155772]","[0.26383185,-0.042340368,1.046868]",0.5242507994956278,2.279607121986853,0.07232164157079579,false,0.0,nan,0.0,
rrtstar_ompl,36,static_tall_formal_v2_036,near_obstacle,tall,22,"[-0.75546557,-1.5978226,0.32286215,-1.809328,-1.4750941,-0.017972713]","[0.24900514,-0.038336769,1.0563651]",0.5334817465279322,2.228949185942701,0.06937262738434127,false,0.0,nan,0.0,
rrtstar_ompl,36,static_tall_formal_v2_036,near_obstacle,tall,23,"[-0.78980491,-1.5990873,0.2875377,-1.8202066,-1.4707802,-0.018789655]","[0.23450457,-0.033102818,1.0651443]",0.5417711330092493,2.1782912498985483,0.06666606564258529,false,0.0,nan,0.0,
rrtstar_ompl,36,static_tall_formal_v2_036,near_obstacle,tall,24,"[-0.82414426,-1.6003519,0.25221325,-1.8310851,-1.4664663,-0.019606596]","[0.22042647,-0.026669033,1.0731888]",0.5491005416429459,2.127633313854396,0.0642184899664795,false,0.0,nan,0.0,
rrtstar_ompl,36,static_tall_formal_v2_036,near_obstacle,tall,25,"[-0.8584836,-1.6016166,0.21688881,-1.8419637,-1.4621524,-0.020423538]","[0.20686448,-0.019073449,1.0804833]",0.5554538283358937,2.0769753778102436,0.0620459009491548,false,0.0,nan,0.0,
rrtstar_ompl,36,static_tall_formal_v2_036,near_obstacle,tall,26,"[-0.89282295,-1.6028812,0.18156436,-1.8528422,-1.4578385,-0.021240479]","[0.19390935,-0.010361146,1.087014]",0.5608166143534133,2.0263174417660914,0.06016342909428532,false,0.0,nan,0.0,
rrtstar_ompl,36,static_tall_formal_v2_036,near_obstacle,tall,27,"[-0.92716229,-1.6041459,0.14623991,-1.8637208,-1.4535246,-0.022057421]","[0.18164809,-0.00058392435,1.0927681]",0.5651763526614261,1.975659505721939,0.0585849848395906,false,0.0,nan,0.0,
rrtstar_ompl,36,static_tall_formal_v2_036,near_obstacle,tall,28,"[-0.96150163,-1.6054106,0.11091546,-1.8745993,-1.4492107,-0.022874362]","[0.17016368,0.010199584,1.0977336]",0.5685219275290779,1.9250015696777867,0.05732277468614702,false,0.0,nan,0.0,
rrtstar_ompl,36,static_tall_formal_v2_036,near_obstacle,tall,29,"[-0.99584098,-1.6066752,0.075591016,-1.8854779,-1.4448968,-0.023691304]","[0.15953456,0.021924511,1.1019011]",0.5708446614170232,1.8743436336336343,0.0563869921631569,false,0.0,nan,0.0,
rrtstar_ompl,36,static_tall_formal_v2_036,near_obstacle,tall,30,"[-1.0301803,-1.6079399,0.040266568,-1.8963564,-1.4405829,-0.024508245]","[0.14983408,0.034519941,1.105261]",0.5721368785013987,1.8236856975894822,0.05578547426135963,false,0.0,nan,0.0,
rrtstar_ompl,36,static_tall_formal_v2_036,near_obstacle,tall,31,"[-1.0645197,-1.6092046,0.0049421205,-1.907235,-1.436269,-0.025325187]","[0.14112987,0.047909752,1.1078061]",0.5723930706441709,1.7730277615453298,0.055523415410196786,false,0.0,nan,0.0,
rrtstar_ompl,36,static_tall_formal_v2_036,near_obstacle,tall,32,"[-1.098859,-1.6104692,-0.030382327,-1.9181135,-1.4319551,-0.026142128]","[0.13348389,0.062012337,1.1095303]",0.5716093211305279,1.7223698255011777,0.055603155364042145,false,0.0,nan,0.0,
rrtstar_ompl,36,static_tall_formal_v2_036,near_obstacle,tall,33,"[-1.1331984,-1.6117339,-0.065706775,-1.9289921,-1.4276412,-0.02695907]","[0.12695161,0.076741613,1.1104288]",0.5697832736028258,1.6717118894570253,0.05602412758061956,false,0.0,nan,0.0,
rrtstar_ompl,36,static_tall_formal_v2_036,near_obstacle,tall,34,"[-1.1675377,-1.6129985,-0.10103122,-1.9398706,-1.4233273,-0.027776012]","[0.12158193,0.092007294,1.1104984]",0.5669144386769244,1.6210539534128732,0.05678288339052298,false,0.0,nan,0.0,
rrtstar_ompl,36,static_tall_formal_v2_036,near_obstacle,tall,35,"[-1.201877,-1.6142632,-0.13635567,-1.9507492,-1.4190134,-0.028592953]","[0.11741674,0.10771537,1.1097369]",0.5630036299288934,1.5703960173687208,0.05787317702319175,false,0.0,nan,0.0,
rrtstar_ompl,36,static_tall_formal_v2_036,near_obstacle,tall,36,"[-1.2362164,-1.6155279,-0.17168012,-1.9616277,-1.4146995,-0.029409895]","[0.11449063,0.12376895,1.1081439]",0.5580535620850375,1.5197380813245684,0.0592862394421437,false,0.0,nan,0.0,
rrtstar_ompl,36,static_tall_formal_v2_036,near_obstacle,tall,37,"[-1.2705557,-1.6167925,-0.20700457,-1.9725063,-1.4103856,-0.030226836]","[0.11283074,0.14006831,1.1057204]",0.5520685691702779,1.4690801452804163,0.06101107036809458,false,0.0,nan,0.0,
rrtstar_ompl,36,static_tall_formal_v2_036,near_obstacle,tall,38,"[-1.3048951,-1.6180572,-0.24232901,-1.9833848,-1.4060717,-0.031043778]","[0.11245665,0.15651189,1.1024684]",0.5450542324710781,1.4184222092362637,0.06269853001633494,false,0.0,nan,0.0,
rrtstar_ompl,36,static_tall_formal_v2_036,near_obstacle,tall,39,"[-1.3392344,-1.6193219,-0.27765346,-1.9942634,-1.4017578,-0.031860719]","[0.11338007,0.17299655,1.0983919]",0.537018199588732,1.3677642731921116,0.06460886258433304,false,0.0,nan,0.0,
rrtstar_ompl,36,static_tall_formal_v2_036,near_obstacle,tall,40,"[-1.3735738,-1.6205865,-0.31297791,-2.0051419,-1.3974439,-0.032677661]","[0.11560471,0.1894187,1.0934961]",0.5279694324810843,1.3171063371479594,0.06681522936104892,false,0.0,nan,0.0,
rrtstar_ompl,36,static_tall_formal_v2_036,near_obstacle,tall,41,"[-1.4079131,-1.6218512,-0.34830236,-2.0160205,-1.39313,-0.033494602]","[0.11912648,0.20567422,1.0877877]",0.5179185914000517,1.2664484011038073,0.06930235368109797,false,0.0,nan,0.0,
rrtstar_ompl,36,static_tall_formal_v2_036,near_obstacle,tall,42,"[-1.4422525,-1.6231159,-0.3836268,-2.026899,-1.3888161,-0.034311544]","[0.1239333,0.22165951,1.0812743]",0.5068772843378679,1.2157904650596547,0.07205400885632587,false,0.0,nan,0.0,
rrtstar_ompl,36,static_tall_formal_v2_036,near_obstacle,tall,43,"[-1.4765918,-1.6243805,-0.41895125,-2.0377775,-1.3845022,-0.035128485]","[0.13000518,0.23727182,1.0739655]",0.4948594146394891,1.1651325290155026,0.07505341450231345,false,0.0,nan,0.0,
rrtstar_ompl,36,static_tall_formal_v2_036,near_obstacle,tall,44,"[-1.5109311,-1.6256452,-0.4542757,-2.0486561,-1.3801883,-0.035945427]","[0.13731426,0.25241038,1.0658722]",0.4818798625303842,1.1144745929713504,0.07828346336372002,false,0.0,nan,0.0,
rrtstar_ompl,36,static_tall_formal_v2_036,near_obstacle,tall,45,"[-1.5452705,-1.6269098,-0.48960015,-2.0595346,-1.3758744,-0.036762368]","[0.145825,0.26697636,1.0570064]",0.4679551333199321,1.0638166569271978,0.08172716735403687,false,0.0,nan,0.0,
rrtstar_ompl,36,static_tall_formal_v2_036,near_obstacle,tall,46,"[-1.5796098,-1.6281745,-0.5249246,-2.0704132,-1.3715605,-0.03757931]","[0.15549438,0.28087366,1.0473814]",0.4531030160511768,1.0131587208830455,0.08536778326654451,false,0.0,nan,0.0,
rrtstar_ompl,36,static_tall_formal_v2_036,near_obstacle,tall,47,"[-1.6139492,-1.6294392,-0.56024904,-2.0812917,-1.3672466,-0.038396251]","[0.16627207,0.29400954,1.0370125]",0.4373430194345511,0.9625007848388932,0.0878999940395355,false,0.0,nan,0.0,
rrtstar_ompl,36,static_tall_formal_v2_036,near_obstacle,tall,48,"[-1.6482885,-1.6307038,-0.59557349,-2.0921703,-1.3629326,-0.039213193]","[0.17810071,0.30629557,1.0259153]",0.42069552196570287,0.911842848794741,0.0878999940395355,false,0.0,nan,0.0,
rrtstar_ompl,36,static_tall_formal_v2_036,near_obstacle,tall,49,"[-1.6826279,-1.6319685,-0.63089794,-2.1030488,-1.3586187,-0.040030134]","[0.19091627,0.31764716,1.0141073]",0.4031825551755321,0.8611849127505887,0.0878999940395355,false,0.0,nan,0.0,
rrtstar_ompl,36,static_tall_formal_v2_036,near_obstacle,tall,50,"[-1.7169672,-1.6332332,-0.66622239,-2.1139274,-1.3543048,-0.040847076]","[0.20464821,0.32798493,1.0016074]",0.38482751551096445,0.8105269767064367,0.0878999940395355,false,0.0,nan,0.0,
rrtstar_ompl,36,static_tall_formal_v2_036,near_obstacle,tall,51,"[-1.7513065,-1.6344978,-0.70154683,-2.1248059,-1.3499909,-0.041664017]","[0.21922012,0.33723506,0.98843497]",0.36565466087406356,0.7598690406622843,0.0878999940395355,false,0.0,nan,0.0,
rrtstar_ompl,36,static_tall_formal_v2_036,near_obstacle,tall,52,"[-1.7856459,-1.6357625,-0.73687128,-2.1356845,-1.345677,-0.042480959]","[0.23454997,0.3453292,0.97461152]",0.345690079534646,0.7092111046181321,0.0878999940395355,false,0.0,nan,0.0,
rrtstar_ompl,36,static_tall_formal_v2_036,near_obstacle,tall,53,"[-1.8199852,-1.6370271,-0.77219573,-2.146563,-1.3413631,-0.0432979]","[0.25055072,0.35220566,0.96015912]",0.32496057331375056,0.6585531685739798,0.0878999940395355,false,0.0,nan,0.0,
rrtstar_ompl,36,static_tall_formal_v2_036,near_obstacle,tall,54,"[-1.8543246,-1.6382918,-0.80752018,-2.1574416,-1.3370492,-0.044114842]","[0.2671304,0.35780922,0.94510067]",0.3034940586633694,0.6078952325298272,0.0878999940395355,false,0.0,nan,0.0,
rrtstar_ompl,36,static_tall_formal_v2_036,near_obstacle,tall,55,"[-1.8886639,-1.6395565,-0.84284463,-2.1683201,-1.3327353,-0.044931783]","[0.28419325,0.36209178,0.92946088]",0.2813199324889357,0.557237296485675,0.0878999940395355,false,0.0,nan,0.0,
rrtstar_ompl,36,static_tall_formal_v2_036,near_obstacle,tall,56,"[-1.9230033,-1.6408211,-0.87816907,-2.1791987,-1.3284214,-0.045748725]","[0.3016398,0.36501226,0.91326511]",0.2584683457104437,0.5065793604415227,0.0878999940395355,false,0.0,nan,0.0,
rrtstar_ompl,36,static_tall_formal_v2_036,near_obstacle,tall,57,"[-1.9573426,-1.6420858,-0.91349352,-2.1900772,-1.3241075,-0.046565666]","[0.31936738,0.36653748,0.89653939]",0.23497045171344336,0.45592142439737054,0.0878999940395355,false,0.0,nan,0.0,
rrtstar_ompl,36,static_tall_formal_v2_036,near_obstacle,tall,58,"[-1.991682,-1.6433505,-0.94881797,-2.2009558,-1.3197936,-0.047382608]","[0.33727118,0.36664194,0.87931138]",0.21085863750808503,0.4052634883532181,0.0878999940395355,false,0.0,nan,0.0,
rrtstar_ompl,36,static_tall_formal_v2_036,near_obstacle,tall,59,"[-2.0260213,-1.6446151,-0.98414242,-2.2118343,-1.3154797,-0.048199549]","[0.35524425,0.36530769,0.86160892]",0.18616578548562657,0.354605552309066,0.0878999940395355,false,0.0,nan,0.0,
rrtstar_ompl,36,static_tall_formal_v2_036,near_obstacle,tall,60,"[-2.0603606,-1.6458798,-1.0194669,-2.2227129,-1.3111658,-0.049016491]","[0.37317848,0.3625254,0.84346116]",0.16092602439151313,0.3039476162649136,0.0878999940395355,false,0.0,nan,0.0,
rrtstar_ompl,36,static_tall_formal_v2_036,near_obstacle,tall,61,"[-2.0947,-1.6471445,-1.0547913,-2.2335914,-1.3068519,-0.049833432]","[0.39096525,0.35829386,0.82489783]",0.13517409627606436,0.25328968022076154,0.0878999940395355,false,0.0,nan,0.0,
rrtstar_ompl,36,static_tall_formal_v2_036,near_obstacle,tall,62,"[-2.1290393,-1.6484091,-1.0901158,-2.2444699,-1.302538,-0.050650374]","[0.40849566,0.35261983,0.80594945]",0.10894562917876562,0.20263174417660915,0.0878999940395355,false,0.0,nan,0.0,
rrtstar_ompl,36,static_tall_formal_v2_036,near_obstacle,tall,63,"[-2.1633787,-1.6496738,-1.1254402,-2.2553485,-1.2982241,-0.051467315]","[0.42566171,0.34551808,0.7866472]",0.08227669232807155,0.15197380813245678,0.0878999940395355,false,0.0,nan,0.0,
rrtstar_ompl,36,static_tall_formal_v2_036,near_obstacle,tall,64,"[-2.197718,-1.6509384,-1.1607647,-2.266227,-1.2939102,-0.052284257]","[0.44235605,0.33701199,0.76702285]",0.055204469130303004,0.1013158720883044,0.0878999940395355,false,0.0,nan,0.0,
rrtstar_ompl,36,static_tall_formal_v2_036,near_obstacle,tall,65,"[-2.2320574,-1.6522031,-1.1960891,-2.2771056,-1.2895963,-0.053101198]","[0.45847395,0.32713261,0.74710876]",0.02776617962995401,0.05065793604415237,0.0878999940395355,false,0.0,nan,0.0,
rrtstar_ompl,36,static_tall_formal_v2_036,near_obstacle,tall,66,"[-2.2663967,-1.6534678,-1.2314136,-2.2879841,-1.2852824,-0.05391814]","[0.47391248,0.31591895,0.72693783]",3.3826578228287643e-09,0.0,0.0848858964054446,false,0.0,nan,0.0,
rrtstar_ompl,37,static_tall_formal_v2_037,around_tall_obstacle,tall,0,"[0,-1.57,1.1,-1.57,-1.57,0]","[0.48397353,0.13337938,0.72136778]",0.41202448999516866,1.4852196843147358,0.0878999940395355,false,20.14123249053955,nan,0.0,
rrtstar_ompl,37,static_tall_formal_v2_037,around_tall_obstacle,tall,1,"[-0.01041702,-1.5595898,1.1147354,-1.5860422,-1.5708993,0.043940196]","[0.49371111,0.12815386,0.71127552]",0.3979352795159056,1.4340052124418141,0.0878999940395355,false,0.0,nan,0.0,
rrtstar_ompl,37,static_tall_formal_v2_037,around_tall_obstacle,tall,2,"[-0.020834039,-1.5491795,1.1294708,-1.6020845,-1.5717986,0.087880392]","[0.50315589,0.12274487,0.70103425]",0.3838040862729415,1.3827907405688922,0.0878999940395355,false,0.0,nan,0.0,
rrtstar_ompl,37,static_tall_formal_v2_037,around_tall_obstacle,tall,3,"[-0.031251059,-1.5387693,1.1442062,-1.6181267,-1.572698,0.13182059]","[0.5123024,0.11716048,0.69064993]",0.36963462084767146,1.33157626869597,0.0878999940395355,false,0.0,nan,0.0,
rrtstar_ompl,37,static_tall_formal_v2_037,around_tall_obstacle,tall,4,"[-0.041668079,-1.5283591,1.1589416,-1.634169,-1.5735973,0.17576078]","[0.52114511,0.11140896,0.68012816]",0.355430409941247,1.280361796823048,0.0878999940395355,false,0.0,nan,0.0,
rrtstar_ompl,37,static_tall_formal_v2_037,around_tall_obstacle,tall,5,"[-0.052085098,-1.5179489,1.173677,-1.6502112,-1.5744966,0.21970098]","[0.52967882,0.10549869,0.66947496]",0.3411952610439105,1.2291473249501264,0.0878999940395355,false,0.0,nan,0.0,
rrtstar_ompl,37,static_tall_formal_v2_037,around_tall_obstacle,tall,6,"[-0.062502118,-1.5075386,1.1884124,-1.6662534,-1.5753959,0.26364118]","[0.53789884,0.099438183,0.65869635]",0.3269328896604159,1.1779328530772044,0.0878999940395355,false,0.0,nan,0.0,
rrtstar_ompl,37,static_tall_formal_v2_037,around_tall_obstacle,tall,7,"[-0.072919138,-1.4971284,1.2031478,-1.6822957,-1.5762953,0.30758137]","[0.54580081,0.093236104,0.64779812]",0.3126467952874299,1.1267183812042825,0.0878999940395355,false,0.0,nan,0.0,
rrtstar_ompl,37,static_tall_formal_v2_037,around_tall_obstacle,tall,8,"[-0.083336157,-1.4867182,1.2178832,-1.6983379,-1.5771946,0.35152157]","[0.55338025,0.086901166,0.63678664]",0.2983410240235869,1.0755039093313605,0.0878999940395355,false,0.0,nan,0.0,
rrtstar_ompl,37,static_tall_formal_v2_037,around_tall_obstacle,tall,9,"[-0.093753177,-1.4763079,1.2326185,-1.7143802,-1.5780939,0.39546176]","[0.56063366,0.080442287,0.62566787]",0.2840191239894287,1.0242894374584386,0.0878999940395355,false,0.0,nan,0.0,
rrtstar_ompl,37,static_tall_formal_v2_037,around_tall_obstacle,tall,10,"[-0.1041702,-1.4658977,1.2473539,-1.7304224,-1.5789932,0.43940196]","[0.56755757,0.073868394,0.61444789]",0.2696847522610179,0.9730749655855166,0.0878999940395355,false,0.0,nan,0.0,
rrtstar_ompl,37,static_tall_formal_v2_037,around_tall_obstacle,tall,11,"[-0.11458722,-1.4554875,1.2620893,-1.7464647,-1.5798925,0.48334215]","[0.57414854,0.067188509,0.6031332]",0.25534197386436747,0.9218604937125947,0.0878999940395355,false,0.0,nan,0.0,
rrtstar_ompl,37,static_tall_formal_v2_037,around_tall_obstacle,tall,12,"[-0.12500424,-1.4450772,1.2768247,-1.7625069,-1.5807919,0.52728235]","[0.5804041,0.060411766,0.59172982]",0.24099428835477074,0.8706460218396728,0.0878999940395355,false,0.0,nan,0.0,
rrtstar_ompl,37,static_tall_formal_v2_037,around_tall_obstacle,tall,13,"[-0.13542126,-1.434667,1.2915601,-1.7785491,-1.5816912,0.57122255]","[0.58632159,0.053547278,0.58024412]",0.22664556886257203,0.8194315499667507,0.0878999940395355,false,0.0,nan,0.0,
rrtstar_ompl,37,static_tall_formal_v2_037,around_tall_obstacle,tall,14,"[-0.14583828,-1.4242568,1.3062955,-1.7945914,-1.5825905,0.61516274]","[0.59189904,0.046604265,0.56868255]",0.2122996635859327,0.7682170780938289,0.0878999940395355,false,0.0,nan,0.0,
rrtstar_ompl,37,static_tall_formal_v2_037,around_tall_obstacle,tall,15,"[-0.15625529,-1.4138465,1.3210309,-1.8106336,-1.5834898,0.65910294]","[0.59713453,0.039591994,0.55705118]",0.1979601687024954,0.717002606220907,0.0878999940395355,false,0.0,nan,0.0,
rrtstar_ompl,37,static_tall_formal_v2_037,around_tall_obstacle,tall,16,"[-0.16667231,-1.4034363,1.3357663,-1.8266759,-1.5843892,0.70304313]","[0.6020267,0.03251965,0.54535651]",0.18363091698704537,0.6657881343479851,0.08363556994156957,false,0.0,nan,0.0,
rrtstar_ompl,37,static_tall_formal_v2_037,around_tall_obstacle,tall,17,"[-0.17708933,-1.3930261,1.3505017,-1.8427181,-1.5852885,0.74698333]","[0.60657442,0.025396591,0.53360504]",0.1693158303736524,0.6145736624750633,0.08018941535495902,false,0.0,nan,0.0,
rrtstar_ompl,37,static_tall_formal_v2_037,around_tall_obstacle,tall,18,"[-0.18750635,-1.3826159,1.3652371,-1.8587603,-1.5861878,0.79092353]","[0.61077696,0.018232042,0.5218029]",0.1550184323952586,0.5633591906021412,0.07670758302617553,false,0.0,nan,0.0,
rrtstar_ompl,37,static_tall_formal_v2_037,around_tall_obstacle,tall,19,"[-0.19792337,-1.3722056,1.3799725,-1.8748026,-1.5870871,0.83486372]","[0.61463398,0.01103526,0.50995678]",0.14074271019677476,0.5121447187292193,0.07210566562910728,false,0.0,nan,0.0,
rrtstar_ompl,37,static_tall_formal_v2_037,around_tall_obstacle,tall,20,"[-0.20834039,-1.3617954,1.3947079,-1.8908448,-1.5879864,0.87880392]","[0.61814535,0.003815522,0.49807304]",0.12649242649345085,0.46093024685629724,0.0675667142792552,false,0.0,nan,0.0,
rrtstar_ompl,37,static_tall_formal_v2_037,around_tall_obstacle,tall,21,"[-0.21875741,-1.3513852,1.4094433,-1.9068871,-1.5888858,0.92274411]","[0.62131143,-0.0034180158,0.48615792]",0.11227114547749414,0.4097157749833754,0.0630980045089014,false,0.0,nan,0.0,
rrtstar_ompl,37,static_tall_formal_v2_037,around_tall_obstacle,tall,22,"[-0.22917443,-1.3409749,1.4241787,-1.9229293,-1.5897851,0.96668431]","[0.62413251,-0.010656158,0.47421816]",0.09808294493939661,0.3585013031104536,0.05870765094455674,false,0.0,nan,0.0,
rrtstar_ompl,37,static_tall_formal_v2_037,around_tall_obstacle,tall,23,"[-0.23959145,-1.3305647,1.4389141,-1.9389716,-1.5906844,1.0106245]","[0.62661004,-0.017889835,0.46225998]",0.08393134425741101,0.30728683123753153,0.05440452970972193,false,0.0,nan,0.0,
rrtstar_ompl,37,static_tall_formal_v2_037,around_tall_obstacle,tall,24,"[-0.25000847,-1.3201545,1.4536495,-1.9550138,-1.5915837,1.0545647]","[0.62874496,-0.025110008,0.45028973]",0.06982006684010654,0.25607235936460965,0.05019841388599916,false,0.0,nan,0.0,
rrtstar_ompl,37,static_tall_formal_v2_037,around_tall_obstacle,tall,25,"[-0.26042549,-1.3097443,1.4683849,-1.971056,-1.5924831,1.0985049]","[0.630539,-0.032307692,0.43831399]",0.055753008266289365,0.20485788749168776,0.046100220331845354,false,0.0,nan,0.0,
rrtstar_ompl,37,static_tall_formal_v2_037,around_tall_obstacle,tall,26,"[-0.27084251,-1.299334,1.4831202,-1.9870983,-1.5933824,1.1424451]","[0.63199401,-0.039474092,0.42633909]",0.04173380113124636,0.15364341561876574,0.042121840561869656,false,0.0,nan,0.0,
rrtstar_ompl,37,static_tall_formal_v2_037,around_tall_obstacle,tall,27,"[-0.28125953,-1.2889238,1.4978556,-2.0031405,-1.5942817,1.1863853]","[0.63311237,-0.046600346,0.41437119]",0.027766026479438512,0.10242894374584396,0.03827635500412213,false,0.0,nan,0.0,
rrtstar_ompl,37,static_tall_formal_v2_037,around_tall_obstacle,tall,28,"[-0.29167655,-1.2785136,1.512591,-2.0191828,-1.595181,1.2303255]","[0.63389653,-0.053677876,0.40241694]",0.013853604848020047,0.051214471872921885,0.03457814444186985,false,0.0,nan,0.0,
rrtstar_ompl,37,static_tall_formal_v2_037,around_tall_obstacle,tall,29,"[-0.30209357,-1.2681033,1.5273264,-2.035225,-1.5960804,1.2742657]","[0.63434964,-0.060698062,0.39048237]",6.131267005750777e-09,0.0,0.031042771111016443,false,0.0,nan,0.0,
rrtstar_ompl,38,static_tall_formal_v2_038,easy,tall,0,"[0,-1.57,1.1,-1.57,-1.57,0]","[0.48397353,0.13337938,0.72136778]",0.03331613994976802,1.0828105618729829,0.0878999940395355,false,20.152278184890747,nan,0.0,
rrtstar_ompl,38,static_tall_formal_v2_038,easy,tall,1,"[-0.00093808429,-1.5710975,1.1094126,-1.5970006,-1.5524984,-0.03914922]","[0.48588476,0.13466668,0.72097957]",0.031096214915306928,1.0312481541647456,0.0878999940395355,false,0.0,nan,0.0,
rrtstar_ompl,38,static_tall_formal_v2_038,easy,tall,2,"[-0.0018761686,-1.5721949,1.1188252,-1.6240012,-1.5349968,-0.078298439]","[0.48771229,0.13595015,0.7206195]",0.028949863974828346,0.9796857464565083,0.0878999940395355,false,0.0,nan,0.0,
rrtstar_ompl,38,static_tall_formal_v2_038,easy,tall,3,"[-0.0028142529,-1.5732924,1.1282377,-1.6510019,-1.5174952,-0.11744766]","[0.48945406,0.13722947,0.72028613]",0.026877192663964603,0.9281233387482709,0.0878999940395355,false,0.0,nan,0.0,
rrtstar_ompl,38,static_tall_formal_v2_038,easy,tall,4,"[-0.0037523371,-1.5743898,1.1376503,-1.6780025,-1.4999936,-0.15659688]","[0.49110842,0.1385043,0.71997762]",0.02487782287201798,0.8765609310400336,0.0878999940395355,false,0.0,nan,0.0,
rrtstar_ompl,38,static_tall_formal_v2_038,easy,tall,5,"[-0.0046904214,-1.5754873,1.1470629,-1.7050031,-1.4824921,-0.1957461]","[0.49267361,0.13977446,0.71969259]",0.022951119538194547,0.8249985233317965,0.0878999940395355,false,0.0,nan,0.0,
rrtstar_ompl,38,static_tall_formal_v2_038,easy,tall,6,"[-0.0056285057,-1.5765847,1.1564755,-1.7320037,-1.4649905,-0.23489532]","[0.4941479,0.14103961,0.71942914]",0.02109624451156822,0.7734361156235593,0.0878999940395355,false,0.0,nan,0.0,
rrtstar_ompl,38,static_tall_formal_v2_038,easy,tall,7,"[-0.00656659,-1.5776822,1.1658881,-1.7590044,-1.4474889,-0.27404454]","[0.49552974,0.14229955,0.71918547]",0.01931187923373202,0.721873707915322,0.0878999940395355,false,0.0,nan,0.0,
rrtstar_ompl,38,static_tall_formal_v2_038,easy,tall,8,"[-0.0075046743,-1.5787796,1.1753007,-1.786005,-1.4299873,-0.31319376]","[0.49681753,0.14355397,0.71895969]",0.01759647132893116,0.6703113002070847,0.0878999940395355,false,0.0,nan,0.0,
rrtstar_ompl,38,static_tall_formal_v2_038,easy,tall,9,"[-0.0084427586,-1.5798771,1.1847132,-1.8130056,-1.4124857,-0.35234298]","[0.49800998,0.14480267,0.71874988]",0.015947889249714835,0.6187488924988472,0.0878999940395355,false,0.0,nan,0.0,
rrtstar_ompl,38,static_tall_formal_v2_038,easy,tall,10,"[-0.0093808429,-1.5809746,1.1941258,-1.8400062,-1.3949841,-0.3914922]","[0.49910554,0.14604536,0.7185542]",0.014363818705446202,0.5671864847906101,0.0878999940395355,false,0.0,nan,0.0,
rrtstar_ompl,38,static_tall_formal_v2_038,easy,tall,11,"[-0.010318927,-1.582072,1.2035384,-1.8670069,-1.3774825,-0.43064141]","[0.50010282,0.14728184,0.71837044]",0.01284129739297712,0.5156240770823728,0.0878999940395355,false,0.0,nan,0.0,
rrtstar_ompl,38,static_tall_formal_v2_038,easy,tall,12,"[-0.011257011,-1.5831695,1.212951,-1.8940075,-1.3599809,-0.46979063]","[0.5010007,0.14851187,0.71819669]",0.011376914138131133,0.46406166937413557,0.0878999940395355,false,0.0,nan,0.0,
rrtstar_ompl,38,static_tall_formal_v2_038,easy,tall,13,"[-0.012195096,-1.5842669,1.2223636,-1.9210081,-1.3424793,-0.50893985]","[0.50179791,0.1497352,0.71803063]",0.009966795676095812,0.41249926166589823,0.0878999940395355,false,0.0,nan,0.0,
rrtstar_ompl,38,static_tall_formal_v2_038,easy,tall,14,"[-0.01313318,-1.5853644,1.2317761,-1.9480087,-1.3249777,-0.54808907]","[0.50249338,0.15095164,0.7178703]",0.008606486505075929,0.36093685395766095,0.0878999940395355,false,0.0,nan,0.0,
rrtstar_ompl,38,static_tall_formal_v2_038,easy,tall,15,"[-0.014071264,-1.5864618,1.2411887,-1.9750094,-1.3074762,-0.58723829]","[0.50308603,0.15216096,0.7177133]",0.0072910328160951015,0.3093744462494238,0.0878999940395355,false,0.0,nan,0.0,
rrtstar_ompl,38,static_tall_formal_v2_038,easy,tall,16,"[-0.015009349,-1.5875593,1.2506013,-2.00201,-1.2899746,-0.62638751]","[0.50357485,0.15336297,0.71755767]",0.006014961663397828,0.25781203854118634,0.0878999940395355,false,0.0,nan,0.0,
rrtstar_ompl,38,static_tall_formal_v2_038,easy,tall,17,"[-0.015947433,-1.5886567,1.2600139,-2.0290106,-1.272473,-0.66553673]","[0.50395924,0.15455744,0.71740079]",0.004772242998668865,0.20624963083294914,0.0878999940395355,false,0.0,nan,0.0,
rrtstar_ompl,38,static_tall_formal_v2_038,easy,tall,18,"[-0.016885517,-1.5897542,1.2694265,-2.0560112,-1.2549714,-0.70468595]","[0.50423819,0.15574419,0.71724045]",0.0035564158091428394,0.1546872231247118,0.0878999940395355,false,0.0,nan,0.0,
rrtstar_ompl,38,static_tall_formal_v2_038,easy,tall,19,"[-0.017823601,-1.5908517,1.2788391,-2.0830119,-1.2374698,-0.74383517]","[0.5044111,0.156923,0.71707439]",0.0023606586297963464,0.10312481541647454,0.0878999940395355,false,0.0,nan,0.0,
rrtstar_ompl,38,static_tall_formal_v2_038,easy,tall,20,"[-0.018761686,-1.5919491,1.2882516,-2.1100125,-1.2199682,-0.78298439]","[0.5044772,0.15809371,0.71690035]",0.0011776953790784625,0.05156240770823743,0.0878999940395355,false,0.0,nan,0.0,
rrtstar_ompl,38,static_tall_formal_v2_038,easy,tall,21,"[-0.01969977,-1.5930466,1.2976642,-2.1370131,-1.2024666,-0.82213361]","[0.50443614,0.15925609,0.71671557]",7.640956290612122e-09,0.0,0.0878999940395355,false,0.0,nan,0.0,
rrtstar_ompl,39,static_tall_formal_v2_039,hard_reach,tall,0,"[0,-1.57,1.1,-1.57,-1.57,0]","[0.48397353,0.13337938,0.72136778]",0.7798774922202407,2.3886383199050947,0.0878999940395355,false,20.055808544158936,nan,0.0,
rrtstar_ompl,39,static_tall_formal_v2_039,hard_reach,tall,1,"[-0.026939629,-1.558478,1.0855986,-1.5750786,-1.5891396,-0.033539034]","[0.49205768,0.11826186,0.72342408]",0.7678823283485204,2.33781622799222,0.0878999940395355,false,0.0,nan,0.0,
rrtstar_ompl,39,static_tall_formal_v2_039,hard_reach,tall,2,"[-0.053879258,-1.5469559,1.0711972,-1.5801571,-1.6082792,-0.067078068]","[0.49964604,0.10280931,0.72545725]",0.7556134295855234,2.286994136079346,0.0878999940395355,false,0.0,nan,0.0,
rrtstar_ompl,39,static_tall_formal_v2_039,hard_reach,tall,3,"[-0.080818887,-1.5354339,1.0567957,-1.5852357,-1.6274188,-0.1006171]","[0.50672513,0.087039188,0.727467]",0.7430744259685556,2.236172044166471,0.0878999940395355,false,0.0,nan,0.0,
rrtstar_ompl,39,static_tall_formal_v2_039,hard_reach,tall,4,"[-0.10775852,-1.5239118,1.0423943,-1.5903143,-1.6465584,-0.13415614]","[0.51328218,0.070969477,0.72945261]",0.730269117650025,2.1853499522535973,0.0878999940395355,false,0.0,nan,0.0,
rrtstar_ompl,39,static_tall_formal_v2_039,hard_reach,tall,5,"[-0.13469814,-1.5123898,1.0279929,-1.5953928,-1.665698,-0.16769517]","[0.51930517,0.054618672,0.7314136]",0.7172014468480812,2.134527860340723,0.0878999940395355,false,0.0,nan,0.0,
rrtstar_ompl,39,static_tall_formal_v2_039,hard_reach,tall,6,"[-0.16163777,-1.5008678,1.0135915,-1.6004714,-1.6848376,-0.2012342]","[0.52478278,0.038005736,0.73334956]",0.7038754679940328,2.0837057684278486,0.0878999940395355,false,0.0,nan,0.0,
rrtstar_ompl,39,static_tall_formal_v2_039,hard_reach,tall,7,"[-0.1885774,-1.4893457,0.99919007,-1.60555,-1.7039772,-0.23477324]","[0.52970421,0.021150121,0.73525995]",0.6902953260911142,2.0328836765149743,0.0878999940395355,false,0.0,nan,0.0,
rrtstar_ompl,39,static_tall_formal_v2_039,hard_reach,tall,8,"[-0.21551703,-1.4778237,0.98478865,-1.6106285,-1.7231168,-0.26831227]","[0.5340597,0.0040717199,0.73714393]",0.6764654279761787,1.9820615846020997,0.0878999940395355,false,0.0,nan,0.0,
rrtstar_ompl,39,static_tall_formal_v2_039,hard_reach,tall,9,"[-0.24245666,-1.4663016,0.97038723,-1.6157071,-1.7422564,-0.3018513]","[0.53784025,-0.013209205,0.73900121]",0.6623902571386022,1.9312394926892253,0.0878999940395355,false,0.0,nan,0.0,
rrtstar_ompl,39,static_tall_formal_v2_039,hard_reach,tall,10,"[-0.26939629,-1.4547796,0.95598581,-1.6207857,-1.7613961,-0.33539034]","[0.54103726,-0.030672057,0.74083096]",0.6480742703591248,1.8804174007763512,0.0877317935549198,false,0.0,nan,0.0,
rrtstar_ompl,39,static_tall_formal_v2_039,hard_reach,tall,11,"[-0.29633592,-1.4432576,0.94158439,-1.6258642,-1.7805357,-0.36892937]","[0.54364347,-0.048295766,0.74263269]",0.6335223678578682,1.8295953088634767,0.0807286838068452,false,0.0,nan,0.0,
rrtstar_ompl,39,static_tall_formal_v2_039,hard_reach,tall,12,"[-0.32327555,-1.4317355,0.92718298,-1.6309428,-1.7996753,-0.40246841]","[0.54565197,-0.066059127,0.74440563]",0.6187392388312448,1.7787732169506023,0.07398711687698062,false,0.0,nan,0.0,
rrtstar_ompl,39,static_tall_formal_v2_039,hard_reach,tall,13,"[-0.35021518,-1.4202135,0.91278156,-1.6360214,-1.8188149,-0.43600744]","[0.54705685,-0.083940506,0.74614942]",0.6037298850930236,1.7279511250377277,0.06755558593738184,false,0.0,nan,0.0,
rrtstar_ompl,39,static_tall_formal_v2_039,hard_reach,tall,14,"[-0.37715481,-1.4086914,0.89838014,-1.6410999,-1.8379545,-0.46954647]","[0.54785305,-0.10191819,0.74786317]",0.5884993151877193,1.6771290331248536,0.061488797013357466,false,0.0,nan,0.0,
rrtstar_ompl,39,static_tall_formal_v2_039,hard_reach,tall,15,"[-0.40409443,-1.3971694,0.88397872,-1.6461785,-1.8570941,-0.50308551]","[0.5480364,-0.11997017,0.74954647]",0.5730527355242071,1.626306941211979,0.0558477773359535,false,0.0,nan,0.0,
rrtstar_ompl,39,static_tall_formal_v2_039,hard_reach,tall,16,"[-0.43103406,-1.3856473,0.8695773,-1.6512571,-1.8762337,-0.53662454]","[0.54760343,-0.1380742,0.75119829]",0.5573954582138103,1.5754848492991052,0.050699464114803,false,0.0,nan,0.0,
rrtstar_ompl,39,static_tall_formal_v2_039,hard_reach,tall,17,"[-0.45797369,-1.3741253,0.85517588,-1.6563356,-1.8953733,-0.57016358]","[0.54655164,-0.15620804,0.75281829]",0.5415328328859121,1.5246627573862308,0.04611555014917765,false,0.0,nan,0.0,
rrtstar_ompl,39,static_tall_formal_v2_039,hard_reach,tall,18,"[-0.48491332,-1.3626033,0.84077446,-1.6614142,-1.9145129,-0.60370261]","[0.5448795,-0.17434934,0.75440544]",0.5254703678171775,1.4738406654733562,0.04217026185418907,false,0.0,nan,0.0,
rrtstar_ompl,39,static_tall_formal_v2_039,hard_reach,tall,19,"[-0.51185295,-1.3510812,0.82637304,-1.6664928,-1.9336525,-0.63724164]","[0.54258597,-0.1924756,0.75595945]",0.5092135351237899,1.423018573560482,0.03893719926374113,false,0.0,nan,0.0,
rrtstar_ompl,39,static_tall_formal_v2_039,hard_reach,tall,20,"[-0.53879258,-1.3395592,0.81197163,-1.6715713,-1.9527921,-0.67078068]","[0.5396713,-0.21056435,0.75747919]",0.4927681239320879,1.3721964816476075,0.03648475174092847,false,0.0,nan,0.0,
rrtstar_ompl,39,static_tall_formal_v2_039,hard_reach,tall,21,"[-0.56573221,-1.3280371,0.79757021,-1.6766499,-1.9719317,-0.70431971]","[0.53613627,-0.22859311,0.75896418]",0.47613976898150173,1.3213743897347332,0.03487096601241292,false,0.0,nan,0.0,
rrtstar_ompl,39,static_tall_formal_v2_039,hard_reach,tall,22,"[-0.59267184,-1.3165151,0.78316879,-1.6817285,-1.9910713,-0.73785874]","[0.53198302,-0.24653947,0.76041365]",0.45933451976991074,1.2705522978218589,0.03413824131362174,false,0.0,nan,0.0,
rrtstar_ompl,39,static_tall_formal_v2_039,hard_reach,tall,23,"[-0.61961147,-1.3049931,0.76876737,-1.6868071,-2.0102109,-0.77139778]","[0.52721369,-0.26438108,0.76182693]",0.44235797964202705,1.2197302059089843,0.034309041488653436,false,0.0,nan,0.0,
rrtstar_ompl,39,static_tall_formal_v2_039,hard_reach,tall,24,"[-0.64655109,-1.293471,0.75436595,-1.6918856,-2.0293505,-0.80493681]","[0.52183223,-0.28209567,0.76320332]",0.42521642063890963,1.1689081139961102,0.035383471208275674,false,0.0,nan,0.0,
rrtstar_ompl,39,static_tall_formal_v2_039,hard_reach,tall,25,"[-0.67349072,-1.281949,0.73996453,-1.6969642,-2.0484901,-0.83847585]","[0.51584297,-0.2996611,0.7645418]",0.40791595898159205,1.1180860220832356,0.03733947112435819,false,0.0,nan,0.0,
rrtstar_ompl,39,static_tall_formal_v2_039,hard_reach,tall,26,"[-0.70043035,-1.2704269,0.72556311,-1.7020428,-2.0676297,-0.87201488]","[0.50925076,-0.31705564,0.76584184]",0.39046233456336205,1.0672639301703613,0.04013543477671627,false,0.0,nan,0.0,
rrtstar_ompl,39,static_tall_formal_v2_039,hard_reach,tall,27,"[-0.72736998,-1.2589049,0.71116169,-1.7071213,-2.0867693,-0.90555391]","[0.50206214,-0.3342576,0.76710266]",0.3728620951693591,1.016441838257487,0.04371462398089419,false,0.0,nan,0.0,
rrtstar_ompl,39,static_tall_formal_v2_039,hard_reach,tall,28,"[-0.75430961,-1.2473829,0.69676028,-1.7121999,-2.105909,-0.93909295]","[0.49428371,-0.35124543,0.76832336]",0.35512140261889796,0.9656197463446128,0.048010472520515296,false,0.0,nan,0.0,
rrtstar_ompl,39,static_tall_formal_v2_039,hard_reach,tall,29,"[-0.78124924,-1.2358608,0.68235886,-1.7172785,-2.1250486,-0.97263198]","[0.48592326,-0.367998,0.76950347]",0.3372466310746517,0.9147976544317384,0.04966778122087717,false,0.0,nan,0.0,
rrtstar_ompl,39,static_tall_formal_v2_039,hard_reach,tall,30,"[-0.80818887,-1.2243388,0.66795744,-1.722357,-2.1441882,-1.006171]","[0.47698921,-0.38449457,0.77064198]",0.31924404033644743,0.863975562518864,0.051713329262517704,false,0.0,nan,0.0,
rrtstar_ompl,39,static_tall_formal_v2_039,hard_reach,tall,31,"[-0.8351285,-1.2128167,0.65355602,-1.7274356,-2.1633278,-1.03971]","[0.467491,-0.40071467,0.77173817]",0.30112016812514336,0.8131534706059897,0.054153142853940614,false,0.0,nan,0.0,
rrtstar_ompl,39,static_tall_formal_v2_039,hard_reach,tall,32,"[-0.86206813,-1.2012947,0.6391546,-1.7325142,-2.1824674,-1.0732491]","[0.45743856,-0.41663817,0.77279139]",0.2828814017294453,0.7623313786931154,0.054989046358522045,false,0.0,nan,0.0,
rrtstar_ompl,39,static_tall_formal_v2_039,hard_reach,tall,33,"[-0.88900775,-1.1897727,0.62475318,-1.7375927,-2.201607,-1.1067881]","[0.44684276,-0.43224534,0.77380079]",0.2645343342420389,0.7115092867802408,0.056232475981622274,false,0.0,nan,0.0,
rrtstar_ompl,39,static_tall_formal_v2_039,hard_reach,tall,34,"[-0.91594738,-1.1782506,0.61035176,-1.7426713,-2.2207466,-1.1403272]","[0.43571502,-0.44751701,0.77476555]",0.24608538275763095,0.6606871948673665,0.05787121859719514,false,0.0,nan,0.0,
rrtstar_ompl,39,static_tall_formal_v2_039,hard_reach,tall,35,"[-0.94288701,-1.1667286,0.59595034,-1.7477499,-2.2398862,-1.1738662]","[0.42406777,-0.46243453,0.77568507]",0.22754115291626895,0.6098651029544923,0.059889780580653765,false,0.0,nan,0.0,
rrtstar_ompl,39,static_tall_formal_v2_039,hard_reach,tall,36,"[-0.96982664,-1.1552065,0.58154893,-1.7528284,-2.2590258,-1.2074052]","[0.41191393,-0.47697949,0.77655834]",0.20890834090247082,0.5590430110416179,0.06226997758094492,false,0.0,nan,0.0,
rrtstar_ompl,39,static_tall_formal_v2_039,hard_reach,tall,37,"[-0.99676627,-1.1436845,0.56714751,-1.757907,-2.2781654,-1.2409443]","[0.39926717,-0.49113423,0.77738488]",0.19019354011535755,0.5082209191287435,0.06499157859890549,false,0.0,nan,0.0,
rrtstar_ompl,39,static_tall_formal_v2_039,hard_reach,tall,38,"[-1.0237059,-1.1321625,0.55274609,-1.7629856,-2.297305,-1.2744833]","[0.38614166,-0.50488156,0.77816367]",0.17140332060014088,0.4573988272158694,0.06803297589060915,false,0.0,nan,0.0,
rrtstar_ompl,39,static_tall_formal_v2_039,hard_reach,tall,39,"[-1.0506455,-1.1206404,0.53834467,-1.7680641,-2.3164446,-1.3080223]","[0.37255239,-0.51820487,0.77889401]",0.1525444244805962,0.4065767353029949,0.07078021755170774,false,0.0,nan,0.0,
rrtstar_ompl,39,static_tall_formal_v2_039,hard_reach,tall,40,"[-1.0775852,-1.1091184,0.52394325,-1.7731427,-2.3355842,-1.3415614]","[0.35851485,-0.53108823,0.77957535]",0.1336234360639474,0.35575464339012053,0.07112886921586353,false,0.0,nan,0.0,
rrtstar_ompl,39,static_tall_formal_v2_039,hard_reach,tall,41,"[-1.1045248,-1.0975963,0.50954183,-1.7782213,-2.3547238,-1.3751004]","[0.3440451,-0.54351616,0.78020674]",0.11464711923224745,0.304932551477246,0.07107185805059266,false,0.0,nan,0.0,
rrtstar_ompl,39,static_tall_formal_v2_039,hard_reach,tall,42,"[-1.1314644,-1.0860743,0.49514041,-1.7832998,-2.3738634,-1.4086394]","[0.3291598,-0.55547392,0.78078765]",0.09562214434858969,0.25411045956437184,0.06202790437853453,false,0.0,nan,0.0,
rrtstar_ompl,39,static_tall_formal_v2_039,hard_reach,tall,43,"[-1.158404,-1.0745523,0.48073899,-1.7883784,-2.393003,-1.4421785]","[0.313876,-0.56694764,0.781317]",0.07655504187393478,0.20328836765149746,0.05321428733608183,false,0.0,nan,0.0,
rrtstar_ompl,39,static_tall_formal_v2_039,hard_reach,tall,44,"[-1.1853437,-1.0630302,0.46633758,-1.793457,-2.4121426,-1.4757175]","[0.29821151,-0.57792383,0.78179437]",0.05745265996635713,0.15246627573862306,0.04470687959921596,false,0.0,nan,0.0,
rrtstar_ompl,39,static_tall_formal_v2_039,hard_reach,tall,45,"[-1.2122833,-1.0515082,0.45193616,-1.7985355,-2.4312822,-1.5092565]","[0.28218436,-0.58838987,0.78221893]",0.03832158725846245,0.10164418382574857,0.036600764719205356,false,0.0,nan,0.0,
rrtstar_ompl,39,static_tall_formal_v2_039,hard_reach,tall,46,"[-1.2392229,-1.0399861,0.43753474,-1.8036141,-2.4504219,-1.5427956]","[0.26581302,-0.59833372,0.78258997]",0.019168469521780456,0.05082209191287437,0.029014270096866024,false,0.0,nan,0.0,
rrtstar_ompl,39,static_tall_formal_v2_039,hard_reach,tall,47,"[-1.2661626,-1.0284641,0.42313332,-1.8086927,-2.4695615,-1.5763346]","[0.24911647,-0.6077441,0.78290677]",1.4746737505211324e-08,0.0,0.02209301267439405,false,0.0,nan,0.0,
rrtstar_ompl,40,static_tall_formal_v2_040,hard_reach,tall,0,"[0,-1.57,1.1,-1.57,-1.57,0]","[0.48397353,0.13337938,0.72136778]",0.46327590746305397,1.9604838288413093,0.0878999940395355,false,20.083042860031128,nan,0.0,
rrtstar_ompl,40,static_tall_formal_v2_040,hard_reach,tall,1,"[-0.010921689,-1.5709982,1.1230069,-1.5437594,-1.5750583,-0.034105742]","[0.48652923,0.12756957,0.70722026]",0.45057482750435246,1.9102150127171729,0.0878999940395355,false,0.0,nan,0.0,
rrtstar_ompl,40,static_tall_formal_v2_040,hard_reach,tall,2,"[-0.021843379,-1.5719965,1.1460138,-1.5175188,-1.5801166,-0.068211483]","[0.48853716,0.12173037,0.69310933]",0.43782706616225253,1.8599461965930368,0.0878999940395355,false,0.0,nan,0.0,
rrtstar_ompl,40,static_tall_formal_v2_040,hard_reach,tall,3,"[-0.032765068,-1.5729947,1.1690207,-1.4912783,-1.5851749,-0.10231722]","[0.49000171,0.11587815,0.67905337]",0.4250402942984688,1.8096773804689008,0.0878999940395355,false,0.0,nan,0.0,
rrtstar_ompl,40,static_tall_formal_v2_040,hard_reach,tall,4,"[-0.043686758,-1.573993,1.1920276,-1.4650377,-1.5902332,-0.13642297]","[0.49092841,0.11002901,0.66507065]",0.41222238017490337,1.7594085643447646,0.0878999940395355,false,0.0,nan,0.0,
rrtstar_ompl,40,static_tall_formal_v2_040,hard_reach,tall,5,"[-0.054608447,-1.5749912,1.2150346,-1.4387971,-1.5952915,-0.17052871]","[0.49132398,0.10419881,0.65117913]",0.39938118712901477,1.7091397482206285,0.0878999940395355,false,0.0,nan,0.0,
rrtstar_ompl,40,static_tall_formal_v2_040,hard_reach,tall,6,"[-0.065530137,-1.5759895,1.2380415,-1.4125565,-1.6003498,-0.20463445]","[0.4911963,0.098403044,0.63739622]",0.3865244667152408,1.6588709320964923,0.0878999940395355,false,0.0,nan,0.0,
rrtstar_ompl,40,static_tall_formal_v2_040,hard_reach,tall,7,"[-0.076451826,-1.5769877,1.2610484,-1.3863159,-1.6054081,-0.23874019]","[0.490554,0.092656843,0.62373936]",0.37366014807510095,1.608602115972356,0.0878999940395355,false,0.0,nan,0.0,
rrtstar_ompl,40,static_tall_formal_v2_040,hard_reach,tall,8,"[-0.087373516,-1.577986,1.2840553,-1.3600753,-1.6104664,-0.27284593]","[0.48940715,0.086974911,0.61022502]",0.36079587957616066,1.5583332998482198,0.0878999940395355,false,0.0,nan,0.0,
rrtstar_ompl,40,static_tall_formal_v2_040,hard_reach,tall,9,"[-0.098295205,-1.5789842,1.3070622,-1.3338348,-1.6155247,-0.30695167]","[0.48776633,0.081371479,0.59686947]",0.34793924031957757,1.5080644837240837,0.0878999940395355,false,0.0,nan,0.0,
rrtstar_ompl,40,static_tall_formal_v2_040,hard_reach,tall,10,"[-0.10921689,-1.5799824,1.3300691,-1.3075942,-1.620583,-0.34105742]","[0.48564345,0.075860269,0.58368832]",0.3350978503646777,1.4577956675999477,0.08449980574373742,false,0.0,nan,0.0,
rrtstar_ompl,40,static_tall_formal_v2_040,hard_reach,tall,11,"[-0.12013858,-1.5809807,1.353076,-1.2813536,-1.6256413,-0.37516316]","[0.48305109,0.070454501,0.57069689]",0.32227931926919534,1.4075268514758117,0.0767689558867154,false,0.0,nan,0.0,
rrtstar_ompl,40,static_tall_formal_v2_040,hard_reach,tall,12,"[-0.13106027,-1.5819789,1.3760829,-1.255113,-1.6306995,-0.4092689]","[0.48000288,0.065166794,0.55790991]",0.30949125788952214,1.3572580353516754,0.07028540205721343,false,0.0,nan,0.0,
rrtstar_ompl,40,static_tall_formal_v2_040,hard_reach,tall,13,"[-0.14198196,-1.5829772,1.3990898,-1.2288724,-1.6357578,-0.44337464]","[0.47651303,0.060009141,0.54534125]",0.29674087728877807,1.3069892192275394,0.0652011228970342,false,0.0,nan,0.0,
rrtstar_ompl,40,static_tall_formal_v2_040,hard_reach,tall,14,"[-0.15290365,-1.5839754,1.4220967,-1.2026318,-1.6408161,-0.47748038]","[0.47259668,0.054992873,0.53300446]",0.2840355901286489,1.2567204031034032,0.06163820308628925,false,0.0,nan,0.0,
rrtstar_ompl,40,static_tall_formal_v2_040,hard_reach,tall,15,"[-0.16382534,-1.5849737,1.4451037,-1.1763913,-1.6458744,-0.51158612]","[0.46826965,0.050128754,0.52091223]",0.2713825763735856,1.2064515869792671,0.05966652911540723,false,0.0,nan,0.0,
rrtstar_ompl,40,static_tall_formal_v2_040,hard_reach,tall,16,"[-0.17474703,-1.5859719,1.4681106,-1.1501507,-1.6509327,-0.54569186]","[0.46354839,0.045426752,0.50907683]",0.2587890490756547,1.156182770855131,0.05928703706174542,false,0.0,nan,0.0,
rrtstar_ompl,40,static_tall_formal_v2_040,hard_reach,tall,17,"[-0.18566872,-1.5869702,1.4911175,-1.1239101,-1.655991,-0.57979761]","[0.45845002,0.040896192,0.49750966]",0.2462620066618821,1.1059139547309949,0.060426002223514,false,0.0,nan,0.0,
rrtstar_ompl,40,static_tall_formal_v2_040,hard_reach,tall,18,"[-0.19659041,-1.5879684,1.5141244,-1.0976695,-1.6610493,-0.61390335]","[0.45299205,0.036545616,0.48622143]",0.2338082657103176,1.0556451386068586,0.06294457169725051,false,0.0,nan,0.0,
rrtstar_ompl,40,static_tall_formal_v2_040,hard_reach,tall,19,"[-0.2075121,-1.5889667,1.5371313,-1.0714289,-1.6661076,-0.64800909]","[0.44719261,0.03238282,0.47522253]",0.22143483634748093,1.0053763224827226,0.06664849787596613,false,0.0,nan,0.0,
rrtstar_ompl,40,static_tall_formal_v2_040,hard_reach,tall,20,"[-0.21843379,-1.5899649,1.5601382,-1.0451883,-1.6711659,-0.68211483]","[0.44107035,0.028414886,0.464522]",0.20914828085178458,0.9551075063585865,0.07064206243790686,false,0.0,nan,0.0,
rrtstar_ompl,40,static_tall_formal_v2_040,hard_reach,tall,21,"[-0.22935548,-1.5909631,1.5831451,-1.0189478,-1.6762242,-0.71622057]","[0.43464401,0.024648044,0.45412859]",0.19695509126900168,0.9048386902344504,0.07444547250606123,false,0.0,nan,0.0,
rrtstar_ompl,40,static_tall_formal_v2_040,hard_reach,tall,22,"[-0.24027717,-1.5919614,1.606152,-0.99270717,-1.6812825,-0.75032631]","[0.42793295,0.021087816,0.44405022]",0.18486179189373794,0.8545698741103143,0.07701707673404605,false,0.0,nan,0.0,
rrtstar_ompl,40,static_tall_formal_v2_040,hard_reach,tall,23,"[-0.25119886,-1.5929596,1.6291589,-0.96646659,-1.6863408,-0.78443206]","[0.42095673,0.017738868,0.43429387]",0.17287461299847806,0.8043010579861781,0.07898263410882901,false,0.0,nan,0.0,
rrtstar_ompl,40,static_tall_formal_v2_040,hard_reach,tall,24,"[-0.26212055,-1.5939579,1.6521658,-0.94022601,-1.6913991,-0.8185378]","[0.413735,0.014605157,0.42486596]",0.1609996884545275,0.7540322418620419,0.08117241494331073,false,0.0,nan,0.0,
rrtstar_ompl,40,static_tall_formal_v2_040,hard_reach,tall,25,"[-0.27304224,-1.5949561,1.6751728,-0.91398542,-1.6964574,-0.85264354]","[0.40628758,0.011689767,0.41577211]",0.1492429653474593,0.7037634257379056,0.08083336409246852,false,0.0,nan,0.0,
rrtstar_ompl,40,static_tall_formal_v2_040,hard_reach,tall,26,"[-0.28396393,-1.5959544,1.6981797,-0.88774484,-1.7015157,-0.88674928]","[0.39863449,0.0089950375,0.40701708]",0.13761029453737805,0.6534946096137697,0.08105045651395237,false,0.0,nan,0.0,
rrtstar_ompl,40,static_tall_formal_v2_040,hard_reach,tall,27,"[-0.29488562,-1.5969526,1.7211866,-0.86150426,-1.706574,-0.92085502]","[0.39079565,0.0065225549,0.39860502]",0.12610733745430158,0.6032257934896336,0.08181151880358428,false,0.0,nan,0.0,
rrtstar_ompl,40,static_tall_formal_v2_040,hard_reach,tall,28,"[-0.30580731,-1.5979509,1.7441935,-0.83526367,-1.7116323,-0.95496076]","[0.3827911,0.0042730737,0.39053896]",0.11473952638178278,0.5529569773654974,0.08309689751232144,false,0.0,nan,0.0,
rrtstar_ompl,40,static_tall_formal_v2_040,hard_reach,tall,29,"[-0.316729,-1.5989491,1.7672004,-0.80902309,-1.7166906,-0.9890665]","[0.37464058,0.0022466881,0.38282159]",0.10351217406889043,0.5026881612413612,0.07856513690592169,false,0.0,nan,0.0,
rrtstar_ompl,40,static_tall_formal_v2_040,hard_reach,tall,30,"[-0.32765068,-1.5999473,1.7902073,-0.78278251,-1.7217489,-1.0231722]","[0.36636394,0.00044266786,0.3754546]",0.09243048744499163,0.4524193451172251,0.07430642159436883,false,0.0,nan,0.0,
rrtstar_ompl,40,static_tall_formal_v2_040,hard_reach,tall,31,"[-0.33857237,-1.6009456,1.8132142,-0.75654192,-1.7268072,-1.057278]","[0.35798055,-0.0011404008,0.36843902]",0.08149929959319953,0.40215052899308906,0.07066555292390962,false,0.0,nan,0.0,
rrtstar_ompl,40,static_tall_formal_v2_040,hard_reach,tall,32,"[-0.34949406,-1.6019438,1.8362211,-0.73030134,-1.7318655,-1.0913837]","[0.34951001,-0.0025046552,0.36177489]",0.07072355193768051,0.351881712868953,0.0676150297090411,false,0.0,nan,0.0,
rrtstar_ompl,40,static_tall_formal_v2_040,hard_reach,tall,33,"[-0.36041575,-1.6029421,1.859228,-0.70406076,-1.7369238,-1.1254895]","[0.34097099,-0.0036528911,0.35546178]",0.060107568211329204,0.3016128967448167,0.0647602633103728,false,0.0,nan,0.0,
rrtstar_ompl,40,static_tall_formal_v2_040,hard_reach,tall,34,"[-0.37133744,-1.6039403,1.8822349,-0.67782018,-1.7419821,-1.1595952]","[0.33238232,-0.0045885891,0.34949839]",0.049655861601292206,0.2513440806206806,0.06203872687518597,false,0.0,nan,0.0,
rrtstar_ompl,40,static_tall_formal_v2_040,hard_reach,tall,35,"[-0.38225913,-1.6049386,1.9052419,-0.65157959,-1.7470403,-1.193701]","[0.32376227,-0.0053157769,0.34388283]",0.03937264642187481,0.2010752644965444,0.05945572969838975,false,0.0,nan,0.0,
rrtstar_ompl,40,static_tall_formal_v2_040,hard_reach,tall,36,"[-0.39318082,-1.6059368,1.9282488,-0.62533901,-1.7520986,-1.2278067]","[0.31512862,-0.00583921,0.33861217]",0.02926174390552898,0.15080644837240825,0.057016329092532375,false,0.0,nan,0.0,
rrtstar_ompl,40,static_tall_formal_v2_040,hard_reach,tall,37,"[-0.40410251,-1.6069351,1.9512557,-0.59909843,-1.7571569,-1.2619124]","[0.30649877,-0.0061640963,0.33368334]",0.019327083927557633,0.10053763224827228,0.05472555494084952,false,0.0,nan,0.0,
rrtstar_ompl,40,static_tall_formal_v2_040,hard_reach,tall,38,"[-0.4150242,-1.6079333,1.9742626,-0.57285784,-1.7622152,-1.2960182]","[0.29788947,-0.0062961858,0.32909203]",0.009572041619121995,0.05026881612413605,0.052588249770551904,false,0.0,nan,0.0,
rrtstar_ompl,40,static_tall_formal_v2_040,hard_reach,tall,39,"[-0.42594589,-1.6089316,1.9972695,-0.54661726,-1.7672735,-1.3301239]","[0.28931701,-0.0062417965,0.32483363]",4.2001385322740264e-09,0.0,0.05060902980118989,false,0.0,nan,0.0,
rrtstar_ompl,41,static_tall_formal_v2_041,hard_reach,tall,0,"[0,-1.57,1.1,-1.57,-1.57,0]","[0.48397353,0.13337938,0.72136778]",0.8764127318082671,2.5272335462673006,0.0878999940395355,false,20.005717039108276,nan,0.0,
rrtstar_ompl,41,static_tall_formal_v2_041,hard_reach,tall,1,"[-0.14173449,-1.5845724,1.0537962,-1.6125383,-1.6008281,0.0037438902]","[0.48381341,0.062593341,0.75632501]",0.8338456634197786,2.447176716855805,0.0878999940395355,false,0.0,nan,0.0,
rrtstar_ompl,41,static_tall_formal_v2_041,hard_reach,tall,2,"[-0.28346897,-1.5991449,1.0075924,-1.6550765,-1.6316561,0.0074877805]","[0.47097301,-0.0046696179,0.79084402]",0.7960255238936182,2.3750490035044063,0.0878999940395355,false,0.0,nan,0.0,
rrtstar_ompl,41,static_tall_formal_v2_041,hard_reach,tall,3,"[-0.42520346,-1.6137173,0.96138863,-1.6976148,-1.6624842,0.011231671]","[0.4466387,-0.065931313,0.82467657]",0.765207116505913,2.311592752618236,0.0878999940395355,false,0.0,nan,0.0,
rrtstar_ompl,41,static_tall_formal_v2_041,hard_reach,tall,4,"[-0.56693794,-1.6282897,0.91518484,-1.740153,-1.6933123,0.014975561]","[0.41250387,-0.11903019,0.85757118]",0.7434068659019085,2.2575393104552552,0.0878999940395355,false,0.0,nan,0.0,
rrtstar_ompl,41,static_tall_formal_v2_041,hard_reach,tall,5,"[-0.70867243,-1.6428621,0.86898105,-1.7826913,-1.7241403,0.018719451]","[0.37068957,-0.16222793,0.88927639]",0.7320747408155367,2.2135776069359268,0.08018121483189401,false,0.0,nan,0.0,
rrtstar_ompl,41,static_tall_formal_v2_041,hard_reach,tall,6,"[-0.85040692,-1.6574346,0.82277725,-1.8252295,-1.7549684,0.022463341]","[0.32364297,-0.19429718,0.91954345]",0.7317863875517521,2.1803181659999393,0.06838964770202512,false,0.0,nan,0.0,
rrtstar_ompl,41,static_tall_formal_v2_041,hard_reach,tall,7,"[-0.9921414,-1.672007,0.77657346,-1.8677678,-1.7857965,0.026207232]","[0.27401704,-0.21458498,0.948129]",0.7420874867986614,2.158255820664977,0.06068172174300257,false,0.0,nan,0.0,
rrtstar_ompl,41,static_tall_formal_v2_041,hard_reach,tall,8,"[-1.1338759,-1.6865794,0.73036967,-1.910306,-1.8166245,0.029951122]","[0.22453736,-0.22304705,0.97479808]",0.7615728885184273,2.147735660937567,0.054094282512897995,false,0.0,nan,0.0,
rrtstar_ompl,41,static_tall_formal_v2_041,hard_reach,tall,9,"[-1.2756104,-1.7011518,0.68416588,-1.9528443,-1.8474526,0.033695012]","[0.17786348,-0.22025225,0.99932748]",0.7881616523092508,2.1489272092082032,0.05159951977947844,false,0.0,nan,0.0,
rrtstar_ompl,41,static_tall_formal_v2_041,hard_reach,tall,10,"[-1.4173449,-1.7157243,0.63796209,-1.9953825,-1.8782807,0.037438902]","[0.1364525,-0.20735464,1.0215076]",0.819441681384291,2.161811099766015,0.053580682738093466,false,0.0,nan,0.0,
rrtstar_ompl,41,static_tall_formal_v2_041,hard_reach,tall,11,"[-1.5590793,-1.7302967,0.5917583,-2.0379208,-1.9091087,0.041182793]","[0.10243002,-0.18603498,1.0411463]",0.8529679005273129,2.186180621781169,0.05996349214298269,false,0.0,nan,0.0,
rrtstar_ompl,41,static_tall_formal_v2_041,hard_reach,tall,12,"[-1.7008138,-1.7448691,0.54555451,-2.080459,-1.9399368,0.044926683]","[0.077478334,-0.15841404,1.0580701]",0.8864577616365803,2.2216578472877426,0.0702627228032573,false,0.0,nan,0.0,
rrtstar_ompl,41,static_tall_formal_v2_041,hard_reach,tall,13,"[-1.8425483,-1.7594415,0.49935072,-2.1229973,-1.9707649,0.048670573]","[0.062745862,-0.12694171,1.0721275]",0.917893388830849,2.267721514904922,0.08377585126413561,false,0.0,nan,0.0,
rrtstar_ompl,41,static_tall_formal_v2_041,hard_reach,tall,14,"[-1.9842828,-1.774014,0.45314693,-2.1655355,-2.0015929,0.052414463]","[0.058784522,-0.094267562,1.0831909]",0.9455583225873244,2.323742143030053,0.0878999940395355,false,0.0,nan,0.0,
rrtstar_ompl,41,static_tall_formal_v2_041,hard_reach,tall,15,"[-2.1260173,-1.7885864,0.40694314,-2.2080738,-2.032421,0.056158353]","[0.065517291,-0.063100673,1.0911582]",0.968038319687847,2.389019385607595,0.0878999940395355,false,0.0,nan,0.0,
rrtstar_ompl,41,static_tall_formal_v2_041,hard_reach,tall,16,"[-2.2677518,-1.8031588,0.36073935,-2.250612,-2.0632491,0.059902244]","[0.082239762,-0.03606379,1.0959537]",0.9842082943591387,2.4628173098522015,0.0878999940395355,false,0.0,nan,0.0,
rrtstar_ompl,41,static_tall_formal_v2_041,hard_reach,tall,17,"[-2.4094863,-1.8177312,0.31453556,-2.2931503,-2.0940771,0.063646134]","[0.10765433,-0.015552216,1.0975307]",0.9932155673513738,2.544394619156026,0.0878999940395355,false,0.0,nan,0.0,
rrtstar_ompl,41,static_tall_formal_v2_041,hard_reach,tall,18,"[-2.5512207,-1.8323037,0.26833176,-2.3356885,-2.1249052,0.067390024]","[0.13993599,-0.0036037723,1.0958709]",0.9944636590536675,2.6330283427370094,0.0878999940395355,false,0.0,nan,0.0,
rrtstar_ompl,41,static_tall_formal_v2_041,hard_reach,tall,19,"[-2.6929552,-1.8468761,0.22212797,-2.3782268,-2.1557333,0.071133914]","[0.17682697,-0.001786368,1.0909858]",0.9876019417107987,2.7280307785482236,0.0878999940395355,false,0.0,nan,0.0,
rrtstar_ompl,41,static_tall_formal_v2_041,hard_reach,tall,20,"[-2.8346897,-1.8614485,0.17592418,-2.420765,-2.1865614,0.074877805]","[0.21575442,-0.011110801,1.0829157]",0.9725175968450589,2.8287603297452057,0.0878999940395355,false,0.0,nan,0.0,
rrtstar_ompl,41,static_tall_formal_v2_041,hard_reach,tall,21,"[-2.9764242,-1.8760209,0.12972039,-2.4633033,-2.2173894,0.078621695]","[0.25396425,-0.03197265,1.0717306]",0.9493357741412563,2.934627314831944,0.0878999940395355,false,0.0,nan,0.0,
rrtstar_ompl,41,static_tall_formal_v2_041,hard_reach,tall,22,"[-3.1181587,-1.8905934,0.083516601,-2.5058415,-2.2482175,0.082365585]","[0.28866652,-0.064125754,1.0575286]",0.9184243318738633,3.0450959508953157,0.0878999940395355,false,0.0,nan,0.0,
rrtstar_ompl,41,static_tall_formal_v2_041,hard_reach,tall,23,"[-3.2598932,-1.9051658,0.03731281,-2.5483798,-2.2790456,0.086109475]","[0.31718072,-0.1066906,1.0404352]",0.8804082124213166,3.159683627001935,0.0878999940395355,false,0.0,nan,0.0,
rrtstar_ompl,41,static_tall_formal_v2_041,hard_reach,tall,24,"[-3.4016277,-1.9197382,-0.0088909806,-2.590918,-2.3098736,0.089853365]","[0.33707729,-0.15819465,1.0206009]",0.836195222447931,3.2779584034445772,0.0878999940395355,false,0.0,nan,0.0,
rrtstar_ompl,41,static_tall_formal_v2_041,hard_reach,tall,25,"[-3.5433621,-1.9343106,-0.055094771,-2.6334563,-2.3407017,0.093597256]","[0.34630376,-0.21664424,0.99820119]",0.7870206226960824,3.3995354632751664,0.0878999940395355,false,0.0,nan,0.0,
rrtstar_ompl,41,static_tall_formal_v2_041,hard_reach,tall,26,"[-3.6850966,-1.9488831,-0.10129856,-2.6759945,-2.3715298,0.097341146]","[0.34329212,-0.27962312,0.97343248]",0.7345127196687052,3.5240730464622656,0.0878999940395355,false,0.0,nan,0.0,
rrtstar_ompl,41,static_tall_formal_v2_041,hard_reach,tall,27,"[-3.8268311,-1.9634555,-0.14750235,-2.7185328,-2.4023578,0.10108504]","[0.32704011,-0.3444117,0.94651097]",0.6807894927608236,3.6512682326723036,0.0878999940395355,false,0.0,nan,0.0,
rrtstar_ompl,41,static_tall_formal_v2_041,hard_reach,tall,28,"[-3.9685656,-1.9780279,-0.19370614,-2.761071,-2.4331859,0.10482893]","[0.29716298,-0.40812153,0.91766912]",0.6285760546184755,3.7808528107327564,0.0878999940395355,false,0.0,nan,0.0,
rrtstar_ompl,41,static_tall_formal_v2_041,hard_reach,tall,29,"[-3.8475639,-1.9387497,-0.11344527,-2.7472176,-2.4093521,0.18324356]","[0.29608685,-0.33026138,0.9643476]",0.701017297603843,3.608995864790358,0.0878999940395355,false,0.0,nan,0.0,
rrtstar_ompl,41,static_tall_formal_v2_041,hard_reach,tall,30,"[-3.7265623,-1.8994715,-0.033184403,-2.7333642,-2.3855184,0.26165819]","[0.27693379,-0.25638214,1.0044317]",0.769291652250952,3.43713891884796,0.0878999940395355,false,0.0,nan,0.0,
rrtstar_ompl,41,static_tall_formal_v2_041,hard_reach,tall,31,"[-3.6055606,-1.8601933,0.047076468,-2.7195108,-2.3616846,0.34007283]","[0.2411858,-0.1905628,1.0373056]",0.8309653670490547,3.265281972905562,0.0878999940395355,false,0.0,nan,0.0,
rrtstar_ompl,41,static_tall_formal_v2_041,hard_reach,tall,32,"[-3.4845589,-1.820915,0.12733734,-2.7056574,-2.3378509,0.41848746]","[0.19124781,-0.13643482,1.0624567]",0.8841902762382103,3.093425026963164,0.0878999940395355,false,0.0,nan,0.0,
rrtstar_ompl,41,static_tall_formal_v2_041,hard_reach,tall,33,"[-3.3635572,-1.7816368,0.20759821,-2.691804,-2.3140171,0.49690209]","[0.13031927,-0.096972808,1.0794861]",0.9275416324005901,2.9215680810207667,0.0878999940395355,false,0.0,nan,0.0,
rrtstar_ompl,41,static_tall_formal_v2_041,hard_reach,tall,34,"[-3.2425556,-1.7423586,0.28785908,-2.6779506,-2.2901834,0.57531672]","[0.062218346,-0.074320786,1.0881146]",0.9599277622975327,2.749711135078368,0.0878999940395355,false,0.0,nan,0.0,
rrtstar_ompl,41,static_tall_formal_v2_041,hard_reach,tall,35,"[-3.1215539,-1.7030804,0.36811995,-2.6640972,-2.2663496,0.65373136]","[-0.0088308975,-0.069666281,1.0881901]",0.9805414981455058,2.57785418913597,0.0878999940395355,false,0.0,nan,0.0,
rrtstar_ompl,41,static_tall_formal_v2_041,hard_reach,tall,36,"[-3.0005522,-1.6638022,0.44838082,-2.6502438,-2.2425159,0.73214599]","[-0.078437239,-0.083167732,1.0796889]",0.9888309054806182,2.405997243193572,0.0878999940395355,false,0.0,nan,0.0,
rrtstar_ompl,41,static_tall_formal_v2_041,hard_reach,tall,37,"[-2.8795505,-1.6245239,0.52864169,-2.6363904,-2.2186822,0.81056062]","[-0.14229071,-0.11394183,1.0627193]",0.9844836213004161,2.234140297251174,0.0878999940395355,false,0.0,nan,0.0,
rrtstar_ompl,41,static_tall_formal_v2_041,hard_reach,tall,38,"[-2.7585489,-1.5852457,0.60890256,-2.622537,-2.1948484,0.88897526]","[-0.19640914,-0.16011098,1.0375183]",0.9674137753087408,2.062283351308776,0.0878999940395355,false,0.0,nan,0.0,
rrtstar_ompl,41,static_tall_formal_v2_041,hard_reach,tall,39,"[-2.6375472,-1.5459675,0.68916343,-2.6086836,-2.1710147,0.96738989]","[-0.23736547,-0.21890898,1.0044497]",0.9377535565433579,1.890426405366378,0.0878999940395355,false,0.0,nan,0.0,
rrtstar_ompl,41,static_tall_formal_v2_041,hard_reach,tall,40,"[-2.5165455,-1.5066893,0.7694243,-2.5948302,-2.1471809,1.0458045]","[-0.26248315,-0.28683743,0.96399844]",0.8958429357562776,1.7185694594239802,0.0878999940395355,false,0.0,nan,0.0,
rrtstar_ompl,41,static_tall_formal_v2_041,hard_reach,tall,41,"[-2.3955439,-1.4674111,0.84968517,-2.5809768,-2.1233472,1.1242192]","[-0.26998949,-0.35986629,0.91676265]",0.842219592630869,1.546712513481582,0.0878999940395355,false,0.0,nan,0.0,
rrtstar_ompl,41,static_tall_formal_v2_041,hard_reach,tall,42,"[-2.2745422,-1.4281328,0.92994604,-2.5671234,-2.0995134,1.2026338]","[-0.25911453,-0.43366376,0.86344469]",0.7776064584307233,1.374855567539184,0.0878999940395355,false,0.0,nan,0.0,
rrtstar_ompl,41,static_tall_formal_v2_041,hard_reach,tall,43,"[-2.1535405,-1.3888546,1.0102069,-2.55327,-2.0756797,1.2810484]","[-0.23013318,-0.50384384,0.80483943]",0.7028977486335558,1.2029986215967863,0.0878999940395355,false,0.0,nan,0.0,
rrtstar_ompl,41,static_tall_formal_v2_041,hard_reach,tall,44,"[-2.0325388,-1.3495764,1.0904678,-2.5394166,-2.0518459,1.3594631]","[-0.1843458,-0.5662173,0.74182129]",0.6191425442969921,1.031141675654388,0.0878999940395355,false,0.0,nan,0.0,
rrtstar_ompl,41,static_tall_formal_v2_041,hard_reach,tall,45,"[-1.9115372,-1.3102982,1.1707287,-2.5255632,-2.0280122,1.4378777]","[-0.12399925,-0.61702788,0.67533052]",0.5275272084698772,0.8592847297119899,0.0878999940395355,false,0.0,nan,0.0,
rrtstar_ompl,41,static_tall_formal_v2_041,hard_reach,tall,46,"[-1.7905355,-1.27102,1.2509895,-2.5117098,-2.0041784,1.5162923]","[-0.052153785,-0.65316427,0.60635704]",0.42935489760515344,0.6874277837695918,0.08776097637634303,false,0.0,nan,0.0,
rrtstar_ompl,41,static_tall_formal_v2_041,hard_reach,tall,47,"[-1.6695338,-1.2317417,1.3312504,-2.4978564,-1.9803447,1.594707]","[0.027497221,-0.67233181,0.53592473]",0.32602405400465556,0.515570837827194,0.08176668724563199,false,0.0,nan,0.0,
rrtstar_ompl,41,static_tall_formal_v2_041,hard_reach,tall,48,"[-1.5485321,-1.1924635,1.4115113,-2.484003,-1.9565109,1.6731216]","[0.11084239,-0.67317575,0.46507406]",0.21900505915803803,0.34371389188479606,0.07431096386280714,false,0.0,nan,0.0,
rrtstar_ompl,41,static_tall_formal_v2_041,hard_reach,tall,49,"[-1.4275305,-1.1531853,1.4917721,-2.4701496,-1.9326772,1.7515362]","[0.19358984,-0.65534818,0.39484549]",0.10981652469384551,0.17185694594239773,0.06145840208691744,false,0.0,nan,0.0,
rrtstar_ompl,41,static_tall_formal_v2_041,hard_reach,tall,50,"[-1.3065288,-1.1139071,1.572033,-2.4562962,-1.9088434,1.8299508]","[0.27151299,-0.61951584,0.326262]",6.679535413979275e-09,0.0,0.05233311387227327,false,0.0,nan,0.0,
rrtstar_ompl,42,static_tall_formal_v2_042,around_tall_obstacle,tall,0,"[0,-1.57,1.1,-1.57,-1.57,0]","[0.48397353,0.13337938,0.72136778]",0.3865354535468399,1.8346002055955037,0.0878999940395355,false,20.309250116348267,nan,0.0,
rrtstar_ompl,42,static_tall_formal_v2_042,around_tall_obstacle,tall,1,"[-0.012261232,-1.5890481,1.1264546,-1.5542119,-1.5640061,0.033148663]","[0.47773954,0.12812848,0.71560931]",0.3772994544532061,1.7836390887734064,0.0878999940395355,false,0.0,nan,0.0,
rrtstar_ompl,42,static_tall_formal_v2_042,around_tall_obstacle,tall,2,"[-0.024522465,-1.6080962,1.1529092,-1.5384239,-1.5580123,0.066297326]","[0.47136155,0.12305254,0.70971555]",0.3679347032323481,1.7326779719513092,0.0878999940395355,false,0.0,nan,0.0,
rrtstar_ompl,42,static_tall_formal_v2_042,around_tall_obstacle,tall,3,"[-0.036783697,-1.6271443,1.1793637,-1.5226358,-1.5520184,0.099445989]","[0.46484643,0.11815525,0.70368862]",0.3584447721587576,1.6817168551292119,0.0878999940395355,false,0.0,nan,0.0,
rrtstar_ompl,42,static_tall_formal_v2_042,around_tall_obstacle,tall,4,"[-0.04904493,-1.6461924,1.2058183,-1.5068478,-1.5460245,0.13259465]","[0.45820156,0.11344003,0.69753033]",0.34883323599112365,1.6307557383071145,0.0878999940395355,false,0.0,nan,0.0,
rrtstar_ompl,42,static_tall_formal_v2_042,around_tall_obstacle,tall,5,"[-0.061306163,-1.6652404,1.2322729,-1.4910597,-1.5400306,0.16574332]","[0.4514342,0.10891009,0.69124281]",0.33910381263659656,1.5797946214850171,0.0878999940395355,false,0.0,nan,0.0,
rrtstar_ompl,42,static_tall_formal_v2_042,around_tall_obstacle,tall,6,"[-0.073567395,-1.6842885,1.2587275,-1.4752717,-1.5340368,0.19889198]","[0.44455177,0.1045683,0.6848281]",0.3292601710472945,1.5288335046629196,0.0878999940395355,false,0.0,nan,0.0,
rrtstar_ompl,42,static_tall_formal_v2_042,around_tall_obstacle,tall,7,"[-0.085828628,-1.7033366,1.2851821,-1.4594836,-1.5280429,0.23204064]","[0.43756187,0.10041741,0.67828822]",0.3193060678831096,1.4778723878408224,0.0878999940395355,false,0.0,nan,0.0,
rrtstar_ompl,42,static_tall_formal_v2_042,around_tall_obstacle,tall,8,"[-0.09808986,-1.7223847,1.3116366,-1.4436956,-1.522049,0.2651893]","[0.43047187,0.096459806,0.67162538]",0.3092451760960788,1.4269112710187253,0.0878999940395355,false,0.0,nan,0.0,
rrtstar_ompl,42,static_tall_formal_v2_042,around_tall_obstacle,tall,9,"[-0.11035109,-1.7414328,1.3380912,-1.4279075,-1.5160552,0.29833797]","[0.42328966,0.092697658,0.66484159]",0.2990813592599602,1.375950154196628,0.0878999940395355,false,0.0,nan,0.0,
rrtstar_ompl,42,static_tall_formal_v2_042,around_tall_obstacle,tall,10,"[-0.12261233,-1.7604809,1.3645458,-1.4121194,-1.5100613,0.33148663]","[0.41602293,0.08913289,0.65793931]",0.2888186159208006,1.3249890373745303,0.0878999940395355,false,0.0,nan,0.0,
rrtstar_ompl,42,static_tall_formal_v2_042,around_tall_obstacle,tall,11,"[-0.13487356,-1.779529,1.3910004,-1.3963314,-1.5040674,0.36463529]","[0.40867949,0.08576715,0.65092057]",0.27846068385577316,1.274027920552433,0.0878999940395355,false,0.0,nan,0.0,
rrtstar_ompl,42,static_tall_formal_v2_042,around_tall_obstacle,tall,12,"[-0.14713479,-1.7985771,1.417455,-1.3805433,-1.4980735,0.39778396]","[0.40126711,0.082601793,0.64378744]",0.26801129513981164,1.2230668037303358,0.0878999940395355,false,0.0,nan,0.0,
rrtstar_ompl,42,static_tall_formal_v2_042,around_tall_obstacle,tall,13,"[-0.15939602,-1.8176252,1.4439095,-1.3647553,-1.4920797,0.43093262]","[0.39379379,0.079638012,0.63654226]",0.25747448125089945,1.1721056869082385,0.0878999940395355,false,0.0,nan,0.0,
rrtstar_ompl,42,static_tall_formal_v2_042,around_tall_obstacle,tall,14,"[-0.17165726,-1.8366733,1.4703641,-1.3489672,-1.4860858,0.46408128]","[0.38626724,0.076876558,0.62918729]",0.24685402290057754,1.121144570086141,0.0878999940395355,false,0.0,nan,0.0,
rrtstar_ompl,42,static_tall_formal_v2_042,around_tall_obstacle,tall,15,"[-0.18391849,-1.8557213,1.4968187,-1.3331792,-1.4800919,0.49722995]","[0.37869567,0.074318089,0.6217249]",0.23615410198357356,1.0701834532640437,0.0878999940395355,false,0.0,nan,0.0,
rrtstar_ompl,42,static_tall_formal_v2_042,around_tall_obstacle,tall,16,"[-0.19617972,-1.8747694,1.5232733,-1.3173911,-1.474098,0.53037861]","[0.37108678,0.071962938,0.61415732]",0.22537843743151134,1.0192223364419466,0.0878999940395355,false,0.0,nan,0.0,
rrtstar_ompl,42,static_tall_formal_v2_042,around_tall_obstacle,tall,17,"[-0.20844095,-1.8938175,1.5497279,-1.3016031,-1.4681042,0.56352727]","[0.36344865,0.069811121,0.60648662]",0.21453088622125394,0.9682612196198492,0.0878999940395355,false,0.0,nan,0.0,
rrtstar_ompl,42,static_tall_formal_v2_042,around_tall_obstacle,tall,18,"[-0.22070218,-1.9128656,1.5761825,-1.285815,-1.4621103,0.59667594]","[0.35578907,0.067862444,0.59871548]",0.20361555993985797,0.9173001027977519,0.0878999940395355,false,0.0,nan,0.0,
rrtstar_ompl,42,static_tall_formal_v2_042,around_tall_obstacle,tall,19,"[-0.23296342,-1.9319137,1.602637,-1.2700269,-1.4561164,0.6298246]","[0.34811604,0.066116445,0.59084612]",0.19263636932378428,0.8663389859756546,0.0878999940395355,false,0.0,nan,0.0,
rrtstar_ompl,42,static_tall_formal_v2_042,around_tall_obstacle,tall,20,"[-0.24522465,-1.9509618,1.6290916,-1.2542389,-1.4501226,0.66297326]","[0.34043753,0.064572357,0.58288085]",0.18159728153090282,0.8153778691535573,0.0878999940395355,false,0.0,nan,0.0,
rrtstar_ompl,42,static_tall_formal_v2_042,around_tall_obstacle,tall,21,"[-0.25748588,-1.9700099,1.6555462,-1.2384508,-1.4441287,0.69612192]","[0.33276126,0.063229188,0.57482201]",0.17050211997572218,0.7644167523314599,0.0878999940395355,false,0.0,nan,0.0,
rrtstar_ompl,42,static_tall_formal_v2_042,around_tall_obstacle,tall,22,"[-0.26974712,-1.989058,1.6820008,-1.2226628,-1.4381348,0.72927059]","[0.32509515,0.062085688,0.56667215]",0.1593550397667039,0.7134556355093624,0.08628230374105356,false,0.0,nan,0.0,
rrtstar_ompl,42,static_tall_formal_v2_042,around_tall_obstacle,tall,23,"[-0.28200835,-2.0081061,1.7084554,-1.2068747,-1.4321409,0.76241925]","[0.31744689,0.061140269,0.55843335]",0.1481596971282967,0.6624945186872653,0.08162031975368211,false,0.0,nan,0.0,
rrtstar_ompl,42,static_tall_formal_v2_042,around_tall_obstacle,tall,24,"[-0.29426958,-2.0271541,1.7349099,-1.1910867,-1.4261471,0.79556791]","[0.30982411,0.060391214,0.55010825]",0.13692014143774076,0.611533401865168,0.0771311727304739,false,0.0,nan,0.0,
rrtstar_ompl,42,static_tall_formal_v2_042,around_tall_obstacle,tall,25,"[-0.30653081,-2.0462022,1.7613645,-1.1752986,-1.4201532,0.82871658]","[0.30223453,0.059836436,0.54169935]",0.12564041749925497,0.5605722850430704,0.07284954074498654,false,0.0,nan,0.0,
rrtstar_ompl,42,static_tall_formal_v2_042,around_tall_obstacle,tall,26,"[-0.31879204,-2.0652503,1.7878191,-1.1595106,-1.4141593,0.86186524]","[0.29468566,0.059473686,0.53320885]",0.11432423249040205,0.5096111682209733,0.06881448400190379,false,0.0,nan,0.0,
rrtstar_ompl,42,static_tall_formal_v2_042,around_tall_obstacle,tall,27,"[-0.33105328,-2.0842984,1.8142737,-1.1437225,-1.4081655,0.8950139]","[0.28718492,0.059300356,0.52463925]",0.10297550588526268,0.4586500513988758,0.06506997958128033,false,0.0,nan,0.0,
rrtstar_ompl,42,static_tall_formal_v2_042,around_tall_obstacle,tall,28,"[-0.34331451,-2.1033465,1.8407283,-1.1279344,-1.4021716,0.92816257]","[0.27973962,0.059313733,0.51599312]",0.09159815824372762,0.4076889345767785,0.06166429817702825,false,0.0,nan,0.0,
rrtstar_ompl,42,static_tall_formal_v2_042,around_tall_obstacle,tall,29,"[-0.35557574,-2.1223946,1.8671828,-1.1121464,-1.3961777,0.96131123]","[0.27235714,0.059510708,0.5072726]",0.08019588768367077,0.35672781775468126,0.05864939109878089,false,0.0,nan,0.0,
rrtstar_ompl,42,static_tall_formal_v2_042,around_tall_obstacle,tall,30,"[-0.36783698,-2.1414427,1.8936374,-1.0963583,-1.3901838,0.99445989]","[0.26504442,0.059888065,0.49848044]",0.06877261477544913,0.30576670093258373,0.05607978456077755,false,0.0,nan,0.0,
rrtstar_ompl,42,static_tall_formal_v2_042,around_tall_obstacle,tall,31,"[-0.38009821,-2.1604908,1.920092,-1.0805703,-1.38419,1.0276086]","[0.2578086,0.06044225,0.48961893]",0.057332073256540175,0.2548055841104864,0.05401055242137875,false,0.0,nan,0.0,
rrtstar_ompl,42,static_tall_formal_v2_042,around_tall_obstacle,tall,32,"[-0.39235944,-2.1795389,1.9465466,-1.0647822,-1.3781961,1.0607572]","[0.25065643,0.06116955,0.48069057]",0.045877983662340235,0.20384446728838954,0.05249488671493254,false,0.0,nan,0.0,
rrtstar_ompl,42,static_tall_formal_v2_042,around_tall_obstacle,tall,33,"[-0.40462067,-2.198587,1.9730012,-1.0489942,-1.3722022,1.0939059]","[0.24359477,0.062065989,0.47169775]",0.03441407931961748,0.15288335046629206,0.051725724354897466,false,0.0,nan,0.0,
rrtstar_ompl,42,static_tall_formal_v2_042,around_tall_obstacle,tall,34,"[-0.4168819,-2.217635,1.9994557,-1.0332061,-1.3662084,1.1270545]","[0.23663005,0.063127451,0.46264303]",0.022944027711087705,0.10192223364419473,0.05152679395839597,false,0.0,nan,0.0,
rrtstar_ompl,42,static_tall_formal_v2_042,around_tall_obstacle,tall,35,"[-0.42914314,-2.2366831,2.0259103,-1.0174181,-1.3602145,1.1602032]","[0.22976884,0.064349443,0.45352867]",0.011471402294557731,0.05096111682209717,0.051611769862875086,false,0.0,nan,0.0,
rrtstar_ompl,42,static_tall_formal_v2_042,around_tall_obstacle,tall,36,"[-0.44140437,-2.2557312,2.0523649,-1.00163,-1.3542206,1.1933519]","[0.22301736,0.065727368,0.44435742]",7.157340456437612e-09,0.0,0.051967960481638646,false,0.0,nan,0.0,
rrtstar_ompl,43,static_tall_formal_v2_043,hard_reach,tall,0,"[0,-1.57,1.1,-1.57,-1.57,0]","[0.48397353,0.13337938,0.72136778]",0.4006497854290905,3.8479121288958353,0.0878999940395355,false,20.02338695526123,nan,0.0,
rrtstar_ompl,43,static_tall_formal_v2_043,hard_reach,tall,1,"[-0.026521566,-1.5752042,1.0666865,-1.5651926,-1.5574021,0.023267086]","[0.47945961,0.12196245,0.739245]",0.4193584628097816,3.797281706147206,0.0878999940395355,false,0.0,nan,0.0,
rrtstar_ompl,43,static_tall_formal_v2_043,hard_reach,tall,2,"[-0.053043132,-1.5804084,1.0333731,-1.5603851,-1.5448043,0.046534172]","[0.47401655,0.11091305,0.75688529]",0.4378894986382265,3.7466512833985766,0.0878999940395355,false,0.0,nan,0.0,
rrtstar_ompl,43,static_tall_formal_v2_043,hard_reach,tall,3,"[-0.079564697,-1.5856126,1.0000596,-1.5555777,-1.5322064,0.069801257]","[0.4676708,0.10028911,0.77426314]",0.45618121940682566,3.6960208606499476,0.0878999940395355,false,0.0,nan,0.0,
rrtstar_ompl,43,static_tall_formal_v2_043,hard_reach,tall,4,"[-0.10608626,-1.5908168,0.96674611,-1.5507702,-1.5196085,0.093068343]","[0.46045262,0.090146832,0.79135364]",0.4741792045051831,3.645390437901318,0.0878999940395355,false,0.0,nan,0.0,
rrtstar_ompl,43,static_tall_formal_v2_043,hard_reach,tall,5,"[-0.13260783,-1.596021,0.93343264,-1.5459628,-1.5070107,0.11633543]","[0.45239592,0.080540366,0.80813169]",0.4918346793599406,3.594760015152689,0.0878999940395355,false,0.0,nan,0.0,
rrtstar_ompl,43,static_tall_formal_v2_043,hard_reach,tall,6,"[-0.15912939,-1.6012252,0.90011916,-1.5411553,-1.4944128,0.13960251]","[0.44353825,0.071521632,0.82457328]",0.5091040959130959,3.544129592404059,0.0878999940395355,false,0.0,nan,0.0,
rrtstar_ompl,43,static_tall_formal_v2_043,hard_reach,tall,7,"[-0.18565096,-1.6064294,0.86680569,-1.5363479,-1.4818149,0.1628696]","[0.4339205,0.063140094,0.84065408]",0.525947555962708,3.4934991696554296,0.0878999940395355,false,0.0,nan,0.0,
rrtstar_ompl,43,static_tall_formal_v2_043,hard_reach,tall,8,"[-0.21217253,-1.6116336,0.83349222,-1.5315404,-1.4692171,0.18613669]","[0.42358679,0.055442534,0.85635084]",0.5423289725961256,3.4428687469068002,0.0878999940395355,false,0.0,nan,0.0,
rrtstar_ompl,43,static_tall_formal_v2_043,hard_reach,tall,9,"[-0.23869409,-1.6168379,0.80017874,-1.526733,-1.4566192,0.20940377]","[0.41258436,0.048472781,0.87164044]",0.5582150354661147,3.392238324158171,0.0878999940395355,false,0.0,nan,0.0,
rrtstar_ompl,43,static_tall_formal_v2_043,hard_reach,tall,10,"[-0.26521566,-1.6220421,0.76686527,-1.5219256,-1.4440213,0.23267086]","[0.40096322,0.042271595,0.88650048]",0.5735751101396664,3.3416079014095414,0.0878999940395355,false,0.0,nan,0.0,
rrtstar_ompl,43,static_tall_formal_v2_043,hard_reach,tall,11,"[-0.29173722,-1.6272463,0.7335518,-1.5171181,-1.4314235,0.25593794]","[0.38877621,0.036876451,0.90090907]",0.5883807937358385,3.290977478660912,0.0878999940395355,false,0.0,nan,0.0,
rrtstar_ompl,43,static_tall_formal_v2_043,hard_reach,tall,12,"[-0.31825879,-1.6324505,0.70023833,-1.5123107,-1.4188256,0.27920503]","[0.37607843,0.032321353,0.91484469]",0.6026055841025584,3.2403470559122827,0.0878999940395355,false,0.0,nan,0.0,
rrtstar_ompl,43,static_tall_formal_v2_043,hard_reach,tall,13,"[-0.34478036,-1.6376547,0.66692485,-1.5075032,-1.4062277,0.30247212]","[0.36292726,0.028636722,0.92828691]",0.6162250508194632,3.189716633163653,0.0878999940395355,false,0.0,nan,0.0,
rrtstar_ompl,43,static_tall_formal_v2_043,hard_reach,tall,14,"[-0.37130192,-1.6428589,0.63361138,-1.5026958,-1.3936299,0.3257392]","[0.34938228,0.025849145,0.94121575]",0.6292163328060236,3.1390862104150234,0.0878999940395355,false,0.0,nan,0.0,
rrtstar_ompl,43,static_tall_formal_v2_043,hard_reach,tall,15,"[-0.39782349,-1.6480631,0.60029791,-1.4978883,-1.381032,0.34900629]","[0.33550459,0.02398143,0.95361167]",0.6415578714586812,3.0884557876663945,0.0878999940395355,false,0.0,nan,0.0,
rrtstar_ompl,43,static_tall_formal_v2_043,hard_reach,tall,16,"[-0.42434505,-1.6532673,0.56698443,-1.4930809,-1.3684341,0.37227337]","[0.32135674,0.023052305,0.96545631]",0.6532299180681455,3.037825364917765,0.0878999940395355,false,0.0,nan,0.0,
rrtstar_ompl,43,static_tall_formal_v2_043,hard_reach,tall,17,"[-0.45086662,-1.6584715,0.53367096,-1.4882735,-1.3558363,0.39554046]","[0.30700284,0.02307645,0.97673178]",0.6642137835529938,2.9871949421691353,0.0878999940395355,false,0.0,nan,0.0,
rrtstar_ompl,43,static_tall_formal_v2_043,hard_reach,tall,18,"[-0.47738818,-1.6636757,0.50035749,-1.483466,-1.3432384,0.41880754]","[0.29250765,0.024064336,0.98742098]",0.6744921398220773,2.9365645194205063,0.0878999940395355,false,0.0,nan,0.0,
rrtstar_ompl,43,static_tall_formal_v2_043,hard_reach,tall,19,"[-0.50390975,-1.6688799,0.46704402,-1.4786586,-1.3306405,0.44207463]","[0.27793676,0.02602225,0.99750763]",0.6840488283090637,2.8859340966718765,0.0878999940395355,false,0.0,nan,0.0,
rrtstar_ompl,43,static_tall_formal_v2_043,hard_reach,tall,20,"[-0.53043132,-1.6740841,0.43373054,-1.4738511,-1.3180427,0.46534172]","[0.26335615,0.028952172,1.0069765]",0.692869018095312,2.835303673923247,0.0878999940395355,false,0.0,nan,0.0,
rrtstar_ompl,43,static_tall_formal_v2_043,hard_reach,tall,21,"[-0.55695288,-1.6792883,0.40041707,-1.4690437,-1.3054448,0.4886088]","[0.24883208,0.032851774,1.0158132]",0.7009390491257528,2.7846732511746177,0.0878999940395355,false,0.0,nan,0.0,
rrtstar_ompl,43,static_tall_formal_v2_043,hard_reach,tall,22,"[-0.58347445,-1.6844925,0.3671036,-1.4642362,-1.2928469,0.51187589]","[0.23443043,0.037714448,1.0240037]",0.7082459201957512,2.7340428284259883,0.0878999940395355,false,0.0,nan,0.0,
rrtstar_ompl,43,static_tall_formal_v2_043,hard_reach,tall,23,"[-0.60999601,-1.6896967,0.33379012,-1.4594288,-1.2802491,0.53514297]","[0.22021675,0.043529313,1.0315355]",0.7147781753224228,2.683412405677359,0.0878999940395355,false,0.0,nan,0.0,
rrtstar_ompl,43,static_tall_formal_v2_043,hard_reach,tall,24,"[-0.63651758,-1.6949009,0.30047665,-1.4546213,-1.2676512,0.55841006]","[0.20625623,0.050281081,1.0383968]",0.7205253196325905,2.6327819829287296,0.0878999940395355,false,0.0,nan,0.0,
rrtstar_ompl,43,static_tall_formal_v2_043,hard_reach,tall,25,"[-0.66303914,-1.7001051,0.26716318,-1.4498139,-1.2550534,0.58167714]","[0.19261262,0.057950426,1.0445769]",0.7254778656684199,2.5821515601801,0.0878999940395355,false,0.0,nan,0.0,
rrtstar_ompl,43,static_tall_formal_v2_043,hard_reach,tall,26,"[-0.68956071,-1.7053093,0.2338497,-1.4450065,-1.2424555,0.60494423]","[0.17934866,0.066513732,1.0500656]",0.7296272672004104,2.531521137431471,0.08736659133896439,false,0.0,nan,0.0,
rrtstar_ompl,43,static_tall_formal_v2_043,hard_reach,tall,27,"[-0.71608228,-1.7105136,0.20053623,-1.440199,-1.2298576,0.62821132]","[0.16652557,0.075943381,1.0548543]",0.7329661056288203,2.4808907146828414,0.08474574015240703,false,0.0,nan,0.0,
rrtstar_ompl,43,static_tall_formal_v2_043,hard_reach,tall,28,"[-0.74260384,-1.7157178,0.16722276,-1.4353916,-1.2172598,0.6514784]","[0.15420274,0.086207733,1.058935]",0.7354880678167172,2.4302602919342116,0.08220427028778886,false,0.0,nan,0.0,
rrtstar_ompl,43,static_tall_formal_v2_043,hard_reach,tall,29,"[-0.76912541,-1.720922,0.13390929,-1.4305841,-1.2046619,0.67474549]","[0.14243761,0.09727136,1.0623008]",0.7371874723131105,2.3796298691855826,0.07974743758077223,false,0.0,nan,0.0,
rrtstar_ompl,43,static_tall_formal_v2_043,hard_reach,tall,30,"[-0.79564697,-1.7261262,0.10059581,-1.4257767,-1.192064,0.69801257]","[0.13128528,0.10909504,1.0649461]",0.7380601500112471,2.3289994464369532,0.0773806427358676,false,0.0,nan,0.0,
rrtstar_ompl,43,static_tall_formal_v2_043,hard_reach,tall,31,"[-0.82216854,-1.7313304,0.06728234,-1.4209692,-1.1794662,0.72127966]","[0.12079833,0.12163601,1.0668657]",0.7381024059334833,2.278369023688324,0.07510940211440252,false,0.0,nan,0.0,
rrtstar_ompl,43,static_tall_formal_v2_043,hard_reach,tall,32,"[-0.84869011,-1.7365346,0.033968867,-1.4161618,-1.1668683,0.74454675]","[0.11102663,0.13484809,1.0680562]",0.7373119784087846,2.2277386009396944,0.07293937136033811,false,0.0,nan,0.0,
rrtstar_ompl,43,static_tall_formal_v2_043,hard_reach,tall,33,"[-0.87521167,-1.7417388,0.00065539447,-1.4113544,-1.1542704,0.76781383]","[0.10201704,0.14868185,1.0685147]",0.7356871571481931,2.177108178191065,0.07087629045521253,false,0.0,nan,0.0,
rrtstar_ompl,43,static_tall_formal_v2_043,hard_reach,tall,34,"[-0.90173324,-1.746943,-0.032658078,-1.4065469,-1.1416726,0.79108092]","[0.093813233,0.16308486,1.0682399]",0.7332277321295317,2.1264777554424357,0.06892593019862885,false,0.0,nan,0.0,
rrtstar_ompl,43,static_tall_formal_v2_043,hard_reach,tall,35,"[-0.9282548,-1.7521472,-0.065971551,-1.4017395,-1.1290747,0.814348]","[0.086455598,0.17800194,1.0672311]",0.7299338617592972,2.0758473326938063,0.06709406677756623,false,0.0,nan,0.0,
rrtstar_ompl,43,static_tall_formal_v2_043,hard_reach,tall,36,"[-0.95477637,-1.7573514,-0.099285024,-1.396932,-1.1164768,0.83761509]","[0.07998085,0.19337508,1.0654883]",0.7258067960725095,2.025216909945177,0.06538646897038043,false,0.0,nan,0.0,
rrtstar_ompl,43,static_tall_formal_v2_043,hard_reach,tall,37,"[-0.98129793,-1.7625556,-0.1325985,-1.3921246,-1.103879,0.86088217]","[0.074422047,0.20914416,1.063014]",0.7208493101619756,1.974586487196547,0.06380878382008455,false,0.0,nan,0.0,
rrtstar_ompl,43,static_tall_formal_v2_043,hard_reach,tall,38,"[-1.0078195,-1.7677598,-0.16591197,-1.3873171,-1.0912811,0.88414926]","[0.069808379,0.2252468,1.0598105]",0.7150644549627185,1.923956064447918,0.062366517745756675,false,0.0,nan,0.0,
rrtstar_ompl,43,static_tall_formal_v2_043,hard_reach,tall,39,"[-1.0343411,-1.772964,-0.19922544,-1.3825097,-1.0786832,0.90741635]","[0.066165,0.24161863,1.0558814]",0.7084563572476982,1.8733256416992885,0.06106497561373929,false,0.0,nan,0.0,
rrtstar_ompl,43,static_tall_formal_v2_043,hard_reach,tall,40,"[-1.0608626,-1.7781682,-0.23253892,-1.3777022,-1.0660854,0.93068343]","[0.063512892,0.25819391,1.0512316]",0.7010302763937369,1.8226952189506591,0.059909196580701055,false,0.0,nan,0.0,
rrtstar_ompl,43,static_tall_formal_v2_043,hard_reach,tall,41,"[-1.0873842,-1.7833724,-0.26585239,-1.3728948,-1.0534875,0.95395052]","[0.061868936,0.27490544,1.0458671]",0.6927921775632445,1.7720647962020295,0.05890385401931868,false,0.0,nan,0.0,
rrtstar_ompl,43,static_tall_formal_v2_043,hard_reach,tall,42,"[-1.1139058,-1.7885766,-0.29916586,-1.3680874,-1.0408896,0.9772176]","[0.061245587,0.29168481,1.0397948]",0.683749144993801,1.7214343734534,0.058053237370468094,false,0.0,nan,0.0,
rrtstar_ompl,43,static_tall_formal_v2_043,hard_reach,tall,43,"[-1.1404273,-1.7937808,-0.33247933,-1.3632799,-1.0282918,1.0004847]","[0.061650924,0.30846301,1.0330226]",0.6739089223689279,1.6708039507047707,0.057361175882129786,false,0.0,nan,0.0,
rrtstar_ompl,43,static_tall_formal_v2_043,hard_reach,tall,44,"[-1.1669489,-1.798985,-0.36579281,-1.3584725,-1.0156939,1.0237518]","[0.063088633,0.32517043,1.0255597]",0.6632802670884399,1.6201735279561411,0.05582286128015648,false,0.0,nan,0.0,
rrtstar_ompl,43,static_tall_formal_v2_043,hard_reach,tall,45,"[-1.1934705,-1.8041893,-0.39910628,-1.353665,-1.003096,1.0470189]","[0.065557905,0.34173736,1.0174161]",0.6518729222051266,1.5695431052075122,0.053577679553956786,false,0.0,nan,0.0,
rrtstar_ompl,43,static_tall_formal_v2_043,hard_reach,tall,46,"[-1.219992,-1.8093935,-0.43241975,-1.3488576,-0.99049817,1.0702859]","[0.069053486,0.35809398,1.008603]",0.6396972922145291,1.5189126824588826,0.0513828823031397,false,0.0,nan,0.0,
rrtstar_ompl,43,static_tall_formal_v2_043,hard_reach,tall,47,"[-1.2465136,-1.8145977,-0.46573323,-1.3440501,-0.9779003,1.093553]","[0.073565625,0.37417084,0.99913228]",0.6267646930455244,1.4682822597102532,0.04924443793915004,false,0.0,nan,0.0,
rrtstar_ompl,43,static_tall_formal_v2_043,hard_reach,tall,48,"[-1.2730352,-1.8198019,-0.4990467,-1.3392427,-0.96530244,1.1168201]","[0.079080112,0.38989946,0.98901719]",0.6130873469475606,1.4176518369616238,0.047168770165782276,false,0.0,nan,0.0,
rrtstar_ompl,43,static_tall_formal_v2_043,hard_reach,tall,49,"[-1.2995567,-1.8250061,-0.53236017,-1.3344353,-0.95270457,1.1400872]","[0.085578389,0.40521169,0.97827166]",0.5986782220808701,1.3670214142129942,0.045162728198239535,false,0.0,nan,0.0,
rrtstar_ompl,43,static_tall_formal_v2_043,hard_reach,tall,50,"[-1.3260783,-1.8302103,-0.56567364,-1.3296278,-0.9401067,1.1633543]","[0.093037568,0.42004117,0.96691096]",0.5835512709578097,1.3163909914643648,0.043233569630932334,false,0.0,nan,0.0,
rrtstar_ompl,43,static_tall_formal_v2_043,hard_reach,tall,51,"[-1.3525999,-1.8354145,-0.59898712,-1.3248204,-0.92750884,1.1866214]","[0.10143046,0.43432274,0.95495069]",0.5677208829761659,1.2657605687157354,0.041388972948727065,false,0.0,nan,0.0,
rrtstar_ompl,43,static_tall_formal_v2_043,hard_reach,tall,52,"[-1.3791214,-1.8406187,-0.63230059,-1.3200129,-0.91491097,1.2098885]","[0.11072573,0.44799322,0.94240791]",0.5512025973037222,1.215130145967106,0.03963701199011757,false,0.0,nan,0.0,
rrtstar_ompl,43,static_tall_formal_v2_043,hard_reach,tall,53,"[-1.405643,-1.8458229,-0.66561406,-1.3152055,-0.90231311,1.2331555]","[0.12088802,0.46099117,0.92930013]",0.5340124169601161,1.1644997232184768,0.03798609400401862,false,0.0,nan,0.0,
rrtstar_ompl,43,static_tall_formal_v2_043,hard_reach,tall,54,"[-1.4321646,-1.8510271,-0.69892754,-1.310398,-0.88971524,1.2564226]","[0.13187811,0.47325781,0.91564626]",0.5161674239486239,1.1138693004698472,0.03644494247756343,false,0.0,nan,0.0,
rrtstar_ompl,43,static_tall_formal_v2_043,hard_reach,tall,55,"[-1.4586861,-1.8562313,-0.73224101,-1.3055906,-0.87711737,1.2796897]","[0.14365295,0.4847365,0.90146542]",0.4976850447859273,1.0632388777212176,0.0350225207990876,false,0.0,nan,0.0,
rrtstar_ompl,43,static_tall_formal_v2_043,hard_reach,tall,56,"[-1.4852077,-1.8614355,-0.76555448,-1.3007831,-0.86451951,1.3029568]","[0.15616597,0.49537385,0.88677812]",0.4785837799316661,1.0126084549725884,0.03372793131219591,false,0.0,nan,0.0,
rrtstar_ompl,43,static_tall_formal_v2_043,hard_reach,tall,57,"[-1.5117293,-1.8666397,-0.79886795,-1.2959757,-0.85192164,1.3262239]","[0.16936721,0.50511903,0.87160498]",0.45888232425811465,0.961978032223959,0.032570345066487344,false,0.0,nan,0.0,
rrtstar_ompl,43,static_tall_formal_v2_043,hard_reach,tall,58,"[-1.5382508,-1.8718439,-0.83218143,-1.2911683,-0.83932378,1.349491]","[0.18320344,0.5139249,0.85596794]",0.4386004969743623,0.9113476094753296,0.03155889337580796,false,0.0,nan,0.0,
rrtstar_ompl,43,static_tall_formal_v2_043,hard_reach,tall,59,"[-1.5647724,-1.8770481,-0.8654949,-1.2863608,-0.82672591,1.3727581]","[0.19761851,0.52174741,0.83988947]",0.41775858238649055,0.8607171867267003,0.030702498341898643,false,0.0,nan,0.0,
rrtstar_ompl,43,static_tall_formal_v2_043,hard_reach,tall,60,"[-1.5912939,-1.8822523,-0.89880837,-1.2815534,-0.81412804,1.3960251]","[0.21255347,0.52854615,0.82339269]",0.3963774649966552,0.8100867639780708,0.030009805979886076,false,0.0,nan,0.0,
rrtstar_ompl,43,static_tall_formal_v2_043,hard_reach,tall,61,"[-1.6178155,-1.8874565,-0.93212185,-1.2767459,-0.80153018,1.4192922]","[0.22794685,0.53428483,0.80650139]",0.37447865460205976,0.759456341229441,0.029488956055673185,false,0.0,nan,0.0,
rrtstar_ompl,43,static_tall_formal_v2_043,hard_reach,tall,62,"[-1.6443371,-1.8926608,-0.96543532,-1.2719385,-0.78893231,1.4425593]","[0.24373493,0.53893077,0.78924]",0.352084205822055,0.7088259184808121,0.029147497704175934,false,0.0,nan,0.0,
rrtstar_ompl,43,static_tall_formal_v2_043,hard_reach,tall,63,"[-1.6708586,-1.897865,-0.99874879,-1.267131,-0.77633445,1.4658264]","[0.25985187,0.54245573,0.77163345]",0.3292167448481642,0.6581954957321825,0.02899221247895943,false,0.0,nan,0.0,
rrtstar_ompl,43,static_tall_formal_v2_043,hard_reach,tall,64,"[-1.6973802,-1.9030692,-1.0320623,-1.2623236,-0.76373658,1.4890935]","[0.27623022,0.54483539,0.75370705]",0.3058992020726765,0.6075650729835533,0.02902897971186895,false,0.0,nan,0.0,
rrtstar_ompl,43,static_tall_formal_v2_043,hard_reach,tall,65,"[-1.7239018,-1.9082734,-1.0653757,-1.2575162,-0.75113872,1.5123606]","[0.2928009,0.54604989,0.73548716]",0.28215546444523043,0.5569346502349238,0.02926272024619464,false,0.0,nan,0.0,
rrtstar_ompl,43,static_tall_formal_v2_043,hard_reach,tall,66,"[-1.7504233,-1.9134776,-1.0986892,-1.2527087,-0.73854085,1.5356277]","[0.30949375,0.54608393,0.71700013]",0.25800951642374226,0.5063042274862943,0.029697180971815826,false,0.0,nan,0.0,
rrtstar_ompl,43,static_tall_formal_v2_043,hard_reach,tall,67,"[-1.7769449,-1.9186818,-1.1320027,-1.2479013,-0.72594298,1.5588947]","[0.32623765,0.5449267,0.69827265]",0.23348575315312117,0.455673804737665,0.030334997235874267,false,0.0,nan,0.0,
rrtstar_ompl,43,static_tall_formal_v2_043,hard_reach,tall,68,"[-1.8034665,-1.923886,-1.1653162,-1.2430938,-0.71334512,1.5821618]","[0.34296083,0.54257166,0.67933226]",0.2086092521380562,0.40504338198903544,0.0289779826133168,false,0.0,nan,0.0,
rrtstar_ompl,43,static_tall_formal_v2_043,hard_reach,tall,69,"[-1.829988,-1.9290902,-1.1986296,-1.2382864,-0.70074725,1.6054289]","[0.35959131,0.53901714,0.66020638]",0.1834051480458069,0.354412959240406,0.02717113210058099,false,0.0,nan,0.0,
rrtstar_ompl,43,static_tall_formal_v2_043,hard_reach,tall,70,"[-1.8565096,-1.9342944,-1.2319431,-1.2334789,-0.68814939,1.628696]","[0.37605679,0.53426611,0.64092314]",0.15789939742366418,0.3037825364917768,0.02555873176473887,false,0.0,nan,0.0,
rrtstar_ompl,43,static_tall_formal_v2_043,hard_reach,tall,71,"[-1.8830312,-1.9394986,-1.2652566,-1.2286715,-0.67555152,1.6519631]","[0.3922857,0.52832592,0.62151057]",0.13211767233387745,0.2531521137431472,0.024159313751753203,false,0.0,nan,0.0,
rrtstar_ompl,43,static_tall_formal_v2_043,hard_reach,tall,72,"[-1.9095527,-1.9447028,-1.29857,-1.223864,-0.66295365,1.6752302]","[0.40820661,0.52120894,0.60199696]",0.10608641127503005,0.20252169099451803,0.022991149449816284,false,0.0,nan,0.0,
rrtstar_ompl,43,static_tall_formal_v2_043,hard_reach,tall,73,"[-1.9360743,-1.949907,-1.3318835,-1.2190566,-0.65035579,1.6984973]","[0.42374918,0.51293147,0.58241105]",0.07983211951241012,0.15189126824588836,0.02207199860714025,false,0.0,nan,0.0,
rrtstar_ompl,43,static_tall_formal_v2_043,hard_reach,tall,74,"[-1.9625959,-1.9551112,-1.365197,-1.2142492,-0.63775792,1.7217643]","[0.43884414,0.50351471,0.56278157]",0.053381650619568635,0.10126084549725889,0.021418277886232476,false,0.0,nan,0.0,
rrtstar_ompl,43,static_tall_formal_v2_043,hard_reach,tall,75,"[-1.9891174,-1.9603154,-1.3985105,-1.2094417,-0.62516006,1.7450314]","[0.45342368,0.49298418,0.54313719]",0.026761919979011426,0.050630422748629604,0.021044789653502705,false,0.0,nan,0.0,
rrtstar_ompl,43,static_tall_formal_v2_043,hard_reach,tall,76,"[-2.015639,-1.9655196,-1.4318239,-1.2046343,-0.61256219,1.7682985]","[0.46742174,0.4813697,0.52350664]",4.251753128741608e-09,0.0,0.020964221721815363,false,0.0,nan,0.0,
rrtstar_ompl,44,static_tall_formal_v2_044,hard_reach,tall,0,"[0,-1.57,1.1,-1.57,-1.57,0]","[0.48397353,0.13337938,0.72136778]",0.4850244547840659,2.2889914672446716,0.0878999940395355,false,20.130826950073242,nan,0.0,
rrtstar_ompl,44,static_tall_formal_v2_044,hard_reach,tall,1,"[-0.00716193,-1.5636733,1.1132448,-1.5604981,-1.5803258,-0.046084111]","[0.48967642,0.12884726,0.71060824]",0.47340013935567565,2.23812499019479,0.0878999940395355,false,0.0,nan,0.0,
rrtstar_ompl,44,static_tall_formal_v2_044,hard_reach,tall,2,"[-0.01432386,-1.5573466,1.1264897,-1.5509963,-1.5906515,-0.092168221]","[0.49508747,0.12424405,0.69981647]",0.461782228529173,2.1872585131449083,0.0878999940395355,false,0.0,nan,0.0,
rrtstar_ompl,44,static_tall_formal_v2_044,hard_reach,tall,3,"[-0.02148579,-1.5510199,1.1397345,-1.5414944,-1.6009773,-0.13825233]","[0.50020689,0.11957557,0.68899858]",0.4501731970507818,2.136392036095027,0.0878999940395355,false,0.0,nan,0.0,
rrtstar_ompl,44,static_tall_formal_v2_044,hard_reach,tall,4,"[-0.02864772,-1.5446932,1.1529794,-1.5319925,-1.611303,-0.18433644]","[0.5050348,0.1148477,0.67816085]",0.43857568644121797,2.085525559045145,0.0878999940395355,false,0.0,nan,0.0,
rrtstar_ompl,44,static_tall_formal_v2_044,hard_reach,tall,5,"[-0.03580965,-1.5383665,1.1662242,-1.5224906,-1.6216288,-0.23042055]","[0.50957173,0.11006622,0.6673094]",0.4269922397192023,2.0346590819952635,0.0878999940395355,false,0.0,nan,0.0,
rrtstar_ompl,44,static_tall_formal_v2_044,hard_reach,tall,6,"[-0.04297158,-1.5320399,1.1794691,-1.5129888,-1.6319546,-0.27650466]","[0.51381856,0.10523686,0.65645003]",0.4154251191595507,1.9837926049453818,0.0878999940395355,false,0.0,nan,0.0,
rrtstar_ompl,44,static_tall_formal_v2_044,hard_reach,tall,7,"[-0.05013351,-1.5257132,1.1927139,-1.5034869,-1.6422803,-0.32258877]","[0.51777625,0.10036536,0.64558911]",0.40387717917547167,1.9329261278955001,0.0878999940395355,false,0.0,nan,0.0,
rrtstar_ompl,44,static_tall_formal_v2_044,hard_reach,tall,8,"[-0.05729544,-1.5193865,1.2059588,-1.493985,-1.6526061,-0.36867289]","[0.52144611,0.095457405,0.63473213]",0.3923505061023197,1.8820596508456184,0.0878999940395355,false,0.0,nan,0.0,
rrtstar_ompl,44,static_tall_formal_v2_044,hard_reach,tall,9,"[-0.06445737,-1.5130598,1.2192036,-1.4844831,-1.6629318,-0.414757]","[0.52482939,0.090518624,0.62388521]",0.3808478078801849,1.8311931737957372,0.0878999940395355,false,0.0,nan,0.0,
rrtstar_ompl,44,static_tall_formal_v2_044,hard_reach,tall,10,"[-0.0716193,-1.5067331,1.2324485,-1.4749813,-1.6732576,-0.46084111]","[0.52792805,0.085554585,0.61305398]",0.36937139915012235,1.7803266967458555,0.0878999940395355,false,0.0,nan,0.0,
rrtstar_ompl,44,static_tall_formal_v2_044,hard_reach,tall,11,"[-0.07878123,-1.5004064,1.2456933,-1.4654794,-1.6835834,-0.50692522]","[0.53074384,0.080570765,0.60224402]",0.35792358824443493,1.7294602196959739,0.0878999940395355,false,0.0,nan,0.0,
rrtstar_ompl,44,static_tall_formal_v2_044,hard_reach,tall,12,"[-0.08594316,-1.4940797,1.2589382,-1.4559775,-1.6939091,-0.55300933]","[0.53327894,0.075572632,0.5914607]",0.34650657864532175,1.6785937426460924,0.0878999940395355,false,0.0,nan,0.0,
rrtstar_ompl,44,static_tall_formal_v2_044,hard_reach,tall,13,"[-0.09310509,-1.487753,1.272183,-1.4464756,-1.7042349,-0.59909344]","[0.53553557,0.070565544,0.58070964]",0.33512280077062523,1.6277272655962107,0.0825340065512204,false,0.0,nan,0.0,
rrtstar_ompl,44,static_tall_formal_v2_044,hard_reach,tall,14,"[-0.10026702,-1.4814263,1.2854279,-1.4369738,-1.7145607,-0.64517755]","[0.53751636,0.065554753,0.56999612]",0.3237744954573249,1.5768607885463293,0.07636193950123255,false,0.0,nan,0.0,
rrtstar_ompl,44,static_tall_formal_v2_044,hard_reach,tall,15,"[-0.10742895,-1.4750996,1.2986727,-1.4274719,-1.7248864,-0.69126166]","[0.53922403,0.060545482,0.5593254]",0.31246392336282347,1.5259943114964476,0.07103657696493298,false,0.0,nan,0.0,
rrtstar_ompl,44,static_tall_formal_v2_044,hard_reach,tall,16,"[-0.11459088,-1.4687729,1.3119176,-1.41797,-1.7352122,-0.73734577]","[0.54066151,0.055542793,0.54870248]",0.30119316328520884,1.475127834446566,0.06667267799412996,false,0.0,nan,0.0,
rrtstar_ompl,44,static_tall_formal_v2_044,hard_reach,tall,17,"[-0.12175281,-1.4624462,1.3251624,-1.4084681,-1.7455379,-0.78342988]","[0.54183191,0.050551772,0.53813237]",0.2899644047414737,1.4242613573966842,0.06339043909045086,false,0.0,nan,0.0,
rrtstar_ompl,44,static_tall_formal_v2_044,hard_reach,tall,18,"[-0.12891474,-1.4561196,1.3384073,-1.3989663,-1.7558637,-0.82951399]","[0.54273832,0.045577265,0.5276199]",0.27877964746009426,1.3733948803468028,0.06129187501165106,false,0.0,nan,0.0,
rrtstar_ompl,44,static_tall_formal_v2_044,hard_reach,tall,19,"[-0.13607667,-1.4497929,1.3516521,-1.3894644,-1.7661895,-0.8755981]","[0.54338431,0.04062409,0.51716995]",0.26764110089587334,1.3225284032969211,0.06042029647764562,false,0.0,nan,0.0,
rrtstar_ompl,44,static_tall_formal_v2_044,hard_reach,tall,20,"[-0.1432386,-1.4434662,1.364897,-1.3799625,-1.7765152,-0.92168221]","[0.54377341,0.035696987,0.50678712]",0.2565507424689837,1.2716619262470397,0.06077968973631837,false,0.0,nan,0.0,
rrtstar_ompl,44,static_tall_formal_v2_044,hard_reach,tall,21,"[-0.15040053,-1.4371395,1.3781418,-1.3704607,-1.786841,-0.96776632]","[0.54390937,0.030800521,0.49647596]",0.24551057942983162,1.220795449197158,0.06233344034073882,false,0.0,nan,0.0,
rrtstar_ompl,44,static_tall_formal_v2_044,hard_reach,tall,22,"[-0.15756246,-1.4308128,1.3913867,-1.3609588,-1.7971667,-1.0138504]","[0.54379624,0.025939176,0.4862408]",0.23452252866254783,1.1699289721472765,0.0650085935379027,false,0.0,nan,0.0,
rrtstar_ompl,44,static_tall_formal_v2_044,hard_reach,tall,23,"[-0.16472439,-1.4244861,1.4046315,-1.3514569,-1.8074925,-1.0599345]","[0.5434379,0.0211173,0.47608581]",0.2235883580853903,1.119062495097395,0.06870515532780483,false,0.0,nan,0.0,
rrtstar_ompl,44,static_tall_formal_v2_044,hard_reach,tall,24,"[-0.17188632,-1.4181594,1.4178764,-1.341955,-1.8178183,-1.1060187]","[0.54283857,0.016339157,0.46601528]",0.21271007784083273,1.0681960180475132,0.07070840790205168,false,0.0,nan,0.0,
rrtstar_ompl,44,static_tall_formal_v2_044,hard_reach,tall,25,"[-0.17904825,-1.4118327,1.4311212,-1.3324532,-1.828144,-1.1521028]","[0.5420025,0.011608874,0.45603329]",0.20188954279320187,1.0173295409976317,0.06869486681092132,false,0.0,nan,0.0,
rrtstar_ompl,44,static_tall_formal_v2_044,hard_reach,tall,26,"[-0.18621018,-1.405506,1.4443661,-1.3229513,-1.8384698,-1.1981869]","[0.54093421,0.0069304798,0.44614357]",0.1911284248260093,0.9664630639477502,0.06725263328937198,false,0.0,nan,0.0,
rrtstar_ompl,44,static_tall_formal_v2_044,hard_reach,tall,27,"[-0.19337211,-1.3991793,1.4576109,-1.3134494,-1.8487955,-1.244271]","[0.53963822,0.0023077652,0.43635008]",0.18042859957638696,0.9155965868978686,0.06640433423971673,false,0.0,nan,0.0,
rrtstar_ompl,44,static_tall_formal_v2_044,hard_reach,tall,28,"[-0.20053404,-1.3928526,1.4708558,-1.3039475,-1.8591213,-1.2903551]","[0.53811902,-0.0022554658,0.42665619]",0.16979149465419222,0.864730109847987,0.06616360377039293,false,0.0,nan,0.0,
rrtstar_ompl,44,static_tall_formal_v2_044,hard_reach,tall,29,"[-0.20769597,-1.386526,1.4841006,-1.2944457,-1.8694471,-1.3364392]","[0.53638148,-0.0067555979,0.41706562]",0.15921899315239088,0.8138636327981053,0.06653453988049307,false,0.0,nan,0.0,
rrtstar_ompl,44,static_tall_formal_v2_044,hard_reach,tall,30,"[-0.2148579,-1.3801993,1.4973455,-1.2849438,-1.8797728,-1.3825233]","[0.53443044,-0.011189139,0.40758163]",0.14871259141705057,0.7629971557482238,0.06751117286359995,false,0.0,nan,0.0,
rrtstar_ompl,44,static_tall_formal_v2_044,hard_reach,tall,31,"[-0.22201983,-1.3738726,1.5105903,-1.2754419,-1.8900986,-1.4286074]","[0.53227085,-0.015552761,0.39820743]",0.13827382846389052,0.7121306786983422,0.06907803325772088,false,0.0,nan,0.0,
rrtstar_ompl,44,static_tall_formal_v2_044,hard_reach,tall,32,"[-0.22918176,-1.3675459,1.5238352,-1.26594,-1.9004243,-1.4746915]","[0.52990764,-0.019843224,0.38894624]",0.12790430117630014,0.6612642016484606,0.06662799750572526,false,0.0,nan,0.0,
rrtstar_ompl,44,static_tall_formal_v2_044,hard_reach,tall,33,"[-0.23634369,-1.3612192,1.53708,-1.2564382,-1.9107501,-1.5207757]","[0.52734578,-0.024057476,0.37980092]",0.11760531857302572,0.6103977245985791,0.06384046102351679,false,0.0,nan,0.0,
rrtstar_ompl,44,static_tall_formal_v2_044,hard_reach,tall,34,"[-0.24350562,-1.3548925,1.5503249,-1.2469363,-1.9210759,-1.5668598]","[0.52459049,-0.028192513,0.37077442]",0.10737844910040292,0.5595312475486975,0.06108782190242107,false,0.0,nan,0.0,
rrtstar_ompl,44,static_tall_formal_v2_044,hard_reach,tall,35,"[-0.25066755,-1.3485658,1.5635697,-1.2374344,-1.9314016,-1.6129439]","[0.52164704,-0.032245558,0.36186951]",0.09722512188961034,0.5086647704988158,0.058372567311863965,false,0.0,nan,0.0,
rrtstar_ompl,44,static_tall_formal_v2_044,hard_reach,tall,36,"[-0.25782948,-1.3422391,1.5768146,-1.2279326,-1.9417274,-1.659028]","[0.51852053,-0.03621392,0.35308865]",0.08714650520188176,0.4577982934489342,0.05569729141734586,false,0.0,nan,0.0,
rrtstar_ompl,44,static_tall_formal_v2_044,hard_reach,tall,37,"[-0.26499141,-1.3359124,1.5900594,-1.2184307,-1.9520532,-1.7051121]","[0.51521629,-0.040095013,0.34443426]",0.07714389334308842,0.4069318163990528,0.053064790469742745,false,0.0,nan,0.0,
rrtstar_ompl,44,static_tall_formal_v2_044,hard_reach,tall,38,"[-0.27215334,-1.3295857,1.6033043,-1.2089288,-1.9623789,-1.7511962]","[0.51173967,-0.043886498,0.33590865]",0.06721848826349555,0.3560653393491711,0.05047795037279501,false,0.0,nan,0.0,
rrtstar_ompl,44,static_tall_formal_v2_044,hard_reach,tall,39,"[-0.27931527,-1.323259,1.6165491,-1.1994269,-1.9727047,-1.7972803]","[0.50809604,-0.047586028,0.32751426]",0.0573717144976382,0.30519886229928944,0.047939992242668206,false,0.0,nan,0.0,
rrtstar_ompl,44,static_tall_formal_v2_044,hard_reach,tall,40,"[-0.2864772,-1.3169323,1.629794,-1.1899251,-1.9830304,-1.8433644]","[0.50429058,-0.051191494,0.31925297]",0.04760445676126457,0.254332385249408,0.04545417966212856,false,0.0,nan,0.0,
rrtstar_ompl,44,static_tall_formal_v2_044,hard_reach,tall,41,"[-0.29363913,-1.3106057,1.6430388,-1.1804232,-1.9933562,-1.8894485]","[0.5003289,-0.054700851,0.31112683]",0.03791800526817772,0.20346590819952634,0.04302400524841496,false,0.0,nan,0.0,
rrtstar_ompl,44,static_tall_formal_v2_044,hard_reach,tall,42,"[-0.30080106,-1.304279,1.6562837,-1.1709213,-2.003682,-1.9355326]","[0.49621624,-0.058112256,0.30313772]",0.02831336947240117,0.15259943114964472,0.04065317380848964,false,0.0,nan,0.0,
rrtstar_ompl,44,static_tall_formal_v2_044,hard_reach,tall,43,"[-0.30796299,-1.2979523,1.6695285,-1.1614194,-2.0140077,-1.9816168]","[0.49195814,-0.061423905,0.2952871]",0.018791435667477034,0.10173295409976309,0.03834555554147649,false,0.0,nan,0.0,
rrtstar_ompl,44,static_tall_formal_v2_044,hard_reach,tall,44,"[-0.31512492,-1.2916256,1.6827734,-1.1519176,-2.0243335,-2.0277009]","[0.48755994,-0.064634219,0.28757688]",0.0093533791056051,0.05086647704988179,0.036105220059631904,false,0.0,nan,0.0,
rrtstar_ompl,44,static_tall_formal_v2_044,hard_reach,tall,45,"[-0.32228685,-1.2852989,1.6960182,-1.1424157,-2.0346592,-2.073785]","[0.4830271,-0.067741677,0.28000835]",5.063598499709089e-09,0.0,0.03393645301533009,false,0.0,nan,0.0,
rrtstar_ompl,45,static_tall_formal_v2_045,around_tall_obstacle,tall,0,"[0,-1.57,1.1,-1.57,-1.57,0]","[0.48397353,0.13337938,0.72136778]",0.41349773167426657,1.4740269481690922,0.0878999940395355,false,20.14638090133667,nan,0.0,
rrtstar_ompl,45,static_tall_formal_v2_045,around_tall_obstacle,tall,1,"[-0.012281883,-1.5637764,1.1172981,-1.5645938,-1.5828373,0.043597148]","[0.49096024,0.12608057,0.7092343]",0.3988213142270682,1.4231984327149854,0.0878999940395355,false,0.0,nan,0.0,
rrtstar_ompl,45,static_tall_formal_v2_045,around_tall_obstacle,tall,2,"[-0.024563767,-1.5575529,1.1345963,-1.5591876,-1.5956746,0.087194295]","[0.49752697,0.11863833,0.69704568]",0.3841341851018675,1.3723699172608788,0.0878999940395355,false,0.0,nan,0.0,
rrtstar_ompl,45,static_tall_formal_v2_045,around_tall_obstacle,tall,3,"[-0.03684565,-1.5513293,1.1518944,-1.5537813,-1.6085119,0.13079144]","[0.50367171,0.11106595,0.68481028]",0.36944112002532137,1.3215414018067722,0.0878999940395355,false,0.0,nan,0.0,
rrtstar_ompl,45,static_tall_formal_v2_045,around_tall_obstacle,tall,4,"[-0.049127534,-1.5451057,1.1691926,-1.5483751,-1.6213492,0.17438859]","[0.5093928,0.10337672,0.67253643]",0.35474690922800267,1.2707128863526655,0.0878999940395355,false,0.0,nan,0.0,
rrtstar_ompl,45,static_tall_formal_v2_045,around_tall_obstacle,tall,5,"[-0.061409417,-1.5388822,1.1864907,-1.5429689,-1.6341865,0.21798574]","[0.51468962,0.095583886,0.66023242]",0.3400562951481573,1.2198843708985592,0.0878999940395355,false,0.0,nan,0.0,
rrtstar_ompl,45,static_tall_formal_v2_045,around_tall_obstacle,tall,6,"[-0.073691301,-1.5326586,1.2037888,-1.5375627,-1.6470238,0.26158289]","[0.51956159,0.087700665,0.64790624]",0.3253738277546742,1.1690558554444523,0.0878999940395355,false,0.0,nan,0.0,
rrtstar_ompl,45,static_tall_formal_v2_045,around_tall_obstacle,tall,7,"[-0.085973184,-1.5264351,1.221087,-1.5321565,-1.6598612,0.30518003]","[0.52400881,0.079740219,0.635566]",0.31070417480494017,1.1182273399903457,0.0878999940395355,false,0.0,nan,0.0,
rrtstar_ompl,45,static_tall_formal_v2_045,around_tall_obstacle,tall,8,"[-0.098255068,-1.5202115,1.2383851,-1.5267503,-1.6726985,0.34877718]","[0.52803206,0.071715683,0.62321979]",0.29605207161392283,1.0673988245362391,0.0878999940395355,false,0.0,nan,0.0,
rrtstar_ompl,45,static_tall_formal_v2_045,around_tall_obstacle,tall,9,"[-0.11053695,-1.5139879,1.2556833,-1.521344,-1.6855358,0.39237433]","[0.53163236,0.063640051,0.61087525]",0.2814218632596062,1.0165703090821325,0.0878999940395355,false,0.0,nan,0.0,
rrtstar_ompl,45,static_tall_formal_v2_045,around_tall_obstacle,tall,10,"[-0.12281883,-1.5077644,1.2729814,-1.5159378,-1.6983731,0.43597148]","[0.5348115,0.055526212,0.59854025]",0.26681814580458113,0.9657417936280259,0.0878999940395355,false,0.0,nan,0.0,
rrtstar_ompl,45,static_tall_formal_v2_045,around_tall_obstacle,tall,11,"[-0.13510072,-1.5015408,1.2902795,-1.5105316,-1.7112104,0.47956862]","[0.53757161,0.047386937,0.58622247]",0.2522454126636798,0.9149132781739192,0.0878999940395355,false,0.0,nan,0.0,
rrtstar_ompl,45,static_tall_formal_v2_045,around_tall_obstacle,tall,12,"[-0.1473826,-1.4953172,1.3075777,-1.5051254,-1.7240477,0.52316577]","[0.53991538,0.039234899,0.57392937]",0.2377080343816626,0.8640847627198126,0.0878999940395355,false,0.0,nan,0.0,
rrtstar_ompl,45,static_tall_formal_v2_045,around_tall_obstacle,tall,13,"[-0.15966448,-1.4890937,1.3248758,-1.4997192,-1.736885,0.56676292]","[0.54184592,0.031082498,0.56166846]",0.22321041594423494,0.813256247265706,0.0878999940395355,false,0.0,nan,0.0,
rrtstar_ompl,45,static_tall_formal_v2_045,around_tall_obstacle,tall,14,"[-0.17194637,-1.4828701,1.342174,-1.4943129,-1.7497223,0.61036007]","[0.54336673,0.022942061,0.54944706]",0.20875691501963428,0.7624277318115994,0.0878999940395355,false,0.0,nan,0.0,
rrtstar_ompl,45,static_tall_formal_v2_045,around_tall_obstacle,tall,15,"[-0.18422825,-1.4766465,1.3594721,-1.4889067,-1.7625596,0.65395721]","[0.54448199,0.014825663,0.53727221]",0.19435168332953048,0.7115992163574928,0.0878999940395355,false,0.0,nan,0.0,
rrtstar_ompl,45,static_tall_formal_v2_045,around_tall_obstacle,tall,16,"[-0.19651014,-1.470423,1.3767702,-1.4835005,-1.7753969,0.69755436]","[0.54519606,0.0067451932,0.52515101]",0.17999896119222855,0.6607707009033862,0.0878999940395355,false,0.0,nan,0.0,
rrtstar_ompl,45,static_tall_formal_v2_045,around_tall_obstacle,tall,17,"[-0.20879202,-1.4641994,1.3940684,-1.4780943,-1.7882342,0.74115151]","[0.54551399,-0.0012876745,0.51309043]",0.16570298554636687,0.6099421854492796,0.0878999940395355,false,0.0,nan,0.0,
rrtstar_ompl,45,static_tall_formal_v2_045,around_tall_obstacle,tall,18,"[-0.2210739,-1.4579759,1.4113665,-1.4726881,-1.8010715,0.78474866]","[0.54544097,-0.0092615448,0.5010972]",0.15146779145038994,0.5591136699951729,0.0878999940395355,false,0.0,nan,0.0,
rrtstar_ompl,45,static_tall_formal_v2_045,around_tall_obstacle,tall,19,"[-0.23335579,-1.4517523,1.4286646,-1.4672818,-1.8139089,0.8283458]","[0.54498279,-0.017165173,0.48917773]",0.13729728126654966,0.5082851545410663,0.0878999940395355,false,0.0,nan,0.0,
rrtstar_ompl,45,static_tall_formal_v2_045,around_tall_obstacle,tall,20,"[-0.24563767,-1.4455287,1.4459628,-1.4618756,-1.8267462,0.87194295]","[0.54414552,-0.024987716,0.47733882]",0.12319565065622054,0.4574566390869596,0.0878999940395355,false,0.0,nan,0.0,
rrtstar_ompl,45,static_tall_formal_v2_045,around_tall_obstacle,tall,21,"[-0.25791955,-1.4393052,1.4632609,-1.4564694,-1.8395835,0.9155401]","[0.54293579,-0.032718524,0.46558669]",0.1091667626908965,0.406628123632853,0.08456784225754765,false,0.0,nan,0.0,
rrtstar_ompl,45,static_tall_formal_v2_045,around_tall_obstacle,tall,22,"[-0.27020144,-1.4330816,1.4805591,-1.4510632,-1.8524208,0.95913725]","[0.54136014,-0.040347189,0.45392728]",0.09521423613287157,0.35579960817874634,0.08106278893188407,false,0.0,nan,0.0,
rrtstar_ompl,45,static_tall_formal_v2_045,around_tall_obstacle,tall,23,"[-0.28248332,-1.426858,1.4978572,-1.445657,-1.8652581,1.0027344]","[0.53942597,-0.047863692,0.44236702]",0.08134221863453002,0.3049710927246396,0.07761428179541877,false,0.0,nan,0.0,
rrtstar_ompl,45,static_tall_formal_v2_045,around_tall_obstacle,tall,24,"[-0.2947652,-1.4206345,1.5151553,-1.4402508,-1.8780954,1.0463315]","[0.53714073,-0.055258285,0.43091148]",0.06755417397735035,0.2541425772705332,0.0698706523072503,false,0.0,nan,0.0,
rrtstar_ompl,45,static_tall_formal_v2_045,around_tall_obstacle,tall,25,"[-0.30704709,-1.4144109,1.5324535,-1.4348445,-1.8909327,1.0899287]","[0.53451216,-0.06252148,0.41956651]",0.053853872160435315,0.2033140618164266,0.06128742136911858,false,0.0,nan,0.0,
rrtstar_ompl,45,static_tall_formal_v2_045,around_tall_obstacle,tall,26,"[-0.31932897,-1.4081873,1.5497516,-1.4294383,-1.90377,1.1335258]","[0.53154856,-0.069644213,0.40833759]",0.04024486176211666,0.15248554636231998,0.05321492863719264,false,0.0,nan,0.0,
rrtstar_ompl,45,static_tall_formal_v2_045,around_tall_obstacle,tall,27,"[-0.33161085,-1.4019638,1.5670498,-1.4240321,-1.9166073,1.177123]","[0.52825797,-0.076617643,0.39723003]",0.02673052695325297,0.10165703090821328,0.045771405730717626,false,0.0,nan,0.0,
rrtstar_ompl,45,static_tall_formal_v2_045,around_tall_obstacle,tall,28,"[-0.34389274,-1.3957402,1.5843479,-1.4186259,-1.9294446,1.2207201]","[0.52464932,-0.083433338,0.3862491]",0.01331442440425421,0.050828515454106625,0.039096704548415004,false,0.0,nan,0.0,
rrtstar_ompl,45,static_tall_formal_v2_045,around_tall_obstacle,tall,29,"[-0.35617462,-1.3895167,1.601646,-1.4132197,-1.9422819,1.2643173]","[0.52073139,-0.090083197,0.37539995]",3.686654334711044e-08,0.0,0.033314374135434616,false,0.0,nan,0.0,
rrtstar_ompl,46,static_tall_formal_v2_046,around_tall_obstacle,tall,0,"[0,-1.57,1.1,-1.57,-1.57,0]","[0.48397353,0.13337938,0.72136778]",0.33611985530450905,2.752018304200538,0.0878999940395355,false,20.06012773513794,nan,0.0,
rrtstar_ompl,46,static_tall_formal_v2_046,around_tall_obstacle,tall,1,"[-0.0080389547,-1.5656012,1.1023075,-1.5893912,-1.577704,0.044485979]","[0.48861977,0.12868828,0.72071797]",0.330124267390988,2.7019816077605285,0.0878999940395355,false,0.0,nan,0.0,
rrtstar_ompl,46,static_tall_formal_v2_046,around_tall_obstacle,tall,2,"[-0.016077909,-1.5612024,1.1046151,-1.6087823,-1.5854081,0.088971959]","[0.49318132,0.12393184,0.72006404]",0.32411847092384566,2.651944911320519,0.0878999940395355,false,0.0,nan,0.0,
rrtstar_ompl,46,static_tall_formal_v2_046,around_tall_obstacle,tall,3,"[-0.024116864,-1.5568035,1.1069226,-1.6281735,-1.5931121,0.13345794]","[0.49765703,0.11911149,0.71940565]",0.31810281552316105,2.601908214880509,0.0878999940395355,false,0.0,nan,0.0,
rrtstar_ompl,46,static_tall_formal_v2_046,around_tall_obstacle,tall,4,"[-0.032155819,-1.5524047,1.1092302,-1.6475646,-1.6008162,0.17794392]","[0.50204587,0.1142287,0.71874261]",0.3120777090666331,2.5518715184404988,0.0878999940395355,false,0.0,nan,0.0,
rrtstar_ompl,46,static_tall_formal_v2_046,around_tall_obstacle,tall,5,"[-0.040194774,-1.5480059,1.1115377,-1.6669558,-1.6085202,0.2224299]","[0.50634682,0.10928492,0.71807444]",0.30604346011651806,2.501834822000489,0.0878999940395355,false,0.0,nan,0.0,
rrtstar_ompl,46,static_tall_formal_v2_046,around_tall_obstacle,tall,6,"[-0.048233728,-1.5436071,1.1138452,-1.686347,-1.6162243,0.26691588]","[0.51055878,0.10428168,0.71740097]",0.3000005231399583,2.4517981255604795,0.0878999940395355,false,0.0,nan,0.0,
rrtstar_ompl,46,static_tall_formal_v2_046,around_tall_obstacle,tall,7,"[-0.056272683,-1.5392083,1.1161528,-1.7057381,-1.6239283,0.31140186]","[0.5146808,0.099220484,0.71672189]",0.29394924528852434,2.4017614291204694,0.0878999940395355,false,0.0,nan,0.0,
rrtstar_ompl,46,static_tall_formal_v2_046,around_tall_obstacle,tall,8,"[-0.064311638,-1.5348094,1.1184603,-1.7251293,-1.6316324,0.35588784]","[0.51871186,0.094102867,0.71603698]",0.2878900253881072,2.35172473268046,0.0878999940395355,false,0.0,nan,0.0,
rrtstar_ompl,46,static_tall_formal_v2_046,around_tall_obstacle,tall,9,"[-0.072350593,-1.5304106,1.1207679,-1.7445205,-1.6393364,0.40037382]","[0.52265114,0.088930331,0.71534574]",0.28182313859032165,2.30168803624045,0.0878999940395355,false,0.0,nan,0.0,
rrtstar_ompl,46,static_tall_formal_v2_046,around_tall_obstacle,tall,10,"[-0.080389547,-1.5260118,1.1230754,-1.7639116,-1.6470405,0.44485979]","[0.52649766,0.083704509,0.71464801]",0.27574905107093517,2.2516513398004405,0.0878999940395355,false,0.0,nan,0.0,
rrtstar_ompl,46,static_tall_formal_v2_046,around_tall_obstacle,tall,11,"[-0.088428502,-1.521613,1.1253829,-1.7833028,-1.6547445,0.48934577]","[0.53025055,0.078426905,0.71394342]",0.26966805476410305,2.2016146433604304,0.0878999940395355,false,0.0,nan,0.0,
rrtstar_ompl,46,static_tall_formal_v2_046,around_tall_obstacle,tall,12,"[-0.096467457,-1.5172142,1.1276905,-1.8026939,-1.6624485,0.53383175]","[0.53390908,0.073099151,0.71323162]",0.26358051085016426,2.151577946920421,0.0878999940395355,false,0.0,nan,0.0,
rrtstar_ompl,46,static_tall_formal_v2_046,around_tall_obstacle,tall,13,"[-0.10450641,-1.5128153,1.129998,-1.8220851,-1.6701526,0.57831773]","[0.53747225,0.067722842,0.7125122]",0.25748679776140215,2.1015412504804107,0.0878999940395355,false,0.0,nan,0.0,
rrtstar_ompl,46,static_tall_formal_v2_046,around_tall_obstacle,tall,14,"[-0.11254537,-1.5084165,1.1323056,-1.8414763,-1.6778566,0.62280371]","[0.54093933,0.062299583,0.71178496]",0.251387263457248,2.051504554040401,0.0878999940395355,false,0.0,nan,0.0,
rrtstar_ompl,46,static_tall_formal_v2_046,around_tall_obstacle,tall,15,"[-0.12058432,-1.5040177,1.1346131,-1.8608674,-1.6855607,0.66728969]","[0.54430985,0.056831002,0.71104956]",0.24528219280163602,2.0014678576003915,0.0878999940395355,false,0.0,nan,0.0,
rrtstar_ompl,46,static_tall_formal_v2_046,around_tall_obstacle,tall,16,"[-0.12862328,-1.4996189,1.1369206,-1.8802586,-1.6932647,0.71177567]","[0.54758269,0.05131878,0.71030563]",0.23917205331919258,1.9514311611603816,0.0878999940395355,false,0.0,nan,0.0,
rrtstar_ompl,46,static_tall_formal_v2_046,around_tall_obstacle,tall,17,"[-0.13666223,-1.49522,1.1392282,-1.8996497,-1.7009688,0.75626165]","[0.55075747,0.045764513,0.70955276]",0.23305705338602217,1.9013944647203718,0.0878999940395355,false,0.0,nan,0.0,
rrtstar_ompl,46,static_tall_formal_v2_046,around_tall_obstacle,tall,18,"[-0.14470119,-1.4908212,1.1415357,-1.9190409,-1.7086728,0.80074763]","[0.55383337,0.040169895,0.70879066]",0.22693760204784402,1.8513577682803621,0.0878999940395355,false,0.0,nan,0.0,
rrtstar_ompl,46,static_tall_formal_v2_046,around_tall_obstacle,tall,19,"[-0.15274014,-1.4864224,1.1438433,-1.9384321,-1.7163769,0.84523361]","[0.5568099,0.034536578,0.70801896]",0.2208139868106928,1.8013210718403523,0.0878999940395355,false,0.0,nan,0.0,
rrtstar_ompl,46,static_tall_formal_v2_046,around_tall_obstacle,tall,20,"[-0.16077909,-1.4820236,1.1461508,-1.9578232,-1.7240809,0.88971959]","[0.55968648,0.028866252,0.70723736]",0.21468655752293742,1.7512843754003424,0.0878999940395355,false,0.0,nan,0.0,
rrtstar_ompl,46,static_tall_formal_v2_046,around_tall_obstacle,tall,21,"[-0.16881805,-1.4776248,1.1484583,-1.9772144,-1.731785,0.93420557]","[0.56246251,0.023160597,0.70644534]",0.20855560761865585,1.7012476789603324,0.0878999940395355,false,0.0,nan,0.0,
rrtstar_ompl,46,static_tall_formal_v2_046,around_tall_obstacle,tall,22,"[-0.176857,-1.4732259,1.1507659,-1.9966056,-1.739489,0.97869155]","[0.56513739,0.017421326,0.70564264]",0.20242150445640866,1.6512109825203227,0.0878999940395355,false,0.0,nan,0.0,
rrtstar_ompl,46,static_tall_formal_v2_046,around_tall_obstacle,tall,23,"[-0.18489596,-1.4688271,1.1530734,-2.0159967,-1.747193,1.0231775]","[0.56771088,0.011650112,0.70482886]",0.19628448970397075,1.601174286080313,0.0878999940395355,false,0.0,nan,0.0,
rrtstar_ompl,46,static_tall_formal_v2_046,around_tall_obstacle,tall,24,"[-0.19293491,-1.4644283,1.155381,-2.0353879,-1.7548971,1.0676635]","[0.57018238,0.0058487039,0.70400375]",0.19014495910706608,1.5511375896403035,0.0878999940395355,false,0.0,nan,0.0,
rrtstar_ompl,46,static_tall_formal_v2_046,around_tall_obstacle,tall,25,"[-0.20097387,-1.4600295,1.1576885,-2.054779,-1.7626011,1.1121495]","[0.57255155,1.8764287e-05,0.70316678]",0.18400313137086405,1.5011008932002936,0.0878999940395355,false,0.0,nan,0.0,
rrtstar_ompl,46,static_tall_formal_v2_046,around_tall_obstacle,tall,26,"[-0.20901282,-1.4556307,1.159996,-2.0741702,-1.7703052,1.1566355]","[0.57481796,-0.0058379509,0.70231754]",0.17785934232852355,1.4510641967602835,0.0878999940395355,false,0.0,nan,0.0,
rrtstar_ompl,46,static_tall_formal_v2_046,around_tall_obstacle,tall,27,"[-0.21705178,-1.4512318,1.1623036,-2.0935614,-1.7780092,1.2011214]","[0.57698131,-0.011719739,0.70145583]",0.1717138992096288,1.401027500320274,0.0878999940395355,false,0.0,nan,0.0,
rrtstar_ompl,46,static_tall_formal_v2_046,around_tall_obstacle,tall,28,"[-0.22509073,-1.446833,1.1646111,-2.1129525,-1.7857133,1.2456074]","[0.57904142,-0.017624877,0.70058101]",0.1655670297667569,1.3509908038802643,0.0878999940395355,false,0.0,nan,0.0,
rrtstar_ompl,46,static_tall_formal_v2_046,around_tall_obstacle,tall,29,"[-0.23312969,-1.4424342,1.1669187,-2.1323437,-1.7934173,1.2900934]","[0.58099777,-0.023551609,0.69969302]",0.15941913486477344,1.3009541074402546,0.0878999940395355,false,0.0,nan,0.0,
rrtstar_ompl,46,static_tall_formal_v2_046,around_tall_obstacle,tall,30,"[-0.24116864,-1.4380354,1.1692262,-2.1517348,-1.8011214,1.3345794]","[0.58285028,-0.029498262,0.69879115]",0.1532703632636345,1.2509174110002448,0.08643689695919454,false,0.0,nan,0.0,
rrtstar_ompl,46,static_tall_formal_v2_046,around_tall_obstacle,tall,31,"[-0.2492076,-1.4336366,1.1715338,-2.171126,-1.8088254,1.3790654]","[0.58459884,-0.035463057,0.69787532]",0.14712109467459403,1.200880714560235,0.08400833989666506,false,0.0,nan,0.0,
rrtstar_ompl,46,static_tall_formal_v2_046,around_tall_obstacle,tall,32,"[-0.25724655,-1.4292377,1.1738413,-2.1905172,-1.8165294,1.4235513]","[0.58624303,-0.041444279,0.69694483]",0.14097154597685158,1.150844018120225,0.08160278295110499,false,0.0,nan,0.0,
rrtstar_ompl,46,static_tall_formal_v2_046,around_tall_obstacle,tall,33,"[-0.26528551,-1.4248389,1.1761488,-2.2099083,-1.8242335,1.4680373]","[0.58778298,-0.047440238,0.69599938]",0.13482194385906823,1.1008073216802154,0.07922165697066486,false,0.0,nan,0.0,
rrtstar_ompl,46,static_tall_formal_v2_046,around_tall_obstacle,tall,34,"[-0.27332446,-1.4204401,1.1784564,-2.2292995,-1.8319375,1.5125233]","[0.58921844,-0.053449173,0.6950388]",0.12867263327769757,1.0507706252402054,0.07686647867753363,false,0.0,nan,0.0,
rrtstar_ompl,46,static_tall_formal_v2_046,around_tall_obstacle,tall,35,"[-0.28136342,-1.4160413,1.1807639,-2.2486907,-1.8396416,1.5570093]","[0.59054953,-0.059469365,0.69406247]",0.12252381625249678,1.0007339288001957,0.07453882646380741,false,0.0,nan,0.0,
rrtstar_ompl,46,static_tall_formal_v2_046,around_tall_obstacle,tall,36,"[-0.28940237,-1.4116425,1.1830715,-2.2680818,-1.8473456,1.6014953]","[0.59177601,-0.065499023,0.69306999]",0.1163758172875439,0.9506972323601859,0.07224036757313407,false,0.0,nan,0.0,
rrtstar_ompl,46,static_tall_formal_v2_046,around_tall_obstacle,tall,37,"[-0.29744132,-1.4072436,1.185379,-2.287473,-1.8550497,1.6459812]","[0.59289801,-0.071536526,0.69206107]",0.11022879959846309,0.9006605359201763,0.06997283353403128,false,0.0,nan,0.0,
rrtstar_ompl,46,static_tall_formal_v2_046,around_tall_obstacle,tall,38,"[-0.30548028,-1.4028448,1.1876865,-2.3068641,-1.8627537,1.6904672]","[0.59391558,-0.077580161,0.69103521]",0.10408298742143733,0.8506238394801662,0.06773803785048071,false,0.0,nan,0.0,
rrtstar_ompl,46,static_tall_formal_v2_046,around_tall_obstacle,tall,39,"[-0.31351923,-1.398446,1.1899941,-2.3262553,-1.8704578,1.7349532]","[0.59482896,-0.08362817,0.68999219]",0.09793869472745693,0.8005871430401564,0.0655378713383428,false,0.0,nan,0.0,
rrtstar_ompl,46,static_tall_formal_v2_046,around_tall_obstacle,tall,40,"[-0.32155819,-1.3940472,1.1923016,-2.3456465,-1.8781618,1.7794392]","[0.59563792,-0.089678854,0.68893123]",0.09179607570260916,0.7505504466001466,0.06337434020844154,false,0.0,nan,0.0,
rrtstar_ompl,46,static_tall_formal_v2_046,around_tall_obstacle,tall,41,"[-0.32959714,-1.3896484,1.1946092,-2.3650376,-1.8858659,1.8239252]","[0.59634274,-0.095730558,0.68785232]",0.08565538843508469,0.700513750160137,0.06124948319381274,false,0.0,nan,0.0,
rrtstar_ompl,46,static_tall_formal_v2_046,around_tall_obstacle,tall,42,"[-0.3376361,-1.3852495,1.1969167,-2.3844288,-1.8935699,1.8684111]","[0.5969438,-0.10178157,0.68675482]",0.07951682623804583,0.6504770537201271,0.05916548437365715,false,0.0,nan,0.0,
rrtstar_ompl,46,static_tall_formal_v2_046,around_tall_obstacle,tall,43,"[-0.34567505,-1.3808507,1.1992242,-2.40382,-1.9012739,1.9128971]","[0.59744102,-0.10783018,0.68563849]",0.0733806544896272,0.6004403572801174,0.05712457220686182,false,0.0,nan,0.0,
rrtstar_ompl,46,static_tall_formal_v2_046,around_tall_obstacle,tall,44,"[-0.35371401,-1.3764519,1.2015318,-2.4232111,-1.908978,1.9573831]","[0.59783506,-0.11387477,0.6845029]",0.0672470403975735,0.5504036608401075,0.05512905494497494,false,0.0,nan,0.0,
rrtstar_ompl,46,static_tall_formal_v2_046,around_tall_obstacle,tall,45,"[-0.36175296,-1.3720531,1.2038393,-2.4426023,-1.916682,2.0018691]","[0.59812582,-0.11991361,0.68334764]",0.06111623461044589,0.5003669644000979,0.05318138179362439,false,0.0,nan,0.0,
rrtstar_ompl,46,static_tall_formal_v2_046,around_tall_obstacle,tall,46,"[-0.36979192,-1.3676542,1.2061469,-2.4619934,-1.9243861,2.0463551]","[0.59831375,-0.12594515,0.68217224]",0.05498831305950979,0.4503302679600882,0.05128404082546664,false,0.0,nan,0.0,
rrtstar_ompl,46,static_tall_formal_v2_046,around_tall_obstacle,tall,47,"[-0.37783087,-1.3632554,1.2084544,-2.4813846,-1.9320901,2.090841]","[0.59839922,-0.13196763,0.68097633]",0.0488635955115312,0.40029357152007833,0.04943960428614563,false,0.0,nan,0.0,
rrtstar_ompl,46,static_tall_formal_v2_046,around_tall_obstacle,tall,48,"[-0.38586983,-1.3588566,1.2107619,-2.5007758,-1.9397942,2.135327]","[0.59838259,-0.13797951,0.67975956]",0.042742194276442665,0.3502568750800687,0.04765072314408783,false,0.0,nan,0.0,
rrtstar_ompl,46,static_tall_formal_v2_046,around_tall_obstacle,tall,49,"[-0.39390878,-1.3544578,1.2130695,-2.5201669,-1.9474982,2.179813]","[0.59826434,-0.14397909,0.67852139]",0.03662432592980056,0.300220178640059,0.04592012980157005,false,0.0,nan,0.0,
rrtstar_ompl,46,static_tall_formal_v2_046,around_tall_obstacle,tall,50,"[-0.40194774,-1.350059,1.215377,-2.5395581,-1.9552023,2.224299]","[0.59804481,-0.1499649,0.67726171]",0.030510089165628588,0.25018348220004893,0.044250603470251185,false,0.0,nan,0.0,
rrtstar_ompl,46,static_tall_formal_v2_046,around_tall_obstacle,tall,51,"[-0.40998669,-1.3456601,1.2176846,-2.5589492,-1.9629063,2.268785]","[0.59772456,-0.15593523,0.67597991]",0.02439973002626768,0.20014678576003925,0.042644990875605124,false,0.0,nan,0.0,
rrtstar_ompl,46,static_tall_formal_v2_046,around_tall_obstacle,tall,52,"[-0.41802565,-1.3412613,1.2199921,-2.5783404,-1.9706104,2.3132709]","[0.59730411,-0.16188848,0.67467552]",0.018293409407293234,0.15011008932002942,0.04110617237137258,false,0.0,nan,0.0,
rrtstar_ompl,46,static_tall_formal_v2_046,around_tall_obstacle,tall,53,"[-0.4260646,-1.3368625,1.2222996,-2.5977316,-1.9783144,2.3577569]","[0.596784,-0.16782321,0.67334849]",0.012191241847564507,0.10007339288001973,0.03963704917109788,false,0.0,nan,0.0,
rrtstar_ompl,46,static_tall_formal_v2_046,around_tall_obstacle,tall,54,"[-0.43410356,-1.3324637,1.2246072,-2.6171227,-1.9860184,2.4022429]","[0.59616482,-0.17373775,0.67199802]",0.006093411912202238,0.050036696440009666,0.038240545524788436,false,0.0,nan,0.0,
rrtstar_ompl,46,static_tall_formal_v2_046,around_tall_obstacle,tall,55,"[-0.44214251,-1.3280649,1.2269147,-2.6365139,-1.9937225,2.4467289]","[0.595447,-0.17963064,0.67062414]",1.2150734214725708e-07,0.0,0.036919602259627454,false,0.0,nan,0.0,
rrtstar_ompl,47,static_tall_formal_v2_047,around_tall_obstacle,tall,0,"[0,-1.57,1.1,-1.57,-1.57,0]","[0.48397353,0.13337938,0.72136778]",0.4258704235761763,1.2095703437251903,0.0878999940395355,false,20.00832748413086,nan,0.0,
rrtstar_ompl,47,static_tall_formal_v2_047,around_tall_obstacle,tall,1,"[0.026596178,-1.5561814,1.1004434,-1.5900189,-1.5505158,-0.029345123]","[0.48881134,0.14837134,0.71710771]",0.41118286149981187,1.1591715794033075,0.0878999940395355,false,0.0,nan,0.0,
rrtstar_ompl,47,static_tall_formal_v2_047,around_tall_obstacle,tall,2,"[0.053192357,-1.5423628,1.1008868,-1.6100378,-1.5310316,-0.058690247]","[0.49309334,0.16370758,0.71276617]",0.39617809381366464,1.1087728150814244,0.0878999940395355,false,0.0,nan,0.0,
rrtstar_ompl,47,static_tall_formal_v2_047,around_tall_obstacle,tall,3,"[0.079788535,-1.5285441,1.1013302,-1.6300567,-1.5115473,-0.08803537]","[0.49680269,0.17936558,0.70834392]",0.380862414418627,1.0583740507595416,0.0878999940395355,false,0.0,nan,0.0,
rrtstar_ompl,47,static_tall_formal_v2_047,around_tall_obstacle,tall,4,"[0.10638471,-1.5147255,1.1017736,-1.6500756,-1.4920631,-0.11738049]","[0.49992368,0.19532204,0.70384175]",0.3652422846107856,1.0079752864376588,0.0878999940395355,false,0.0,nan,0.0,
rrtstar_ompl,47,static_tall_formal_v2_047,around_tall_obstacle,tall,5,"[0.13298089,-1.5009069,1.102217,-1.6700945,-1.4725789,-0.14672562]","[0.50244153,0.21155299,0.69926023]",0.34932424942219276,0.9575765221157759,0.0878999940395355,false,0.0,nan,0.0,
rrtstar_ompl,47,static_tall_formal_v2_047,around_tall_obstacle,tall,6,"[0.15957707,-1.4870883,1.1026604,-1.6901135,-1.4530947,-0.17607074]","[0.50434256,0.22803375,0.69459999]",0.3331150695247988,0.9071777577938929,0.0878999940395355,false,0.0,nan,0.0,
rrtstar_ompl,47,static_tall_formal_v2_047,around_tall_obstacle,tall,7,"[0.18617325,-1.4732696,1.1031038,-1.7101324,-1.4336105,-0.20541586]","[0.50561398,0.2447391,0.68986195]",0.3166216278175021,0.8567789934720098,0.0878999940395355,false,0.0,nan,0.0,
rrtstar_ompl,47,static_tall_formal_v2_047,around_tall_obstacle,tall,8,"[0.21276943,-1.459451,1.1035472,-1.7301513,-1.4141262,-0.23476099]","[0.50624412,0.26164317,0.68504661]",0.2998508877343179,0.8063802291501271,0.0878999940395355,false,0.0,nan,0.0,
rrtstar_ompl,47,static_tall_formal_v2_047,around_tall_obstacle,tall,9,"[0.2393656,-1.4456324,1.1039906,-1.7501702,-1.394642,-0.26410611]","[0.50622261,0.27871963,0.68015498]",0.2828101025326482,0.7559814648282441,0.0878999940395355,false,0.0,nan,0.0,
rrtstar_ompl,47,static_tall_formal_v2_047,around_tall_obstacle,tall,10,"[0.26596178,-1.4318138,1.1044339,-1.7701891,-1.3751578,-0.29345123]","[0.50553972,0.29594162,0.67518747]",0.26550640452849567,0.7055827005063611,0.0878999940395355,false,0.0,nan,0.0,
rrtstar_ompl,47,static_tall_formal_v2_047,around_tall_obstacle,tall,11,"[0.29255796,-1.4179952,1.1048773,-1.790208,-1.3556736,-0.32279636]","[0.50418735,0.31328183,0.67014503]",0.24794734112597977,0.6551839361844781,0.0878999940395355,false,0.0,nan,0.0,
rrtstar_ompl,47,static_tall_formal_v2_047,around_tall_obstacle,tall,12,"[0.31915414,-1.4041765,1.1053207,-1.8102269,-1.3361894,-0.35214148]","[0.50215828,0.33071277,0.66502833]",0.23014026182101263,0.6047851718625953,0.0878999940395355,false,0.0,nan,0.0,
rrtstar_ompl,47,static_tall_formal_v2_047,around_tall_obstacle,tall,13,"[0.34575032,-1.3903579,1.1057641,-1.8302458,-1.3167051,-0.3814866]","[0.49944669,0.34820634,0.65983802]",0.21209291010215414,0.5543864075407123,0.0878999940395355,false,0.0,nan,0.0,
rrtstar_ompl,47,static_tall_formal_v2_047,around_tall_obstacle,tall,14,"[0.3723465,-1.3765393,1.1062075,-1.8502647,-1.2972209,-0.41083173]","[0.49604768,0.36573428,0.65457505]",0.1938130835738322,0.5039876432188294,0.08254235826123711,false,0.0,nan,0.0,
rrtstar_ompl,47,static_tall_formal_v2_047,around_tall_obstacle,tall,15,"[0.39894267,-1.3627207,1.1066509,-1.8702836,-1.2777367,-0.44017685]","[0.49195781,0.38326821,0.6492399]",0.1753085196865656,0.4535888788969464,0.0755103590531604,false,0.0,nan,0.0,
rrtstar_ompl,47,static_tall_formal_v2_047,around_tall_obstacle,tall,16,"[0.42553885,-1.348902,1.1070943,-1.8903025,-1.2582525,-0.46952197]","[0.48717448,0.4007794,0.6438334]",0.15658716927615152,0.4031901145750635,0.0687194176121083,false,0.0,nan,0.0,
rrtstar_ompl,47,static_tall_formal_v2_047,around_tall_obstacle,tall,17,"[0.45213503,-1.3350834,1.1075377,-1.9103215,-1.2387683,-0.4988671]","[0.48169678,0.41823906,0.63835633]",0.13765720466553852,0.35279135025318054,0.06224680936276378,false,0.0,nan,0.0,
rrtstar_ompl,47,static_tall_formal_v2_047,around_tall_obstacle,tall,18,"[0.47873121,-1.3212648,1.1079811,-1.9303404,-1.219284,-0.52821222]","[0.47552466,0.43561837,0.63280964]",0.11852675610949566,0.30239258593129764,0.056184500982198654,false,0.0,nan,0.0,
rrtstar_ompl,47,static_tall_formal_v2_047,around_tall_obstacle,tall,19,"[0.50532739,-1.3074462,1.1084245,-1.9503593,-1.1997998,-0.55755734]","[0.46865934,0.45288855,0.62719363]",0.09920382833874378,0.25199382160941475,0.050640195927678586,false,0.0,nan,0.0,
rrtstar_ompl,47,static_tall_formal_v2_047,around_tall_obstacle,tall,20,"[0.53192357,-1.2936275,1.1088679,-1.9703782,-1.1803156,-0.58690247]","[0.46110362,0.47002053,0.62150955]",0.07969720507076766,0.2015950572875317,0.04573733334335858,false,0.0,nan,0.0,
rrtstar_ompl,47,static_tall_formal_v2_047,around_tall_obstacle,tall,21,"[0.55851974,-1.2798089,1.1093113,-1.9903971,-1.1608314,-0.61624759]","[0.45286098,0.48698574,0.61575776]",0.06001491647898126,0.1511962929656489,0.041538449711430905,false,0.0,nan,0.0,
rrtstar_ompl,47,static_tall_formal_v2_047,around_tall_obstacle,tall,22,"[0.58511592,-1.2659903,1.1097547,-2.010416,-1.1413472,-0.64559271]","[0.44393647,0.50375563,0.60993934]",0.040165521064476115,0.10079752864376594,0.03747054799657472,false,0.0,nan,0.0,
rrtstar_ompl,47,static_tall_formal_v2_047,around_tall_obstacle,tall,23,"[0.6117121,-1.2521717,1.1101981,-2.0304349,-1.1218629,-0.67493784]","[0.43433625,0.52030158,0.60405505]",0.020157729107967166,0.05039876432188287,0.033381137022230736,false,0.0,nan,0.0,
rrtstar_ompl,47,static_tall_formal_v2_047,around_tall_obstacle,tall,24,"[0.63830828,-1.2383531,1.1106415,-2.0504538,-1.1023787,-0.70428296]","[0.4240678,0.53659558,0.59810537]",5.663968423413584e-09,0.0,0.02927458171078405,false,0.0,nan,0.0,
rrtstar_ompl,48,static_tall_formal_v2_048,around_tall_obstacle,tall,0,"[0,-1.57,1.1,-1.57,-1.57,0]","[0.48397353,0.13337938,0.72136778]",0.41851191008556893,2.7858017855209862,0.0878999940395355,false,20.08496856689453,nan,0.0,
rrtstar_ompl,48,static_tall_formal_v2_048,around_tall_obstacle,tall,1,"[-0.015976863,-1.5686756,1.0917318,-1.5617711,-1.5734822,-0.046479026]","[0.48530176,0.12529528,0.72361887]",0.4109490438013435,2.7351508439660597,0.0878999940395355,false,0.0,nan,0.0,
rrtstar_ompl,48,static_tall_formal_v2_048,around_tall_obstacle,tall,2,"[-0.031953727,-1.5673512,1.0834636,-1.5535422,-1.5769644,-0.092958051]","[0.48647794,0.11720344,0.72586173]",0.4033690940153457,2.6844999024111322,0.0878999940395355,false,0.0,nan,0.0,
rrtstar_ompl,48,static_tall_formal_v2_048,around_tall_obstacle,tall,3,"[-0.04793059,-1.5660268,1.0751954,-1.5453132,-1.5804466,-0.13943708]","[0.48750204,0.1091069,0.72809613]",0.3957728740809576,2.6338489608562052,0.0878999940395355,false,0.0,nan,0.0,
rrtstar_ompl,48,static_tall_formal_v2_048,around_tall_obstacle,tall,4,"[-0.063907453,-1.5647024,1.0669272,-1.5370843,-1.5839288,-0.1859161]","[0.48837453,0.10100877,0.73032212]",0.3881613288509683,2.5831980193012782,0.0878999940395355,false,0.0,nan,0.0,
rrtstar_ompl,48,static_tall_formal_v2_048,around_tall_obstacle,tall,5,"[-0.079884316,-1.563378,1.058659,-1.5288554,-1.5874111,-0.23239513]","[0.48909551,0.0929121,0.73253942]",0.3805352957945507,2.5325470777463512,0.0878999940395355,false,0.0,nan,0.0,
rrtstar_ompl,48,static_tall_formal_v2_048,around_tall_obstacle,tall,6,"[-0.09586118,-1.5620536,1.0503909,-1.5206265,-1.5908933,-0.27887415]","[0.48966551,0.084819913,0.73474801]",0.37289567181980016,2.4818961361914242,0.0878999940395355,false,0.0,nan,0.0,
rrtstar_ompl,48,static_tall_formal_v2_048,around_tall_obstacle,tall,7,"[-0.11183804,-1.5607292,1.0421227,-1.5123976,-1.5943755,-0.32535318]","[0.49008477,0.076735266,0.73694772]",0.36524330624274404,2.431245194636497,0.0878999940395355,false,0.0,nan,0.0,
rrtstar_ompl,48,static_tall_formal_v2_048,around_tall_obstacle,tall,8,"[-0.12781491,-1.5594048,1.0338545,-1.5041687,-1.5978577,-0.37183221]","[0.490354,0.068661138,0.7391386]",0.3575790845264547,2.3805942530815702,0.0878999940395355,false,0.0,nan,0.0,
rrtstar_ompl,48,static_tall_formal_v2_048,around_tall_obstacle,tall,9,"[-0.14379177,-1.5580804,1.0255863,-1.4959397,-1.6013399,-0.41831123]","[0.4904736,0.060600527,0.74132037]",0.3499038697769336,2.329943311526643,0.0878999940395355,false,0.0,nan,0.0,
rrtstar_ompl,48,static_tall_formal_v2_048,around_tall_obstacle,tall,10,"[-0.15976863,-1.556756,1.0173181,-1.4877108,-1.6048221,-0.46479026]","[0.49044421,0.052556437,0.74349284]",0.34221859621790574,2.2792923699717162,0.0878999940395355,false,0.0,nan,0.0,
rrtstar_ompl,48,static_tall_formal_v2_048,around_tall_obstacle,tall,11,"[-0.1757455,-1.5554316,1.0090499,-1.4794819,-1.6083043,-0.51126928]","[0.49026659,0.0445318,0.74565613]",0.3345240866963243,2.228641428416789,0.0878999940395355,false,0.0,nan,0.0,
rrtstar_ompl,48,static_tall_formal_v2_048,around_tall_obstacle,tall,12,"[-0.19172236,-1.5541072,1.0007817,-1.471253,-1.6117865,-0.55774831]","[0.48994148,0.036529556,0.74781001]",0.3268212571503112,2.177990486861862,0.0878999940395355,false,0.0,nan,0.0,
rrtstar_ompl,48,static_tall_formal_v2_048,around_tall_obstacle,tall,13,"[-0.20769922,-1.5527828,0.99251352,-1.4630241,-1.6152688,-0.60422733]","[0.4894695,0.028552651,0.74995434]",0.31911094391659023,2.1273395453069353,0.0878999940395355,false,0.0,nan,0.0,
rrtstar_ompl,48,static_tall_formal_v2_048,around_tall_obstacle,tall,14,"[-0.22367609,-1.5514584,0.98424533,-1.4547952,-1.618751,-0.65070636]","[0.48885173,0.020603955,0.75208914]",0.3113940648873722,2.0766886037520083,0.0878999940395355,false,0.0,nan,0.0,
rrtstar_ompl,48,static_tall_formal_v2_048,around_tall_obstacle,tall,15,"[-0.23965295,-1.550134,0.97597714,-1.4465662,-1.6222332,-0.69718538]","[0.48808888,0.01268632,0.75421411]",0.30367144665129536,2.0260376621970813,0.0878999940395355,false,0.0,nan,0.0,
rrtstar_ompl,48,static_tall_formal_v2_048,around_tall_obstacle,tall,16,"[-0.25562981,-1.5488096,0.96770895,-1.4383373,-1.6257154,-0.74366441]","[0.48718217,0.0048026238,0.7563293]",0.2959440614373965,1.9753867206421543,0.0878999940395355,false,0.0,nan,0.0,
rrtstar_ompl,48,static_tall_formal_v2_048,around_tall_obstacle,tall,17,"[-0.27160668,-1.5474852,0.95944076,-1.4301084,-1.6291976,-0.79014344]","[0.48613241,-0.0030443873,0.75843465]",0.2882126135076824,1.924735779087227,0.0878999940395355,false,0.0,nan,0.0,
rrtstar_ompl,48,static_tall_formal_v2_048,around_tall_obstacle,tall,18,"[-0.28758354,-1.5461608,0.95117257,-1.4218795,-1.6326798,-0.83662246]","[0.48494089,-0.010851838,0.76052976]",0.2804782173805179,1.8740848375323,0.0878999940395355,false,0.0,nan,0.0,
rrtstar_ompl,48,static_tall_formal_v2_048,around_tall_obstacle,tall,19,"[-0.3035604,-1.5448364,0.94290438,-1.4136506,-1.636162,-0.88310149]","[0.48360863,-0.018617054,0.76261479]",0.27274155797400795,1.8234338959773726,0.0878999940395355,false,0.0,nan,0.0,
rrtstar_ompl,48,static_tall_formal_v2_048,around_tall_obstacle,tall,20,"[-0.31953727,-1.543512,0.93463619,-1.4054216,-1.6396442,-0.92958051]","[0.48213685,-0.026337272,0.76468956]",0.26500355517313184,1.772782954422446,0.0878999940395355,false,0.0,nan,0.0,
rrtstar_ompl,48,static_tall_formal_v2_048,around_tall_obstacle,tall,21,"[-0.33551413,-1.5421876,0.926368,-1.3971927,-1.6431265,-0.97605954]","[0.48052686,-0.034009807,0.76675397]",0.2572651139516973,1.7221320128675188,0.0878999940395355,false,0.0,nan,0.0,
rrtstar_ompl,48,static_tall_formal_v2_048,around_tall_obstacle,tall,22,"[-0.35149099,-1.5408632,0.91809981,-1.3889638,-1.6466087,-1.0225386]","[0.47877988,-0.041631952,0.76880789]",0.24952709007742377,1.6714810713125918,0.0878999940395355,false,0.0,nan,0.0,
rrtstar_ompl,48,static_tall_formal_v2_048,around_tall_obstacle,tall,23,"[-0.36746786,-1.5395388,0.90983162,-1.3807349,-1.6500909,-1.0690176]","[0.47689748,-0.049201153,0.77085137]",0.24179035693021012,1.6208301297576648,0.0878999940395355,false,0.0,nan,0.0,
rrtstar_ompl,48,static_tall_formal_v2_048,around_tall_obstacle,tall,24,"[-0.38344472,-1.5382144,0.90156343,-1.372506,-1.6535731,-1.1154966]","[0.4748809,-0.056714781,0.77288401]",0.2340558099753187,1.5701791882027378,0.0878999940395355,false,0.0,nan,0.0,
rrtstar_ompl,48,static_tall_formal_v2_048,around_tall_obstacle,tall,25,"[-0.39942158,-1.53689,0.89329524,-1.3642771,-1.6570553,-1.1619756]","[0.47273168,-0.064170249,0.77490586]",0.2263243252924059,1.5195282466478108,0.0878999940395355,false,0.0,nan,0.0,
rrtstar_ompl,48,static_tall_formal_v2_048,around_tall_obstacle,tall,26,"[-0.41539845,-1.5355656,0.88502705,-1.3560481,-1.6605375,-1.2084547]","[0.47045133,-0.071565107,0.77691686]",0.2185967021211293,1.4688773050928838,0.0878999940395355,false,0.0,nan,0.0,
rrtstar_ompl,48,static_tall_formal_v2_048,around_tall_obstacle,tall,27,"[-0.43137531,-1.5342412,0.87675886,-1.3478192,-1.6640197,-1.2549337]","[0.46804148,-0.078896843,0.7789169]",0.21087387017453785,1.4182263635379568,0.0878999940395355,false,0.0,nan,0.0,
rrtstar_ompl,48,static_tall_formal_v2_048,around_tall_obstacle,tall,28,"[-0.44735217,-1.5329168,0.86849066,-1.3395903,-1.6675019,-1.3014127]","[0.46550354,-0.086163059,0.78090578]",0.20315655960909484,1.3675754219830298,0.08752185265551299,false,0.0,nan,0.0,
rrtstar_ompl,48,static_tall_formal_v2_048,around_tall_obstacle,tall,29,"[-0.46332903,-1.5315924,0.86022247,-1.3313614,-1.6709842,-1.3478917]","[0.46283951,-0.093361273,0.78288352]",0.19544584772519924,1.3169244804281026,0.08518900598452889,false,0.0,nan,0.0,
rrtstar_ompl,48,static_tall_formal_v2_048,around_tall_obstacle,tall,30,"[-0.4793059,-1.530268,0.85195428,-1.3231325,-1.6744664,-1.3943708]","[0.46005076,-0.10048915,0.78484994]",0.18774240783236382,1.2662735388731758,0.08291006797056022,false,0.0,nan,0.0,
rrtstar_ompl,48,static_tall_formal_v2_048,around_tall_obstacle,tall,31,"[-0.49528276,-1.5289436,0.84368609,-1.3149036,-1.6779486,-1.4408498]","[0.45713934,-0.10754441,0.78680485]",0.18004723550372365,1.2156225973182486,0.08068808352098536,false,0.0,nan,0.0,
rrtstar_ompl,48,static_tall_formal_v2_048,around_tall_obstacle,tall,32,"[-0.51125962,-1.5276192,0.8354179,-1.3066746,-1.6814308,-1.4873288]","[0.45410699,-0.11452479,0.78874838]",0.1723611011115154,1.1649716557633216,0.07852631380867195,false,0.0,nan,0.0,
rrtstar_ompl,48,static_tall_formal_v2_048,around_tall_obstacle,tall,33,"[-0.52723649,-1.5262948,0.82714971,-1.2984457,-1.684913,-1.5338078]","[0.45095548,-0.12142803,0.79068023]",0.16468487879971194,1.1143207142083946,0.07642803747377275,false,0.0,nan,0.0,
rrtstar_ompl,48,static_tall_formal_v2_048,around_tall_obstacle,tall,34,"[-0.54321335,-1.5249704,0.81888152,-1.2902168,-1.6883952,-1.5802869]","[0.44768676,-0.12825197,0.79260051]",0.15701937159245158,1.0636697726534676,0.07439663136081476,false,0.0,nan,0.0,
rrtstar_ompl,48,static_tall_formal_v2_048,around_tall_obstacle,tall,35,"[-0.55919021,-1.523646,0.81061333,-1.2819879,-1.6918774,-1.6267659]","[0.4443028,-0.13499445,0.79450893]",0.14936551530799963,1.0130188310985404,0.07243553385270546,false,0.0,nan,0.0,
rrtstar_ompl,48,static_tall_formal_v2_048,around_tall_obstacle,tall,36,"[-0.57516708,-1.5223216,0.80234514,-1.273759,-1.6953596,-1.6732449]","[0.44080546,-0.14165334,0.79640532]",0.14172413220285246,0.9623678895436134,0.07054822815608283,false,0.0,nan,0.0,
rrtstar_ompl,48,static_tall_formal_v2_048,around_tall_obstacle,tall,37,"[-0.59114394,-1.5209972,0.79407695,-1.26553,-1.6988419,-1.7197239]","[0.43719685,-0.14822662,0.7982899]",0.134096021413644,0.9117169479886863,0.06873826409680955,false,0.0,nan,0.0,
rrtstar_ompl,48,static_tall_formal_v2_048,around_tall_obstacle,tall,38,"[-0.6071208,-1.5196728,0.78580876,-1.2573011,-1.7023241,-1.766203]","[0.43347898,-0.15471239,0.80016232]",0.12648197540720482,0.8610660064337593,0.06700915305837524,false,0.0,nan,0.0,
rrtstar_ompl,48,static_tall_formal_v2_048,around_tall_obstacle,tall,39,"[-0.62309767,-1.5183484,0.77754057,-1.2490722,-1.7058063,-1.812682]","[0.42965406,-0.1611086,0.80202252]",0.11888298379895305,0.8104150648788323,0.06536445241792105,false,0.0,nan,0.0,
rrtstar_ompl,48,static_tall_formal_v2_048,around_tall_obstacle,tall,40,"[-0.63907453,-1.517024,0.76927238,-1.2408433,-1.7092885,-1.859161]","[0.42572409,-0.16741338,0.8038705]",0.1112997366312482,0.7597641233239053,0.06380772543016133,false,0.0,nan,0.0,
rrtstar_ompl,48,static_tall_formal_v2_048,around_tall_obstacle,tall,41,"[-0.65505139,-1.5156996,0.76100419,-1.2326144,-1.7127707,-1.9056401]","[0.4216913,-0.17362492,0.80570608]",0.10373311564297519,0.7091131817689783,0.06234245531361848,false,0.0,nan,0.0,
rrtstar_ompl,48,static_tall_formal_v2_048,around_tall_obstacle,tall,42,"[-0.67102826,-1.5143752,0.752736,-1.2243855,-1.7162529,-1.9521191]","[0.41755787,-0.17974138,0.80752921]",0.09618393964497227,0.6584622402140513,0.060972095472825644,false,0.0,nan,0.0,
rrtstar_ompl,48,static_tall_formal_v2_048,around_tall_obstacle,tall,43,"[-0.68700512,-1.5130508,0.74446781,-1.2161565,-1.7197351,-1.9985981]","[0.41332597,-0.185761,0.80933976]",0.08865302058505709,0.6078112986591243,0.05969998737029694,false,0.0,nan,0.0,
rrtstar_ompl,48,static_tall_formal_v2_048,around_tall_obstacle,tall,44,"[-0.70298198,-1.5117264,0.73619962,-1.2079276,-1.7232173,-2.0450771]","[0.40899792,-0.19168216,0.81113762]",0.08114117231082167,0.557160357104197,0.05852938527746046,false,0.0,nan,0.0,
rrtstar_ompl,48,static_tall_formal_v2_048,around_tall_obstacle,tall,45,"[-0.71895885,-1.510402,0.72793143,-1.1996987,-1.7266996,-2.0915562]","[0.40457606,-0.19750312,0.81292272]",0.0736492860479082,0.5065094155492702,0.057463333601663585,false,0.0,nan,0.0,
rrtstar_ompl,48,static_tall_formal_v2_048,around_tall_obstacle,tall,46,"[-0.73493571,-1.5090776,0.71966323,-1.1914698,-1.7301818,-2.1380352]","[0.40006259,-0.20322236,0.814695]",0.06617803913923243,0.4558584739943434,0.05650476979601765,false,0.0,nan,0.0,
rrtstar_ompl,48,static_tall_formal_v2_048,around_tall_obstacle,tall,47,"[-0.75091257,-1.5077532,0.71139504,-1.1832409,-1.733664,-2.1845142]","[0.39546001,-0.20883837,0.81645441]",0.05872832409366798,0.4052075324394162,0.05565638477766663,false,0.0,nan,0.0,
rrtstar_ompl,48,static_tall_formal_v2_048,around_tall_obstacle,tall,48,"[-0.76688944,-1.5064288,0.70312685,-1.175012,-1.7371462,-2.2309932]","[0.39077061,-0.21434969,0.81820071]",0.05130091081827672,0.3545565908844894,0.054920642249135204,false,0.0,nan,0.0,
rrtstar_ompl,48,static_tall_formal_v2_048,around_tall_obstacle,tall,49,"[-0.7828663,-1.5051044,0.69485866,-1.166783,-1.7406284,-2.2774723]","[0.38599679,-0.21975479,0.81993389]",0.043896630867582616,0.30390564932956216,0.05429976184429258,false,0.0,nan,0.0,
rrtstar_ompl,48,static_tall_formal_v2_048,around_tall_obstacle,tall,50,"[-0.79884316,-1.50378,0.68659047,-1.1585541,-1.7441106,-2.3239513]","[0.38114101,-0.22505236,0.82165384]",0.03651627747304021,0.25325470777463527,0.05379563214960201,false,0.0,nan,0.0,
rrtstar_ompl,48,static_tall_formal_v2_048,around_tall_obstacle,tall,51,"[-0.81482003,-1.5024556,0.67832228,-1.1503252,-1.7475928,-2.3704303]","[0.37620559,-0.23024118,0.8233605]",0.02916048500045334,0.2026037662197081,0.05340985718050778,false,0.0,nan,0.0,
rrtstar_ompl,48,static_tall_formal_v2_048,around_tall_obstacle,tall,52,"[-0.83079689,-1.5011312,0.67005409,-1.1420963,-1.751075,-2.4169093]","[0.37119314,-0.23531975,0.82505393]",0.021830256464861465,0.15195282466478127,0.05314371221376485,false,0.0,nan,0.0,
rrtstar_ompl,48,static_tall_formal_v2_048,around_tall_obstacle,tall,53,"[-0.84677375,-1.4998068,0.6617859,-1.1338674,-1.7545573,-2.4633884]","[0.36610609,-0.24028713,0.82673383]",0.014526211115767015,0.10130188310985404,0.05299808078322013,false,0.0,nan,0.0,
rrtstar_ompl,48,static_tall_formal_v2_048,around_tall_obstacle,tall,54,"[-0.86275062,-1.4984824,0.65351771,-1.1256384,-1.7580395,-2.5098674]","[0.36094698,-0.24514203,0.82840014]",0.007249226464624171,0.05065094155492725,0.05297352294787824,false,0.0,nan,0.0,
rrtstar_ompl,48,static_tall_formal_v2_048,around_tall_obstacle,tall,55,"[-0.87872748,-1.497158,0.64524952,-1.1174095,-1.7615217,-2.5563464]","[0.35571828,-0.24988347,0.83005261]",7.052797818436615e-09,0.0,0.053070212471558936,false,0.0,nan,0.0,
rrtstar_ompl,49,static_tall_formal_v2_049,around_tall_obstacle,tall,0,"[0,-1.57,1.1,-1.57,-1.57,0]","[0.48397353,0.13337938,0.72136778]",0.24681250191278112,1.8168551879018902,0.0878999940395355,false,20.102938890457153,nan,0.0,
rrtstar_ompl,49,static_tall_formal_v2_049,around_tall_obstacle,tall,1,"[-0.0048544906,-1.5625741,1.1028595,-1.5576397,-1.5510224,0.044127391]","[0.48855525,0.13289931,0.71474308]",0.23885262971223248,1.7663869882379486,0.0878999940395355,false,0.0,nan,0.0,
rrtstar_ompl,49,static_tall_formal_v2_049,around_tall_obstacle,tall,2,"[-0.0097089811,-1.5551483,1.1057189,-1.5452793,-1.5320448,0.088254782]","[0.49302414,0.13237828,0.70813358]",0.2309571382400043,1.7159187885740073,0.0878999940395355,false,0.0,nan,0.0,
rrtstar_ompl,49,static_tall_formal_v2_049,around_tall_obstacle,tall,3,"[-0.014563472,-1.5477224,1.1085784,-1.532919,-1.5130673,0.13238217]","[0.4973824,0.13181731,0.70154196]",0.2231265825849902,1.665450588910066,0.0878999940395355,false,0.0,nan,0.0,
rrtstar_ompl,49,static_tall_formal_v2_049,around_tall_obstacle,tall,4,"[-0.019417962,-1.5402965,1.1114379,-1.5205587,-1.4940897,0.17650956]","[0.50163209,0.13121721,0.69497144]",0.21536207903002066,1.6149823892461244,0.0878999940395355,false,0.0,nan,0.0,
rrtstar_ompl,49,static_tall_formal_v2_049,around_tall_obstacle,tall,5,"[-0.024272453,-1.5328706,1.1142973,-1.5081984,-1.4751121,0.22063696]","[0.50577575,0.13057894,0.68842423]",0.2076637248047495,1.5645141895821832,0.0878999940395355,false,0.0,nan,0.0,
rrtstar_ompl,49,static_tall_formal_v2_049,around_tall_obstacle,tall,6,"[-0.029126943,-1.5254448,1.1171568,-1.495838,-1.4561345,0.26476435]","[0.50981563,0.12990321,0.68190271]",0.20003191032980014,1.5140459899182417,0.0878999940395355,false,0.0,nan,0.0,
rrtstar_ompl,49,static_tall_formal_v2_049,around_tall_obstacle,tall,7,"[-0.033981434,-1.5180189,1.1200162,-1.4834777,-1.4371569,0.30889174]","[0.51375431,0.1291908,0.67540956]",0.19246722037145625,1.4635777902543003,0.0878999940395355,false,0.0,nan,0.0,
rrtstar_ompl,49,static_tall_formal_v2_049,around_tall_obstacle,tall,8,"[-0.038835924,-1.510593,1.1228757,-1.4711174,-1.4181793,0.35301913]","[0.51759422,0.12844244,0.66894668]",0.18496965386825295,1.4131095905903588,0.0878999940395355,false,0.0,nan,0.0,
rrtstar_ompl,49,static_tall_formal_v2_049,around_tall_obstacle,tall,9,"[-0.043690415,-1.5031672,1.1257352,-1.458757,-1.3992018,0.39714652]","[0.52133799,0.12765874,0.66251642]",0.1775395349433571,1.3626413909264177,0.0878999940395355,false,0.0,nan,0.0,
rrtstar_ompl,49,static_tall_formal_v2_049,around_tall_obstacle,tall,10,"[-0.048544906,-1.4957413,1.1285946,-1.4463967,-1.3802242,0.44127391]","[0.52498829,0.12684029,0.65612042]",0.17017662243902454,1.3121731912624761,0.0878999940395355,false,0.0,nan,0.0,
rrtstar_ompl,49,static_tall_formal_v2_049,around_tall_obstacle,tall,11,"[-0.053399396,-1.4883154,1.1314541,-1.4340364,-1.3612466,0.4854013]","[0.52854764,0.12598769,0.64976078]",0.16288117011195571,1.2617049915985348,0.0878999940395355,false,0.0,nan,0.0,
rrtstar_ompl,49,static_tall_formal_v2_049,around_tall_obstacle,tall,12,"[-0.058253887,-1.4808895,1.1343136,-1.421676,-1.342269,0.52952869]","[0.5320189,0.12510136,0.64343888]",0.15565265759185404,1.2112367919345934,0.0878999940395355,false,0.0,nan,0.0,
rrtstar_ompl,49,static_tall_formal_v2_049,around_tall_obstacle,tall,13,"[-0.063108377,-1.4734637,1.137173,-1.4093157,-1.3232914,0.57365608]","[0.5354048,0.12418174,0.63715643]",0.14849098236288708,1.1607685922706519,0.0878999940395355,false,0.0,nan,0.0,
rrtstar_ompl,49,static_tall_formal_v2_049,around_tall_obstacle,tall,14,"[-0.067962868,-1.4660378,1.1400325,-1.3969554,-1.3043139,0.61778348]","[0.53870791,0.12322922,0.63091451]",0.14139555633038267,1.1103003926067105,0.0878999940395355,false,0.0,nan,0.0,
rrtstar_ompl,49,static_tall_formal_v2_049,around_tall_obstacle,tall,15,"[-0.072817358,-1.4586119,1.142892,-1.3845951,-1.2853363,0.66191087]","[0.54193127,0.12224413,0.62471479]",0.1343661576658853,1.0598321929427692,0.0878999940395355,false,0.0,nan,0.0,
rrtstar_ompl,49,static_tall_formal_v2_049,around_tall_obstacle,tall,16,"[-0.077671849,-1.451186,1.1457514,-1.3722347,-1.2663587,0.70603826]","[0.5450775,0.12122672,0.61855817]",0.12740205937511956,1.0093639932788279,0.0878999940395355,false,0.0,nan,0.0,
rrtstar_ompl,49,static_tall_formal_v2_049,around_tall_obstacle,tall,17,"[-0.082526339,-1.4437602,1.1486109,-1.3598744,-1.2473811,0.75016565]","[0.54814935,0.12017719,0.61244541]",0.12050240579943357,0.9588957936148864,0.0878999940395355,false,0.0,nan,0.0,
rrtstar_ompl,49,static_tall_formal_v2_049,around_tall_obstacle,tall,18,"[-0.08738083,-1.4363343,1.1514703,-1.3475141,-1.2284035,0.79429304]","[0.55114973,0.1190957,0.6063776]",0.11366655795667108,0.908427593950945,0.0878999940395355,false,0.0,nan,0.0,
rrtstar_ompl,49,static_tall_formal_v2_049,around_tall_obstacle,tall,19,"[-0.092235321,-1.4289084,1.1543298,-1.3351537,-1.209426,0.83842043]","[0.55408114,0.11798237,0.60035509]",0.10689342255766913,0.8579593942870036,0.08303479177394127,false,0.0,nan,0.0,
rrtstar_ompl,49,static_tall_formal_v2_049,around_tall_obstacle,tall,20,"[-0.097089811,-1.4214826,1.1571893,-1.3227934,-1.1904484,0.88254782]","[0.55694669,0.11683723,0.59437865]",0.1001820495507861,0.8074911946230623,0.07790148630836066,false,0.0,nan,0.0,
rrtstar_ompl,49,static_tall_formal_v2_049,around_tall_obstacle,tall,21,"[-0.1019443,-1.4140567,1.1600487,-1.3104331,-1.1714708,0.92667521]","[0.55974883,0.11566034,0.5884487]",0.09353145924204569,0.7570229949591207,0.07301142217986054,false,0.0,nan,0.0,
rrtstar_ompl,49,static_tall_formal_v2_049,around_tall_obstacle,tall,22,"[-0.10679879,-1.4066308,1.1629082,-1.2980727,-1.1524932,0.9708026]","[0.56249028,0.11445159,0.58256525]",0.08694016719142549,0.7065547952951793,0.06838304306304277,false,0.0,nan,0.0,
rrtstar_ompl,49,static_tall_formal_v2_049,around_tall_obstacle,tall,23,"[-0.11165328,-1.3992049,1.1657677,-1.2857124,-1.1335156,1.01493]","[0.5651738,0.1132109,0.57672864]",0.08040703548573448,0.6560865956312381,0.06403657442953359,false,0.0,nan,0.0,
rrtstar_ompl,49,static_tall_formal_v2_049,around_tall_obstacle,tall,24,"[-0.11650777,-1.3917791,1.1686271,-1.2733521,-1.114538,1.0590574]","[0.56780189,0.11193813,0.57093859]",0.07393043272291426,0.6056183959672968,0.059992954343610995,false,0.0,nan,0.0,
rrtstar_ompl,49,static_tall_formal_v2_049,around_tall_obstacle,tall,25,"[-0.12136226,-1.3843532,1.1714866,-1.2609918,-1.0955605,1.1031848]","[0.57037723,0.11063315,0.5651952]",0.06750905162198732,0.5551501963033554,0.05627451446650852,false,0.0,nan,0.0,
rrtstar_ompl,49,static_tall_formal_v2_049,around_tall_obstacle,tall,26,"[-0.12621675,-1.3769273,1.1743461,-1.2486314,-1.0765829,1.1473122]","[0.57290208,0.1092957,0.55949819]",0.06114135574129667,0.5046819966394138,0.05290380514797894,false,0.0,nan,0.0,
rrtstar_ompl,49,static_tall_formal_v2_049,around_tall_obstacle,tall,27,"[-0.13107125,-1.3695015,1.1772055,-1.2362711,-1.0576053,1.1914396]","[0.57537919,0.1079255,0.55384707]",0.05482547754248821,0.45421379697547243,0.04990330756827307,false,0.0,nan,0.0,
rrtstar_ompl,49,static_tall_formal_v2_049,around_tall_obstacle,tall,28,"[-0.13592574,-1.3620756,1.180065,-1.2239108,-1.0386277,1.235567]","[0.5778107,0.10652222,0.5482412]",0.04855960229411792,0.40374559731153115,0.04729451727167317,false,0.0,nan,0.0,
rrtstar_ompl,49,static_tall_formal_v2_049,around_tall_obstacle,tall,29,"[-0.14078023,-1.3546497,1.1829244,-1.2115504,-1.0196501,1.2796943]","[0.580199,0.10508563,0.5426802]",0.042342138788960905,0.35327739764758964,0.0450973627479146,false,0.0,nan,0.0,
rrtstar_ompl,49,static_tall_formal_v2_049,around_tall_obstacle,tall,30,"[-0.14563472,-1.3472238,1.1857839,-1.1991901,-1.0006726,1.3238217]","[0.58254617,0.1036153,0.53716314]",0.036171025762772674,0.30280919798364836,0.043328662917521125,false,0.0,nan,0.0,
rrtstar_ompl,49,static_tall_formal_v2_049,around_tall_obstacle,tall,31,"[-0.15048921,-1.339798,1.1886434,-1.1868298,-0.98169498,1.3679491]","[0.58485478,0.10211078,0.53168917]",0.030044132490175395,0.25234099831970674,0.04200171491187355,false,0.0,nan,0.0,
rrtstar_ompl,49,static_tall_formal_v2_049,around_tall_obstacle,tall,32,"[-0.1553437,-1.3323721,1.1915028,-1.1744694,-0.9627174,1.4120765]","[0.58712655,0.10057177,0.5262571]",0.02395936495819387,0.20187279865576563,0.04112453012823621,false,0.0,nan,0.0,
rrtstar_ompl,49,static_tall_formal_v2_049,around_tall_obstacle,tall,33,"[-0.16019819,-1.3249462,1.1943623,-1.1621091,-0.94373981,1.4562039]","[0.58936328,0.09899772,0.52086627]",0.017915017941791535,0.15140459899182432,0.04070017424818347,false,0.0,nan,0.0,
rrtstar_ompl,49,static_tall_formal_v2_049,around_tall_obstacle,tall,34,"[-0.16505268,-1.3175204,1.1972218,-1.1497488,-0.92476223,1.5003313]","[0.59156728,0.0973882,0.51551509]",0.011908383592467294,0.10093639932788272,0.0407255947859926,false,0.0,nan,0.0,
rrtstar_ompl,49,static_tall_formal_v2_049,around_tall_obstacle,tall,35,"[-0.16990717,-1.3100945,1.2000812,-1.1373885,-0.90578465,1.5444587]","[0.59373999,0.09574271,0.51020241]",0.005937482803698687,0.05046819966394135,0.04119197734790123,false,0.0,nan,0.0,
rrtstar_ompl,49,static_tall_formal_v2_049,around_tall_obstacle,tall,36,"[-0.17476166,-1.3026686,1.2029407,-1.1250281,-0.88680707,1.5885861]","[0.59588349,0.094060764,0.50492698]",3.9790187992973595e-09,0.0,0.04208544539435254,false,0.0,nan,0.0,
rrtstar_ompl,50,static_tall_formal_v2_050,around_tall_obstacle,tall,0,"[0,-1.57,1.1,-1.57,-1.57,0]","[0.48397353,0.13337938,0.72136778]",0.3055811406533803,1.5430402142761865,0.0878999940395355,false,20.081231355667114,nan,0.0,
rrtstar_ompl,50,static_tall_formal_v2_050,around_tall_obstacle,tall,1,"[0.021342707,-1.5617839,1.1059824,-1.5875176,-1.600329,0.029325816]","[0.48718306,0.14078812,0.71685159]",0.29728445354662275,1.4916055404669804,0.0878999940395355,false,0.0,nan,0.0,
rrtstar_ompl,50,static_tall_formal_v2_050,around_tall_obstacle,tall,2,"[0.042685413,-1.5535678,1.1119649,-1.6050352,-1.6306581,0.058651631]","[0.49017906,0.14839374,0.71235365]",0.2888515803628201,1.4401708666577742,0.0878999940395355,false,0.0,nan,0.0,
rrtstar_ompl,50,static_tall_formal_v2_050,around_tall_obstacle,tall,3,"[0.06402812,-1.5453516,1.1179473,-1.6225528,-1.6609871,0.087977447]","[0.49295315,0.1561906,0.70787436]",0.28028276407860747,1.388736192848568,0.0878999940395355,false,0.0,nan,0.0,
rrtstar_ompl,50,static_tall_formal_v2_050,around_tall_obstacle,tall,4,"[0.085370827,-1.5371355,1.1239297,-1.6400705,-1.6913161,0.11730326]","[0.49549675,0.16417284,0.70341432]",0.2715782921506032,1.3373015190393616,0.0878999940395355,false,0.0,nan,0.0,
rrtstar_ompl,50,static_tall_formal_v2_050,around_tall_obstacle,tall,5,"[0.10671353,-1.5289194,1.1299121,-1.6575881,-1.7216452,0.14662908]","[0.4978019,0.17233419,0.69897366]",0.26273842779186285,1.2858668452301554,0.0878999940395355,false,0.0,nan,0.0,
rrtstar_ompl,50,static_tall_formal_v2_050,around_tall_obstacle,tall,6,"[0.12805624,-1.5207033,1.1358946,-1.6751057,-1.7519742,0.17595489]","[0.49986029,0.18066806,0.6945529]",0.2537636185785347,1.2344321714209492,0.0878999940395355,false,0.0,nan,0.0,
rrtstar_ompl,50,static_tall_formal_v2_050,around_tall_obstacle,tall,7,"[0.14939895,-1.5124871,1.141877,-1.6926233,-1.7823032,0.20528071]","[0.50166428,0.18916753,0.69015193]",0.2446541767892593,1.182997497611743,0.0878999940395355,false,0.0,nan,0.0,
rrtstar_ompl,50,static_tall_formal_v2_050,around_tall_obstacle,tall,8,"[0.17074165,-1.504271,1.1478594,-1.7101409,-1.8126322,0.23460653]","[0.50320619,0.1978253,0.68577117]",0.2354107572331961,1.131562823802537,0.0878999940395355,false,0.0,nan,0.0,
rrtstar_ompl,50,static_tall_formal_v2_050,around_tall_obstacle,tall,9,"[0.19208436,-1.4960549,1.1538419,-1.7276585,-1.8429613,0.26393234]","[0.50447857,0.20663384,0.68141055]",0.22603381363085492,1.0801281499933306,0.0878999940395355,false,0.0,nan,0.0,
rrtstar_ompl,50,static_tall_formal_v2_050,around_tall_obstacle,tall,10,"[0.21342707,-1.4878388,1.1598243,-1.7451762,-1.8732903,0.29325816]","[0.50547421,0.21558523,0.67707002]",0.21652395476012398,1.0286934761841244,0.0878999940395355,false,0.0,nan,0.0,
rrtstar_ompl,50,static_tall_formal_v2_050,around_tall_obstacle,tall,11,"[0.23476977,-1.4796226,1.1658067,-1.7626938,-1.9036193,0.32258397]","[0.50618619,0.22467129,0.67274952]",0.20688186764298444,0.9772588023749181,0.0878999940395355,false,0.0,nan,0.0,
rrtstar_ompl,50,static_tall_formal_v2_050,around_tall_obstacle,tall,12,"[0.25611248,-1.4714065,1.1717892,-1.7802114,-1.9339484,0.35190979]","[0.50660759,0.23388341,0.66844916]",0.19710842651392013,0.925824128565712,0.0878999940395355,false,0.0,nan,0.0,
rrtstar_ompl,50,static_tall_formal_v2_050,around_tall_obstacle,tall,13,"[0.27745519,-1.4631904,1.1777716,-1.797729,-1.9642774,0.3812356]","[0.50673223,0.24321289,0.66416854]",0.18720432496364034,0.8743894547565058,0.0878999940395355,false,0.0,nan,0.0,
rrtstar_ompl,50,static_tall_formal_v2_050,around_tall_obstacle,tall,14,"[0.29879789,-1.4549743,1.183754,-1.8152466,-1.9946064,0.41056142]","[0.50655377,0.25265065,0.65990734]",0.17717039037079926,0.8229547809472995,0.0878999940395355,false,0.0,nan,0.0,
rrtstar_ompl,50,static_tall_formal_v2_050,around_tall_obstacle,tall,15,"[0.3201406,-1.4467582,1.1897364,-1.8327642,-2.0249355,0.43988723]","[0.50606632,0.26218718,0.65566546]",0.1670077451500697,0.7715201071380933,0.0878999940395355,false,0.0,nan,0.0,
rrtstar_ompl,50,static_tall_formal_v2_050,around_tall_obstacle,tall,16,"[0.34148331,-1.438542,1.1957189,-1.8502819,-2.0552645,0.46921305]","[0.5052644,0.27181289,0.65144241]",0.15671736869693234,0.7200854333288871,0.0878999940395355,false,0.0,nan,0.0,
rrtstar_ompl,50,static_tall_formal_v2_050,around_tall_obstacle,tall,17,"[0.36282601,-1.4303259,1.2017013,-1.8677995,-2.0855935,0.49853887]","[0.50414282,0.28151783,0.64723778]",0.14630040181535262,0.6686507595196809,0.08748450225295855,false,0.0,nan,0.0,
rrtstar_ompl,50,static_tall_formal_v2_050,around_tall_obstacle,tall,18,"[0.38416872,-1.4221098,1.2076837,-1.8853171,-2.1159225,0.52786468]","[0.50269657,0.29129204,0.64305127]",0.13575791006103935,0.6172160857104748,0.08188975286038204,false,0.0,nan,0.0,
rrtstar_ompl,50,static_tall_formal_v2_050,around_tall_obstacle,tall,19,"[0.40551143,-1.4138937,1.2136662,-1.9028347,-2.1462516,0.5571905]","[0.50092119,0.30112487,0.63888204]",0.12509128515102547,0.5657814119012683,0.07651050523341273,false,0.0,nan,0.0,
rrtstar_ompl,50,static_tall_formal_v2_050,around_tall_obstacle,tall,20,"[0.42685413,-1.4056775,1.2196486,-1.9203523,-2.1765806,0.58651631]","[0.49881229,0.3110058,0.63472974]",0.11430179534446766,0.5143467380920622,0.07139556196319423,false,0.0,nan,0.0,
rrtstar_ompl,50,static_tall_formal_v2_050,around_tall_obstacle,tall,21,"[0.44819684,-1.3974614,1.225631,-1.9378699,-2.2069096,0.61584213]","[0.49636635,0.32092401,0.6305936]",0.10339089993501281,0.46291206428285603,0.06659857642716663,false,0.0,nan,0.0,
rrtstar_ompl,50,static_tall_formal_v2_050,around_tall_obstacle,tall,22,"[0.46953955,-1.3892453,1.2316134,-1.9553875,-2.2372387,0.64516794]","[0.49357969,0.33086851,0.62647307]",0.09236002722027513,0.4114773904736499,0.062177363882783374,false,0.0,nan,0.0,
rrtstar_ompl,50,static_tall_formal_v2_050,around_tall_obstacle,tall,23,"[0.49088225,-1.3810292,1.2375959,-1.9729052,-2.2675677,0.67449376]","[0.49044913,0.34082797,0.62236726]",0.08121073998165855,0.36004271666444354,0.0581374251991431,false,0.0,nan,0.0,
rrtstar_ompl,50,static_tall_formal_v2_050,around_tall_obstacle,tall,24,"[0.51222496,-1.372813,1.2435783,-1.9904228,-2.2978967,0.70381958]","[0.48697224,0.35079104,0.61827576]",0.06994486289894049,0.3086080428552372,0.05413288526236225,false,0.0,nan,0.0,
rrtstar_ompl,50,static_tall_formal_v2_050,around_tall_obstacle,tall,25,"[0.53356767,-1.3645969,1.2495607,-2.0079404,-2.3282258,0.73314539]","[0.48314679,0.36074623,0.61419737]",0.05856394134482107,0.25717336904603105,0.05009376509486839,false,0.0,nan,0.0,
rrtstar_ompl,50,static_tall_formal_v2_050,around_tall_obstacle,tall,26,"[0.55491037,-1.3563808,1.2555432,-2.025458,-2.3585548,0.76247121]","[0.47897071,0.37068176,0.61013132]",0.047069816298575054,0.2057386952368249,0.04602082666753936,false,0.0,nan,0.0,
rrtstar_ompl,50,static_tall_formal_v2_050,around_tall_obstacle,tall,27,"[0.57625308,-1.3481647,1.2615256,-2.0429756,-2.3888838,0.79179702]","[0.47444266,0.38058591,0.60607672]",0.035464316055457294,0.15430402142761843,0.041914891302577736,false,0.0,nan,0.0,
rrtstar_ompl,50,static_tall_formal_v2_050,around_tall_obstacle,tall,28,"[0.59759579,-1.3399486,1.267508,-2.0604932,-2.4192128,0.82112284]","[0.46956173,0.39044675,0.60203278]",0.023749481920335158,0.1028693476184122,0.03777670398353737,false,0.0,nan,0.0,
rrtstar_ompl,50,static_tall_formal_v2_050,around_tall_obstacle,tall,29,"[0.61893849,-1.3317324,1.2734905,-2.0780109,-2.4495419,0.85044865]","[0.46432734,0.40025222,0.59799844]",0.011927354898430227,0.051434673809206216,0.03360682989656137,false,0.0,nan,0.0,
rrtstar_ompl,50,static_tall_formal_v2_050,around_tall_obstacle,tall,30,"[0.6402812,-1.3235163,1.2794729,-2.0955285,-2.4798709,0.87977447]","[0.45873928,0.40999025,0.59397274]",2.857381750870315e-09,0.0,0.029406238138667815,false,0.0,nan,0.0,
rrtstar_ompl,51,static_tall_formal_v2_051,around_tall_obstacle,tall,0,"[0,-1.57,1.1,-1.57,-1.57,0]","[0.48397353,0.13337938,0.72136778]",0.2580280757478847,1.8091703939047306,0.0878999940395355,false,20.076382875442505,nan,0.0,
rrtstar_ompl,51,static_tall_formal_v2_051,around_tall_obstacle,tall,1,"[-0.017452261,-1.5650766,1.0911911,-1.5511613,-1.5472277,-0.03529371]","[0.48698524,0.12716809,0.72074485]",0.2515043085645416,1.7589156607407102,0.0878999940395355,false,0.0,nan,0.0,
rrtstar_ompl,51,static_tall_formal_v2_051,around_tall_obstacle,tall,2,"[-0.034904522,-1.5601532,1.0823823,-1.5323226,-1.5244554,-0.070587419]","[0.48987105,0.12089236,0.72016621]",0.24495191520413442,1.70866092757669,0.0878999940395355,false,0.0,nan,0.0,
rrtstar_ompl,51,static_tall_formal_v2_051,around_tall_obstacle,tall,3,"[-0.052356783,-1.5552297,1.0735734,-1.5134839,-1.5016831,-0.10588113]","[0.4926317,0.11455441,0.71963328]",0.23837078084947105,1.6584061944126696,0.0878999940395355,false,0.0,nan,0.0,
rrtstar_ompl,51,static_tall_formal_v2_051,around_tall_obstacle,tall,4,"[-0.069809044,-1.5503063,1.0647646,-1.4946451,-1.4789108,-0.14117484]","[0.4952682,0.1081563,0.71914726]",0.23176065345479158,1.6081514612486492,0.0878999940395355,false,0.0,nan,0.0,
rrtstar_ompl,51,static_tall_formal_v2_051,around_tall_obstacle,tall,5,"[-0.087261306,-1.5453829,1.0559557,-1.4758064,-1.4561385,-0.17646855]","[0.49778152,0.10169997,0.71870929]",0.22512122324434053,1.557896728084629,0.0878999940395355,false,0.0,nan,0.0,
rrtstar_ompl,51,static_tall_formal_v2_051,around_tall_obstacle,tall,6,"[-0.10471357,-1.5404595,1.0471469,-1.4569677,-1.4333662,-0.21176226]","[0.50017262,0.095187247,0.71832037]",0.21845211640442336,1.5076419949206086,0.0878999940395355,false,0.0,nan,0.0,
rrtstar_ompl,51,static_tall_formal_v2_051,around_tall_obstacle,tall,7,"[-0.12216583,-1.535536,1.038338,-1.438129,-1.4105939,-0.24705597]","[0.5024426,0.088619813,0.71798164]",0.2117528434922448,1.4573872617565884,0.0878999940395355,false,0.0,nan,0.0,
rrtstar_ompl,51,static_tall_formal_v2_051,around_tall_obstacle,tall,8,"[-0.13961809,-1.5306126,1.0295292,-1.4192903,-1.3878216,-0.28234968]","[0.50459242,0.08199919,0.71769387]",0.20502283051858128,1.4071325285925682,0.0878999940395355,false,0.0,nan,0.0,
rrtstar_ompl,51,static_tall_formal_v2_051,around_tall_obstacle,tall,9,"[-0.15707035,-1.5256892,1.0207203,-1.4004516,-1.3650493,-0.31764339]","[0.50662321,0.075326808,0.71745783]",0.19826144741051016,1.3568777954285478,0.0878999940395355,false,0.0,nan,0.0,
rrtstar_ompl,51,static_tall_formal_v2_051,around_tall_obstacle,tall,10,"[-0.17452261,-1.5207658,1.0119114,-1.3816129,-1.342277,-0.3529371]","[0.50853586,0.068603985,0.71727413]",0.19146802653581732,1.3066230622645276,0.0878999940395355,false,0.0,nan,0.0,
rrtstar_ompl,51,static_tall_formal_v2_051,around_tall_obstacle,tall,11,"[-0.19197487,-1.5158423,1.0031026,-1.3627741,-1.3195047,-0.38823081]","[0.51033151,0.061831843,0.71714348]",0.18464172581102237,1.2563683291005072,0.0878999940395355,false,0.0,nan,0.0,
rrtstar_ompl,51,static_tall_formal_v2_051,around_tall_obstacle,tall,12,"[-0.20942713,-1.5109189,0.99429373,-1.3439354,-1.2967324,-0.42352452]","[0.51201123,0.055011488,0.71706629]",0.17778176038129728,1.206113595936487,0.0878999940395355,false,0.0,nan,0.0,
rrtstar_ompl,51,static_tall_formal_v2_051,around_tall_obstacle,tall,13,"[-0.22687939,-1.5059955,0.98548487,-1.3250967,-1.2739601,-0.45881823]","[0.51357579,0.048143789,0.71704298]",0.17088716499414583,1.1558588627724666,0.0878999940395355,false,0.0,nan,0.0,
rrtstar_ompl,51,static_tall_formal_v2_051,around_tall_obstacle,tall,14,"[-0.24433166,-1.5010721,0.97667602,-1.306258,-1.2511878,-0.49411194]","[0.51502615,0.041229554,0.7170738]",0.16395696392685827,1.1056041296084462,0.0878999940395355,false,0.0,nan,0.0,
rrtstar_ompl,51,static_tall_formal_v2_051,around_tall_obstacle,tall,15,"[-0.26178392,-1.4961486,0.96786716,-1.2874193,-1.2284155,-0.52940565]","[0.51636332,0.03426946,0.71715891]",0.15699010105075217,1.055349396444426,0.0878999940395355,false,0.0,nan,0.0,
rrtstar_ompl,51,static_tall_formal_v2_051,around_tall_obstacle,tall,16,"[-0.27923618,-1.4912252,0.95905831,-1.2685806,-1.2056432,-0.56469936]","[0.51758796,0.027264174,0.71729851]",0.1499855593088765,1.0050946632804059,0.0878999940395355,false,0.0,nan,0.0,
rrtstar_ompl,51,static_tall_formal_v2_051,around_tall_obstacle,tall,17,"[-0.29668844,-1.4863018,0.95024945,-1.2497418,-1.1828709,-0.59999307]","[0.51870084,0.020214055,0.71749228]",0.1429420941169626,0.9548399301163855,0.0878999940395355,false,0.0,nan,0.0,
rrtstar_ompl,51,static_tall_formal_v2_051,around_tall_obstacle,tall,18,"[-0.3141407,-1.4813784,0.94144059,-1.2309031,-1.1600986,-0.63528677]","[0.51970267,0.013119545,0.71774054]",0.1358585339058202,0.9045851969523652,0.0878999940395355,false,0.0,nan,0.0,
rrtstar_ompl,51,static_tall_formal_v2_051,around_tall_obstacle,tall,19,"[-0.33159296,-1.4764549,0.93263174,-1.2120644,-1.1373263,-0.67058048]","[0.52059382,0.0059810206,0.71804279]",0.12873374822465786,0.8543304637883449,0.0860301460144702,false,0.0,nan,0.0,
rrtstar_ompl,51,static_tall_formal_v2_051,around_tall_obstacle,tall,20,"[-0.34904522,-1.4715315,0.92382288,-1.1932257,-1.114554,-0.70587419]","[0.52137512,-0.0012014695,0.71839881]",0.12156630083003846,0.8040757306243246,0.08236829037164706,false,0.0,nan,0.0,
rrtstar_ompl,51,static_tall_formal_v2_051,around_tall_obstacle,tall,21,"[-0.36649748,-1.4666081,0.91501403,-1.174387,-1.0917817,-0.7411679]","[0.52204657,-0.0084276684,0.71880811]",0.11435501035582361,0.7538209974603043,0.07879979080028662,false,0.0,nan,0.0,
rrtstar_ompl,51,static_tall_formal_v2_051,around_tall_obstacle,tall,22,"[-0.38394974,-1.4616847,0.90620517,-1.1555483,-1.0690094,-0.77646161]","[0.52260858,-0.015697528,0.71927029]",0.10709852044546331,0.7035662642962839,0.07533347184237046,false,0.0,nan,0.0,
rrtstar_ompl,51,static_tall_formal_v2_051,around_tall_obstacle,tall,23,"[-0.40140201,-1.4567612,0.89739632,-1.1367096,-1.0462371,-0.81175532]","[0.52306139,-0.023011085,0.71978474]",0.09979543742067189,0.6533115311322638,0.07197858789271522,false,0.0,nan,0.0,
rrtstar_ompl,51,static_tall_formal_v2_051,around_tall_obstacle,tall,24,"[-0.41885427,-1.4518378,0.88858746,-1.1178708,-1.0234648,-0.84704903]","[0.52340496,-0.030368358,0.72035074]",0.09244441736552786,0.6030567979682436,0.06874500937328479,false,0.0,nan,0.0,
rrtstar_ompl,51,static_tall_formal_v2_051,around_tall_obstacle,tall,25,"[-0.43630653,-1.4469144,0.8797786,-1.0990321,-1.0006925,-0.88234274]","[0.5236392,-0.037769374,0.72096753]",0.0850441410390669,0.5528020648042231,0.06564310805555615,false,0.0,nan,0.0,
rrtstar_ompl,51,static_tall_formal_v2_051,around_tall_obstacle,tall,26,"[-0.45375879,-1.441991,0.87096975,-1.0801934,-0.97792022,-0.91763645]","[0.5237639,-0.045214344,0.72163415]",0.07759314006903675,0.5025473316402029,0.0626836302504088,false,0.0,nan,0.0,
rrtstar_ompl,51,static_tall_formal_v2_051,around_tall_obstacle,tall,27,"[-0.47121105,-1.4370675,0.86216089,-1.0613547,-0.95514792,-0.95293016]","[0.5237788,-0.052703351,0.72234964]",0.07009009804998267,0.4522925984761826,0.05987781541292633,false,0.0,nan,0.0,
rrtstar_ompl,51,static_tall_formal_v2_051,around_tall_obstacle,tall,28,"[-0.48866331,-1.4321441,0.85335204,-1.042516,-0.93237562,-0.98822387]","[0.52368325,-0.060236514,0.7231133]",0.06253362246194007,0.40203786531216235,0.05723722912562548,false,0.0,nan,0.0,
rrtstar_ompl,51,static_tall_formal_v2_051,around_tall_obstacle,tall,29,"[-0.50611557,-1.4272207,0.84454318,-1.0236773,-0.90960332,-1.0235176]","[0.52347672,-0.067814082,0.72392344]",0.05492232970573802,0.35178313214814194,0.054773584136312864,false,0.0,nan,0.0,
rrtstar_ompl,51,static_tall_formal_v2_051,around_tall_obstacle,tall,30,"[-0.52356783,-1.4222973,0.83573433,-1.0048386,-0.88683102,-1.0588113]","[0.52315855,-0.075436175,0.72477913]",0.047254883807511985,0.30152839898412165,0.05249873691486054,false,0.0,nan,0.0,
rrtstar_ompl,51,static_tall_formal_v2_051,around_tall_obstacle,tall,31,"[-0.54102009,-1.4173738,0.82692547,-0.98599983,-0.86405873,-1.094105]","[0.52272773,-0.083102837,0.72567922]",0.0395300206463481,0.2512736658201014,0.050424526781287865,false,0.0,nan,0.0,
rrtstar_ompl,51,static_tall_formal_v2_051,around_tall_obstacle,tall,32,"[-0.55847236,-1.4124504,0.81811661,-0.96716112,-0.84128643,-1.1293987]","[0.52218336,-0.09081427,0.72662205]",0.03174640643463988,0.20101893265608123,0.04856240980364576,false,0.0,nan,0.0,
rrtstar_ompl,51,static_tall_formal_v2_051,around_tall_obstacle,tall,33,"[-0.57592462,-1.407527,0.80930776,-0.9483224,-0.81851413,-1.1646924]","[0.52152407,-0.09857057,0.7276063]",0.023902718464806887,0.15076419949206102,0.04692349335436247,false,0.0,nan,0.0,
rrtstar_ompl,51,static_tall_formal_v2_051,around_tall_obstacle,tall,34,"[-0.59337688,-1.4026036,0.8004989,-0.92948369,-0.79574183,-1.1999861]","[0.52074856,-0.10637155,0.72863048]",0.0159979364530912,0.10050946632804064,0.04551815955362694,false,0.0,nan,0.0,
rrtstar_ompl,51,static_tall_formal_v2_051,around_tall_obstacle,tall,35,"[-0.61082914,-1.3976801,0.79169005,-0.91064497,-0.77296953,-1.2352798]","[0.51985562,-0.11421738,0.72969282]",0.008030745958439433,0.05025473316402038,0.04435578837680712,false,0.0,nan,0.0,
rrtstar_ompl,51,static_tall_formal_v2_051,around_tall_obstacle,tall,36,"[-0.6282814,-1.3927567,0.78288119,-0.89180626,-0.75019723,-1.2705735]","[0.51884347,-0.12210792,0.73079181]",4.602635419977546e-09,0.0,0.04344466509227228,false,0.0,nan,0.0,
rrtstar_ompl,52,static_tall_formal_v2_052,around_tall_obstacle,tall,0,"[0,-1.57,1.1,-1.57,-1.57,0]","[0.48397353,0.13337938,0.72136778]",0.3801647504257579,2.0726199077161125,0.0878999940395355,false,20.077861785888672,nan,0.0,
rrtstar_ompl,52,static_tall_formal_v2_052,around_tall_obstacle,tall,1,"[-0.033384661,-1.5885164,1.1208422,-1.5880776,-1.5536357,-0.0083124463]","[0.48142284,0.11900634,0.72261584]",0.3682448635882212,2.0220682026498658,0.0878999940395355,false,0.0,nan,0.0,
rrtstar_ompl,52,static_tall_formal_v2_052,around_tall_obstacle,tall,2,"[-0.066769323,-1.6070327,1.1416844,-1.6061552,-1.5372715,-0.016624893]","[0.47841373,0.10495275,0.72375077]",0.3564126716831393,1.9715164975836192,0.0878999940395355,false,0.0,nan,0.0,
rrtstar_ompl,52,static_tall_formal_v2_052,around_tall_obstacle,tall,3,"[-0.10015398,-1.6255491,1.1625266,-1.6242328,-1.5209072,-0.024937339]","[0.47496602,0.091233909,0.72477144]",0.34467341608209184,1.9209647925173725,0.0878999940395355,false,0.0,nan,0.0,
rrtstar_ompl,52,static_tall_formal_v2_052,around_tall_obstacle,tall,4,"[-0.13353865,-1.6440655,1.1833689,-1.6423104,-1.5045429,-0.033249785]","[0.47110036,0.077864006,0.72567689]",0.3330324238018173,1.8704130874511258,0.0878999940395355,false,0.0,nan,0.0,
rrtstar_ompl,52,static_tall_formal_v2_052,around_tall_obstacle,tall,5,"[-0.16692331,-1.6625819,1.2042111,-1.660388,-1.4881787,-0.041562232]","[0.4668377,0.064856157,0.72646588]",0.321494740171457,1.819861382384879,0.0878999940395355,false,0.0,nan,0.0,
rrtstar_ompl,52,static_tall_formal_v2_052,around_tall_obstacle,tall,6,"[-0.20030797,-1.6810982,1.2250533,-1.6784656,-1.4718144,-0.049874678]","[0.46219936,0.052222393,0.72713757]",0.3100653028184763,1.7693096773186325,0.0878999940395355,false,0.0,nan,0.0,
rrtstar_ompl,52,static_tall_formal_v2_052,around_tall_obstacle,tall,7,"[-0.23369263,-1.6996146,1.2458955,-1.6965431,-1.4554501,-0.058187124]","[0.45720723,0.039973542,0.7276907]",0.2987489433078771,1.7187579722523858,0.0878999940395355,false,0.0,nan,0.0,
rrtstar_ompl,52,static_tall_formal_v2_052,around_tall_obstacle,tall,8,"[-0.26707729,-1.718131,1.2667377,-1.7146207,-1.4390859,-0.066499571]","[0.45188358,0.028119301,0.72812444]",0.2875504620580011,1.6682062671861395,0.0878999940395355,false,0.0,nan,0.0,
rrtstar_ompl,52,static_tall_formal_v2_052,around_tall_obstacle,tall,9,"[-0.30046195,-1.7366473,1.2875799,-1.7326983,-1.4227216,-0.074812017]","[0.44625047,0.016668249,0.72843754]",0.2764740684643088,1.6176545621198926,0.0878999940395355,false,0.0,nan,0.0,
rrtstar_ompl,52,static_tall_formal_v2_052,around_tall_obstacle,tall,10,"[-0.33384661,-1.7551637,1.3084222,-1.7507759,-1.4063573,-0.083124463]","[0.44033071,0.0056277486,0.72862911]",0.26552427679887963,1.567102857053646,0.0878999940395355,false,0.0,nan,0.0,
rrtstar_ompl,52,static_tall_formal_v2_052,around_tall_obstacle,tall,11,"[-0.36723128,-1.7736801,1.3292644,-1.7688535,-1.3899931,-0.09143691]","[0.43414697,-0.0049959412,0.72869813]",0.2547051740628896,1.5165511519873993,0.0878999940395355,false,0.0,nan,0.0,
rrtstar_ompl,52,static_tall_formal_v2_052,around_tall_obstacle,tall,12,"[-0.40061594,-1.7921965,1.3501066,-1.7869311,-1.3736288,-0.099749356]","[0.42772201,-0.015197802,0.72864372]",0.24402065878364018,1.4659994469211526,0.0878999940395355,false,0.0,nan,0.0,
rrtstar_ompl,52,static_tall_formal_v2_052,around_tall_obstacle,tall,13,"[-0.4340006,-1.8107128,1.3709488,-1.8050087,-1.3572645,-0.1080618]","[0.42107874,-0.024973966,0.72846466]",0.23347445626458774,1.4154477418549058,0.0878999940395355,false,0.0,nan,0.0,
rrtstar_ompl,52,static_tall_formal_v2_052,around_tall_obstacle,tall,14,"[-0.46738526,-1.8292292,1.391791,-1.8230863,-1.3409003,-0.11637425]","[0.41423988,-0.034321707,0.72816032]",0.22307006437082635,1.3648960367886593,0.0878999940395355,false,0.0,nan,0.0,
rrtstar_ompl,52,static_tall_formal_v2_052,around_tall_obstacle,tall,15,"[-0.50076992,-1.8477456,1.4126332,-1.8411639,-1.324536,-0.1246867]","[0.40722811,-0.043239441,0.72772962]",0.21281069465253014,1.3143443317224128,0.0878999940395355,false,0.0,nan,0.0,
rrtstar_ompl,52,static_tall_formal_v2_052,around_tall_obstacle,tall,16,"[-0.53415458,-1.8662619,1.4334754,-1.8592415,-1.3081718,-0.13299914]","[0.40006611,-0.051726867,0.72717148]",0.20269936225285082,1.263792626656166,0.0878999940395355,false,0.0,nan,0.0,
rrtstar_ompl,52,static_tall_formal_v2_052,around_tall_obstacle,tall,17,"[-0.56753924,-1.8847783,1.4543177,-1.8773191,-1.2918075,-0.14131159]","[0.39277619,-0.059784643,0.72648525]",0.1927388886528304,1.2132409215899196,0.0878999940395355,false,0.0,nan,0.0,
rrtstar_ompl,52,static_tall_formal_v2_052,around_tall_obstacle,tall,18,"[-0.60092391,-1.9032947,1.4751599,-1.8953967,-1.2754432,-0.14962403]","[0.38538033,-0.067414604,0.72567016]",0.18293167848612757,1.1626892165236729,0.0878999940395355,false,0.0,nan,0.0,
rrtstar_ompl,52,static_tall_formal_v2_052,around_tall_obstacle,tall,19,"[-0.63430857,-1.9218111,1.4960021,-1.9134743,-1.259079,-0.15793648]","[0.37790036,-0.074619807,0.72472507]",0.17327984992534465,1.112137511457426,0.0878999940395355,false,0.0,nan,0.0,
rrtstar_ompl,52,static_tall_formal_v2_052,around_tall_obstacle,tall,20,"[-0.66769323,-1.9403274,1.5168443,-1.9315518,-1.2427147,-0.16624893]","[0.37035778,-0.081404224,0.72364926]",0.16378542059825388,1.0615858063911794,0.0878999940395355,false,0.0,nan,0.0,
rrtstar_ompl,52,static_tall_formal_v2_052,around_tall_obstacle,tall,21,"[-0.70107789,-1.9588438,1.5376865,-1.9496294,-1.2263504,-0.17456137]","[0.36277339,-0.087772965,0.72244215]",0.1544498693333092,1.0110341013249329,0.08770441156925338,false,0.0,nan,0.0,
rrtstar_ompl,52,static_tall_formal_v2_052,around_tall_obstacle,tall,22,"[-0.73446255,-1.9773602,1.5585287,-1.967707,-1.2099862,-0.18287382]","[0.35516778,-0.09373223,0.7211026]",0.14527436801741572,0.9604823962586861,0.08492489225502148,false,0.0,nan,0.0,
rrtstar_ompl,52,static_tall_formal_v2_052,around_tall_obstacle,tall,23,"[-0.76784721,-1.9958765,1.579371,-1.9857846,-1.1936219,-0.19118627]","[0.34756073,-0.099289104,0.71963018]",0.13625977837933007,0.9099306911924395,0.08235346051773801,false,0.0,nan,0.0,
rrtstar_ompl,52,static_tall_formal_v2_052,around_tall_obstacle,tall,24,"[-0.80123188,-2.0143929,1.6002132,-2.0038622,-1.1772576,-0.19949871]","[0.33997175,-0.10445168,0.71802408]",0.12740667659775087,0.8593789861261929,0.08000329760542679,false,0.0,nan,0.0,
rrtstar_ompl,52,static_tall_formal_v2_052,around_tall_obstacle,tall,25,"[-0.83461654,-2.0329093,1.6210554,-2.0219398,-1.1608934,-0.20781116]","[0.33241937,-0.10922895,0.71628368]",0.11871505793117595,0.8088272810599463,0.07788720468692023,false,0.0,nan,0.0,
rrtstar_ompl,52,static_tall_formal_v2_052,around_tall_obstacle,tall,26,"[-0.8680012,-2.0514257,1.6418976,-2.0400174,-1.1445291,-0.2161236]","[0.32492188,-0.11363099,0.71440828]",0.1101848005806742,0.7582755759936998,0.07601739873363997,false,0.0,nan,0.0,
rrtstar_ompl,52,static_tall_formal_v2_052,around_tall_obstacle,tall,27,"[-0.90138586,-2.069942,1.6627398,-2.058095,-1.1281648,-0.22443605]","[0.31749648,-0.11766864,0.71239722]",0.10181506883386443,0.7077238709274528,0.0744052473081595,false,0.0,nan,0.0,
rrtstar_ompl,52,static_tall_formal_v2_052,around_tall_obstacle,tall,28,"[-0.93477052,-2.0884584,1.683582,-2.0761726,-1.1118006,-0.2327485]","[0.31015962,-0.12135334,0.71025008]",0.0936047598719418,0.6571721658612064,0.07306105948493075,false,0.0,nan,0.0,
rrtstar_ompl,52,static_tall_formal_v2_052,around_tall_obstacle,tall,29,"[-0.96815518,-2.1069748,1.7044242,-2.0942502,-1.0954363,-0.24106094]","[0.30292714,-0.1246975,0.70796633]",0.08555237345194401,0.6066204607949596,0.07199381321858911,false,0.0,nan,0.0,
rrtstar_ompl,52,static_tall_formal_v2_052,around_tall_obstacle,tall,30,"[-1.0015398,-2.1254912,1.7252665,-2.1123278,-1.079072,-0.24937339]","[0.29581389,-0.12771426,0.70554537]",0.07765580288163552,0.5560687557287131,0.07121096225284923,false,0.0,nan,0.0,
rrtstar_ompl,52,static_tall_formal_v2_052,around_tall_obstacle,tall,31,"[-1.0349245,-2.1440075,1.7461087,-2.1304054,-1.0627078,-0.25768584]","[0.28883392,-0.13041751,0.70298666]",0.06991250771165478,0.5055170506624665,0.07071820546096746,false,0.0,nan,0.0,
rrtstar_ompl,52,static_tall_formal_v2_052,around_tall_obstacle,tall,32,"[-1.0683092,-2.1625239,1.7669509,-2.148483,-1.0463435,-0.26599828]","[0.28200018,-0.13282149,0.70029002]",0.06231952927016419,0.45496534559621965,0.07051935847455454,false,0.0,nan,0.0,
rrtstar_ompl,52,static_tall_formal_v2_052,around_tall_obstacle,tall,33,"[-1.1016938,-2.1810403,1.7877931,-2.1665606,-1.0299792,-0.27431073]","[0.275325,-0.13494137,0.69745469]",0.054873282986444054,0.40441364052997314,0.06719451178061402,false,0.0,nan,0.0,
rrtstar_ompl,52,static_tall_formal_v2_052,around_tall_obstacle,tall,34,"[-1.1350785,-2.1995566,1.8086353,-2.1846381,-1.013615,-0.28262318]","[0.26881948,-0.13679254,0.69448084]",0.04756999745058694,0.35386193546372663,0.06388211113873347,false,0.0,nan,0.0,
rrtstar_ompl,52,static_tall_formal_v2_052,around_tall_obstacle,tall,35,"[-1.1684632,-2.218073,1.8294775,-2.2027157,-0.9972507,-0.29093562]","[0.26249379,-0.13839105,0.69136781]",0.04040495154018676,0.3033102303974799,0.0606224285241795,false,0.0,nan,0.0,
rrtstar_ompl,52,static_tall_formal_v2_052,around_tall_obstacle,tall,36,"[-1.2018478,-2.2365894,1.8503198,-2.2207933,-0.98088644,-0.29924807]","[0.25635698,-0.13975303,0.68811554]",0.033373157575782665,0.25275852533123316,0.05742934836203438,false,0.0,nan,0.0,
rrtstar_ompl,52,static_tall_formal_v2_052,around_tall_obstacle,tall,37,"[-1.2352325,-2.2551058,1.871162,-2.2388709,-0.96452217,-0.30756051]","[0.25041729,-0.14089559,0.68472379]",0.026469082614425064,0.2022068202649866,0.05431819408401804,false,0.0,nan,0.0,
rrtstar_ompl,52,static_tall_formal_v2_052,around_tall_obstacle,tall,38,"[-1.2686171,-2.2736221,1.8920042,-2.2569485,-0.94815791,-0.31587296]","[0.24468176,-0.14183559,0.68119228]",0.019686571000094775,0.1516551151987399,0.051305890495925946,false,0.0,nan,0.0,
rrtstar_ompl,52,static_tall_formal_v2_052,around_tall_obstacle,tall,39,"[-1.3020018,-2.2921385,1.9128464,-2.2750261,-0.93179364,-0.32418541]","[0.23915628,-0.14259015,0.67752105]",0.013019033437690583,0.1011034101324934,0.04841092543065119,false,0.0,nan,0.0,
rrtstar_ompl,52,static_tall_formal_v2_052,around_tall_obstacle,tall,40,"[-1.3353865,-2.3106549,1.9336886,-2.2931037,-0.91542938,-0.33249785]","[0.23384583,-0.14317688,0.67371005]",0.006459396975937257,0.050551705066246705,0.045653400200308794,false,0.0,nan,0.0,
rrtstar_ompl,52,static_tall_formal_v2_052,around_tall_obstacle,tall,41,"[-1.3687711,-2.3291712,1.9545308,-2.3111813,-0.89906511,-0.3408103]","[0.22875419,-0.14361319,0.66975927]",4.411219339716406e-09,0.0,0.04305491124246913,false,0.0,nan,0.0,
rrtstar_ompl,53,static_tall_formal_v2_053,around_tall_obstacle,tall,0,"[0,-1.57,1.1,-1.57,-1.57,0]","[0.48397353,0.13337938,0.72136778]",0.19749457344971427,2.515860433433102,0.0878999940395355,false,20.107412338256836,nan,0.0,
rrtstar_ompl,53,static_tall_formal_v2_053,around_tall_obstacle,tall,1,"[-0.012326055,-1.5678499,1.0904245,-1.5449539,-1.5535185,-0.037210565]","[0.48438811,0.12906024,0.72161734]",0.19363432067067163,2.4655432247644398,0.0878999940395355,false,0.0,nan,0.0,
rrtstar_ompl,53,static_tall_formal_v2_053,around_tall_obstacle,tall,2,"[-0.02465211,-1.5656998,1.080849,-1.5199077,-1.5370369,-0.07442113]","[0.48469847,0.12475215,0.72189409]",0.18976323772720255,2.4152260160957777,0.0878999940395355,false,0.0,nan,0.0,
rrtstar_ompl,53,static_tall_formal_v2_053,around_tall_obstacle,tall,3,"[-0.036978164,-1.5635498,1.0712735,-1.4948616,-1.5205554,-0.11163169]","[0.48490661,0.12045744,0.72219926]",0.1858818746484339,2.3649088074271156,0.0878999940395355,false,0.0,nan,0.0,
rrtstar_ompl,53,static_tall_formal_v2_053,around_tall_obstacle,tall,4,"[-0.049304219,-1.5613997,1.061698,-1.4698154,-1.5040738,-0.14884226]","[0.48501459,0.1161783,0.7225337]",0.181990830317968,2.3145915987584536,0.0878999940395355,false,0.0,nan,0.0,
rrtstar_ompl,53,static_tall_formal_v2_053,around_tall_obstacle,tall,5,"[-0.061630274,-1.5592496,1.0521225,-1.4447693,-1.4875923,-0.18605283]","[0.4850246,0.11191684,0.72289884]",0.1780905680525828,2.264274390089792,0.0878999940395355,false,0.0,nan,0.0,
rrtstar_ompl,53,static_tall_formal_v2_053,around_tall_obstacle,tall,6,"[-0.073956329,-1.5570995,1.042547,-1.4197231,-1.4711108,-0.22326339]","[0.48493871,0.10767505,0.72329521]",0.1741816674400234,2.21395718142113,0.0878999940395355,false,0.0,nan,0.0,
rrtstar_ompl,53,static_tall_formal_v2_053,around_tall_obstacle,tall,7,"[-0.086282384,-1.5549494,1.0329715,-1.394677,-1.4546292,-0.26047396]","[0.48475924,0.10345487,0.72372395]",0.17026464862189278,2.1636399727524678,0.0878999940395355,false,0.0,nan,0.0,
rrtstar_ompl,53,static_tall_formal_v2_053,around_tall_obstacle,tall,8,"[-0.098608438,-1.5527993,1.023396,-1.3696308,-1.4381477,-0.29768452]","[0.48448858,0.099258058,0.724186]",0.16633997782396293,2.1133227640838053,0.0878999940395355,false,0.0,nan,0.0,
rrtstar_ompl,53,static_tall_formal_v2_053,around_tall_obstacle,tall,9,"[-0.11093449,-1.5506493,1.0138206,-1.3445847,-1.4216661,-0.33489508]","[0.48412898,0.095086411,0.72468197]",0.16240825727248615,2.063005555415143,0.0878999940395355,false,0.0,nan,0.0,
rrtstar_ompl,53,static_tall_formal_v2_053,around_tall_obstacle,tall,10,"[-0.12326055,-1.5484992,1.0042451,-1.3195385,-1.4051846,-0.37210565]","[0.48368284,0.090941511,0.72521269]",0.15846992776702962,2.0126883467464816,0.0878999940395355,false,0.0,nan,0.0,
rrtstar_ompl,53,static_tall_formal_v2_053,around_tall_obstacle,tall,11,"[-0.1355866,-1.5463491,0.99466957,-1.2944924,-1.3887031,-0.40931621]","[0.48315287,0.086824819,0.72577876]",0.15452556842509163,1.9623711380778193,0.0878999940395355,false,0.0,nan,0.0,
rrtstar_ompl,53,static_tall_formal_v2_053,around_tall_obstacle,tall,12,"[-0.14791266,-1.544199,0.98509407,-1.2694462,-1.3722215,-0.44652678]","[0.48254114,0.082737848,0.72638077]",0.15057560799807135,1.9120539294091572,0.0878999940395355,false,0.0,nan,0.0,
rrtstar_ompl,53,static_tall_formal_v2_053,around_tall_obstacle,tall,13,"[-0.16023871,-1.5420489,0.97551858,-1.2444001,-1.35574,-0.48373735]","[0.48185045,0.078681841,0.72701949]",0.14662049884664657,1.8617367207404953,0.0878999940395355,false,0.0,nan,0.0,
rrtstar_ompl,53,static_tall_formal_v2_053,around_tall_obstacle,tall,14,"[-0.17256477,-1.5398988,0.96594308,-1.2193539,-1.3392584,-0.52094791]","[0.4810831,0.074658006,0.72769511]",0.14266072854943312,1.811419512071833,0.0878999940395355,false,0.0,nan,0.0,
rrtstar_ompl,53,static_tall_formal_v2_053,around_tall_obstacle,tall,15,"[-0.18489082,-1.5377488,0.95636759,-1.1943078,-1.3227769,-0.55815847]","[0.48024189,0.070667468,0.72840834]",0.13869677940708242,1.7611023034031712,0.0878999940395355,false,0.0,nan,0.0,
rrtstar_ompl,53,static_tall_formal_v2_053,around_tall_obstacle,tall,16,"[-0.19721688,-1.5355987,0.9467921,-1.1692616,-1.3062954,-0.59536904]","[0.47932932,0.066711158,0.72915918]",0.1347291274166176,1.7107850947345091,0.0878999940395355,false,0.0,nan,0.0,
rrtstar_ompl,53,static_tall_formal_v2_053,around_tall_obstacle,tall,17,"[-0.20954293,-1.5334486,0.9372166,-1.1442155,-1.2898138,-0.6325796]","[0.47834787,0.062790096,0.7299481]",0.13075822379047727,1.6604678860658473,0.0878999940395355,false,0.0,nan,0.0,
rrtstar_ompl,53,static_tall_formal_v2_053,around_tall_obstacle,tall,18,"[-0.22186899,-1.5312985,0.92764111,-1.1191693,-1.2733323,-0.66979017]","[0.47730011,0.058904961,0.73077542]",0.1267843662756326,1.6101506773971852,0.0878999940395355,false,0.0,nan,0.0,
rrtstar_ompl,53,static_tall_formal_v2_053,around_tall_obstacle,tall,19,"[-0.23419504,-1.5291484,0.91806561,-1.0941232,-1.2568507,-0.70700074]","[0.47618869,0.055056505,0.73164105]",0.1228081312447096,1.5598334687285231,0.0878999940395355,false,0.0,nan,0.0,
rrtstar_ompl,53,static_tall_formal_v2_053,around_tall_obstacle,tall,20,"[-0.2465211,-1.5269984,0.90849012,-1.069077,-1.2403692,-0.7442113]","[0.47501612,0.051245287,0.73254514]",0.11882985990766226,1.509516260059861,0.0878999940395355,false,0.0,nan,0.0,
rrtstar_ompl,53,static_tall_formal_v2_053,around_tall_obstacle,tall,21,"[-0.25884715,-1.5248483,0.89891463,-1.0440309,-1.2238877,-0.78142186]","[0.4737851,0.047471777,0.73348784]",0.11484994086500537,1.459199051391199,0.0878999940395355,false,0.0,nan,0.0,
rrtstar_ompl,53,static_tall_formal_v2_053,around_tall_obstacle,tall,22,"[-0.27117321,-1.5226982,0.88933913,-1.0189847,-1.2074061,-0.81863243]","[0.47249788,0.043736421,0.734469]",0.11086871366024369,1.4088818427225371,0.0878999940395355,false,0.0,nan,0.0,
rrtstar_ompl,53,static_tall_formal_v2_053,around_tall_obstacle,tall,23,"[-0.28349926,-1.5205481,0.87976364,-0.99393855,-1.1909246,-0.855843]","[0.47115725,0.040039502,0.73548865]",0.10688660022048506,1.358564634053875,0.0878999940395355,false,0.0,nan,0.0,
rrtstar_ompl,53,static_tall_formal_v2_053,around_tall_obstacle,tall,24,"[-0.29582532,-1.518398,0.87018814,-0.9688924,-1.174443,-0.89305356]","[0.46976548,0.036381196,0.73654658]",0.10290385586441886,1.308247425385213,0.0878999940395355,false,0.0,nan,0.0,
rrtstar_ompl,53,static_tall_formal_v2_053,around_tall_obstacle,tall,25,"[-0.30815137,-1.5162479,0.86061265,-0.94384625,-1.1579615,-0.93026412]","[0.46832532,0.032761615,0.73764241]",0.09892100021311795,1.257930216716551,0.0878999940395355,false,0.0,nan,0.0,
rrtstar_ompl,53,static_tall_formal_v2_053,around_tall_obstacle,tall,26,"[-0.32047742,-1.5140979,0.85103716,-0.91880011,-1.14148,-0.96747469]","[0.4668389,0.029180769,0.73877591]",0.09493820617475399,1.2076130080478888,0.0878999940395355,false,0.0,nan,0.0,
rrtstar_ompl,53,static_tall_formal_v2_053,around_tall_obstacle,tall,27,"[-0.33280348,-1.5119478,0.84146166,-0.89375396,-1.1249984,-1.0046853]","[0.46530864,0.025638636,0.73994684]",0.0909557916853976,1.1572957993792268,0.0878999940395355,false,0.0,nan,0.0,
rrtstar_ompl,53,static_tall_formal_v2_053,around_tall_obstacle,tall,28,"[-0.34512953,-1.5097977,0.83188617,-0.86870781,-1.1085169,-1.0418958]","[0.46373707,0.022135049,0.74115479]",0.08697413551942437,1.1069785907105647,0.0878999940395355,false,0.0,nan,0.0,
rrtstar_ompl,53,static_tall_formal_v2_053,around_tall_obstacle,tall,29,"[-0.35745559,-1.5076476,0.82231067,-0.84366166,-1.0920353,-1.0791064]","[0.4621262,0.018669747,0.7423991]",0.08299343611974978,1.0566613820419026,0.0878999940395355,false,0.0,nan,0.0,
rrtstar_ompl,53,static_tall_formal_v2_053,around_tall_obstacle,tall,30,"[-0.36978164,-1.5054975,0.81273518,-0.81861551,-1.0755538,-1.1163169]","[0.46047848,0.015242424,0.7436794]",0.07901401441750186,1.0063441733732408,0.0878999940395355,false,0.0,nan,0.0,
rrtstar_ompl,53,static_tall_formal_v2_053,around_tall_obstacle,tall,31,"[-0.3821077,-1.5033474,0.80315969,-0.79356936,-1.0590723,-1.1535275]","[0.45879596,0.011852648,0.74499512]",0.0750360236249958,0.9560269647045787,0.08739243244969488,false,0.0,nan,0.0,
rrtstar_ompl,53,static_tall_formal_v2_053,around_tall_obstacle,tall,32,"[-0.39443375,-1.5011974,0.79358419,-0.76852321,-1.0425907,-1.1907381]","[0.45708087,0.0085000396,0.74634552]",0.07105985468926465,0.9057097560359165,0.0852227134741167,false,0.0,nan,0.0,
rrtstar_ompl,53,static_tall_formal_v2_053,around_tall_obstacle,tall,33,"[-0.40675981,-1.4990473,0.7840087,-0.74347706,-1.0261092,-1.2279486]","[0.45533517,0.0051840581,0.74772984]",0.06708571816618751,0.8553925473672545,0.08309097835224394,false,0.0,nan,0.0,
rrtstar_ompl,53,static_tall_formal_v2_053,around_tall_obstacle,tall,34,"[-0.41908586,-1.4968972,0.7744332,-0.71843091,-1.0096276,-1.2651592]","[0.45356089,0.0019040592,0.74914742]",0.06311377141544551,0.8050753386985925,0.08099929794316574,false,0.0,nan,0.0,
rrtstar_ompl,53,static_tall_formal_v2_053,around_tall_obstacle,tall,35,"[-0.43141192,-1.4947471,0.76485771,-0.69338476,-0.99314611,-1.3023698]","[0.45175987,-0.0013405792,0.75059754]",0.05914417155958808,0.7547581300299306,0.07894983918485482,false,0.0,nan,0.0,
rrtstar_ompl,53,static_tall_formal_v2_053,around_tall_obstacle,tall,36,"[-0.44373797,-1.492597,0.75528222,-0.66833861,-0.97666457,-1.3395803]","[0.44993412,-0.0045506358,0.75207907]",0.055177251138426225,0.7044409213612686,0.07694479394997228,false,0.0,nan,0.0,
rrtstar_ompl,53,static_tall_formal_v2_053,around_tall_obstacle,tall,37,"[-0.45606403,-1.490447,0.74570672,-0.64329246,-0.96018303,-1.3767909]","[0.44808534,-0.0077267513,0.7535913]",0.05121316983301005,0.6541237126926065,0.07498650496558107,false,0.0,nan,0.0,
rrtstar_ompl,53,static_tall_formal_v2_053,around_tall_obstacle,tall,38,"[-0.46839008,-1.4882969,0.73613123,-0.61824631,-0.94370149,-1.4140015]","[0.44621512,-0.010869846,0.75513327]",0.04725197400599071,0.6038065040239443,0.0730772837914235,false,0.0,nan,0.0,
rrtstar_ompl,53,static_tall_formal_v2_053,around_tall_obstacle,tall,39,"[-0.48071614,-1.4861468,0.72655573,-0.59320016,-0.92721995,-1.451212]","[0.44432512,-0.013980743,0.75670397]",0.043293866065557816,0.5534892953552824,0.07121953951284368,false,0.0,nan,0.0,
rrtstar_ompl,53,static_tall_formal_v2_053,around_tall_obstacle,tall,40,"[-0.49304219,-1.4839967,0.71698024,-0.56815401,-0.91073841,-1.4884226]","[0.44241697,-0.017060343,0.75830209]",0.039339161566887895,0.5031720866866203,0.06941571646850181,false,0.0,nan,0.0,
rrtstar_ompl,53,static_tall_formal_v2_053,around_tall_obstacle,tall,41,"[-0.50536825,-1.4818466,0.70740475,-0.54310786,-0.89425687,-1.5256332]","[0.44049206,-0.020109601,0.75992692]",0.03538779760648458,0.4528548780179584,0.0676683011986241,false,0.0,nan,0.0,
rrtstar_ompl,53,static_tall_formal_v2_053,around_tall_obstacle,tall,42,"[-0.5176943,-1.4796965,0.69782925,-0.51806171,-0.87777533,-1.5628437]","[0.43855178,-0.023129478,0.76157713]",0.031439989079833565,0.40253766934929625,0.0659798785991274,false,0.0,nan,0.0,
rrtstar_ompl,53,static_tall_formal_v2_053,around_tall_obstacle,tall,43,"[-0.53002036,-1.4775465,0.68825376,-0.49301556,-0.86129379,-1.6000543]","[0.43659738,-0.026120938,0.76325136]",0.02749595322302556,0.3522204606806342,0.06435299458390129,false,0.0,nan,0.0,
rrtstar_ompl,53,static_tall_formal_v2_053,around_tall_obstacle,tall,44,"[-0.54234641,-1.4753964,0.67867826,-0.46796941,-0.84481225,-1.6372649]","[0.43463007,-0.029085055,0.76494861]",0.023555689313346576,0.30190325201197227,0.06279025873729094,false,0.0,nan,0.0,
rrtstar_ompl,53,static_tall_formal_v2_053,around_tall_obstacle,tall,45,"[-0.55467247,-1.4732463,0.66910277,-0.44292326,-0.82833071,-1.6744754]","[0.43265086,-0.032022826,0.76666754]",0.019619311848022358,0.2515860433433101,0.061294272032363206,false,0.0,nan,0.0,
rrtstar_ompl,53,static_tall_formal_v2_053,around_tall_obstacle,tall,46,"[-0.56699852,-1.4710962,0.65952728,-0.41787711,-0.81184917,-1.711686]","[0.43066093,-0.034935325,0.76840687]",0.01568698996233139,0.2012688346746479,0.05986761696881385,false,0.0,nan,0.0,
rrtstar_ompl,53,static_tall_formal_v2_053,around_tall_obstacle,tall,47,"[-0.57932458,-1.4689461,0.64995178,-0.39283096,-0.79536763,-1.7488966]","[0.42866108,-0.037823625,0.77016521]",0.011758768467235928,0.1509516260059861,0.05851295290019515,false,0.0,nan,0.0,
rrtstar_ompl,53,static_tall_formal_v2_053,around_tall_obstacle,tall,48,"[-0.59165063,-1.466796,0.64037629,-0.36778481,-0.77888609,-1.7861071]","[0.42665219,-0.040688686,0.77194124]",0.00783482120312166,0.10063441733732412,0.05723282445071104,false,0.0,nan,0.0,
rrtstar_ompl,53,static_tall_formal_v2_053,around_tall_obstacle,tall,49,"[-0.60397669,-1.464646,0.63080079,-0.34273866,-0.76240455,-1.8233177]","[0.42463502,-0.043531708,0.7737335]",0.003915182552936539,0.0503172086686621,0.05602974868962737,false,0.0,nan,0.0,
rrtstar_ompl,53,static_tall_formal_v2_053,around_tall_obstacle,tall,50,"[-0.61630274,-1.4624959,0.6212253,-0.31769251,-0.74592301,-1.8605282]","[0.42261022,-0.046353631,0.77554059]",3.3835570138095348e-09,0.0,0.05490621134705556,false,0.0,nan,0.0,
rrtstar_ompl,54,static_tall_formal_v2_054,around_tall_obstacle,tall,0,"[0,-1.57,1.1,-1.57,-1.57,0]","[0.48397353,0.13337938,0.72136778]",0.5285716661628421,3.126953095032138,0.0878999940395355,false,20.046793937683105,nan,0.0,
rrtstar_ompl,54,static_tall_formal_v2_054,around_tall_obstacle,tall,1,"[-0.018561371,-1.5764021,1.1208736,-1.5518339,-1.5598978,-0.035921868]","[0.48469594,0.12541105,0.71193969]",0.5189105814201722,3.07651836769291,0.0878999940395355,false,0.0,nan,0.0,
rrtstar_ompl,54,static_tall_formal_v2_054,around_tall_obstacle,tall,2,"[-0.037122743,-1.5828041,1.1417472,-1.5336677,-1.5497955,-0.071843736]","[0.48507175,0.11746948,0.70251876]",0.5092003091515,3.026083640353682,0.0878999940395355,false,0.0,nan,0.0,
rrtstar_ompl,54,static_tall_formal_v2_054,around_tall_obstacle,tall,3,"[-0.055684114,-1.5892062,1.1626208,-1.5155016,-1.5396933,-0.1077656]","[0.48510438,0.1095686,0.69311106]",0.49944599296144876,2.975648913014454,0.0878999940395355,false,0.0,nan,0.0,
rrtstar_ompl,54,static_tall_formal_v2_054,around_tall_obstacle,tall,4,"[-0.074245486,-1.5956083,1.1834944,-1.4973355,-1.5295911,-0.14368747]","[0.48479864,0.10172214,0.68372262]",0.48965318300136174,2.925214185675226,0.0878999940395355,false,0.0,nan,0.0,
rrtstar_ompl,54,static_tall_formal_v2_054,around_tall_obstacle,tall,5,"[-0.092806857,-1.6020103,1.204368,-1.4791694,-1.5194888,-0.17960934]","[0.48415923,0.093943514,0.67435879]",0.4798265863568347,2.874779458335998,0.0878999940395355,false,0.0,nan,0.0,
rrtstar_ompl,54,static_tall_formal_v2_054,around_tall_obstacle,tall,6,"[-0.11136823,-1.6084124,1.2252416,-1.4610032,-1.5093866,-0.21553121]","[0.48319209,0.086245842,0.66502547]",0.46997172882824895,2.8243447309967697,0.0878999940395355,false,0.0,nan,0.0,
rrtstar_ompl,54,static_tall_formal_v2_054,around_tall_obstacle,tall,7,"[-0.1299296,-1.6148145,1.2461152,-1.4428371,-1.4992844,-0.25145308]","[0.48190337,0.078641981,0.65572828]",0.460093793553871,2.7739100036575417,0.0878999940395355,false,0.0,nan,0.0,
rrtstar_ompl,54,static_tall_formal_v2_054,around_tall_obstacle,tall,8,"[-0.14849097,-1.6212165,1.2669887,-1.424671,-1.4891821,-0.28737495]","[0.4802998,0.071144357,0.64647245]",0.45019770450398217,2.7234752763183137,0.0878999940395355,false,0.0,nan,0.0,
rrtstar_ompl,54,static_tall_formal_v2_054,around_tall_obstacle,tall,9,"[-0.16705234,-1.6276186,1.2878623,-1.4065049,-1.4790799,-0.32329681]","[0.47838882,0.063765101,0.63726324]",0.4402885814953691,2.6730405489790856,0.0878999940395355,false,0.0,nan,0.0,
rrtstar_ompl,54,static_tall_formal_v2_054,around_tall_obstacle,tall,10,"[-0.18561371,-1.6340207,1.3087359,-1.3883387,-1.4689777,-0.35921868]","[0.47617835,0.056515865,0.62810582]",0.4303715202001965,2.622605821639858,0.0878999940395355,false,0.0,nan,0.0,
rrtstar_ompl,54,static_tall_formal_v2_054,around_tall_obstacle,tall,11,"[-0.20417509,-1.6404227,1.3296095,-1.3701726,-1.4588754,-0.39514055]","[0.47367686,0.049407944,0.61900502]",0.4204514359949247,2.57217109430063,0.0878999940395355,false,0.0,nan,0.0,
rrtstar_ompl,54,static_tall_formal_v2_054,around_tall_obstacle,tall,12,"[-0.22273646,-1.6468248,1.3504831,-1.3520065,-1.4487732,-0.43106242]","[0.47089314,0.042452168,0.60996568]",0.4105332158060051,2.5217363669614015,0.0878999940395355,false,0.0,nan,0.0,
rrtstar_ompl,54,static_tall_formal_v2_054,around_tall_obstacle,tall,13,"[-0.24129783,-1.6532269,1.3713567,-1.3338404,-1.438671,-0.46698429]","[0.46783668,0.035658907,0.60099244]",0.40062181224893506,2.471301639622174,0.0878999940395355,false,0.0,nan,0.0,
rrtstar_ompl,54,static_tall_formal_v2_054,around_tall_obstacle,tall,14,"[-0.2598592,-1.6596289,1.3922303,-1.3156742,-1.4285687,-0.50290616]","[0.46451721,0.029038014,0.59208971]",0.39072195650984837,2.420866912282946,0.0878999940395355,false,0.0,nan,0.0,
rrtstar_ompl,54,static_tall_formal_v2_054,around_tall_obstacle,tall,15,"[-0.27842057,-1.666031,1.4131039,-1.2975081,-1.4184665,-0.53882802]","[0.46094486,0.022598904,0.58326173]",0.380838306043055,2.3704321849437178,0.0878999940395355,false,0.0,nan,0.0,
rrtstar_ompl,54,static_tall_formal_v2_054,around_tall_obstacle,tall,16,"[-0.29698194,-1.672433,1.4339775,-1.279342,-1.4083643,-0.57474989]","[0.45713025,0.016350416,0.57451278]",0.37097568181633694,2.3199974576044897,0.0878999940395355,false,0.0,nan,0.0,
rrtstar_ompl,54,static_tall_formal_v2_054,around_tall_obstacle,tall,17,"[-0.31554331,-1.6788351,1.4548511,-1.2611759,-1.398262,-0.61067176]","[0.45308432,0.010300919,0.56584674]",0.36113864253332173,2.2695627302652617,0.0878999940395355,false,0.0,nan,0.0,
rrtstar_ompl,54,static_tall_formal_v2_054,around_tall_obstacle,tall,18,"[-0.33410469,-1.6852372,1.4757247,-1.2430097,-1.3881598,-0.64659363]","[0.44881821,0.004458189,0.55726725]",0.3513315508599751,2.2191280029260336,0.0878999940395355,false,0.0,nan,0.0,
rrtstar_ompl,54,static_tall_formal_v2_054,around_tall_obstacle,tall,19,"[-0.35266606,-1.6916392,1.4965983,-1.2248436,-1.3780575,-0.6825155]","[0.44434348,-0.0011704918,0.54877812]",0.34155905122726304,2.1686932755868056,0.0878999940395355,false,0.0,nan,0.0,
rrtstar_ompl,54,static_tall_formal_v2_054,around_tall_obstacle,tall,20,"[-0.37122743,-1.6980413,1.5174719,-1.2066775,-1.3679553,-0.71843736]","[0.43967187,-0.0065784715,0.54038256]",0.3318253351859018,2.1182585482475775,0.0878999940395355,false,0.0,nan,0.0,
rrtstar_ompl,54,static_tall_formal_v2_054,around_tall_obstacle,tall,21,"[-0.3897888,-1.7044434,1.5383455,-1.1885114,-1.3578531,-0.75435923]","[0.43481538,-0.011759628,0.53208393]",0.3221347484606485,2.0678238209083495,0.0878999940395355,false,0.0,nan,0.0,
rrtstar_ompl,54,static_tall_formal_v2_054,around_tall_obstacle,tall,22,"[-0.40835017,-1.7108454,1.559219,-1.1703452,-1.3477508,-0.7902811]","[0.42978618,-0.01670838,0.52388519]",0.31249142651760153,2.0173890935691214,0.0878999940395355,false,0.0,nan,0.0,
rrtstar_ompl,54,static_tall_formal_v2_054,around_tall_obstacle,tall,23,"[-0.42691154,-1.7172475,1.5800926,-1.1521791,-1.3376486,-0.82620297]","[0.42459661,-0.021419808,0.51578933]",0.30289953702720307,1.9669543662298934,0.0878999940395355,false,0.0,nan,0.0,
rrtstar_ompl,54,static_tall_formal_v2_054,around_tall_obstacle,tall,24,"[-0.44547291,-1.7236496,1.6009662,-1.134013,-1.3275464,-0.86212484]","[0.41925913,-0.025889434,0.50779891]",0.29336297241618947,1.9165196388906653,0.0878999940395355,false,0.0,nan,0.0,
rrtstar_ompl,54,static_tall_formal_v2_054,around_tall_obstacle,tall,25,"[-0.46403429,-1.7300516,1.6218398,-1.1158469,-1.3174441,-0.89804671]","[0.41378644,-0.030113563,0.49991637]",0.28388566583245717,1.8660849115514373,0.0878999940395355,false,0.0,nan,0.0,
rrtstar_ompl,54,static_tall_formal_v2_054,around_tall_obstacle,tall,26,"[-0.48259566,-1.7364537,1.6427134,-1.0976807,-1.3073419,-0.93396857]","[0.4081912,-0.034088895,0.49214417]",0.2744715181644557,1.8156501842122093,0.0878999940395355,false,0.0,nan,0.0,
rrtstar_ompl,54,static_tall_formal_v2_054,around_tall_obstacle,tall,27,"[-0.50115703,-1.7428558,1.663587,-1.0795146,-1.2972397,-0.96989044]","[0.40248597,-0.037812807,0.48448431]",0.2651240443047807,1.7652154568729812,0.0878999940395355,false,0.0,nan,0.0,
rrtstar_ompl,54,static_tall_formal_v2_054,around_tall_obstacle,tall,28,"[-0.5197184,-1.7492578,1.6844606,-1.0613485,-1.2871374,-1.0058123]","[0.39668363,-0.041283213,0.47693875]",0.255846955725448,1.7147807295337534,0.08393632166677627,false,0.0,nan,0.0,
rrtstar_ompl,54,static_tall_formal_v2_054,around_tall_obstacle,tall,29,"[-0.53827977,-1.7556599,1.7053342,-1.0431823,-1.2770352,-1.0417342]","[0.39079681,-0.044498626,0.46950939]",0.24664377457061215,1.664346002194525,0.07683339392060838,false,0.0,nan,0.0,
rrtstar_ompl,54,static_tall_formal_v2_054,around_tall_obstacle,tall,30,"[-0.55684114,-1.762062,1.7262078,-1.0250162,-1.266933,-1.077656]","[0.38483822,-0.047458071,0.46219754]",0.23751771855074222,1.613911274855297,0.06984523108669065,false,0.0,nan,0.0,
rrtstar_ompl,54,static_tall_formal_v2_054,around_tall_obstacle,tall,31,"[-0.57540251,-1.768464,1.7470814,-1.0068501,-1.2568307,-1.1135779]","[0.37882042,-0.050161138,0.45500475]",0.22847212015967164,1.563476547516069,0.06298334628576098,false,0.0,nan,0.0,
rrtstar_ompl,54,static_tall_formal_v2_054,around_tall_obstacle,tall,32,"[-0.59396389,-1.7748661,1.767955,-0.98868397,-1.2467285,-1.1494998]","[0.372756,-0.052608095,0.44793203]",0.21951006104669893,1.513041820176841,0.056261240843426874,false,0.0,nan,0.0,
rrtstar_ompl,54,static_tall_formal_v2_054,around_tall_obstacle,tall,33,"[-0.61252526,-1.7812682,1.7888286,-0.97051784,-1.2366263,-1.1854217]","[0.36665735,-0.054799583,0.44098061]",0.21063468661978038,1.462607092837613,0.04975500911078798,false,0.0,nan,0.0,
rrtstar_ompl,54,static_tall_formal_v2_054,around_tall_obstacle,tall,34,"[-0.63108663,-1.7876702,1.8097022,-0.95235172,-1.226524,-1.2213435]","[0.36053663,-0.05673679,0.43415135]",0.2018488695413313,1.412172365498385,0.043713434946686655,false,0.0,nan,0.0,
rrtstar_ompl,54,static_tall_formal_v2_054,around_tall_obstacle,tall,35,"[-0.649648,-1.7940723,1.8305758,-0.93418559,-1.2164218,-1.2572654]","[0.35440609,-0.058421426,0.42744476]",0.19315536867615404,1.3617376381591566,0.03824616296720079,false,0.0,nan,0.0,
rrtstar_ompl,54,static_tall_formal_v2_054,around_tall_obstacle,tall,36,"[-0.66820937,-1.8004744,1.8514493,-0.91601947,-1.2063196,-1.2931873]","[0.34827748,-0.059855796,0.42086145]",0.18455686802863353,1.311302910819929,0.03346066300739388,false,0.0,nan,0.0,
rrtstar_ompl,54,static_tall_formal_v2_054,around_tall_obstacle,tall,37,"[-0.68677074,-1.8068764,1.8723229,-0.89785334,-1.1962173,-1.3291091]","[0.34216252,-0.061042622,0.41440174]",0.1760559120981726,1.2608681834807007,0.02947245797130786,false,0.0,nan,0.0,
rrtstar_ompl,54,static_tall_formal_v2_054,around_tall_obstacle,tall,38,"[-0.70533212,-1.8132785,1.8931965,-0.87968721,-1.1861151,-1.365031]","[0.33607268,-0.061985023,0.40806571]",0.16765487436980517,1.210433456141473,0.026397208585930323,false,0.0,nan,0.0,
rrtstar_ompl,54,static_tall_formal_v2_054,around_tall_obstacle,tall,39,"[-0.72389349,-1.8196806,1.9140701,-0.86152109,-1.1760129,-1.4009529]","[0.33001909,-0.06268663,0.4018535]",0.15935609586468114,1.1599987288022446,0.024339036638663977,false,0.0,nan,0.0,
rrtstar_ompl,54,static_tall_formal_v2_054,around_tall_obstacle,tall,40,"[-0.74245486,-1.8260826,1.9349437,-0.84335496,-1.1659106,-1.4368747]","[0.32401279,-0.063151591,0.39576486]",0.1511617766827001,1.1095640014630168,0.023375163677635036,false,0.0,nan,0.0,
rrtstar_ompl,54,static_tall_formal_v2_054,around_tall_obstacle,tall,41,"[-0.76101623,-1.8324847,1.9558173,-0.82518884,-1.1558084,-1.4727966]","[0.31806421,-0.063384235,0.38979957]",0.1430738532512683,1.0591292741237888,0.023543330614740926,false,0.0,nan,0.0,
rrtstar_ompl,54,static_tall_formal_v2_054,around_tall_obstacle,tall,42,"[-0.7795776,-1.8388868,1.9766909,-0.80702271,-1.1457062,-1.5087185]","[0.31218389,-0.063389614,0.38395703]",0.13509431881415146,1.008694546784561,0.02483357778572133,false,0.0,nan,0.0,
rrtstar_ompl,54,static_tall_formal_v2_054,around_tall_obstacle,tall,43,"[-0.79813897,-1.8452888,1.9975645,-0.78885658,-1.1356039,-1.5446403]","[0.30638158,-0.063172758,0.37823677]",0.12722482879126104,0.9582598194453325,0.02719100710400371,false,0.0,nan,0.0,
rrtstar_ompl,54,static_tall_formal_v2_054,around_tall_obstacle,tall,44,"[-0.81670034,-1.8516909,2.0184381,-0.77069046,-1.1255017,-1.5805622]","[0.30066714,-0.062739499,0.37263802]",0.1194671902473896,0.9078250921061045,0.03052476197056639,false,0.0,nan,0.0,
rrtstar_ompl,54,static_tall_formal_v2_054,around_tall_obstacle,tall,45,"[-0.83526172,-1.8580929,2.0393117,-0.75252433,-1.1153995,-1.6164841]","[0.29504976,-0.062095627,0.36715981]",0.1118227560744873,0.8573903647668765,0.034715761903717765,false,0.0,nan,0.0,
rrtstar_ompl,54,static_tall_formal_v2_054,around_tall_obstacle,tall,46,"[-0.85382309,-1.864495,2.0601853,-0.73435821,-1.1052972,-1.6524059]","[0.28953832,-0.061247453,0.36180127]",0.10429296170527427,0.8069556374276485,0.036200400018692014,false,0.0,nan,0.0,
rrtstar_ompl,54,static_tall_formal_v2_054,around_tall_obstacle,tall,47,"[-0.87238446,-1.8708971,2.0810589,-0.71619208,-1.095195,-1.6883278]","[0.28414151,-0.060201444,0.35656103]",0.09687895363166683,0.7565209100884205,0.03543983056545255,false,0.0,nan,0.0,
rrtstar_ompl,54,static_tall_formal_v2_054,around_tall_obstacle,tall,48,"[-0.89094583,-1.8772991,2.1019325,-0.69802595,-1.0850928,-1.7242497]","[0.27886754,-0.058964513,0.35143805]",0.08958202434030725,0.7060861827491924,0.03499496688842771,false,0.0,nan,0.0,
rrtstar_ompl,54,static_tall_formal_v2_054,around_tall_obstacle,tall,49,"[-0.9095072,-1.8837012,2.1228061,-0.67985983,-1.0749905,-1.7601715]","[0.27372408,-0.057543673,0.34643087]",0.08240300191510656,0.6556514554099645,0.034864664340019225,false,0.0,nan,0.0,
rrtstar_ompl,54,static_tall_formal_v2_054,around_tall_obstacle,tall,50,"[-0.92806857,-1.8901033,2.1436796,-0.6616937,-1.0648883,-1.7960934]","[0.26871863,-0.055946305,0.34153795]",0.0753427870694767,0.6052167280707366,0.035047005558013905,false,0.0,nan,0.0,
rrtstar_ompl,54,static_tall_formal_v2_054,around_tall_obstacle,tall,51,"[-0.94662994,-1.8965053,2.1645532,-0.64352758,-1.054786,-1.8320153]","[0.26385814,-0.05417975,0.33675778]",0.06840203242324859,0.5547820007315082,0.035539827251434314,false,0.0,nan,0.0,
rrtstar_ompl,54,static_tall_formal_v2_054,around_tall_obstacle,tall,52,"[-0.96519132,-1.9029074,2.1854268,-0.62536145,-1.0446838,-1.8679371]","[0.25914916,-0.052251801,0.33208853]",0.06158124152317171,0.5043472733922801,0.03634010114669797,false,0.0,nan,0.0,
rrtstar_ompl,54,static_tall_formal_v2_054,around_tall_obstacle,tall,53,"[-0.98375269,-1.9093095,2.2063004,-0.60719532,-1.0345816,-1.903859]","[0.25459796,-0.050170302,0.32752839]",0.054880871015104866,0.4539125460530522,0.037444368028640734,false,0.0,nan,0.0,
rrtstar_ompl,54,static_tall_formal_v2_054,around_tall_obstacle,tall,54,"[-1.0023141,-1.9157115,2.227174,-0.5890292,-1.0244793,-1.9397809]","[0.25021029,-0.047943205,0.32307562]",0.04830128338484505,0.4034778187138244,0.0388486949443817,false,0.0,nan,0.0,
rrtstar_ompl,54,static_tall_formal_v2_054,around_tall_obstacle,tall,55,"[-1.0208754,-1.9221136,2.2480476,-0.57086307,-1.0143771,-1.9757028]","[0.24599151,-0.045578621,0.31872821]",0.04184260390892136,0.3530430913745963,0.04073804285711698,false,0.0,nan,0.0,
rrtstar_ompl,54,static_tall_formal_v2_054,around_tall_obstacle,tall,56,"[-1.0394368,-1.9285157,2.2689212,-0.55269695,-1.0042749,-2.0116246]","[0.24194652,-0.043084785,0.31448403]",0.03550476882343479,0.30260836403536817,0.04335429349853891,false,0.0,nan,0.0,
rrtstar_ompl,54,static_tall_formal_v2_054,around_tall_obstacle,tall,57,"[-1.0579982,-1.9349177,2.2897948,-0.53453082,-0.99417264,-2.0475465]","[0.23807989,-0.040470064,0.31034094]",0.02928771001763023,0.25217363669614024,0.04663560213195059,false,0.0,nan,0.0,
rrtstar_ompl,54,static_tall_formal_v2_054,around_tall_obstacle,tall,58,"[-1.0765595,-1.9413198,2.3106684,-0.51636469,-0.98407041,-2.0834684]","[0.23439579,-0.037742577,0.30629671]",0.023191041261708654,0.2017389093569123,0.0505113531688077,false,0.0,nan,0.0,
rrtstar_ompl,54,static_tall_formal_v2_054,around_tall_obstacle,tall,59,"[-1.0951209,-1.9477219,2.331542,-0.49819857,-0.97396817,-2.1193902]","[0.23089792,-0.03491091,0.30234924]",0.01721456395713002,0.15130418201768403,0.054908950240538656,false,0.0,nan,0.0,
rrtstar_ompl,54,static_tall_formal_v2_054,around_tall_obstacle,tall,60,"[-1.1136823,-1.9541239,2.3524156,-0.48003244,-0.96386594,-2.1553121]","[0.22758961,-0.031983458,0.29849622]",0.011357730168929549,0.10086945467845594,0.05975803542029742,false,0.0,nan,0.0,
rrtstar_ompl,54,static_tall_formal_v2_054,around_tall_obstacle,tall,61,"[-1.1322437,-1.960526,2.3732892,-0.46186632,-0.9537637,-2.191234]","[0.22447382,-0.02896864,0.2947351]",0.005619783598450369,0.05043472733922789,0.0586446479526893,false,0.0,nan,0.0,
rrtstar_ompl,54,static_tall_formal_v2_054,around_tall_obstacle,tall,62,"[-1.150805,-1.9669281,2.3941628,-0.44370019,-0.94366147,-2.2271558]","[0.22155318,-0.025874779,0.29106361]",4.87801400870971e-09,0.0,0.05753698022299701,false,0.0,nan,0.0,
rrtstar_ompl,55,static_tall_formal_v2_055,around_tall_obstacle,tall,0,"[0,-1.57,1.1,-1.57,-1.57,0]","[0.48397353,0.13337938,0.72136778]",0.6086122504389707,1.6328479029724032,0.0878999940395355,false,20.01227903366089,nan,0.0,
rrtstar_ompl,55,static_tall_formal_v2_055,around_tall_obstacle,tall,1,"[-0.02344993,-1.5741908,1.1415636,-1.5654745,-1.5662136,0.016549573]","[0.48963678,0.12230924,0.70260435]",0.5909484811295254,1.5818214060045157,0.0878999940395355,false,0.0,nan,0.0,
rrtstar_ompl,55,static_tall_formal_v2_055,around_tall_obstacle,tall,2,"[-0.04689986,-1.5783815,1.1831273,-1.5609491,-1.5624271,0.033099145]","[0.49431702,0.11108089,0.68369174]",0.5730545254284404,1.530794909036628,0.0878999940395355,false,0.0,nan,0.0,
rrtstar_ompl,55,static_tall_formal_v2_055,around_tall_obstacle,tall,3,"[-0.07034979,-1.5825723,1.2246909,-1.5564236,-1.5586407,0.049648718]","[0.498007,0.099751696,0.66465837]",0.5549448823009631,1.4797684120687404,0.0878999940395355,false,0.0,nan,0.0,
rrtstar_ompl,55,static_tall_formal_v2_055,around_tall_obstacle,tall,4,"[-0.09379972,-1.586763,1.2662546,-1.5518982,-1.5548542,0.06619829]","[0.50070339,0.088379353,0.64553297]",0.5366343906663741,1.4287419151008527,0.0878999940395355,false,0.0,nan,0.0,
rrtstar_ompl,55,static_tall_formal_v2_055,around_tall_obstacle,tall,5,"[-0.11724965,-1.5909538,1.3078182,-1.5473727,-1.5510678,0.082747863]","[0.50240642,0.077021636,0.62634385]",0.5181374331870555,1.3777154181329652,0.0878999940395355,false,0.0,nan,0.0,
rrtstar_ompl,55,static_tall_formal_v2_055,around_tall_obstacle,tall,6,"[-0.14069958,-1.5951446,1.3493819,-1.5428473,-1.5472813,0.099297435]","[0.50312006,0.065736115,0.60711974]",0.49946878633901337,1.3266889211650776,0.0878999940395355,false,0.0,nan,0.0,
rrtstar_ompl,55,static_tall_formal_v2_055,around_tall_obstacle,tall,7,"[-0.16414951,-1.5993353,1.3909455,-1.5383218,-1.5434949,0.11584701]","[0.50285172,0.054579973,0.58788931]",0.4806430657308068,1.27566242419719,0.0878999940395355,false,0.0,nan,0.0,
rrtstar_ompl,55,static_tall_formal_v2_055,around_tall_obstacle,tall,8,"[-0.18759944,-1.6035261,1.4325091,-1.5337964,-1.5397084,0.13239658]","[0.5016129,0.043609757,0.56868106]",0.46167500541512835,1.2246359272293024,0.0878999940395355,false,0.0,nan,0.0,
rrtstar_ompl,55,static_tall_formal_v2_055,around_tall_obstacle,tall,9,"[-0.21104937,-1.6077168,1.4740728,-1.5292709,-1.535922,0.14894615]","[0.49941826,0.032881238,0.54952353]",0.44257925733725106,1.1736094302614148,0.0878999940395355,false,0.0,nan,0.0,
rrtstar_ompl,55,static_tall_formal_v2_055,around_tall_obstacle,tall,10,"[-0.2344993,-1.6119076,1.5156364,-1.5247455,-1.5321355,0.16549573]","[0.49628603,0.022449087,0.53044492]",0.42337026661323784,1.1225829332935273,0.0878999940395355,false,0.0,nan,0.0,
rrtstar_ompl,55,static_tall_formal_v2_055,around_tall_obstacle,tall,11,"[-0.25794923,-1.6160983,1.5572001,-1.52022,-1.5283491,0.1820453]","[0.49223807,0.01236666,0.51147336]",0.4040626074894626,1.0715564363256398,0.0878999940395355,false,0.0,nan,0.0,
rrtstar_ompl,55,static_tall_formal_v2_055,around_tall_obstacle,tall,12,"[-0.28139916,-1.6202891,1.5987637,-1.5156946,-1.5245626,0.19859487]","[0.48729944,0.0026858584,0.49263686]",0.384670802450588,1.0205299393577518,0.0878999940395355,false,0.0,nan,0.0,
rrtstar_ompl,55,static_tall_formal_v2_055,around_tall_obstacle,tall,13,"[-0.30484909,-1.6244799,1.6403274,-1.5111691,-1.5207762,0.21514444]","[0.48149851,-0.0065431111,0.47396269]",0.36520893253765735,0.9695034423898645,0.0878999940395355,false,0.0,nan,0.0,
rrtstar_ompl,55,static_tall_formal_v2_055,around_tall_obstacle,tall,14,"[-0.32829902,-1.6286706,1.681891,-1.5066437,-1.5169897,0.23169402]","[0.47486669,-0.015271884,0.45547843]",0.3456914106006732,0.9184769454219768,0.0878999940395355,false,0.0,nan,0.0,
rrtstar_ompl,55,static_tall_formal_v2_055,around_tall_obstacle,tall,15,"[-0.35174895,-1.6328614,1.7234547,-1.5021182,-1.5132033,0.24824359]","[0.4674384,-0.023454223,0.43721101]",0.3261322943968785,0.8674504484540891,0.07795183294574408,false,0.0,nan,0.0,
rrtstar_ompl,55,static_tall_formal_v2_055,around_tall_obstacle,tall,16,"[-0.37519888,-1.6370521,1.7650183,-1.4975928,-1.5094168,0.26479316]","[0.45925111,-0.031046152,0.41918683]",0.3065454961966154,0.8164239514862016,0.0667948778009174,false,0.0,nan,0.0,
rrtstar_ompl,55,static_tall_formal_v2_055,around_tall_obstacle,tall,17,"[-0.39864881,-1.6412429,1.8065819,-1.4930673,-1.5056304,0.28134273]","[0.4503448,-0.038006105,0.40143198]",0.28694474245455004,0.765397454518314,0.05724878467346818,false,0.0,nan,0.0,
rrtstar_ompl,55,static_tall_formal_v2_055,around_tall_obstacle,tall,18,"[-0.42209874,-1.6454337,1.8481456,-1.4885419,-1.5018439,0.29789231]","[0.44076216,-0.044295065,0.38397223]",0.26734379463325025,0.7143709575504263,0.04968164993209595,false,0.0,nan,0.0,
rrtstar_ompl,55,static_tall_formal_v2_055,around_tall_obstacle,tall,19,"[-0.44554867,-1.6496244,1.8897092,-1.4840164,-1.4980575,0.31444188]","[0.43054822,-0.049876884,0.36683261]",0.2477560200924689,0.6633444605825387,0.04417430249005555,false,0.0,nan,0.0,
rrtstar_ompl,55,static_tall_formal_v2_055,around_tall_obstacle,tall,20,"[-0.4689986,-1.6538152,1.9312729,-1.479491,-1.494271,0.33099145]","[0.41975024,-0.054718137,0.35003775]",0.22819469657520242,0.6123179636146512,0.039417576351761796,false,0.0,nan,0.0,
rrtstar_ompl,55,static_tall_formal_v2_055,around_tall_obstacle,tall,21,"[-0.49244853,-1.6580059,1.9728365,-1.4749655,-1.4904846,0.34754102]","[0.4084174,-0.058788456,0.33361158]",0.20867271996197495,0.5612914666467635,0.035224247568845735,false,0.0,nan,0.0,
rrtstar_ompl,55,static_tall_formal_v2_055,around_tall_obstacle,tall,22,"[-0.51589846,-1.6621967,2.0144002,-1.4704401,-1.4866981,0.3640906]","[0.39660093,-0.06206068,0.31757748]",0.18920296716811566,0.5102649696788757,0.03162312410175799,false,0.0,nan,0.0,
rrtstar_ompl,55,static_tall_formal_v2_055,around_tall_obstacle,tall,23,"[-0.53934839,-1.6663875,2.0559638,-1.4659146,-1.4829117,0.38064017]","[0.38435361,-0.064510792,0.30195829]",0.16979806454255097,0.4592384727109884,0.028641098955273614,false,0.0,nan,0.0,
rrtstar_ompl,55,static_tall_formal_v2_055,around_tall_obstacle,tall,24,"[-0.56279832,-1.6705782,2.0975274,-1.4613892,-1.4791252,0.39718974]","[0.37172952,-0.066118151,0.28677592]",0.15047012547889205,0.408211975743101,0.026302866631746274,false,0.0,nan,0.0,
rrtstar_ompl,55,static_tall_formal_v2_055,around_tall_obstacle,tall,25,"[-0.58624825,-1.674769,2.1390911,-1.4568637,-1.4753388,0.41373931]","[0.3587842,-0.066865534,0.27205166]",0.13123122811590743,0.35718547877521317,0.024630933248996706,false,0.0,nan,0.0,
rrtstar_ompl,55,static_tall_formal_v2_055,around_tall_obstacle,tall,26,"[-0.60969818,-1.6789597,2.1806547,-1.4523383,-1.4715523,0.43028889]","[0.34557396,-0.066739053,0.2578063]",0.11209313834251886,0.3061589818073255,0.024009821685560373,false,0.0,nan,0.0,
rrtstar_ompl,55,static_tall_formal_v2_055,around_tall_obstacle,tall,27,"[-0.63314811,-1.6831505,2.2222184,-1.4478128,-1.4677659,0.44683846]","[0.33215621,-0.065728597,0.2440595]",0.09306734617453266,0.25513248483943807,0.025579319638463716,false,0.0,nan,0.0,
rrtstar_ompl,55,static_tall_formal_v2_055,around_tall_obstacle,tall,28,"[-0.65659804,-1.6873412,2.263782,-1.4432873,-1.4639794,0.46338803]","[0.31858861,-0.063827336,0.23083028]",0.0741648645434223,0.20410598787155032,0.029391176492139542,false,0.0,nan,0.0,
rrtstar_ompl,55,static_tall_formal_v2_055,around_tall_obstacle,tall,29,"[-0.68004797,-1.691532,2.3053457,-1.4387619,-1.460193,0.4799376]","[0.30492935,-0.06103221,0.2181368]",0.055396520152711855,0.15307949090366252,0.03526200325373276,false,0.0,nan,0.0,
rrtstar_ompl,55,static_tall_formal_v2_055,around_tall_obstacle,tall,30,"[-0.7034979,-1.6957228,2.3469093,-1.4342364,-1.4564065,0.49648718]","[0.29123676,-0.057343796,0.20599653]",0.03677295819955284,0.10205299393577515,0.04291151023240382,false,0.0,nan,0.0,
rrtstar_ompl,55,static_tall_formal_v2_055,around_tall_obstacle,tall,31,"[-0.72694783,-1.6999135,2.3884729,-1.429711,-1.4526201,0.51303675]","[0.27756891,-0.052766021,0.19442582]",0.018304126229035142,0.05102649696788773,0.052036364058012416,false,0.0,nan,0.0,
rrtstar_ompl,55,static_tall_formal_v2_055,around_tall_obstacle,tall,32,"[-0.75039776,-1.7041043,2.4300366,-1.4251855,-1.4488336,0.52958632]","[0.26398379,-0.047306664,0.18344033]",6.252903255710154e-09,0.0,0.062357791144089667,false,0.0,nan,0.0,
rrtstar_ompl,56,static_tall_formal_v2_056,around_tall_obstacle,tall,0,"[0,-1.57,1.1,-1.57,-1.57,0]","[0.48397353,0.13337938,0.72136778]",0.4013472184580825,1.5302603449131271,0.0878999940395355,false,20.135257959365845,nan,0.0,
rrtstar_ompl,56,static_tall_formal_v2_056,around_tall_obstacle,tall,1,"[-0.0109373,-1.5830516,1.1369168,-1.5814038,-1.5840965,-0.024905911]","[0.48342088,0.12669577,0.71128315]",0.3900541870255734,1.4792516667493563,0.0878999940395355,false,0.0,nan,0.0,
rrtstar_ompl,56,static_tall_formal_v2_056,around_tall_obstacle,tall,2,"[-0.021874599,-1.5961031,1.1738337,-1.5928076,-1.598193,-0.049811823]","[0.4825505,0.12004566,0.70105475]",0.37858086494169413,1.4282429885855854,0.0878999940395355,false,0.0,nan,0.0,
rrtstar_ompl,56,static_tall_formal_v2_056,around_tall_obstacle,tall,3,"[-0.032811899,-1.6091547,1.2107505,-1.6042115,-1.6122896,-0.074717734]","[0.48136282,0.113438,0.69068801]",0.3669307590287548,1.3772343104218145,0.0878999940395355,false,0.0,nan,0.0,
rrtstar_ompl,56,static_tall_formal_v2_056,around_tall_obstacle,tall,4,"[-0.043749199,-1.6222063,1.2476674,-1.6156153,-1.6263861,-0.099623645]","[0.47985822,0.10688175,0.68018836]",0.35510730252452544,1.3262256322580435,0.0878999940395355,false,0.0,nan,0.0,
rrtstar_ompl,56,static_tall_formal_v2_056,around_tall_obstacle,tall,5,"[-0.054686498,-1.6352579,1.2845842,-1.6270191,-1.6404826,-0.12452956]","[0.47803777,0.10038581,0.66956139]",0.3431142409472779,1.2752169540942726,0.0878999940395355,false,0.0,nan,0.0,
rrtstar_ompl,56,static_tall_formal_v2_056,around_tall_obstacle,tall,6,"[-0.065623798,-1.6483094,1.3215011,-1.6384229,-1.6545791,-0.14943547]","[0.47590241,0.093959183,0.65881246]",0.33095500531418226,1.2242082759305017,0.0878999940395355,false,0.0,nan,0.0,
rrtstar_ompl,56,static_tall_formal_v2_056,around_tall_obstacle,tall,7,"[-0.076561098,-1.661361,1.3584179,-1.6498267,-1.6686756,-0.17434138]","[0.47345388,0.087610744,0.64794737]",0.31863361286258296,1.1731995977667309,0.0878999940395355,false,0.0,nan,0.0,
rrtstar_ompl,56,static_tall_formal_v2_056,around_tall_obstacle,tall,8,"[-0.087498397,-1.6744126,1.3953348,-1.6612305,-1.6827722,-0.19924729]","[0.47069401,0.081349328,0.63697159]",0.30615376056444565,1.1221909196029598,0.0878999940395355,false,0.0,nan,0.0,
rrtstar_ompl,56,static_tall_formal_v2_056,around_tall_obstacle,tall,9,"[-0.098435697,-1.6874641,1.4322516,-1.6726344,-1.6968687,-0.2241532]","[0.46762487,0.075183772,0.62589073]",0.293519288360993,1.0711822414391892,0.0878999940395355,false,0.0,nan,0.0,
rrtstar_ompl,56,static_tall_formal_v2_056,around_tall_obstacle,tall,10,"[-0.109373,-1.7005157,1.4691685,-1.6840382,-1.7109652,-0.24905911]","[0.46424893,0.069122821,0.61471057]",0.2807342392973967,1.0201735632754183,0.0878999940395355,false,0.0,nan,0.0,
rrtstar_ompl,56,static_tall_formal_v2_056,around_tall_obstacle,tall,11,"[-0.1203103,-1.7135673,1.5060853,-1.695442,-1.7250617,-0.27396502]","[0.46056911,0.063175127,0.60343653]",0.2678024818080267,0.9691648851116471,0.0878999940395355,false,0.0,nan,0.0,
rrtstar_ompl,56,static_tall_formal_v2_056,around_tall_obstacle,tall,12,"[-0.1312476,-1.7266188,1.5430022,-1.7068458,-1.7391583,-0.29887094]","[0.45658839,0.057349324,0.59207457]",0.25472826363257767,0.9181562069478761,0.0878999940395355,false,0.0,nan,0.0,
rrtstar_ompl,56,static_tall_formal_v2_056,around_tall_obstacle,tall,13,"[-0.1421849,-1.7396704,1.579919,-1.7182496,-1.7532548,-0.32377685]","[0.45231017,0.051653918,0.58063024]",0.24151559295747788,0.8671475287841054,0.0878999940395355,false,0.0,nan,0.0,
rrtstar_ompl,56,static_tall_formal_v2_056,around_tall_obstacle,tall,14,"[-0.1531222,-1.752722,1.6168359,-1.7296535,-1.7673513,-0.34868276]","[0.44773826,0.046097271,0.56910932]",0.22816874096861614,0.8161388506203345,0.0878999940395355,false,0.0,nan,0.0,
rrtstar_ompl,56,static_tall_formal_v2_056,around_tall_obstacle,tall,15,"[-0.16405949,-1.7657736,1.6537527,-1.7410573,-1.7814478,-0.37358867]","[0.44287673,0.04068771,0.55751753]",0.2146920000752637,0.7651301724565636,0.08061063957146203,false,0.0,nan,0.0,
rrtstar_ompl,56,static_tall_formal_v2_056,around_tall_obstacle,tall,16,"[-0.17499679,-1.7788251,1.6906696,-1.7524611,-1.7955443,-0.39849458]","[0.43772978,0.035433345,0.54586053]",0.2010895513234791,0.7141214942927926,0.07320796742750513,false,0.0,nan,0.0,
rrtstar_ompl,56,static_tall_formal_v2_056,around_tall_obstacle,tall,17,"[-0.18593409,-1.7918767,1.7275864,-1.7638649,-1.8096409,-0.42340049]","[0.43230218,0.030342281,0.5341441]",0.18736589284129,0.6631128161290217,0.06612758927417584,false,0.0,nan,0.0,
rrtstar_ompl,56,static_tall_formal_v2_056,around_tall_obstacle,tall,18,"[-0.19687139,-1.8049283,1.7645033,-1.7752687,-1.8237374,-0.4483064]","[0.4265987,0.02542237,0.52237415]",0.1735254997262821,0.6121041379652509,0.05944337157172672,false,0.0,nan,0.0,
rrtstar_ompl,56,static_tall_formal_v2_056,around_tall_obstacle,tall,19,"[-0.20780869,-1.8179798,1.8014201,-1.7866726,-1.8378339,-0.47321232]","[0.42062461,0.020681342,0.51055616]",0.1595726724016319,0.5610954598014801,0.05324083286216808,false,0.0,nan,0.0,
rrtstar_ompl,56,static_tall_formal_v2_056,around_tall_obstacle,tall,20,"[-0.21874599,-1.8310314,1.838337,-1.7980764,-1.8519304,-0.49811823]","[0.41438547,0.016126789,0.49869594]",0.14551203718773711,0.510086781637709,0.04761807413688574,false,0.0,nan,0.0,
rrtstar_ompl,56,static_tall_formal_v2_056,around_tall_obstacle,tall,21,"[-0.22968329,-1.844083,1.8752538,-1.8094802,-1.8660269,-0.52302414]","[0.40788698,0.01176608,0.48679906]",0.13134801636122184,0.4590781034739381,0.04268391569954035,false,0.0,nan,0.0,
rrtstar_ompl,56,static_tall_formal_v2_056,around_tall_obstacle,tall,22,"[-0.24062059,-1.8571346,1.9121707,-1.820884,-1.8801235,-0.54793005]","[0.40113521,0.0076064914,0.4748714]",0.11708538181175658,0.4080694253101674,0.03855425435005259,false,0.0,nan,0.0,
rrtstar_ompl,56,static_tall_formal_v2_056,around_tall_obstacle,tall,23,"[-0.25155789,-1.8701861,1.9490876,-1.8322878,-1.89422,-0.57283596]","[0.39413652,0.0036550127,0.46291858]",0.10272877679877325,0.3570607471463963,0.03534444429039175,false,0.0,nan,0.0,
rrtstar_ompl,56,static_tall_formal_v2_056,around_tall_obstacle,tall,24,"[-0.26249519,-1.8832377,1.9860044,-1.8436916,-1.9083165,-0.59774187]","[0.38689733,-8.1513077e-05,0.45094639]",0.08828291167559933,0.3060520689826252,0.03315854120397254,false,0.0,nan,0.0,
rrtstar_ompl,56,static_tall_formal_v2_056,around_tall_obstacle,tall,25,"[-0.27343249,-1.8962893,2.0229213,-1.8550955,-1.922413,-0.62264778]","[0.37942457,-0.0035964549,0.43896019]",0.07375236480603384,0.25504339081885447,0.032076181573761874,false,0.0,nan,0.0,
rrtstar_ompl,56,static_tall_formal_v2_056,around_tall_obstacle,tall,26,"[-0.28436979,-1.9093408,2.0598381,-1.8664993,-1.9365096,-0.64755369]","[0.37172529,-0.006883435,0.42696586]",0.059142093893743496,0.20403471265508366,0.03214058778743465,false,0.0,nan,0.0,
rrtstar_ompl,56,static_tall_formal_v2_056,around_tall_obstacle,tall,27,"[-0.29530709,-1.9223924,2.0967549,-1.8779031,-1.9506061,-0.67245961]","[0.36380696,-0.0099362284,0.41496876]",0.044456832537816945,0.15302603449131283,0.033013333421945575,false,0.0,nan,0.0,
rrtstar_ompl,56,static_tall_formal_v2_056,around_tall_obstacle,tall,28,"[-0.30624439,-1.935444,2.1336718,-1.8893069,-1.9647026,-0.69736552]","[0.35567686,-0.012748897,0.40297472]",0.02970150284235314,0.10201735632754162,0.03374756304621696,false,0.0,nan,0.0,
rrtstar_ompl,56,static_tall_formal_v2_056,around_tall_obstacle,tall,29,"[-0.31718169,-1.9484955,2.1705887,-1.9007107,-1.9787991,-0.72227143]","[0.34734291,-0.015315721,0.39098895]",0.014880801388799235,0.05100867816377084,0.03436730435859534,false,0.0,nan,0.0,
rrtstar_ompl,56,static_tall_formal_v2_056,around_tall_obstacle,tall,30,"[-0.32811899,-1.9615471,2.2075055,-1.9121146,-1.9928956,-0.74717734]","[0.33881316,-0.017631277,0.37901729]",2.6984649415558556e-08,0.0,0.03518146110235971,false,0.0,nan,0.0,
rrtstar_ompl,57,static_tall_formal_v2_057,around_tall_obstacle,tall,0,"[0,-1.57,1.1,-1.57,-1.57,0]","[0.48397353,0.13337938,0.72136778]",0.3781355603942358,1.203754060658377,0.0878999940395355,false,20.025296211242676,nan,0.0,
rrtstar_ompl,57,static_tall_formal_v2_057,around_tall_obstacle,tall,1,"[-0.023438108,-1.5569565,1.1012174,-1.5991224,-1.5493744,0.022829311]","[0.49567777,0.12385086,0.71833849]",0.364108172759241,1.153597641464278,0.0878999940395355,false,0.0,nan,0.0,
rrtstar_ompl,57,static_tall_formal_v2_057,around_tall_obstacle,tall,2,"[-0.046876216,-1.543913,1.1024348,-1.6282448,-1.5287488,0.045658622]","[0.50707334,0.11385085,0.71524787]",0.3498886320431359,1.1034412222701788,0.0878999940395355,false,0.0,nan,0.0,
rrtstar_ompl,57,static_tall_formal_v2_057,around_tall_obstacle,tall,3,"[-0.070314324,-1.5308695,1.1036522,-1.6573672,-1.5081232,0.068487933]","[0.51814145,0.10339095,0.71209568]",0.3354824361257554,1.05328480307608,0.0878999940395355,false,0.0,nan,0.0,
rrtstar_ompl,57,static_tall_formal_v2_057,around_tall_obstacle,tall,4,"[-0.093752432,-1.517826,1.1048696,-1.6864896,-1.4874976,0.091317243]","[0.52886397,0.092483513,0.70888138]",0.3208950139506605,1.003128383881981,0.0878999940395355,false,0.0,nan,0.0,
rrtstar_ompl,57,static_tall_formal_v2_057,around_tall_obstacle,tall,5,"[-0.11719054,-1.5047825,1.106087,-1.715612,-1.466872,0.11414655]","[0.53922307,0.081141584,0.70560455]",0.3061319467059231,0.9529719646878817,0.0878999940395355,false,0.0,nan,0.0,
rrtstar_ompl,57,static_tall_formal_v2_057,around_tall_obstacle,tall,6,"[-0.14062865,-1.491739,1.1073044,-1.7447344,-1.4462464,0.13697587]","[0.54920161,0.069378957,0.70226485]",0.2911988752230774,0.9028155454937827,0.0878999940395355,false,0.0,nan,0.0,
rrtstar_ompl,57,static_tall_formal_v2_057,around_tall_obstacle,tall,7,"[-0.16406676,-1.4786955,1.1085218,-1.7738568,-1.4256208,0.15980518]","[0.55878276,0.05721014,0.69886148]",0.27610149576017773,0.8526591262996835,0.0878999940395355,false,0.0,nan,0.0,
rrtstar_ompl,57,static_tall_formal_v2_057,around_tall_obstacle,tall,8,"[-0.18750486,-1.465652,1.1097392,-1.8029792,-1.4049953,0.18263449]","[0.56795067,0.044650331,0.6953941]",0.26084557255202656,0.8025027071055847,0.0878999940395355,false,0.0,nan,0.0,
rrtstar_ompl,57,static_tall_formal_v2_057,around_tall_obstacle,tall,9,"[-0.21094297,-1.4526085,1.1109566,-1.8321016,-1.3843697,0.2054638]","[0.57669002,0.031715263,0.69186205]",0.24543679276056946,0.7523462879114857,0.0878999940395355,false,0.0,nan,0.0,
rrtstar_ompl,57,static_tall_formal_v2_057,around_tall_obstacle,tall,10,"[-0.23438108,-1.439565,1.112174,-1.861224,-1.3637441,0.22829311]","[0.58498591,0.018421397,0.68826461]",0.2298810592680955,0.7021898687173865,0.08783242136487321,false,0.0,nan,0.0,
rrtstar_ompl,57,static_tall_formal_v2_057,around_tall_obstacle,tall,11,"[-0.25781919,-1.4265215,1.1133914,-1.8903463,-1.3431185,0.25112242]","[0.59282434,0.0047857086,0.68460119]",0.21418422279357685,0.6520334495232876,0.08070517388313783,false,0.0,nan,0.0,
rrtstar_ompl,57,static_tall_formal_v2_057,around_tall_obstacle,tall,12,"[-0.2812573,-1.4134779,1.1146088,-1.9194687,-1.3224929,0.27395173]","[0.60019189,-0.0091742482,0.68087113]",0.19835221452296473,0.6018770303291884,0.07379184286092591,false,0.0,nan,0.0,
rrtstar_ompl,57,static_tall_formal_v2_057,around_tall_obstacle,tall,13,"[-0.3046954,-1.4004344,1.1158262,-1.9485911,-1.3018673,0.29678104]","[0.60707587,-0.023440333,0.67707348]",0.18239098919488686,0.5517206111350895,0.06713303991518729,false,0.0,nan,0.0,
rrtstar_ompl,57,static_tall_formal_v2_057,around_tall_obstacle,tall,14,"[-0.32813351,-1.3873909,1.1170436,-1.9777135,-1.2812417,0.31961035]","[0.61346465,-0.037994113,0.67320764]",0.1663063680883937,0.5015641919409903,0.06077508161274209,false,0.0,nan,0.0,
rrtstar_ompl,57,static_tall_formal_v2_057,around_tall_obstacle,tall,15,"[-0.35157162,-1.3743474,1.118261,-2.0068359,-1.2606161,0.34243966]","[0.61934698,-0.052816417,0.66927266]",0.15010446947210054,0.4514077727468915,0.05477071570795969,false,0.0,nan,0.0,
rrtstar_ompl,57,static_tall_formal_v2_057,around_tall_obstacle,tall,16,"[-0.37500973,-1.3613039,1.1194784,-2.0359583,-1.2399905,0.36526897]","[0.62471247,-0.067887895,0.66526788]",0.13379125429366678,0.40125135355279246,0.04917910867956082,false,0.0,nan,0.0,
rrtstar_ompl,57,static_tall_formal_v2_057,around_tall_obstacle,tall,17,"[-0.39844783,-1.3482604,1.1206958,-2.0650807,-1.2193649,0.38809828]","[0.62955171,-0.083188705,0.66119242]",0.11737270996744054,0.3510949343586932,0.04406563924585884,false,0.0,nan,0.0,
rrtstar_ompl,57,static_tall_formal_v2_057,around_tall_obstacle,tall,18,"[-0.42188594,-1.3352169,1.1219132,-2.0942031,-1.1987393,0.41092759]","[0.633856,-0.098698601,0.65704525]",0.10085487848536288,0.30093851516459424,0.039500830416697566,false,0.0,nan,0.0,
rrtstar_ompl,57,static_tall_formal_v2_057,around_tall_obstacle,tall,19,"[-0.44532405,-1.3221734,1.1231306,-2.1233255,-1.1781137,0.43375691]","[0.63761747,-0.11439712,0.65282577]",0.08424382693307339,0.2507820959704952,0.03555838186080254,false,0.0,nan,0.0,
rrtstar_ompl,57,static_tall_formal_v2_057,around_tall_obstacle,tall,20,"[-0.46876216,-1.3091299,1.124348,-2.1524479,-1.1574881,0.45658622]","[0.64082921,-0.13026346,0.64853275]",0.06754548029566049,0.20062567677639612,0.03231178191405193,false,0.0,nan,0.0,
rrtstar_ompl,57,static_tall_formal_v2_057,around_tall_obstacle,tall,21,"[-0.49220027,-1.2960864,1.1255654,-2.1815703,-1.1368625,0.47941553]","[0.64348477,-0.14627658,0.64416546]",0.05076597562479229,0.15046925758229693,0.02983000677074646,false,0.0,nan,0.0,
rrtstar_ompl,57,static_tall_formal_v2_057,around_tall_obstacle,tall,22,"[-0.51563837,-1.2830429,1.1267828,-2.2106927,-1.1162369,0.50224484]","[0.64557928,-0.16241531,0.63972288]",0.03391118438928784,0.100312838388198,0.028171931992438948,false,0.0,nan,0.0,
rrtstar_ompl,57,static_tall_formal_v2_057,around_tall_obstacle,tall,23,"[-0.53907648,-1.2699994,1.1280002,-2.2398151,-1.0956114,0.52507415]","[0.64710808,-0.17865823,0.63520414]",0.016987164980376813,0.05015641919409895,0.02738093928544645,false,0.0,nan,0.0,
rrtstar_ompl,57,static_tall_formal_v2_057,around_tall_obstacle,tall,24,"[-0.56251459,-1.2569559,1.1292176,-2.2689375,-1.0749858,0.54790346]","[0.64806771,-0.19498368,0.6306082]",4.919599423801163e-09,0.0,0.02748019141238213,false,0.0,nan,0.0,
rrtstar_ompl,58,static_tall_formal_v2_058,around_tall_obstacle,tall,0,"[0,-1.57,1.1,-1.57,-1.57,0]","[0.48397353,0.13337938,0.72136778]",0.41405243955676446,1.317530458933439,0.0878999940395355,false,20.077056169509888,nan,0.0,
rrtstar_ompl,58,static_tall_formal_v2_058,around_tall_obstacle,tall,1,"[0.023497263,-1.5692517,1.1155673,-1.5731717,-1.5372015,0.02621169]","[0.48318675,0.14803888,0.71393234]",0.399101715927482,1.266856210512922,0.0878999940395355,false,0.0,nan,0.0,
rrtstar_ompl,58,static_tall_formal_v2_058,around_tall_obstacle,tall,2,"[0.046994526,-1.5685034,1.1311347,-1.5763434,-1.5044029,0.05242338]","[0.48181581,0.16272202,0.7065562]",0.3839967178772194,1.2161819620924053,0.0878999940395355,false,0.0,nan,0.0,
rrtstar_ompl,58,static_tall_formal_v2_058,around_tall_obstacle,tall,3,"[0.070491789,-1.567755,1.146702,-1.5795151,-1.4716044,0.07863507]","[0.47986314,0.17740238,0.69924265]",0.36874715981738604,1.1655077136718883,0.0878999940395355,false,0.0,nan,0.0,
rrtstar_ompl,58,static_tall_formal_v2_058,around_tall_obstacle,tall,4,"[0.093989052,-1.5670067,1.1622693,-1.5826868,-1.4388059,0.10484676]","[0.47733253,0.19205388,0.69199508]",0.3533629248353593,1.1148334652513714,0.0878999940395355,false,0.0,nan,0.0,
rrtstar_ompl,58,static_tall_formal_v2_058,around_tall_obstacle,tall,5,"[0.11748632,-1.5662584,1.1778366,-1.5858585,-1.4060073,0.13105845]","[0.47422871,0.20665075,0.68481648]",0.33785372706246075,1.0641592168308547,0.0878999940395355,false,0.0,nan,0.0,
rrtstar_ompl,58,static_tall_formal_v2_058,around_tall_obstacle,tall,6,"[0.14098358,-1.5655101,1.193404,-1.5890302,-1.3732088,0.15727014]","[0.47055805,0.22116777,0.67770964]",0.3222294052275536,1.0134849684103375,0.0878999940395355,false,0.0,nan,0.0,
rrtstar_ompl,58,static_tall_formal_v2_058,around_tall_obstacle,tall,7,"[0.16448084,-1.5647618,1.2089713,-1.5922019,-1.3404102,0.18348183]","[0.46632773,0.23558018,0.67067719]",0.30649966655672095,0.9628107199898208,0.0878999940395355,false,0.0,nan,0.0,
rrtstar_ompl,58,static_tall_formal_v2_058,around_tall_obstacle,tall,8,"[0.1879781,-1.5640134,1.2245386,-1.5953736,-1.3076117,0.20969352]","[0.46154609,0.24986379,0.66372162]",0.2906741942346576,0.9121364715693039,0.0878999940395355,false,0.0,nan,0.0,
rrtstar_ompl,58,static_tall_formal_v2_058,around_tall_obstacle,tall,9,"[0.21147537,-1.5632651,1.240106,-1.5985453,-1.2748132,0.23590521]","[0.4562228,0.26399499,0.65684503]",0.2747627198827548,0.8614622231487871,0.0878999940395355,false,0.0,nan,0.0,
rrtstar_ompl,58,static_tall_formal_v2_058,around_tall_obstacle,tall,10,"[0.23497263,-1.5625168,1.2556733,-1.601717,-1.2420146,0.2621169]","[0.45036814,0.27795091,0.65004945]",0.25877467841455287,0.81078797472827,0.0878999940395355,false,0.0,nan,0.0,
rrtstar_ompl,58,static_tall_formal_v2_058,around_tall_obstacle,tall,11,"[0.25846989,-1.5617685,1.2712406,-1.6048887,-1.2092161,0.28832859]","[0.44399393,0.29170933,0.64333653]",0.24271974689717507,0.7601137263077533,0.0878999940395355,false,0.0,nan,0.0,
rrtstar_ompl,58,static_tall_formal_v2_058,around_tall_obstacle,tall,12,"[0.28196716,-1.5610202,1.2868079,-1.6080604,-1.1764176,0.31454028]","[0.43711254,0.3052488,0.6367079]",0.22660733845232586,0.7094394778872363,0.0878999940395355,false,0.0,nan,0.0,
rrtstar_ompl,58,static_tall_formal_v2_058,around_tall_obstacle,tall,13,"[0.30546442,-1.5602718,1.3023753,-1.6112321,-1.143619,0.34075197]","[0.42973721,0.31854865,0.6301648]",0.21044669123952567,0.6587652294667194,0.0878999940395355,false,0.0,nan,0.0,
rrtstar_ompl,58,static_tall_formal_v2_058,around_tall_obstacle,tall,14,"[0.32896168,-1.5595235,1.3179426,-1.6144038,-1.1108205,0.36696366]","[0.42188221,0.33158904,0.62370855]",0.1942471848524836,0.6080909810462027,0.0878999940395355,false,0.0,nan,0.0,
rrtstar_ompl,58,static_tall_formal_v2_058,around_tall_obstacle,tall,15,"[0.35245895,-1.5587752,1.3335099,-1.6175755,-1.0780219,0.39317535]","[0.41356263,0.34435096,0.61733967]",0.17801791727885877,0.5574167326256858,0.0878999940395355,false,0.0,nan,0.0,
rrtstar_ompl,58,static_tall_formal_v2_058,around_tall_obstacle,tall,16,"[0.37595621,-1.5580269,1.3490773,-1.6207472,-1.0452234,0.41938704]","[0.40479389,0.35681635,0.61105919]",0.1617678287875599,0.5067424842051688,0.0878999940395355,false,0.0,nan,0.0,
rrtstar_ompl,58,static_tall_formal_v2_058,around_tall_obstacle,tall,17,"[0.39945347,-1.5572786,1.3646446,-1.6239189,-1.0124249,0.44559873]","[0.39559263,0.36896807,0.60486728]",0.14550584118241947,0.45606823578465194,0.0878999940395355,false,0.0,nan,0.0,
rrtstar_ompl,58,static_tall_formal_v2_058,around_tall_obstacle,tall,18,"[0.42295074,-1.5565302,1.3802119,-1.6270906,-0.97962634,0.47181042]","[0.38597557,0.38078979,0.59876442]",0.12924064954908662,0.40539398736413507,0.08563003915936122,false,0.0,nan,0.0,
rrtstar_ompl,58,static_tall_formal_v2_058,around_tall_obstacle,tall,19,"[0.446448,-1.5557819,1.3957792,-1.6302623,-0.9468278,0.49802211]","[0.37596038,0.39226615,0.59275043]",0.11298088524467359,0.3547197389436182,0.08070665394005787,false,0.0,nan,0.0,
rrtstar_ompl,58,static_tall_formal_v2_058,around_tall_obstacle,tall,20,"[0.46994526,-1.5550336,1.4113466,-1.633434,-0.91402926,0.5242338]","[0.36556518,0.40338293,0.58682525]",0.09673502090624563,0.3040454905231012,0.07535576663401101,false,0.0,nan,0.0,
rrtstar_ompl,58,static_tall_formal_v2_058,around_tall_obstacle,tall,21,"[0.49344252,-1.5542853,1.4269139,-1.6366057,-0.88123072,0.55044549]","[0.35480821,0.41412669,0.58098847]",0.08051116579387586,0.2533712421025844,0.0703232122361581,false,0.0,nan,0.0,
rrtstar_ompl,58,static_tall_formal_v2_058,around_tall_obstacle,tall,22,"[0.51693979,-1.553537,1.4424812,-1.6397773,-0.84843219,0.57665718]","[0.34370843,0.42448497,0.57523948]",0.06431752882902968,0.2026969936820676,0.0654112767279069,false,0.0,nan,0.0,
rrtstar_ompl,58,static_tall_formal_v2_058,around_tall_obstacle,tall,23,"[0.54043705,-1.5527886,1.4580486,-1.642949,-0.81563365,0.60286887]","[0.33228508,0.43444648,0.56957757]",0.0481620068706335,0.15202274526155066,0.06048989609628129,false,0.0,nan,0.0,
rrtstar_ompl,58,static_tall_formal_v2_058,around_tall_obstacle,tall,24,"[0.56393431,-1.5520403,1.4736159,-1.6461207,-0.78283511,0.62908056]","[0.32055748,0.44400075,0.5640018]",0.03205225822725827,0.10134849684103367,0.055560417845837304,false,0.0,nan,0.0,
rrtstar_ompl,58,static_tall_formal_v2_058,around_tall_obstacle,tall,25,"[0.58743158,-1.551292,1.4891832,-1.6492924,-0.75003658,0.65529225]","[0.30854529,0.45313826,0.55851084]",0.015995787275974047,0.05067424842051685,0.05062411587312031,false,0.0,nan,0.0,
rrtstar_ompl,58,static_tall_formal_v2_058,around_tall_obstacle,tall,26,"[0.61092884,-1.5505437,1.5047505,-1.6524641,-0.71723804,0.68150394]","[0.29626846,0.46185067,0.55310357]",5.767228290303704e-09,0.0,0.04568226864933177,false,0.0,nan,0.0,
rrtstar_ompl,59,static_tall_formal_v2_059,around_tall_obstacle,tall,0,"[0,-1.57,1.1,-1.57,-1.57,0]","[0.48397353,0.13337938,0.72136778]",0.5529063609298357,1.7150609755166228,0.0878999940395355,false,20.03638243675232,nan,0.0,
rrtstar_ompl,59,static_tall_formal_v2_059,around_tall_obstacle,tall,1,"[-0.02187941,-1.5754278,1.1373588,-1.5502982,-1.5560659,-0.0076372753]","[0.48755047,0.12413041,0.7032637]",0.5363974387358195,1.6646180056484872,0.0878999940395355,false,0.0,nan,0.0,
rrtstar_ompl,59,static_tall_formal_v2_059,around_tall_obstacle,tall,2,"[-0.04375882,-1.5808556,1.1747175,-1.5305965,-1.5421318,-0.015274551]","[0.49023625,0.11481927,0.68513095]",0.5197463346098498,1.6141750357803513,0.0878999940395355,false,0.0,nan,0.0,
rrtstar_ompl,59,static_tall_formal_v2_059,around_tall_obstacle,tall,3,"[-0.06563823,-1.5862835,1.2120763,-1.5108947,-1.5281977,-0.022911826]","[0.49203604,0.1054956,0.66699988]",0.5029695876783788,1.5637320659122151,0.0878999940395355,false,0.0,nan,0.0,
rrtstar_ompl,59,static_tall_formal_v2_059,around_tall_obstacle,tall,4,"[-0.08751764,-1.5917113,1.2494351,-1.491193,-1.5142636,-0.030549101]","[0.49295866,0.096208416,0.64890033]",0.4860837818444228,1.513289096044079,0.0878999940395355,false,0.0,nan,0.0,
rrtstar_ompl,59,static_tall_formal_v2_059,around_tall_obstacle,tall,5,"[-0.10939705,-1.5971391,1.2867938,-1.4714912,-1.5003295,-0.038186376]","[0.49301606,0.087005883,0.63086176]",0.46910541774240105,1.4628461261759431,0.0878999940395355,false,0.0,nan,0.0,
rrtstar_ompl,59,static_tall_formal_v2_059,around_tall_obstacle,tall,6,"[-0.13127646,-1.6025669,1.3241526,-1.4517895,-1.4863954,-0.045823652]","[0.4922235,0.077935055,0.61291289]",0.4520508007349066,1.4124031563078072,0.0878999940395355,false,0.0,nan,0.0,
rrtstar_ompl,59,static_tall_formal_v2_059,around_tall_obstacle,tall,7,"[-0.15315587,-1.6079947,1.3615114,-1.4320877,-1.4724614,-0.053460927]","[0.49059957,0.069041826,0.59508145]",0.43493593154409016,1.3619601864396713,0.0878999940395355,false,0.0,nan,0.0,
rrtstar_ompl,59,static_tall_formal_v2_059,around_tall_obstacle,tall,8,"[-0.17503528,-1.6134225,1.3988701,-1.412386,-1.4585273,-0.061098202]","[0.4881655,0.060370497,0.57739472]",0.41777668471166524,1.3115172165715352,0.0878999940395355,false,0.0,nan,0.0,
rrtstar_ompl,59,static_tall_formal_v2_059,around_tall_obstacle,tall,9,"[-0.19691469,-1.6188504,1.4362289,-1.3926842,-1.4445932,-0.068735478]","[0.4849456,0.051963784,0.55987889]",0.4005885826167406,1.2610742467033993,0.087453100659067,false,0.0,nan,0.0,
rrtstar_ompl,59,static_tall_formal_v2_059,around_tall_obstacle,tall,10,"[-0.2187941,-1.6242782,1.4735877,-1.3729824,-1.4306591,-0.076372753]","[0.48096687,0.043862667,0.54255915]",0.38338683289402753,1.2106312768352632,0.08430306696898904,false,0.0,nan,0.0,
rrtstar_ompl,59,static_tall_formal_v2_059,around_tall_obstacle,tall,11,"[-0.24067351,-1.629706,1.5109464,-1.3532807,-1.416725,-0.084010028]","[0.47625875,0.036106057,0.5254603]",0.3661867058117651,1.1601883069671273,0.08380782829953198,false,0.0,nan,0.0,
rrtstar_ompl,59,static_tall_formal_v2_059,around_tall_obstacle,tall,12,"[-0.26255292,-1.6351338,1.5483052,-1.3335789,-1.4027909,-0.091647304]","[0.47085327,0.028730925,0.50860554]",0.3490027803942513,1.1097453370989914,0.08585412779717821,false,0.0,nan,0.0,
rrtstar_ompl,59,static_tall_formal_v2_059,around_tall_obstacle,tall,13,"[-0.28443233,-1.6405616,1.5856639,-1.3138772,-1.3888568,-0.099284579]","[0.46478444,0.021771818,0.49201745]",0.3318495316392715,1.0593023672308555,0.0878999940395355,false,0.0,nan,0.0,
rrtstar_ompl,59,static_tall_formal_v2_059,around_tall_obstacle,tall,14,"[-0.30631174,-1.6459895,1.6230227,-1.2941754,-1.3749227,-0.10692185]","[0.45808828,0.015261125,0.47571743]",0.3147409561144062,1.0088593973627196,0.0878999940395355,false,0.0,nan,0.0,
rrtstar_ompl,59,static_tall_formal_v2_059,around_tall_obstacle,tall,15,"[-0.32819115,-1.6514173,1.6603815,-1.2744737,-1.3609886,-0.11455913]","[0.45080286,0.0092286728,0.45972586]",0.29769089848979385,0.9584164274945834,0.0878999940395355,false,0.0,nan,0.0,
rrtstar_ompl,59,static_tall_formal_v2_059,around_tall_obstacle,tall,16,"[-0.35007056,-1.6568451,1.6977402,-1.2547719,-1.3470545,-0.1221964]","[0.44296756,0.0037018321,0.44406199]",0.28071258351143713,0.9079734576264475,0.0878999940395355,false,0.0,nan,0.0,
rrtstar_ompl,59,static_tall_formal_v2_059,around_tall_obstacle,tall,17,"[-0.37194997,-1.6622729,1.735099,-1.2350702,-1.3331204,-0.12983368]","[0.43462345,-0.0012946166,0.42874384]",0.26381891764758003,0.8575304877583115,0.07798663559042819,false,0.0,nan,0.0,
rrtstar_ompl,59,static_tall_formal_v2_059,around_tall_obstacle,tall,18,"[-0.39382938,-1.6677007,1.7724578,-1.2153684,-1.3191863,-0.13747096]","[0.42581278,-0.0057385042,0.41378862]",0.24702264504658994,0.8070875178901756,0.06779220732530566,false,0.0,nan,0.0,
rrtstar_ompl,59,static_tall_formal_v2_059,around_tall_obstacle,tall,19,"[-0.41570879,-1.6731285,1.8098165,-1.1956666,-1.3052523,-0.14510823]","[0.41657868,-0.0096105039,0.39921188]",0.2303355988862107,0.7566445480220395,0.05872540626705236,false,0.0,nan,0.0,
rrtstar_ompl,59,static_tall_formal_v2_059,around_tall_obstacle,tall,20,"[-0.4375882,-1.6785564,1.8471753,-1.1759649,-1.2913182,-0.15274551]","[0.40696529,-0.012893837,0.38502848]",0.21376962213306616,0.7062015781539035,0.05103127396343185,false,0.0,nan,0.0,
rrtstar_ompl,59,static_tall_formal_v2_059,around_tall_obstacle,tall,21,"[-0.45946761,-1.6839842,1.8845341,-1.1562631,-1.2773841,-0.16038278]","[0.39701721,-0.01557447,0.37125206]",0.19733597448338036,0.6557586082857675,0.04497174582829076,false,0.0,nan,0.0,
rrtstar_ompl,59,static_tall_formal_v2_059,around_tall_obstacle,tall,22,"[-0.48134702,-1.689412,1.9218928,-1.1365614,-1.26345,-0.16802006]","[0.38677967,-0.017641209,0.35789493]",0.18104545365962998,0.6053156384176316,0.04058905449658631,false,0.0,nan,0.0,
rrtstar_ompl,59,static_tall_formal_v2_059,around_tall_obstacle,tall,23,"[-0.50322643,-1.6948398,1.9592516,-1.1168596,-1.2495159,-0.17565733]","[0.37629798,-0.019085515,0.34496832]",0.16490836197890046,0.5548726685494956,0.036841812410950636,false,0.0,nan,0.0,
rrtstar_ompl,59,static_tall_formal_v2_059,around_tall_obstacle,tall,24,"[-0.52510584,-1.7002676,1.9966104,-1.0971579,-1.2355818,-0.18329461]","[0.36561763,-0.019901451,0.3324824]",0.148934631267765,0.5044296986813596,0.03356714894771573,false,0.0,nan,0.0,
rrtstar_ompl,59,static_tall_formal_v2_059,around_tall_obstacle,tall,25,"[-0.54698525,-1.7056955,2.0339691,-1.0774561,-1.2216477,-0.19093188]","[0.35478389,-0.020085946,0.32044601]",0.13313357325434605,0.45398672881322355,0.030783740991353947,false,0.0,nan,0.0,
rrtstar_ompl,59,static_tall_formal_v2_059,around_tall_obstacle,tall,26,"[-0.56886466,-1.7111233,2.0713279,-1.0577543,-1.2077136,-0.19856916]","[0.34384164,-0.019638248,0.30886713]",0.11751405355914353,0.4035437589450877,0.0285092167943716,false,0.0,nan,0.0,
rrtstar_ompl,59,static_tall_formal_v2_059,around_tall_obstacle,tall,27,"[-0.59074407,-1.7165511,2.1086867,-1.0380526,-1.1937795,-0.20620643]","[0.33283556,-0.018560357,0.29775232]",0.10208450497834771,0.35310078907695214,0.02679023190372032,false,0.0,nan,0.0,
rrtstar_ompl,59,static_tall_formal_v2_059,around_tall_obstacle,tall,28,"[-0.61262348,-1.7219789,2.1460454,-1.0183508,-1.1798454,-0.21384371]","[0.32180941,-0.016856633,0.28710753]",0.08685292487551749,0.3026578192088158,0.02640113694826232,false,0.0,nan,0.0,
rrtstar_ompl,59,static_tall_formal_v2_059,around_tall_obstacle,tall,29,"[-0.63450289,-1.7274067,2.1834042,-0.99864908,-1.1659113,-0.22148098]","[0.31080633,-0.014533952,0.27693725]",0.07182670533605102,0.25221484934067984,0.027726950746172402,false,0.0,nan,0.0,
rrtstar_ompl,59,static_tall_formal_v2_059,around_tall_obstacle,tall,30,"[-0.6563823,-1.7328345,2.220763,-0.97894732,-1.1519772,-0.22911826]","[0.29986843,-0.011601344,0.26724502]",0.057012694718003486,0.2017718794725439,0.03075281006353031,false,0.0,nan,0.0,
rrtstar_ompl,59,static_tall_formal_v2_059,around_tall_obstacle,tall,31,"[-0.67826171,-1.7382624,2.2581217,-0.95924557,-1.1380432,-0.23675553]","[0.28903681,-0.0080700889,0.2580336]",0.04241740994663653,0.1513289096044079,0.03536885821628133,false,0.0,nan,0.0,
rrtstar_ompl,59,static_tall_formal_v2_059,around_tall_obstacle,tall,32,"[-0.70014112,-1.7436902,2.2954805,-0.93954381,-1.1241091,-0.24439281]","[0.27835122,-0.0039536729,0.24930447]",0.02804662805615482,0.1008859397362719,0.04140235604237173,false,0.0,nan,0.0,
rrtstar_ompl,59,static_tall_formal_v2_059,around_tall_obstacle,tall,33,"[-0.72202053,-1.749118,2.3328393,-0.91984206,-1.110175,-0.25203008]","[0.26785025,0.00073263049,0.2410585]",0.013905850592549581,0.05044296986813598,0.04865540144542059,false,0.0,nan,0.0,
rrtstar_ompl,59,static_tall_formal_v2_059,around_tall_obstacle,tall,34,"[-0.74389994,-1.7545458,2.370198,-0.9001403,-1.0962409,-0.25966736]","[0.25757104,0.0059714988,0.23329546]",4.853886495154761e-09,0.0,0.05693373371774152,false,0.0,nan,0.0,
