sample_index,time_s,wall_time,cmd_q_shoulder_pan_joint,cmd_q_shoulder_lift_joint,cmd_q_elbow_joint,cmd_q_wrist_1_joint,cmd_q_wrist_2_joint,cmd_q_wrist_3_joint,cmd_dq_fd_shoulder_pan_joint,cmd_dq_fd_shoulder_lift_joint,cmd_dq_fd_elbow_joint,cmd_dq_fd_wrist_1_joint,cmd_dq_fd_wrist_2_joint,cmd_dq_fd_wrist_3_joint,cmd_ddq_fd_shoulder_pan_joint,cmd_ddq_fd_shoulder_lift_joint,cmd_ddq_fd_elbow_joint,cmd_ddq_fd_wrist_1_joint,cmd_ddq_fd_wrist_2_joint,cmd_ddq_fd_wrist_3_joint,cmd_jerk_fd_shoulder_pan_joint,cmd_jerk_fd_shoulder_lift_joint,cmd_jerk_fd_elbow_joint,cmd_jerk_fd_wrist_1_joint,cmd_jerk_fd_wrist_2_joint,cmd_jerk_fd_wrist_3_joint
0,0.0,1782105361.8012958,-0.006363626731051831,-1.566410615087324,1.1048710143069167,-1.567570872689486,-1.5693589979145413,0.0022534532480188536,-0.11027922505265979,0.0714376644497418,0.05109830102425565,0.018251575281695135,-0.044137478511877194,0.021232291215395136,-0.506983495529404,0.3712301943199076,-0.06797791376657668,0.341197523580313,-0.23471853330422252,0.015763619767182217,-7.334493996311667,-0.6149768512749159,-2.1512476516296397,0.26435473062715037,-1.0879033264532323,0.417726234336892
1,0.05009794235229492,1782105361.8513937,-0.011888388990395739,-1.5628317350919383,1.10743093404593,-1.566656506323185,-1.571570194768605,0.003317147349334857,-0.13567805498525684,0.09003553332421177,0.04769274741914842,0.035344869148767444,-0.05589639406236735,0.022022016129754927,-0.8744265529398791,0.34042111947674103,-0.1757509946034282,0.35444115163582846,-0.28922025143774643,0.03669084457403307,-4.670519094681567,-2.3862369720012326,-1.7095991559799515,-1.450334275129949,0.15953755624853638,0.3885889133585122
2,0.09981036186218262,1782105361.901106,-0.01988619418954158,-1.5574384205571723,1.1096338604190232,-1.564056217508793,-1.5749290054573177,0.004450872075790212,-0.1972738304498204,0.105438883371761,0.03363930888882827,0.053618302733530854,-0.07296279484391377,0.024878343928733133,-0.975195839469706,0.13441948624972266,-0.23895284507215636,0.19775615127068125,-0.21975316515406795,0.05457119958770931,3.520920534082138,-3.937323574676869,1.0918018023856988,-2.4308380825511646,2.8917449718805313,0.25863356604435817
3,0.15159082412719727,1782105361.9528866,-0.03206393148514859,-1.5521433223378935,1.110800017187849,-1.5612090922008754,-1.5789981899563872,0.0058508732650576194,-0.23353950186109682,0.10293746997498232,0.023625417850857033,0.054698682686870725,-0.07767813616238328,0.027548420141381022,-0.49365402759756294,-0.058317148049403245,-0.05496338440099402,0.11077249321417193,0.01058066651430789,0.06251369838404797,5.548261534570452,-2.0351364339784483,3.1038855657730218,-0.2730985440025495,2.5171032479510353,0.22284140438596534
4,0.2032318115234375,1782105362.0045276,-0.04403964506940354,-1.546792666762019,1.112076927768159,-1.5583991208161245,-1.5829628436257182,0.007299827223338383,-0.24838583233794953,0.09941042765409591,0.027916353569933605,0.06504950856543346,-0.07189684256963247,0.03134055130575422,-0.40034154018274837,-0.07652724290157686,0.082180683861593,0.1691200181611252,0.0411072765494952,0.0775984327428691,0.05400860688133857,0.017469012314548227,1.0186796115334549,-0.40021460573764367,-0.8884609573176389,0.21160100431903495
5,0.251664400100708,1782105362.0529602,-0.05681831019106216,-1.5421688386691617,1.1135738748888042,-1.5547654837122868,-1.586223483848603,0.00896682650549167,-0.2729014686768701,0.09533027216803802,0.03185519676394044,0.07181784723655582,-0.07312391172743204,0.03528807178665874,-0.47735036787580887,-0.05887003052752304,0.057157773454011684,0.08023482198642773,-0.06913148734057373,0.08418991550844801,-0.6095566016151532,0.22859108813850648,-1.2633430775633785,-0.6679426711856495,-1.5899442424801817,0.143495783552821
6,0.3027937412261963,1782105362.1040895,-0.07126045148088787,-1.5373021719455449,1.1152537444061563,-1.5512665746845686,-1.590275358181934,0.010817993813010709,-0.2957519311001304,0.09368987857307864,0.03347310966085715,0.07270792348697519,-0.07902249638351577,0.0397375434605438,-0.45559480934121366,-0.054522110574678706,-0.04773958021338365,0.10908943235150803,-0.11338667052817286,0.09192617161819266,0.1486852279917592,0.019908578884136108,-2.231325805024148,-0.7534361432447275,0.7739156414751749,-0.36746083013931186
7,0.35421109199523926,1782105362.1555068,-0.08715436865212343,-1.5325621143024548,1.1170067884281922,-1.5473070570259846,-1.5943268494453684,0.013043820342147022,-0.31962622311821387,0.08972624845262445,0.026913805750441,0.08305756646884888,-0.08475019638482095,0.044717628374663504,-0.4622630896188875,-0.05686609289631983,-0.1717611190080482,0.002211232436892141,0.011178027166946713,0.04620836075308654,-2.3509909565728115,0.5393749955823147,-0.8063238133838928,-4.421159887063034,2.550894113880851,-0.2865613709065924
8,0.39973878860473633,1782105362.2010345,-0.10212991638332994,-1.5285763206946001,1.117942642786095,-1.5432817398299143,-1.5984253526827739,0.015137286464371097,-0.3405889300789008,0.08795244147495929,0.017312449336474245,0.07513296228733779,-0.07929998910794822,0.044779641884039725,-0.6588449133125973,-0.008728191231590077,-0.14373981134698227,-0.29350721618791265,0.13248543727461926,0.057453901165685106,-2.265321807816795,0.7152430664461839,1.4007444627146441,-3.2489623766991462,0.4473699700116559,0.800481844788999
9,0.45014286041259766,1782105362.2514386,-0.11994743544791464,-1.5241205106901314,1.1186342775958897,-1.5402358894884816,-1.6018240664366243,0.01732725367635151,-0.38486901571598375,0.08919958175213338,0.013814567530420874,0.05367358625410645,-0.07190938542906622,0.05080562864738583,-0.6584895764169691,0.008233456374142967,-0.029316577224395124,-0.2761106551232773,0.03131415739253196,0.1286870075846126,3.802105263635228,-0.7208955881716146,1.3246765395332123,1.8863733203825281,-1.840599039777584,0.2807468814514317
10,0.4995265007019043,1782105362.3008223,-0.14047173025733722,-1.5196769102206005,1.1193209794729042,-1.5379121288350772,-1.605591975144038,0.020192200440032084,-0.4067425687214026,0.08880739159403817,0.014306044906501114,0.04727821598132742,-0.07594226524175518,0.057602572538384966,-0.2871083156375591,-0.07852853028654638,-0.009643383478581055,-0.10838394069195273,-0.05152030687859732,0.08775685994505483,5.287954223453253,-2.598569447816259,0.3450529380012472,1.5726338740523904,-0.20192923736173146,-0.6496854829408961
11,0.550239086151123,1782105362.3515348,-0.16063694781861917,-1.5152343878750172,1.1200673377525534,-1.535502917976844,-1.6094246403869337,0.023091945305282684,-0.41318774180892226,0.08114903583047806,0.012796517454663814,0.04288165249954545,-0.07698517626950796,0.05945540325629792,-0.13519856206637382,-0.25414071031484164,0.005078289174185319,-0.12360853956924117,0.015076119013751388,0.06413846900828657,2.259858284548643,-1.9552152737941864,0.9122576303695958,0.04383691837677439,0.9131652603685121,-0.10850317876875093
12,0.6007401943206787,1782105362.402036,-0.18228542436395462,-1.5114607929637722,1.1206169730292608,-1.5335699660972368,-1.6133833345039639,0.026208941017242155,-0.42042309307813563,0.06312839819292115,0.014805330350311507,0.034782919026412173,-0.0744313987492049,0.06408261360601705,-0.05806921564012457,-0.27705943889588336,0.0824270679134618,-0.104092258514143,0.041073371222346,0.0766240766184102,1.302890643749339,1.3074256353718976,0.8189681398342082,1.0688311077867703,-0.04931789125568641,-0.19778917398657214
13,0.6569411754608154,1782105362.458237,-0.2053976124640153,-1.5086380906326653,1.121694326767327,-1.5318335684561335,-1.6173189733602218,0.02995813113241734,-0.41835775576354206,0.05254697527764307,0.022105288318632788,0.03245251696530005,-0.07271691515767209,0.06745068411579447,0.0011202518301440811,-0.09342478455785408,0.08388132017012423,-0.0013440946301524481,0.003020257302774443,0.03767450192779975,-2.7545591278161403,3.253642493344703,-0.42872724236537385,1.5577188103945758,-0.973799469248585,0.02874444241706986
14,0.7111785411834717,1782105362.5124743,-0.22846070519969572,-1.5056665509574987,1.1230469170455506,-1.5299919689527162,-1.6214036946541122,0.03365522660044339,-0.4201618958719915,0.05244471555891472,0.024246575727394415,0.03447966601073915,-0.07399178825587427,0.06832919518380698,-0.34758555877182973,0.08232078940232729,0.036833282581865884,0.06898342198229479,-0.06532654155577977,0.0770134675210391,-4.989366333412406,2.227336515550614,-0.576575247724969,0.7901696999198506,-0.9328574774029462,0.6723417234512656
15,0.7670917510986328,1782105362.5683875,-0.25166145447829896,-1.5028692492468767,1.1243627466167667,-1.5280338258144448,-1.6254647183294904,0.037485189807067394,-0.45771428961210825,0.06190125082440545,0.026153487814328358,0.0401586571703092,-0.08005500814754996,0.07614074708215313,-0.5435607079389317,0.14847000984948866,0.021361197615168748,0.08396972264573244,-0.09862062701091645,0.11155305001282267,1.3940786681514599,-1.1251815117207338,-0.5684772364434996,-0.1540080926531433,0.009595200395973613,-0.45342100717069544
16,0.8143293857574463,1782105362.6156251,-0.27498975162877687,-1.4994713948036207,1.1257027372720136,-1.5259317960413261,-1.6295426123593526,0.041386892298373945,-0.4782802251089926,0.06809016747492969,0.02665396404126774,0.043422874376204845,-0.08432174617935928,0.08028661583325897,-0.28219490869522,0.003201007817903001,-0.017135976984603063,0.05985205836059093,-0.07402072011801453,0.047386607942718095,3.408270799879791,-2.972375093993598,-0.7639446866651094,-0.5464132285199356,0.8202821502695321,-1.0328037613888696
17,0.864837646484375,1782105362.6661334,-0.2983060129675022,-1.4962397090669985,1.1269564687828606,-1.523796701301741,-1.6336932504092407,0.04531723873339444,-0.4842610277456183,0.06134911791658482,0.024290842322404416,0.04594634903757466,-0.08717988738051119,0.0804993162737101,-0.22479575792217066,-0.141371018303716,-0.05296594718669348,0.03031743088956418,-0.01641439936532807,0.012804093867550215,1.2516632477410872,-1.458816428865387,-0.41365363048456627,-0.7159248949142936,1.5389704141526797,-0.6441199642918161
18,0.9122984409332275,1782105362.7135942,-0.32229858915623366,-1.4934455088124663,1.1280856296586736,-1.5214521938205783,-1.6380539736091795,0.04925747249799944,-0.4996744144373073,0.05428691948597475,0.021501465338930714,0.0465091624443108,-0.08616731559521718,0.08149022770131498,-0.16025178800921047,-0.14801419703745589,-0.05940933801361206,-0.009511035285609093,0.07439556755008703,-0.01595702984588232,0.15893493988876095,0.7268268128425031,-0.06479496875377044,-0.00410168552001311,0.7465877983460416,-0.15926900194087945
19,0.962139368057251,1782105362.7634351,-0.34689664934932,-1.4909798809129882,1.1290374241290217,-1.5192853802046113,-1.6420496001748663,0.053238909491239376,-0.49905106181493775,0.04695091946582508,0.018507102632604244,0.04491663359782194,-0.07968215432731185,0.07876692600050555,-0.21519158629901458,-0.0664198630072535,-0.058924314607810474,0.033993233655328914,0.05053642557620963,-0.00051318536910272,-2.9963742635507087,2.5176213688450613,-0.05882255493351496,1.1887485832082076,-1.3417830496381227,1.3038351001140693
20,1.0126662254333496,1782105362.813962,-0.37239486295996255,-1.4887366285761097,1.1299423322128257,-1.516942018916462,-1.646050824382989,0.057161592879348674,-0.5215872371605594,0.047732070438639695,0.015588956554870137,0.05001207850128253,-0.08120501147349657,0.08151348563951633,-0.4636075161848163,0.10589015347558295,-0.06540792118514104,0.11023736015967545,-0.061468393465878846,0.11627898511620371,0.2582273751643809,1.9849132721247245,0.0757879300314267,0.1812009378707412,-0.9368111305833465,1.1172957756266233
21,1.0624518394470215,1782105362.8637476,-0.39919342430013716,-1.4861966665605129,1.1306046057503916,-1.51427389218851,-1.650192510318088,0.061410021957005075,-0.5455308009396167,0.057439944482620575,0.011957135492947302,0.05596099558374057,-0.08580209688309992,0.09034003527775247,-0.19690337198254593,0.134789259455099,-0.05162220782767403,0.05412392696408619,-0.04532097092067311,0.11332290175781512,4.472657100844105,-0.7191804131401998,0.8708041666804105,-1.414436602271282,0.597407820482461,-0.6940868233432037
22,1.1107687950134277,1782105362.9120646,-0.42589185029211846,-1.483120207507221,1.1311192514272574,-1.5114589563716712,-1.6544606723787378,0.06600969641565634,-0.541725944484456,0.06112947390169232,0.01046296515510825,0.055510945683247215,-0.08578718099940374,0.09281587714234552,-0.02226892877369835,0.03909788776513856,0.018301455740393935,-0.02769095914155406,-0.0036514097997422112,0.050024131524256,1.3882476021162926,-1.3876687125472207,1.0480447827619472,-0.8747988232699329,0.47464314719843687,-0.9585026932622471
23,1.161909818649292,1782105362.9632056,-0.45300936228230543,-1.480131635457945,1.1316441354162983,-1.5087688653036266,-1.6587099089203532,0.07062745415024499,-0.5483328542955057,0.06111192367984586,0.014063520715190236,0.053100082916383684,-0.08618827968432186,0.09530825647164709,-0.07177185485357374,0.00022073689391244322,0.05029391580112934,-0.02812371139020675,-0.0003681531685636452,0.020035912933668687,2.15977203640153,-0.6615063834484414,-0.38336452948595495,0.1218239518046196,0.5153214373771792,-1.0301404919553825
24,1.2097163200378418,1782105363.011012,-0.48003136332110286,-1.4770905859577872,1.1324862854446722,-1.506208051698541,-1.6629687914288487,0.07540786620693145,-0.5491980323703363,0.06114767713524927,0.015569169268987437,0.05260547862689613,-0.08587183370956986,0.09498353961346528,0.17125615547568884,-0.026993233694815877,-0.013122226633153683,-0.016477336378410756,0.04442790489587489,-0.04904276246296391,2.6894905643884996,-0.15122585977897923,-0.8237013394984571,0.18763346303749076,0.2128614188232728,-0.5395420820878736
25,1.2608566284179688,1782105363.0621524,-0.5072400854053419,-1.4740982694012028,1.1331705330549733,-1.503570350232149,-1.6671844759298389,0.07999119266831536,-0.5300810452051419,0.05824961291498276,0.012457257479994155,0.05142739596757373,-0.08153139719182434,0.09016409934260006,0.17782522725898797,-0.01185815449021621,-0.027739225571163373,-0.00994425609270666,0.015696980446099573,-0.0271025541734371,-0.49424967817390253,0.4452959337624884,0.2935795197601863,-0.019079268268306443,-0.8902795499998737,0.5503346285914806
26,1.3124995231628418,1782105363.1137953,-0.5345128116592677,-1.4711037690998585,1.133765750389281,-1.5009223310756794,-1.6713479381673098,0.08467576813777473,-0.531118556989477,0.05997412188711415,0.012751488875885286,0.0515966005466133,-0.0843283234048755,0.09226566817644255,0.11982659206697654,0.01892656275486504,0.017638076657170626,-0.01858667682336801,-0.0474096741374912,0.007644934944380788,2.3172851088016504,-0.39597168640633645,0.22079614760745345,-0.5263532563625242,-0.24339489208280263,0.07615480877683067
27,1.3619341850280762,1782105363.16323,-0.5609112145868437,-1.468044829854107,1.134454124216178,-1.4983564794027273,-1.6756921502909905,0.08931046136061056,-0.5185739920185828,0.06022518800417487,0.014188463157974951,0.04964319338566092,-0.08635262197552507,0.09107967122721916,0.3971813790306715,-0.04759419663993225,-0.002578311660312388,-0.0615951283602032,-0.01313427278886048,-0.016826106431025778,7.03200839270618,-1.5863821734618024,-0.5543908617892239,-0.9196382628755708,1.4013018412416014,-0.7153729844921302
28,1.411789894104004,1782105363.2130857,-0.5859891651910174,-1.465125385957271,1.1351747510306824,-1.4959951518241545,-1.6799206321737408,0.0937168409207568,-0.4915609822896583,0.0552039319627351,0.012468724554560495,0.04546212460778598,-0.08560890787127917,0.09060105720945766,0.8192394282336428,-0.13878951122090516,-0.03753059274342657,-0.10993987413233258,0.0923248086844618,-0.06357106408304991,6.703853670914338,-1.0458195584255978,-0.2542790019180372,-0.7014198674491029,2.006911669523152,-1.3183702257459042
29,1.4619812965393066,1782105363.263277,-0.6100827579891116,-1.4625240952844498,1.1357002465496717,-1.493809405828779,-1.6842576094633053,0.09837632985943302,-0.43642457337006446,0.04631405003413036,0.010431590382115274,0.0386264601924573,-0.07706364622728756,0.08468321243166144,1.0666957855619992,-0.15169771081808148,-0.02771721270839217,-0.1315894384680904,0.1875784367843456,-0.1489817408476437,-0.32052739947734565,0.4196470077058821,0.20768818486205962,0.22956021342140154,0.6585211515431278,-0.6956522040587065
30,1.5259284973144531,1782105363.3272243,-0.6344378753807904,-1.4600116318988998,1.136364201947152,-1.4917403420058082,-1.688424238682075,0.10312748214611159,-0.37080542095547475,0.03868460512918581,0.009707718007869737,0.030586663503740397,-0.0636570150999134,0.07262437620663664,0.6184020139461492,-0.06971936879475099,-0.01344468629127251,-0.06306416982318577,0.12872062242477578,-0.11150106596529918,-7.300946279485256,1.2666873270312866,0.40011578724967345,0.958253439325183,-1.1410523463264917,0.8966847069939877
31,1.595576286315918,1782105363.396872,-0.6595007261080806,-1.4573632315992087,1.1369891084257409,-1.4897442502916132,-1.69274399989327,0.1080586502843477,-0.3586651290118654,0.03759046638224639,0.00861014215657896,0.030947659743464584,-0.0608310515317978,0.0707051283051554,0.08786540895234785,0.017343372372287114,0.027843296051984018,-0.004921361914845546,0.03251188373184105,-0.025490519818124446,-4.841298276503917,0.9725530497164712,0.5601084988366918,0.35400169158742884,-0.8805544084705205,0.7420011978243407
32,1.6648204326629639,1782105363.4661162,-0.6842545241331585,-1.4547902689979293,1.1375603728373818,-1.487443803252963,-1.6968741405710916,0.1129479318318622,-0.3585320411913626,0.04106685382724251,0.013539829831277217,0.02991125962437735,-0.0591348862210026,0.0690822855897012,-0.0562499030309227,0.06558377105243635,0.06437619094466215,-0.013509163449945766,0.006015594196787488,-0.008046297851932449,-0.5515998292166874,0.14216677770178193,-0.13134441382946122,0.0436292552272864,-0.23567603818434388,-0.08643609140217257
33,1.7348871231079102,1782105363.5361829,-0.7094498561895067,-1.4516357049535682,1.1388841073677758,-1.485582766923107,-1.7009812844516643,0.11768003428344936,-0.3665976163900515,0.046752446463580455,0.01756716258694979,0.02906809994220616,-0.060023595599208335,0.06960966048907435,0.013552952977367028,0.03623111853369776,0.008455143254784608,0.0014341054429295452,-7.712075467897206e-05,-0.03809194135647298,1.2154017572020392,-0.4442799513348537,-0.6475966773065949,0.15755918441822284,0.1400790044024543,-0.6704889012873406
34,1.8025314807891846,1782105363.6038272,-0.7347057068726364,-1.4483601776506403,1.1399858750082075,-1.4834527411899814,-1.7051333591791136,0.12252408393384177,-0.3572782174822997,0.046270112689652976,0.014937593108682812,0.03004463275491176,-0.05920552583542005,0.06405379143952095,0.11008090894675338,0.004522228645947146,-0.02552161654915923,0.008453721683039928,0.024225125258576563,-0.09922943653706068,-0.3695795696087702,-0.1798484306027871,0.1861050866259181,0.14647825327439656,0.07705377877869182,-0.14842183176019985
35,1.8767063617706299,1782105363.678002,-0.7598985659637304,-1.4451031859684043,1.1409840611199837,-1.481341630002769,-1.70934798223666,0.12666063073552117,-0.351365138576206,0.047553328140192974,0.014130513191375371,0.030185090034192896,-0.0564219090059872,0.0553029482909434,-0.06345832932240025,0.014680772529666208,0.04427353196702624,0.022792247922945208,0.006986688722518508,-0.04879863364472248,-1.5570850868170758,-0.20198124219974958,0.7223729639658953,0.20937356604816615,-0.38045234495070807,0.8839152617802619
36,1.9470338821411133,1782105363.7483296,-0.7853909416784881,-1.4415159176443406,1.142022721494604,-1.4791038435206012,-1.7132894449149911,0.1305189745663943,-0.36537496790301205,0.04841115010204611,0.020921834283381457,0.033181528504826474,-0.05796702225086747,0.05648377731054288,-0.12078667062617754,-0.022124171164502715,0.08050131173237474,0.038588283474947666,-0.02964149530450888,0.026969243074765725,0.5755689765582997,-0.3504107168349435,-0.2096068545324706,0.10928097957730995,-0.1139899778605599,0.5375747980992172
37,2.0159709453582764,1782105363.8172667,-0.810774389847487,-1.4383540769965455,1.1438807900365873,-1.4767243684958722,-1.7174154416199314,0.1345223564089085,-0.3684023720480578,0.04456671682596536,0.0253857306235723,0.03557013624925531,-0.06052879732215466,0.05903078210458457,0.012868772635616477,-0.034595167349131706,0.017078226626671106,0.03832875869734512,-0.010008261379068795,0.027552746864710598,3.4633040108413877,-0.03316581020397963,-0.735506694836646,-0.2935582261342895,0.9179433590690245,-0.5066754631319883
38,2.0847480297088623,1782105363.8860438,-0.8361250994400234,-1.4353780351171759,1.1455191966624316,-1.4742056692148873,-1.7216249002331114,0.1386480423089103,-0.3636209033282105,0.04364013979611592,0.023288983986237355,0.038458764869535145,-0.05935397910598006,0.060281182574726144,0.3556720793562027,-0.026738787599311975,-0.020847331918443318,-0.0017462232942818678,0.09656994765572352,-0.04264250472225678,2.5782244081285817,0.5869350340347027,0.11265803568738655,-0.5807671806948227,1.0226288677834634,-0.44090698955810464
39,2.1536948680877686,1782105363.9549906,-0.8608519970990522,-1.4323436602187276,1.1470880590863264,-1.4714270518963248,-1.7255892754516657,0.14282461756318562,-0.31932054766867957,0.04087963642897119,0.022517830778960857,0.035314769047123384,-0.0472017850526365,0.05313721370177027,0.36713407308769086,0.04640051327979211,0.03281967377406925,-0.04165612564622878,0.13065305992722165,-0.032973633248873535,-2.598995097669642,1.1445513726298413,0.6608020683526181,-0.20728821710602263,-0.34996192517975716,0.7065220979434277
40,2.2459654808044434,1782105364.0472612,-0.8854609085697084,-1.428958266456939,1.1491365473907442,-1.4687842422581965,-1.7286730649077258,0.14680895364416038,-0.31945188954087644,0.05583487459256631,0.030979986624856792,0.03195817597559625,-0.04077742457668698,0.05881790592722336,-0.2141409606798046,0.16235008016116986,0.07927293656764883,-0.014900570192447171,-0.0058962222772711015,0.10214507378882831,-1.2669391568568782,-0.2676182067501044,-0.2920753737540207,0.16009805409738462,-0.6902419033934543,0.09384540987605444
41,2.312938928604126,1782105364.1142347,-0.9094198899153949,-1.4242881372270044,1.151638152548062,-1.4664826849009647,-1.7317616718233604,0.1515083307593288,-0.3441342343947582,0.06672113921021072,0.03568457071683895,0.03200427606474143,-0.04484354925982714,0.06763155769511087,-0.05434169410572487,0.0703305206023222,0.021039901677788464,-0.010491482399646479,-0.01373843498899735,0.04180631999668383,3.021368897091831,-1.3068244587592588,-0.706624654971998,0.09323759964948813,0.3861456716506466,-1.0577486659983246
42,2.3850719928741455,1782105364.1863678,-0.933186428286012,-1.4197091779594093,1.1540826321012914,-1.4643575406527731,-1.734897448620717,0.1561897639010932,-0.32364400309290886,0.06463005998618776,0.033379450805689714,0.030378931398434617,-0.042185122174862144,0.0636711514376227,0.2129601049524532,-0.018718123416298138,-0.017277724171504194,-0.0016369292287749804,0.05321224195425556,-0.046675178357945046,1.7891878262830718,-0.7658333910622243,-0.10697574092246728,0.2422484409136816,0.6974080876604476,-0.2553977752340775
43,2.4577817916870117,1782105364.2590775,-0.9562906532006423,-1.4149256016704985,1.1564723382798594,-1.4620814509759485,-1.737870395258691,0.16072921956781633,-0.3133708242757285,0.06402184734507443,0.03319901487601129,0.03179137740062643,-0.03711719219004905,0.060880521063906734,0.20258994545578823,-0.04005222078594173,0.006036523552911538,0.02473486062826727,0.08700892550244399,0.005938554670035179,0.012295371661290577,-0.19692978664478822,0.21797416573371453,0.19430351851082212,0.1663272354595593,0.7189425058192934
44,2.531675338745117,1782105364.332971,-0.9791171650149209,-1.4103275810556077,1.1589505127399298,-1.4596956545125512,-1.7403299535213248,0.16511134773525213,-0.2937973308461439,0.058682640192319724,0.03428475612126913,0.03401781622481792,-0.029388012049693657,0.06464754247850446,0.21513240415093815,-0.047358402761292884,0.014432959297004194,0.026446695069471143,0.07688394743060561,0.05871305183842862,-0.8646885296592861,0.2920281885337669,0.09375257462939612,-0.020542598545190166,-0.4078411830028821,0.21869512324054932
45,2.6074047088623047,1782105364.4087005,-1.0001932864193344,-1.4061585014450289,1.1616049027753683,-1.4569851719642608,-1.742253028670303,0.1704218395289525,-0.2813670396255432,0.057028493440981265,0.03535754853668838,0.03573471596010336,-0.025716615073088533,0.06969408848908198,0.06936750162671546,0.005094973608582132,0.019990172218204344,0.021498740243363262,0.0249798306369777,0.036818452494714826,-1.0564116772535415,0.5577203958905659,0.2933911832344459,-0.04151191693115178,-0.5377603845815357,-0.3434996392230804
46,2.682487726211548,1782105364.4837835,-1.0215468629950126,-1.4017295214790795,1.1642824744618556,-1.4543063433398673,-1.7442079224314155,0.17562263376232404,-0.28321386097521994,0.05941635123381772,0.037292025082235725,0.0372616021542207,-0.025590494365015815,0.07023860616029487,0.05469463997029744,0.036926411849694085,0.05839679140990575,0.0201555159620444,-0.00440700663908139,0.00697905271463517,0.5118914225519731,0.2205238294328894,0.3161040485862019,-0.09970641110142234,-0.2295073509104112,-0.295732631834011
47,2.755751371383667,1782105364.5570471,-1.0422113796326327,-1.3973458246334365,1.1671311889904892,-1.4514632293520575,-1.7460508960895593,0.18083801064429778,-0.27353829888798487,0.062487986128260786,0.04390321571458067,0.03872536816492378,-0.02634849998906219,0.070730389567349,0.14276233624432155,0.0385401949473394,0.06758561378458283,0.00700172948628186,-0.009648736254153134,-0.00741802332571051,0.6128086247740223,-0.09931318916424581,-0.37603809006763755,-0.2522231624600312,0.08638778585523701,-0.2180971433354361
48,2.829538106918335,1782105364.6308339,-1.0617618301730298,-1.3925378534399333,1.170743729788869,-1.4486118485093145,-1.7480837320778926,0.18602308567850823,-0.2622093737633513,0.06508014700334108,0.04720673185805957,0.03827758364979417,-0.027008612350599037,0.06913294713359908,0.14418971167169503,0.022194972559427928,0.002573757106060448,-0.017010306826773097,0.008462167416681321,-0.025114879388319467,-0.40944731102434817,0.01650678228210739,-0.521239095497108,-0.15206118293925838,0.23618141352591782,0.04701399243930465
49,2.9053986072540283,1782105364.7066944,-1.081438723743225,-1.3876070979389106,1.1741881753036156,-1.4457366339169084,-1.7500903826464262,0.19117877823504853,-0.2520000161102631,0.06575499824989528,0.04411089708036364,0.036133804133203995,-0.025008943613737955,0.06695744235258472,0.07968625952987773,0.04201148442101449,-0.008902961866174175,-0.015024671214679347,0.025656180389897726,0.0008239359688636538,-1.126729256927365,0.26780860948259555,0.2718477746179175,0.25689231265206813,0.10954849530825352,0.42158103067786634
50,2.984278917312622,1782105364.7855747,-1.1007110414416617,-1.3823582066882312,1.1775615143368523,-1.4430313620940924,-1.7519447482219905,0.1963779416934415,-0.25021679769200134,0.07178502421643351,0.04602561964429519,0.036034178124896954,-0.02304288847374636,0.0694421687313902,-0.0318641033160314,0.0636764597019035,0.04724614136369709,0.024162598350042364,0.02469244624643413,0.04061156121314902,0.10610284673644282,-0.1408388000328074,0.29830431541741464,0.3077672866668258,0.06092257980828475,0.12254932978209185
51,3.056678295135498,1782105364.857974,-1.1192181934318681,-1.3768126434910548,1.181110392751961,-1.4403070003236542,-1.7535820921156533,0.20164009073840225,-0.2561433701630582,0.07554666150382339,0.05097274625898329,0.039473089999985334,-0.021270593318707398,0.07298789506006576,0.07684138435180521,0.025869781685628146,0.041364247828652556,0.03388375359836088,0.033963441150708845,0.02410939022326447,2.0606439336032225,-0.6665477801414046,-0.4512848582289749,-0.1628398394924075,-0.02424311925503228,-0.2494669218969238
52,3.1278750896453857,1782105364.9291708,-1.1374910145642945,-1.3715074903991566,1.1848763433375222,-1.437367574465527,-1.7550023317258803,0.20685799500789656,-0.2395612008341521,0.07556204828357771,0.05202968832033683,0.040932230867685604,-0.018188489516839823,0.07296349302518634,0.26270274112794034,-0.031692944016335656,-0.01667401469853158,0.0014880874685824774,0.021574483714553214,0.004840429825699877,1.5774260471082377,-0.9242011744633299,-0.7275204410098212,-0.4713458832398366,-0.09585876950091915,-0.1490263390761626
53,3.2015175819396973,1782105365.0028133,-1.1538310317050686,-1.3658630755008363,1.1886420306917533,-1.4343801649939405,-1.7562077452662095,0.21220645412862152,-0.2179454421517022,0.07079751749256857,0.04840087210206079,0.03959405899324331,-0.018253803664805446,0.07371476785323483,0.3001745347945297,-0.10856650967173553,-0.06357314772119976,-0.034466896819674575,0.020468159848958584,0.003129617339885038,0.1787304337595692,-0.27778084087085453,-0.18537806262547193,-0.3831526428280487,0.27440995267113344,0.1496364454968837
54,3.2732017040252686,1782105365.0744975,-1.169179505121553,-1.3611961238171766,1.1919208435645194,-1.4316097462232122,-1.7576478089627128,0.21756651015082848,-0.19596355824599243,0.05995398147964437,0.042846071174206024,0.035986250828973,-0.01529645125579826,0.07344564072512605,0.2899527679912206,-0.07502258831180708,-0.045359162551934396,-0.0546003041102574,0.06033499305316294,0.025918512412776262,-0.9176712317702982,1.1045318954993055,0.3858376657178754,-0.2949367895638252,0.2965852554900836,0.588974786635171
55,3.352517604827881,1782105365.1538134,-1.1831297683480293,-1.3568928213825564,1.195065269657723,-1.4289890242096417,-1.7584404641136893,0.22327540454509634,-0.17443098168047477,0.06069483628538741,0.04206817463967383,0.031280750084254905,-0.00883649245470508,0.07810548671486295,0.1491459733781757,0.0684517139481855,-0.003193614698969227,-0.0792286122884302,0.06107982527743614,0.09642252510679417,-1.2907662930578603,0.9470992296567897,0.07097083106481022,-0.493819673411771,-0.20861315382341178,0.45726374342474724
56,3.4261186122894287,1782105365.2274144,-1.195868942216449,-1.3519858087872298,1.198327072857315,-1.4268069898737248,-1.75901180762057,0.2294426322971829,-0.1718087533936803,0.0697701183169741,0.042284840786903644,0.02409014290171463,-0.005731918952616155,0.08777520380211379,0.08723455570482397,0.07930019986490949,-0.029431134409288906,-0.12809396296716938,0.03083648443248076,0.10059766033193096,0.22050082132148652,-0.5012615840480021,-0.38894897594805267,-0.4648786058039892,-0.2971109321846696,-0.15290293734264515
57,3.498256206512451,1782105365.299552,-1.208172631817268,-1.3467336038874091,1.201233692950711,-1.425462058780912,-1.7592817106586875,0.2360560998158447,-0.16186708246269532,0.07237944697664744,0.03787273604269359,0.01270059683249336,-0.004309552626658331,0.09285564861186435,0.1782050020145023,-0.002721814595674943,-0.05978441743238963,-0.14755614502535958,0.01744953651184343,0.07474611449915314,0.7119511418392592,-0.8646796900194897,-0.10616866719449891,0.1651093969716193,-0.062274530467147454,-0.14957679874679108
58,3.5732245445251465,1782105365.3745203,-1.2196303776981674,-1.341340837492115,1.2038844074593935,-1.4249729652614818,-1.7596490474815811,0.24310904413362205,-0.14536058866117774,0.0691452086270985,0.0334981525341318,0.0024433908161540785,-0.003178080056356336,0.09879573220367766,0.18879697468116885,-0.04632719875701996,-0.04323312162823495,-0.10129489020009101,0.02238729309018495,0.079799266654632,-0.24530779596536278,-0.25637352769946736,0.30666922112572187,0.6792254261346962,0.042468429371614214,-0.1438105199719501
59,3.6489920616149902,1782105365.4502878,-1.2300716748419478,-1.3363154228558172,1.206280077412765,-1.425100309218063,-1.7597579945312023,0.250955738243162,-0.13345903697590167,0.06539115785373006,0.03138024933750572,-0.002511089742167627,-0.0009232632969276011,0.10488516671530723,0.1406071128073837,-0.04084381696907696,-0.013420352104628441,-0.0450726550765469,0.023813456810669247,0.05272931721533991,-0.29070617587132674,0.22964590474926516,0.28668821034636116,0.46447415327627695,-0.03439650626966256,-0.28660274979619726
60,3.7249820232391357,1782105365.5262778,-1.2398818474433302,-1.331417657100428,1.2086464887430342,-1.4253544118744346,-1.7597889302938654,0.2590267417713329,-0.12402974703947045,0.06295073156351627,0.03146798848820076,-0.004387669193281596,0.0004331408174778062,0.10678548535456,0.14483399145372633,-0.01140664272126396,0.00022637947921944068,-0.030931129327839542,0.017143654537972033,0.03633664406412951,0.08674806485950348,0.4195664784184454,0.10852351410616712,-0.017825214737154482,-0.04300931050359762,0.01512572350841429
61,3.801941394805908,1782105365.6032372,-1.249032052312289,-1.3266900812541804,1.2110937230807373,-1.425773436888558,-1.759690106458862,0.2672896270851338,-0.11126629134285082,0.06368692555006028,0.031413062767045474,-0.007254153011764686,0.0016974694500415666,0.11046493747918129,0.1539359000110745,0.02339139326702233,0.0030395908770979307,-0.04819690066410345,0.017322552105355313,0.055493212697132366,-0.14386753978064926,0.11921954768073063,0.03541283258244082,-0.12384705327861009,0.008209367489650468,0.013382501716695416
62,3.8761091232299805,1782105365.6774049,-1.2567390287013196,-1.3218052119808947,1.2133959697708032,-1.426440791829605,-1.7595346627369897,0.2757040036417106,-0.10070056577468911,0.06641001393452228,0.03190677743418213,-0.011611497868344145,0.003046146782446968,0.11512989587136513,0.12452874558614102,0.008435854676457855,0.005584476818793038,-0.050198730114935405,0.018352051861486342,0.03965031311289269,-0.12659298120753382,-0.39973970323015606,-0.0666201196981065,0.15693309861718957,-0.024360006511498125,-0.5276968782101848
63,3.9499616622924805,1782105365.7512574,-1.2639397976162732,-1.3168603976588094,1.215816028256032,-1.4274905298629066,-1.7592398127773499,0.28433012875237046,-0.09282223542105861,0.06495339188024829,0.03224035300994643,-0.014689961477484914,0.004413839460623237,0.11634861077201797,0.13502779392480935,-0.035653575072641774,-0.006758046430521497,-0.02508331664076395,0.013740832329620561,-0.022419046803130893,-0.005289627188288626,-0.28530804002129134,-0.10016932947140961,0.2682660912414583,-0.06971020203716222,-0.527561944292021
64,4.024945497512817,1782105365.8262413,-1.2705436842182822,-1.31214234868856,1.218193302218981,-1.4286282776496595,-1.7588767620593881,0.29301987530382295,-0.0805388797637594,0.06106714550166448,0.030875228585911074,-0.015306959685007726,0.005080388056612151,0.11170438927551807,0.12340527773466858,-0.03331774278949018,-0.009171711839038782,-0.01043469679987151,0.00796005854108401,-0.03815673376843842,-0.5548940792442251,0.1985229425963617,0.056881851849696116,0.06983814554887491,-0.032544022094891815,0.31738024934000497
65,4.10663628578186,1782105365.907932,-1.2764526453217757,-1.307318703529409,1.2206417813555437,-1.4298906159198066,-1.7584405002390866,0.3017727398407036,-0.07405403156045054,0.05999274337226623,0.030929977477551773,-0.0163557320700356,0.005647957394501191,0.11070366127180886,0.04248593673707979,-0.002204550932544347,0.003402120439424172,-0.015900449579440576,0.009266319313033886,0.03469532497262828,-0.3163340311841069,0.1251716908534643,0.050514407015685485,-0.02271739762543211,0.0012817571202715441,0.5360733807516718
66,4.182398319244385,1782105365.983694,-1.2821840368116344,-1.3027071223052058,1.2230523734142156,-1.4311932139674588,-1.7579909897119284,0.3104098282089506,-0.07342771965505257,0.06059493306922903,0.0313796837357998,-0.01777553867516879,0.006512901664544657,0.11663080899593847,0.06589309882275662,-0.010687237235718239,-3.643867964994718e-05,-0.014516589173029643,0.008329952751757234,0.050314531382543604,0.798846797456836,-0.13959896961645898,-0.007349952838453695,0.015617196040118977,-0.03651440015601906,-0.03061360639605909
67,4.255915403366089,1782105366.0572112,-1.2874237001322115,-1.298271931804307,1.2253280514395526,-1.4325415571092983,-1.7574708243097994,0.31917165967355055,-0.06447247063769623,0.05847979464300401,0.030950955290487414,-0.018541438955303136,0.006905098763310136,0.11833806733998609,0.15957011152146733,-0.022921525888897565,0.0021366768088207644,-0.013557412195649224,0.003922328949294153,0.031172697976983632,0.7805169682320785,-0.13066019458582578,-0.017605716396282705,-0.06883079730502405,-0.024213887306317627,-0.11146085672113884
68,4.332462787628174,1782105366.1337585,-1.291817009207699,-1.2939428194591072,1.2276969906915574,-1.4339768677990088,-1.7569558333571007,0.32816295409341223,-0.04924836148598999,0.057191406613098295,0.03174961135395016,-0.019829443441652828,0.0070927671796532366,0.12135789868366631,0.17996715335456565,-0.03007353309208194,-0.0029701708160410067,-0.025352101766611818,0.004917377677050895,0.03450931160594106,-0.2550684935018671,-0.07985538170409401,-0.168578890502984,-0.06739844333365742,0.016076757349345105,-0.017953132665372407
69,4.405634641647339,1782105366.2069304,-1.294850902065466,-1.2897134818131368,1.2300762824184626,-1.4355032836398944,-1.7564113105913943,0.33731554041755635,-0.03740302744544621,0.05406463650581195,0.030594757319936328,-0.02228084678584885,0.007625045642525308,0.12353739783803785,0.12482471047015686,-0.03496705123929583,-0.022430298630842505,-0.024220568699339196,0.006309009617279655,0.028891081752956738,-0.7748707103374399,0.1883070354829755,-0.17764752277637635,0.030278232910405323,0.022357313667869815,0.28426628861836145
70,4.482585906982422,1782105366.2838817,-1.2974005905593688,-1.285855432189351,1.232275069930554,-1.4373327499132198,-1.7558097160284,0.3466967856449393,-0.030796643607395424,0.05200225246724699,0.028330759741070466,-0.023393542248555832,0.008032410018298464,0.12568817852691438,0.0634762255871408,0.00017441249214911192,-0.02895446294261922,-0.020691769306199842,0.00829961523740784,0.07998382869745624,-0.5308894072741781,0.2377744864783492,-0.027434417842322395,-0.051501500715208065,0.06055972749938792,0.6935093474175947
71,4.5585949420928955,1782105366.3598907,-1.2995659432550726,-1.2817626964888866,1.2344102190739266,-1.439082280113417,-1.7551830725690558,0.35653376856365443,-0.027651777680024026,0.05404079149357699,0.026164999830347924,-0.025434193926964,0.008888927615748443,0.13567429276124976,0.04312085645108485,0.0018129833087520697,-0.026734085048768397,-0.0319159076165611,0.015507269522733187,0.13491514073247868,-0.0018399449093535747,-0.23337223432473608,0.07889455507741071,-0.05305062773066427,0.10930058004513174,0.10582810345739568
72,4.631878852844238,1782105366.4331746,-1.3015332823401318,-1.277788569156904,1.2361916273828553,-1.4411169596383695,-1.7544861120850506,0.36691851660734237,-0.024368349252723576,0.05240676764849894,0.024330132328737264,-0.028131233169672143,0.010324848448595603,0.14581113864938988,0.061777960879230515,-0.033301892342355754,-0.01744199041728897,-0.02911830016380168,0.02453994647935811,0.09908502370083339,0.2924852522781125,-0.3000902133089704,0.12472225627129158,0.05441409400967834,0.07820037463321736,-0.9174519329909492
73,4.704309463500977,1782105366.5056052,-1.3031209684019724,-1.2741231773781003,1.2379554356435083,-1.4431807867992674,-1.7536799740372837,0.37777360329959864,-0.018678630422456877,0.049206893510758576,0.023610561012528564,-0.02969019079708879,0.012456362464956072,0.15017899314854555,0.08567590376894078,-0.042218343499687505,-0.008556723000262223,-0.02401453638074849,0.026978643859670845,0.0019561429371885986,0.14351482381337977,0.10259859282048528,0.09139347980562909,-0.09878947253856407,0.06540940118575975,-0.585976920121328
74,4.777655363082886,1782105366.5789511,-1.3042502166491927,-1.2706179364907113,1.239632127293318,-1.445447295868059,-1.7526678233112245,0.3888116576113079,-0.011865695534441834,0.04625593571530917,0.023085301413958703,-0.03163657739300341,0.01425318827294042,0.14598881320361468,0.08235562425404086,-0.01792965200428759,-0.004176588929972691,-0.04383127434889811,0.03413357032298804,0.015054200102117443,-0.05441917641687083,0.22153729282819995,0.013177995424528813,-0.3126904859277333,0.10969463963631021,0.7100606137115034
75,4.857029914855957,1782105366.6583257,-1.3048887849447803,-1.2670782137484766,1.241483860714542,-1.4480215646380477,-1.751497528013436,0.40001253877627524,-0.006233450161747811,0.04674864457574657,0.02301017833365293,-0.03660121375014924,0.017790210739974555,0.15338418105015306,0.07725011925014587,-0.00976105132905064,-0.0071283931689686,-0.07230237091382455,0.04388370250027526,0.11706851440978161,0.05592296724623613,-0.15414661135540064,-0.10495356577197107,-0.11298191634669796,-0.06908546824994341,0.22404113667584097
76,4.928623199462891,1782105366.729919,-1.305218077566955,-1.2635922653767984,1.2431106434417527,-1.4509111974765536,-1.7500271573270831,0.4117861441800359,-0.000296536392259128,0.0450186593726567,0.022100634522427498,-0.04240753244999951,0.02088824214059315,0.1633087098506958,0.08901860653264386,-0.037396435902209646,-0.01901829470264707,-0.06452436490966015,0.026544285338628265,0.06458245792374706,-0.08724399247408449,0.03250828809894135,-0.0874966476455673,0.10814473355295229,-0.259240284187157,-0.5197846025837061
77,5.00289249420166,1782105366.8041883,-1.304908578613335,-1.2605316977175305,1.244704125504385,-1.4542183902041486,-1.7484488046727118,0.4238269392258236,0.006784252912881428,0.04122176053989257,0.020201696731277252,-0.04592252508612482,0.021570824866309124,0.16240066861858748,0.06315262167109495,-0.002737554273725129,-0.01946246367813563,-0.05653080984558462,0.005977305321670123,0.042414474153584125,-0.48953212882472946,0.506929475064251,-0.0051947307003328,0.014325649448954092,-0.11619009657615584,0.03368302757776681
78,5.079020738601685,1782105366.8803165,-1.3041878911153661,-1.257392566214053,1.246144209205175,-1.4578230752631256,-1.746781757224068,0.43621184862625134,0.009080297704718632,0.04478908300479034,0.019196512772182928,-0.05094427170064364,0.021775117763816354,0.16989343380760946,0.014862418863923942,0.03899608234357882,-0.01979661137015476,-0.06272105755805252,0.00967465355080846,0.0708987106625587,-0.19626841781782497,-0.01288484666574193,-0.07016038604122013,0.03484413398957259,0.0640783522862438,-0.00288223770470053
79,5.151182413101196,1782105366.9524782,-1.3035590760477245,-1.2539173904246808,1.247548611699407,-1.4617451423908048,-1.745218825677938,0.4489647255995626,0.009106397768162466,0.04706524194719819,0.017316997785475685,-0.05524848445536534,0.02295146182262009,0.17312689766345235,0.030663348761978515,-0.00031303037596080996,-0.02935836333810786,-0.05226126346980586,0.01535963386165956,0.04490028096748433,0.3435391968781739,-0.43340182345457073,0.008766623381655542,0.13437081589474942,-0.03426727113749692,-0.013294995668358844
80,5.2285215854644775,1782105367.0298173,-1.3028222676305512,-1.250367996187366,1.2487101079204113,-1.4660923961378773,-1.7433366279872218,0.4620558558762334,0.01398952427669542,0.0444005872850024,0.014771881424593403,-0.0586781541144461,0.024061293053538435,0.17660704721328324,0.06755805433429536,-0.024603626609166207,-0.016970651940134376,-0.04274597809040026,0.003339056471395735,0.07263302634180491,0.20990884749539077,-0.09632371152296504,0.20591141120123532,0.16291533401068498,-0.14064301562882373,0.1095829219650446
81,5.30372428894043,1782105367.10502,-1.3014438925885337,-1.2471381489629938,1.2498029802258972,-1.4706856185179158,-1.7415473094069593,0.47587377425676575,0.01939320903279551,0.04327064933139013,0.01466110189971026,-0.06177577777633836,0.023507207747964998,0.184090026259494,0.06380895207700049,-0.01592403231967321,0.0018590151395140309,-0.02757791290673378,-0.006156613082711704,0.06266554417903203,-0.18248572121559276,0.06204527286770038,0.1647267634435842,0.23148355162342452,-0.05582279215453033,-0.3156122650191806
82,5.378581285476685,1782105367.179877,-1.299912862758891,-1.2438750377200145,1.2509100596598244,-1.4753619693981672,-1.739808946108414,0.4896801101280382,0.02357022679529841,0.04201165178779398,0.01504854611801143,-0.06282587762855307,0.02313659797202483,0.1860360321340555,0.04026579487381993,-0.015256315140123489,0.0078072862805766,-0.008030174140826685,-0.005086289581926917,0.02539863123394981,-0.3579253793977533,0.06796567780309792,0.05384649072953411,0.30337544757341905,0.018746328381107093,-0.5671562148415138
83,5.452960729598999,1782105367.2542565,-1.297929323876076,-1.2408669756992887,1.252048524828227,-1.4800611904965373,-1.7380944041349453,0.5036356063409702,0.025417122374852497,0.04099236367865089,0.01582372817921396,-0.06297988273778365,0.022748276889913654,0.1878809966098367,0.010434777890451635,-0.005837291495093266,0.009919261017979533,0.017656543157757054,-0.0033632125964931925,-0.021908838891311344,-0.09323424858568163,0.19424633452516782,0.05107252816426181,0.24215630221285794,0.05936823170813435,-0.31595920980548087
84,5.527742624282837,1782105367.3290384,-1.2961226201818834,-1.2377601177787625,1.2532707658419577,-1.4847559722980377,-1.7364160272256373,0.517704897152808,0.02511507357278564,0.041147302541642006,0.01652771062698477,-0.06017628270943831,0.02263643590720754,0.18273037884065602,0.026607293446487573,0.013772296030650083,0.015443635828518432,0.028006901090484093,0.0037983733618719706,-0.021471946145534382,0.3964313489396956,0.14575478721245758,0.07017151772798289,-0.11064449452985485,0.03877538165441731,0.5599464099374746
85,5.607235431671143,1782105367.4085312,-1.2940454179201382,-1.2345228586495356,1.2546001171253205,-1.4893195674397668,-1.7346003008930906,0.5317737299241175,0.02981979405274693,0.043230792136750296,0.01826489192005276,-0.05875129225894504,0.023385719404569016,0.18502911133113242,0.07334509401924633,0.01551707082875825,0.020708976269748408,-0.0018335355325443392,0.002064976348145675,0.0698618386506249,0.17030085418688456,-0.06479359569475787,-0.007456728944890786,-0.3828563200496393,-0.03440621351657967,0.6740781881983354
86,5.681052207946777,1782105367.482348,-1.2915913437180748,-1.2311598651477311,1.256054069117269,-1.4937484136568915,-1.7328367309560926,0.5459835483089973,0.036204563576431426,0.04364326898653026,0.01971512196767833,-0.060241077738110604,0.023033593886740533,0.19299265962336953,0.05728795881667578,0.004788366859990512,0.015107153178365654,-0.03060685908169114,-0.0013384940040667148,0.08706908778433498,-0.465441048909114,0.05310987374491276,-0.08135616568057405,-0.27040451532667437,0.01959698619168345,-0.008691973056703994
87,5.7553040981292725,1782105367.5565999,-1.28868207380594,-1.2280623297509796,1.2575193249624526,-1.4982395957933674,-1.7311904958579218,0.5603503246086843,0.03827685417775761,0.0439391014518975,0.020497826169833644,-0.06329230762657723,0.023190525605862433,0.1979031491396035,0.004211480966452019,0.02355418664466452,0.008657904918884185,-0.04176776941574101,0.005024021915895793,0.06836378894230677,-0.4460374090156211,0.015074063099305465,-0.08397473157592539,0.11810526794749411,0.059661005023106964,-0.6263042421455284
88,5.8272316455841064,1782105367.6285274,-1.2859919169890632,-1.224747042070074,1.259046932700258,-1.5029876050476956,-1.729451418456999,0.5748927114384904,0.03692863324289952,0.04699685582657587,0.020989347468630015,-0.06634357890111175,0.023754684275344218,0.20297583126015173,-0.009143451975076877,0.008079389374786639,0.002818588063796923,-0.014570552382723256,0.0075018169770799115,-0.002770545120544643,0.09746499408070093,-0.45982784956404177,-0.02281508866310515,0.29869398860293467,0.13388641802952053,-0.860621310706577
89,5.899505376815796,1782105367.7008011,-1.2833572454586606,-1.2212846950766123,1.2605458430318135,-1.5078066555252985,-1.7277653339329773,0.589620250626154,0.03696501992139467,0.045080262622795964,0.02090148364597244,-0.06537407044525523,0.02427206011560834,0.19745276348954333,0.018462564374179147,-0.04292339591628341,0.005408449478623123,0.0012491616092347169,0.024399627872806612,-0.055649824785433566,0.6092326925053697,-0.12715882653042396,0.01885477165837964,-0.2844561268924338,0.2880816748332832,0.4862205560181042
90,5.9780004024505615,1782105367.7792962,-1.2804121156981156,-1.217987019952765,1.262200327573172,-1.5128270529515448,-1.7257797128958559,0.604580375668249,0.03994528649659834,0.04031244455791061,0.02189074176564887,-0.06631312617462193,0.027657142406162905,0.19485511778843234,0.08565931353680448,-0.003583956013207712,0.005440939349736745,-0.06399008230619418,0.051639968642538864,0.08634202494322918,0.3539375353215688,0.6892331794474336,-0.18011281098389947,-0.6861576741699268,0.1618797923397746,1.1999224923628462
91,6.0542120933532715,1782105367.8555079,-1.2771883559450294,-1.2150404440386213,1.2639288283451646,-1.518055143604184,-1.723497213349905,0.6197464381363201,0.05000246637130168,0.04426858235149567,0.02177546372715966,-0.07503963223748578,0.03222278972139492,0.21027296666420803,0.07547877187431373,0.06285927996900742,-0.021643796785112995,-0.10555643212846977,0.050276753350072145,0.1327269209882067,-0.8557068138764506,0.21487980763200742,-0.28633911094342007,0.08803429514933825,-0.17458452942379024,-0.7092195693291476
92,6.123602390289307,1782105367.9248981,-1.2732320366408958,-1.2116144790536918,1.2653826698609443,-1.523669044423848,-1.721117637126199,0.6350496147262075,0.05167127101188207,0.049322185211706504,0.01900171633844394,-0.08179895291784867,0.03510304699201683,0.2150871521786888,-0.02952240606164286,0.036264430344282506,-0.037150468307169254,-0.0594272617337836,0.028262229974476694,0.0002527984817326523,-0.8184557354702333,-0.6231718701760592,-0.09740501338344953,0.6889637531085021,-0.3260688410745919,-1.4762713280059017
93,6.197769641876221,1782105367.9990654,-1.2698233702494863,-1.207960368229863,1.2666373973842078,-1.5298068527372395,-1.7184498968819344,0.6505699559319706,0.045234863264925096,0.04911325935959354,0.016470129272734724,-0.08319548813662614,0.0361491406715313,0.20962610613989074,-0.03515076501804243,-0.02897269210898401,-0.034381148148162524,-0.006411466558922108,0.003380019682832941,-0.07492527077201006,0.4901018759710858,-0.5100211401843977,0.0031602949842362837,0.04821610402048215,-0.0519800683871558,0.29534173395170177
94,6.27164626121521,1782105368.072942,-1.2665348721851084,-1.2043434719528074,1.2678212311081658,-1.5359853717546237,-1.7157660827710572,0.6660832633376431,0.046437462892220616,0.04504812933369351,0.013911941753134371,-0.08275533528803791,0.0356096597486264,0.20399567561258447,0.042705827931379337,-0.039455472602284436,-0.036662778146761915,-0.05190245249200842,0.020402429322751825,0.04321696462104496,0.4794688481160471,0.10369802317034933,0.04465110837126335,-0.5638193438847203,0.2604741026659308,1.493874583064482
95,6.350580930709839,1782105368.1518767,-1.2627070711638477,-1.2011174185171172,1.2687411969985118,-1.5424436203034149,-1.7130158578869936,0.6816800892007809,0.052037289428588096,0.043246922230293805,0.010846352510215596,-0.09173212775003137,0.03955672196456206,0.21747968110519178,0.03210783572585718,-0.0105569615371231,-0.026767672313887977,-0.0920259011529625,0.04349787536277527,0.15225385000676916,-0.47471385515807096,0.16396086894883788,0.16877660191287902,0.22819250852009682,-0.061365892447289516,-0.15212065281284087
96,6.419299125671387,1782105368.220595,-1.258919145618294,-1.1980033660772051,1.2694381756118736,-1.5493404110566895,-1.710015524883837,0.6978146869064621,0.05192043284516501,0.04325502912552004,0.009728964890625136,-0.09675789398547963,0.042156584970832967,0.22683129689495996,-0.02088079701525436,-0.01138304533757134,-0.012572183237294692,-0.03228424663521312,0.01810588987122419,0.050061629949843756,-0.3640658127923771,-0.06662135329899223,0.06851885031245203,0.39798508402013216,-0.11254163965727018,-0.8530405705426451
97,6.493551254272461,1782105368.294847,-1.2553208582899935,-1.1949569651718235,1.270127388288312,-1.5562356158063162,-1.7070060430786844,0.7140185580870875,0.04883112261450506,0.04148706735485774,0.009091368143176126,-0.09587747076060005,0.04191819046460843,0.22364655998904137,-0.015256369780971779,-0.020710476461602845,-0.018561026980133018,-0.04055316404013565,0.030366358453740527,0.03759485255906081,0.1514117409132439,-0.1891422302078739,-0.0932444426491232,0.010508705102590998,0.09907880282609324,-0.4816430721903825
98,6.564173936843872,1782105368.3654697,-1.251847371266705,-1.1919961873777645,1.2707566362329026,-1.5632092878607105,-1.7039524613009507,0.730177066474357,0.04952357692516074,0.04023265175770696,0.007110571129583576,-0.10226188269582792,0.04631813064291812,0.23170788579445478,0.0005191365459204511,-0.03833514696044038,-0.025991805967923318,-0.03162483044000708,0.03292757835462029,-0.017494537656913334,0.04175941245925102,-0.1664051686878678,0.12456523953572114,0.4959832557950261,-0.31046561759400504,-1.1220363879572737
99,6.632715702056885,1782105368.4340115,-1.2484303305998026,-1.1893510754383134,1.271124305577756,-1.5704524152411112,-1.7005728362451882,0.7462521364594848,0.04894144476969586,0.03623653749532174,0.005465802979190748,-0.10051953862785012,0.04662098946089799,0.22175173864918207,-0.00870021631845358,-0.044209142197965484,-0.002168205044064467,0.02695468280867508,-0.011417636850502844,-0.11715040945431743,0.020010350755181837,0.2271458924655752,0.3519544904822767,0.32502754849439974,-0.3013091689792597,-0.07711604072831843
100,6.711594104766846,1782105368.5128899,-1.244652690163659,-1.1867065410408548,1.2715646654515818,-1.57791328595623,-1.6971393146721434,0.7625836669663619,0.04823638496839777,0.034028644206413716,0.007276225121076507,-0.09825410359640152,0.044282867506671764,0.2150624140906876,0.006904316126048193,0.002105955425123096,0.025990685623942453,0.004516059540207729,-0.0038064533599265205,0.0017468034668681742,0.12092262456767039,0.44845803857127625,0.11096321681921106,-0.0935054508815009,0.24718228792434954,1.0122483243886207
101,6.785877466201782,1782105368.5871732,-1.2410454339778256,-1.1841436665973415,1.2722236353582939,-1.5854684676325914,-1.6937971177761642,0.7791199577810587,0.04985756548361486,0.0362905513849725,0.009419470443754463,-0.09961188840223656,0.045807470334896294,0.2212470276665064,0.010506706560591494,0.025715133137130364,0.017022276413296213,0.010929351472395599,0.025096724973963702,0.04230480797556124,0.0052247652126004435,0.017446760682021275,-0.19760212485869935,0.11844975740085223,0.22971372590964784,0.18769114040900517
102,6.86073899269104,1782105368.6620347,-1.2372151837718863,-1.1812919138347429,1.272970167961728,-1.5927674571342734,-1.6903064186439332,0.7955799468110669,0.04979026876655901,0.03785842881104706,0.009801277989348378,-0.09659014139919542,0.04803122372324431,0.2213244213388581,0.007633333462806535,0.004359361420373548,-0.0035698938214333564,0.022219514516980232,0.030269161623772523,0.02932405296481022,0.05249046561848644,-0.31600181514267695,-0.23954649953014945,0.20662196511334924,-0.13608344579225243,-0.46219490168106436
103,6.934289455413818,1782105368.7355852,-1.2336523893729647,-1.1785244103520087,1.2736787067238375,-1.5998059672060616,-1.686672353591422,0.8119633815598597,0.05096826686250111,0.03698063834705145,0.008912190376911155,-0.09626708425026465,0.05029831018654818,0.22552553768070283,0.018060726978487707,-0.021103448569578825,-0.0186216279399498,0.041449474017625554,0.005433598870213663,-0.025539822601672535,-0.0881604531512159,-0.30901076961572377,-0.037825151691932686,0.3474370303223842,-0.28227559613674197,-0.7660987547955056
104,7.005823850631714,1782105368.8071196,-1.2298305140716372,-1.1759240115818435,1.2742660598732638,-1.606732083598676,-1.6830124315760835,0.828289253186332,0.052402475905279466,0.03483310158617492,0.007125544635118608,-0.09072382195512851,0.04892052926614099,0.2179477027871881,-0.004243001282152381,-0.040621299570607644,-0.00972117195553944,0.07228541751265705,-0.010905037661414652,-0.08174508794937774,-0.38496151166368686,-0.0580390311958886,0.2734933922495151,-0.08171993026201643,0.05651445840315916,0.1464977180715073
105,7.08449387550354,1782105368.8857896,-1.2257966578610582,-1.1733150781548183,1.2747327348992215,-1.6133417142303603,-1.6793578745278948,0.8445461184185263,0.04996697780821613,0.030720315390398767,0.007680591729549491,-0.08548748851727339,0.04878551407406739,0.21360946893121646,-0.0408585217261348,-0.02660270969114467,0.02469183120171261,0.021491705632869618,0.01819124451851989,0.010432087953007319,-0.17771144541272624,0.286907125831803,0.22858910276544558,-0.43209628441630404,0.20453165677872,0.503851547204564
106,7.157372951507568,1782105368.9586687,-1.2222434645223057,-1.17124112582477,1.27541054064433,-1.6196712329863032,-1.6756450374777683,0.8605838970441146,0.04632084569469974,0.030515050423600698,0.01067082388680518,-0.08696400039105967,0.05145531584170371,0.21879712660102157,-0.03438470915450137,0.001646463798825909,0.02725110429574131,0.0044192313130412275,0.021935804642085555,0.00206335638415589,0.27338969221312137,0.05500672016620006,-0.10461560227615756,0.03379688879742915,-0.12250677666771838,-0.4094436676096265
107,7.229917526245117,1782105369.0312133,-1.2190588868946848,-1.1688788415035556,1.2762836103630866,-1.625988260293242,-1.6718753951525436,0.8763652383511233,0.044956185228068435,0.030956771275121753,0.011652743797993637,-0.08486130017780447,0.05198530897018827,0.2139556639895721,-0.0012243824842555484,-0.018381425122523443,0.009571515131706301,0.026227655025564012,0.0004919258449913588,-0.04891406024346123,0.26079868166888676,-0.7320224539656046,0.1007309626435125,0.9666375055772566,-0.4465429212183455,-1.708562448278488
108,7.304606676101685,1782105369.1059024,-1.2156197930781907,-1.1666902371970234,1.2771245539810632,-1.6321560305421259,-1.6679909502283097,0.8920697856837324,0.04621712337573847,0.027702176210301133,0.012062820703924615,-0.08311440627498001,0.051498086379652364,0.21167290585620524,0.0031592290083490293,-0.10811645328074027,0.04358128016651899,0.14963974069009423,-0.044467377079742576,-0.2538727010655095,0.016952059281576934,-0.9316241976779864,0.4782438421559281,1.6258920273193485,-0.43231327074618564,-4.087334216261312
109,7.377177000045776,1782105369.1784728,-1.2122536948938423,-1.1647927467632186,1.2780566180299806,-1.6382254081792194,-1.6642896832142422,0.9075301993561786,0.04547874111431316,0.01530522313953675,0.017911374066859942,-0.06335284928722729,0.0455955793011249,0.1775033877757286,0.0014463368065114057,-0.15669910930306147,0.07990181504163273,0.265766159057164,-0.06387897323713926,-0.6452015583357755,0.18076862541429614,-0.1263153321981137,0.25030548932332464,0.27248376859451207,0.19247959179111432,-2.4969245566707547
110,7.461910724639893,1782105369.2632065,-1.2084896692207385,-1.1645685102784074,1.280075700043732,-1.6415869564183543,-1.6609611367846782,0.9190548354332134,0.0467510327015912,0.003425254263417443,0.02461351505026066,-0.0414808203872532,0.0419099018961564,0.1055831447544966,0.03698322911951307,-0.11366619020070087,0.07635917751631788,0.15749687441139068,-0.0020623213755502356,-0.5703081798372611,0.15745289528474551,0.3396567218896446,-0.0958931190716732,-0.8337837993144104,0.3324146387442812,3.230616480455989
111,7.538893461227417,1782105369.3401892,-1.204727739375061,-1.1642503488192835,1.2820254166653609,-1.644906780445667,-1.6575510303007421,0.9250548354332134,0.05113456554865081,-0.0034690368998546717,0.03030040311638693,-0.036394400782592484,0.044649124017466235,0.08115575380053919,0.030783958730662975,-0.09928279366688632,0.06519438231207081,0.12436188660335801,-0.004247393970945257,-0.157473051816426,-0.21389407476429448,-0.019952886612527476,-0.10237254026791853,0.30172746423711705,-0.32083842038517674,3.6275510672025266
112,7.6102073192596436,1782105369.411503,-1.200931347751573,-1.164999941196,1.2845148319679955,-1.6470576143377502,-1.654343668731465,0.9310548354332134,0.05160184030925841,-0.011191829910401907,0.034376384959573514,-0.0236749174602906,0.04171498035844756,0.08048495849473003,0.006719864517169771,-0.11436690103480805,0.060711847279663805,0.19424674112421855,-0.04644787270427356,-0.013406372133823119,-0.10449719607825678,-0.2511544026636938,0.05120807089863827,0.7308416080395966,-0.34663855072898625,1.0706230475558751
113,7.688670635223389,1782105369.4899664,-1.1970234842143976,-1.1659368499806562,1.2871662337631387,-1.6483553631252241,-1.651352034200229,0.9370548354332134,0.05214356291355848,-0.020689791558893944,0.03944705242557589,-0.007062110847519065,0.03761265300832761,0.07908772059973135,0.018630445708773813,-0.1374951696691295,0.07457693786139571,0.23008457029730833,-0.05248531705479875,-0.011376362866074796,0.28400070556406715,-0.4257635058261062,0.28305542110791804,0.6168435294297696,-0.0803207888226734,-1.3076591227415777
114,7.762250900268555,1782105369.5635467,-1.1930253819290986,-1.16806290565903,1.2904589900852899,-1.6482210406036415,-1.6486200317365862,0.9430548354332134,0.05432352330417256,-0.031941477449373146,0.04562115937072431,0.011134261812520307,0.033736835576062774,0.07869440247233417,0.04864941955738128,-0.17786197699351453,0.10274232465059852,0.28651896628907825,-0.05862820082669615,-0.19960939262925104,0.43996048603578997,-0.6179682614704782,0.4504062526546374,0.8264540572852044,-0.14003060466722955,-3.2838368794314228
115,7.841592788696289,1782105369.6428885,-1.1887163707713806,-1.1708578967495753,1.2941531448907897,-1.6465412212368273,-1.6462335504416585,0.9490548354332135,0.05981091940870087,-0.048187527311540634,0.05538413796760011,0.03722261462909415,0.028575812501314246,0.04623682715697264,0.08629314721019027,-0.23282674093839922,0.14426376187587991,0.3571799027484698,-0.07457619286233794,-0.5222368403158343,-0.07378766561701366,0.44035258391795484,-0.2382329223781846,-0.7004109614800296,0.09130134055277411,-0.5168575707450151
116,7.913931131362915,1782105369.715227,-1.1840269069278795,-1.1751984763523604,1.29874152296657,-1.6427900068494663,-1.6442655272059157,0.95046148407026,0.06718311282112754,-0.06688090975406613,0.06721908460655435,0.0649315416002576,0.022552674653539384,0.0009963750405033167,0.04479757529446904,-0.12624028895852268,0.07680348514711571,0.2015821727762345,-0.04869322747665303,-0.3255294659259567,-0.5315248137265791,1.494170103883582,-0.9138934848392923,-2.2368019310862035,0.4705837904507046,3.3960717092438593
117,7.9901604652404785,1782105369.7914562,-1.1787163019180298,-1.1808491945266724,1.30417001247406,-1.6367900068494663,-1.6429201364517212,0.9490554332733154,0.06600996873403009,-0.06588650169308163,0.06610099506487543,0.0657210809249893,0.021617832720005836,0.00027002419997490534,0.0076622288792462245,-0.010675727295292314,0.008637947174844063,0.02417754428421559,-0.0037614001590040858,-0.012281836904867954,-0.2491683292867325,0.7585460497908871,-0.4508302282234492,-1.4094713723118577,0.28733323802595584,2.0344357126493553
118,8.06530499458313,1782105369.8666008,-1.1740268468856812,-1.1851897239685059,1.3087584972381592,-1.632813572883606,-1.6410017013549805,0.9504620432853699,0.0682933162712569,-0.06844583742608101,0.06847644023125277,0.06856161896757662,0.02196498190093088,-0.0008568428891448931,0.006567342983585023,-0.009784532117840916,0.007604441526732675,-0.013752003940514568,-0.00454771780896418,-0.013099503699366508,-0.10965645677003359,0.12034955040728754,-0.1132483393500424,-0.8888216092026828,-0.02951514592260273,0.04389812529279946
119,8.137144804000854,1782105369.9384406,-1.168716311454773,-1.1908406019210815,1.3141870498657227,-1.6268136501312256,-1.639668583869934,0.9490560293197632,0.06712923208723076,-0.06748158635361445,0.06737391419723604,0.0640329956852792,0.021008648913564798,-0.0016676568157238947,-0.007840906728264707,0.006312482396137575,-0.007364640545802603,-0.10398266314462301,-0.007976516227637648,-0.006183599612679773,0.01856978998423755,0.553422439197324,0.008081186300992776,-0.7706258965971344,0.03125828466177136,0.13581202725839045
120,8.215692043304443,1782105370.0169878,-1.1640268564224243,-1.195181131362915,1.3187756538391113,-1.623457431793213,-1.637807846069336,0.9504626393318176,0.06723157097143151,-0.06759635069115255,0.06748097494638827,0.052349061808104835,0.020840333557194057,-0.0017151269943020964,0.012436835377162392,0.07806753438145936,0.01185892696732399,-0.12282899521219126,0.0012621838629573445,0.007880102523305422,0.041833136644238704,1.3232643705814757,-0.0626809672417574,-0.1403547689648904,0.0304725569717456,0.1226006759307334
121,8.287358045578003,1782105370.0886538,-1.1587163209915161,-1.2008321285247803,1.3242043256759644,-1.6190767288208008,-1.636500597000122,0.9490566253662109,0.06885089087715013,-0.056801376499405976,0.06901715964573896,0.045241337852706565,0.021153436575927387,-0.0005956133874551739,0.0012897644665139096,0.19969232384372704,-0.01273461845528745,-0.12637626414311445,-0.002252310601020213,0.012975467447668894,-0.06533156554775876,0.6963483576663386,-0.8111829932336364,-0.000958403021654286,-0.04209401566459126,0.04008730781712729
122,8.361283302307129,1782105370.162579,-1.1540268659591675,-1.2033497095108032,1.3287930488586426,-1.616943597793579,-1.6347147226333618,0.9504632353782654,0.06732156239297016,-0.03829770611146266,0.06547009490874522,0.03382495180170508,0.020482027151926374,0.00016184414785591628,0.0033391720049513185,0.17485656054075413,-0.10839028513175514,-0.12274575011534425,-0.004834457074429199,0.013574129836866882,0.029080219252547737,-0.5448613738713731,-1.2202729291170187,0.15220611080538393,-0.03794886001341068,-0.004248413370590773
123,8.435827016830444,1782105370.2371228,-1.1487163305282593,-1.2065234184265137,1.3339288234710693,-1.6140486001968384,-1.6334642171859741,0.9490572214126587,0.06937649758450704,-0.030934313351936638,0.05284953273134896,0.027056759110303474,0.020440945876522676,0.0014238572153253415,0.005608960866240742,0.11853783917795904,-0.1938157700086331,-0.10365032559714404,-0.007890289556261726,0.012329374270330758,-0.18404328243376622,-0.47835073621642954,-0.3747129506221677,0.23660182100250637,-0.12563663684454537,-0.1272714469943427
124,8.50515365600586,1782105370.3064494,-1.1440268754959106,-1.2079174518585205,1.3365581035614014,-1.6129323244094849,-1.6318107843399048,0.9504638314247131,0.06834962006900369,-0.021442572202155397,0.03783255935988272,0.019042183905902732,0.01942074684927242,0.0019819977739148342,-0.02097947113737131,0.10324532059597129,-0.17006626020579643,-0.08850878924674596,-0.0220575739892081,-0.0036230948550893633,-0.033371742211548254,-0.3524295264483682,0.5501520791006289,0.3237820713824758,-0.10874389388625536,-0.21020413645957395
125,8.58197021484375,1782105370.383266,-1.1387163400650024,-1.2096781730651855,1.33945631980896,-1.6112192869186401,-1.6306959390640259,0.9490578174591064,0.06621311473686564,-0.016377297465741236,0.028730416001931047,0.01454964038214257,0.017101462409925716,0.0007100457113633496,0.0062604748583197645,0.06495098631664918,-0.1101373292809624,-0.05466803316527494,-0.022272853860739378,-0.018076300706877577,0.23229361055636372,-0.35478942057211743,0.5770986184005834,0.31081873999124865,0.012784670331101089,-0.05458387637670331
126,8.65593409538269,1782105370.4572299,-1.1340268850326538,-1.210423469543457,1.3409404754638672,-1.6106951236724854,-1.629246711730957,0.9504644274711609,0.06910278509639944,-0.011643696712733131,0.021179223474188547,0.010777946364719071,0.01601809070664828,-0.0007350548990148198,0.014730764123144557,0.048945226867335614,-0.0819140713231125,-0.04091704017969546,-0.020217174981536773,-0.01260118080220517,-0.1211467239193052,-0.16854398289571143,0.2837682712597961,0.12988597807679353,-0.027423302292053475,0.12373946685051675
127,8.72713017463684,1782105370.528426,-1.1287163496017456,-1.2113598585128784,1.3425246477127075,-1.6096748113632202,-1.6283513307571411,0.9490584135055542,0.06848363606241215,-0.009190638775205429,0.016730160323703558,0.008555387616342003,0.014196993782510603,-0.0011568217706212636,-0.010045034292973432,0.04022519506146071,-0.06841421347084307,-0.03550943869076316,-0.025953682724181595,-0.0003843392242920867,-0.2233699074533967,-0.11642832980495774,0.1887243962426905,0.09132124651810022,-0.05463835499377678,0.05748020330604617
128,8.802771806716919,1782105370.6040676,-1.124026894569397,-1.2117366790771484,1.3433464765548706,-1.6094918251037598,-1.6271471977233887,0.9504650235176086,0.06761542996957726,-0.005684215617451471,0.01107912226265384,0.005524469574556434,0.012203672432178791,-0.0007406987897926598,-0.016925723443707075,0.031904635034688336,-0.0542103802867372,-0.027366736534606695,-0.028002355896708034,-0.005207196140467982,-0.5183386591440102,-0.12964941743178182,0.2107398109303829,0.11346342987298988,-0.01496449497213917,-0.016716023991126577
129,8.875500202178955,1782105370.676796,-1.1187163591384888,-1.2121992111206055,1.3441672325134277,-1.608872890472412,-1.6265194416046143,0.949059009552002,0.0660034964389764,-0.004374369676511947,0.008569835468456688,0.004422397421832258,0.010051713065614365,-0.001868222653429008,-0.08450882139653532,0.021101391050992596,-0.03727795208474908,-0.018708095035890007,-0.02824321906362988,-0.0031333142793232875,-0.834463996464298,-0.10792442882295548,0.18151703756079338,0.0764833084836671,0.03635205653467774,0.11830118786905487
130,8.956024885177612,1782105370.7573206,-1.1140269041061401,-1.2123744487762451,1.3446152210235596,-1.6088812351226807,-1.6255834102630615,0.9504656195640564,0.053639968296823604,-0.002399577832781219,0.005320559770304101,0.002598996434675982,0.007897420825058177,-0.001017672230328337,-0.14325267192928787,0.016032167492128394,-0.02723511230709576,-0.016344806762600615,-0.02177968066781391,0.014397853803565437,-0.26360483242558774,-0.07585145293370925,0.13048508138530662,0.05821537203088012,0.0642543451470778,0.058356730302252156
131,9.032099962234497,1782105370.8333957,-1.1102765798568726,-1.2125730514526367,1.34500253200531,-1.6084892749786377,-1.6252504587173462,0.9490596055984497,0.04348116756776044,-0.0017902529197133532,0.004191324617030645,0.0018082955554081792,0.006597982835994998,0.0003532900973688413,-0.1298209404127943,0.009334691412654209,-0.016893928192501847,-0.009841375484397953,-0.018042434289941935,0.007384288210855869,0.17788555587767718,-0.06107148003345696,0.08968334965219246,0.0699792121244725,0.020769724228020786,-0.14393103652759845
132,9.106764078140259,1782105370.9080598,-1.1074563264846802,-1.2126466035842896,1.3452495336532593,-1.608599305152893,-1.624595046043396,0.9504662156105042,0.034060476677331586,-0.0009961788327146337,0.002779714617965112,0.0011139712973022853,0.005180406788946712,0.00012516752804270226,-0.11644205581400291,0.006750910934678362,-0.013587011350344092,-0.005752840811333691,-0.018569592705261137,-0.007153546818731581,0.2299796139411533,-0.03661218035765024,0.05327715147963568,0.03581335737321499,0.02509660615321746,-0.04264391022883362
133,9.181911706924438,1782105370.9832075,-1.1051775217056274,-1.2127223014831543,1.3454184532165527,-1.608319878578186,-1.6244778633117676,0.9490602016448975,0.02604622181323002,-0.00078265562583546,0.0021609911279441008,0.0009498930616071988,0.003816443775884082,-0.0007223711578925318,-0.09531801699312717,0.0038478098900086035,-0.008903666790785237,-0.004494494209738263,-0.014251470596053136,0.001143257392056119,0.31416234151279865,-0.02698273067217834,0.049400862903919485,0.0065608884896612325,0.06611824446072656,0.12463616681209418
134,9.260093450546265,1782105371.0613892,-1.1034891605377197,-1.2127652168273926,1.3455803394317627,-1.6084707975387573,-1.6239959001541138,0.9504668116569519,0.019515558486251194,-0.0003999660377198566,0.001410371781322084,0.00041052602747271294,0.0030193752661151763,0.00037736111233499514,-0.06806706434514356,0.0026857831166691134,-0.0060923988668499796,-0.004809910978050084,-0.008378134376226327,0.012044929044648224,0.3121472047160485,-0.015519034696647387,0.032355877022037786,0.01740137024885357,0.04468212257277279,-0.013155460161420166
135,9.339933395385742,1782105371.1412292,-1.1021006107330322,-1.212785005569458,1.3456391096115112,-1.60824716091156,-1.6240112781524658,0.9490607976913452,0.01534198062112857,-0.0003656475620239519,0.0012100191489334833,0.00019682416224142685,0.0024986064333649693,0.0011742139074488733,-0.046114025512636575,0.001393267570082383,-0.003802809623927275,-0.0016728567557844907,-0.007292754760079576,-0.0014470257324945284,0.1845762932054592,-0.009237455308193695,0.01681963461232354,0.02673150246143256,0.00807936039830083,-0.1218319440771902
136,9.414798974990845,1782105371.2160947,-1.1010959148406982,-1.2128206491470337,1.3457629680633545,-1.6084152460098267,-1.6236352920532227,0.9504674077033997,0.01232208621420483,-0.00019370613065028408,0.0008345227745998329,0.00014205068488948314,0.0018985686085297715,0.0002636471817627495,-0.03864087114887572,0.0011896947623818623,-0.003376015310872303,-0.0005533337038762535,-0.007075053869932851,-0.007257669292032556,0.1031870056693441,-0.0037906580349249637,0.007620603580222592,0.014451384142033081,0.004347899397267568,-0.07047992372271553
137,9.490714073181152,1782105371.2920098,-1.1002449989318848,-1.2128136157989502,1.3457632064819336,-1.6082206964492798,-1.6237316131591797,0.949061393737793,0.009519270243503186,-0.0001886044455563507,0.0007044469605386183,0.0001137689930850172,0.0014338115500382997,9.026559708757986e-05,-0.03054830388839129,0.0008194447404662455,-0.0026497118833676736,0.0005050708109817507,-0.006634131722579534,-0.012058956001006217,0.09629822895391638,-0.0019868653966169415,0.004788038029095085,0.014503457593071837,0.0018446741797247673,-0.0806254283491748
138,9.566277027130127,1782105371.3675728,-1.0996527671813965,-1.2128490209579468,1.3458691835403442,-1.608396291732788,-1.623420000076294,0.9504680037498474,0.007690211258141844,-7.010680429786476e-05,0.0004338074573073669,0.00021794116729800805,0.0008940030647952568,-0.0015561514836681667,-0.024046564246788922,0.0008866973828087637,-0.0026473744558992035,0.0016432272555937297,-0.00679284130045987,-0.01945844002248765,0.052450870538073735,-0.004050846039062859,0.009292603280099449,-0.008205257890908414,0.022912851985073757,0.09259605346062785
139,9.635995149612427,1782105371.437291,-1.0991261005401611,-1.212828278541565,1.345837116241455,-1.6082175970077515,-1.623565435409546,0.9490619897842407,0.006023970494804409,-5.2125694388394095e-05,0.00030933465209237454,0.0003495252138048244,0.00044299605776387807,-0.0027628637406342804,-0.022550679945961695,0.0002864567728551224,-0.0014037510675653036,-0.00042552657641184693,-0.0035864154771288945,-0.0007474911867349767,0.04876617526557514,-0.0065717957482154,0.01577985321030287,-0.02657554613036022,0.04431597145792145,0.2318213326352829
140,9.716796636581421,1782105371.5180924,-1.0987826585769653,-1.2128652334213257,1.3459341526031494,-1.6083966493606567,-1.6232928037643433,0.9504685997962952,0.004328171512161916,-2.6306393090536062e-05,0.00023164709313583387,9.854642354767407e-05,0.00042315385615587786,-0.001272381562066549,-0.01605280594460808,-5.372630736559433e-05,-0.0003214429697478325,-0.0022827927996216506,-0.00016250657643684593,0.01456041552528409,0.07513272012947583,-0.0016574348294467525,0.0060418100618739095,-0.0011760481012149729,0.014735311860852252,0.02094175589985955
141,9.792078018188477,1782105371.5933738,-1.0984513759613037,-1.2128369808197021,1.3458836078643799,-1.6082268953323364,-1.6234679222106934,0.9490625858306885,0.0034657863189124782,-5.653127747606845e-05,0.0002523383280212954,-1.555880753301153e-05,0.000416745881000935,-0.00044879759511129436,-0.010767394662660097,5.401829755176499e-07,-0.0003823239349086381,-0.00084164426205333,-0.0009917682705599359,0.004317986032485021,0.04799998387095596,0.0007645988349100218,-0.0007146499420447546,0.011732784782843418,-0.005914586081292735,-0.08333722567642296
142,9.869229078292847,1782105371.6705248,-1.0982578992843628,-1.212875485420227,1.3459761142730713,-1.6084076166152954,-1.6232188940048218,0.9504691958427429,0.002689476242719202,-2.4702040825275162e-05,0.0001708805909323985,-2.7195569085591842e-05,0.0002685438164213849,-0.0006392502601570982,-0.008820128950987358,6.298898866886134e-05,-0.00043002270556185456,-0.0005223911643721786,-0.0010447703933398615,0.002056698324697786,0.022386338887150026,-0.0014006888013317704,0.0035876600690726325,-0.00355337819662966,0.009366381780305915,0.03737016115653155
143,9.943750619888306,1782105371.7450464,-1.0980443954467773,-1.2128431797027588,1.3459148406982422,-1.6082429885864258,-1.6234118938446045,0.9490631818771362,0.0021215935863025948,-4.517050947328016e-05,0.0001838806519991465,-9.287048486328331e-05,0.0002537535852269457,-0.00016024579459017474,-0.00735725045224817,-0.00020048088016730932,0.0001400836950199815,-0.0013408343108074715,0.0003768851553062054,0.009641318779545572,0.019350774833593515,-0.0015164049330821476,0.0037806324213633877,-0.004696138819081828,0.010265583967005002,0.04558406474821528
144,10.01892638206482,1782105371.8202221,-1.097941279411316,-1.2128828763961792,1.3460049629211426,-1.6084245443344116,-1.623177170753479,0.9504697918891907,0.0015884614909964512,-5.4615996255336086e-05,0.00019180558262554825,-0.00022851877930385456,0.0003257186298029069,0.0008082524125407886,-0.005923737449830308,-0.00016135929610651498,0.00013084241858911253,-0.0012171288631989195,0.00048037987869811835,0.008806661294183988,0.022081958869427553,0.001740793516434921,-0.0027930377799777416,0.009170456070648508,-0.008057210716722503,-0.07271085489019727
145,10.097479820251465,1782105371.8987756,-1.0977987051010132,-1.2128483057022095,1.3459373712539673,-1.6082630157470703,-1.6233811378479004,0.949063777923584,0.0012190101616287308,-7.022282510327216e-05,0.00020417055690735708,-0.00027592227846007233,0.00032430792447968315,0.001165438660462037,-0.003941796477350189,7.555929939957702e-05,-0.0003077305111400003,0.00012090794178700576,-0.0009269045092655814,-0.001961996919073154,0.018123235928472998,0.002000675992910069,-0.0035280437828939513,0.010327602208950203,-0.010302867362307962,-0.08256032516734896
146,10.171247243881226,1782105371.972543,-1.0977500677108765,-1.2128888368606567,1.3460261821746826,-1.6084449291229248,-1.623154878616333,0.9504703879356384,0.0009809776425475647,-4.5651778016519984e-05,0.00014924849650377325,-0.00021682438265457904,0.00019296714759597933,0.0005698061006844668,-0.0030972322346081178,0.0001528082094821689,-0.0004256242061577984,0.0004182136597590731,-0.0011596055844071847,-0.004275030057630934,0.009589524621660427,8.645290155226063e-05,7.671902498708168e-05,0.0010355375863753658,0.0005439159995001153,-0.005878578428870155
147,10.247271060943604,1782105372.0485668,-1.0976502895355225,-1.2128528356552124,1.3459548950195312,-1.6082851886749268,-1.6233654022216797,0.9490643739700317,0.0007556655441289806,-4.815950093117749e-05,0.00014187694328171574,-0.0002150320208524903,0.0001534538508636274,0.0005424848801887094,-0.0025138895034556488,8.41072515131162e-05,-0.0002885646073994898,0.0002623009292975977,-0.0008284851269733886,-0.002725825020757659,0.008872565227605602,0.0016612060484291074,-0.0032973409531828497,0.008124482841236208,-0.008415202215782099,-0.06257228787147047
148,10.321144342422485,1782105372.12244,-1.0976344347000122,-1.2128938436508179,1.3460428714752197,-1.6084673404693604,-1.623144268989563,0.9504709839820862,0.0006022455791754311,-3.3540848322743955e-05,0.00010680593232947899,-0.00017851848346417398,7.008874574232493e-05,0.00017124714020155807,-0.001772346223557261,0.00039094246373768,-0.0008982600233617087,0.0015929042762139634,-0.002366869240304533,-0.013302705996056588,0.008589115661647134,0.0025777473395655524,-0.004985023491676679,0.011453115881312826,-0.013039785235232162,-0.09149600011961753
149,10.39567232131958,1782105372.196968,-1.0975604057312012,-1.2128571271896362,1.345969319343567,-1.6083086729049683,-1.6233588457107544,0.9490649700164795,0.0004930475462643358,1.011075778656334e-05,8.017018670258835e-06,2.2801898564850376e-05,-0.00019942124301586261,-0.0014425398343673734,-0.001241159540565342,0.00046457573520367675,-0.0010240500012467155,0.001953331575409942,-0.002753367079625497,-0.01623597737390795,0.0037601933585976084,-0.0035974412168385686,0.007773615274524137,-0.015390900873655747,0.019824625517890847,0.12302778100224296
150,10.47638726234436,1782105372.277683,-1.0975643396377563,-1.2128984928131104,1.3460569381713867,-1.6084909439086914,-1.6231406927108765,0.9504715800285339,0.000412451615103393,3.7020153552447255e-05,-4.8285272807646606e-05,0.00011508329736109602,-0.00034623187781868126,-0.002279455671520658,-0.0012319971288647308,-0.00022662979288746562,0.0004304733333655019,-0.0010571007718275004,0.0010330881301704828,0.007889238535827814,-0.0014949705460709697,-0.006850484893328447,0.014179247106963345,-0.0290681422141121,0.037805893268991704,0.24069737842130012
151,10.547749757766724,1782105372.3490455,-1.097505807876587,-1.212861180305481,1.3459819555282593,-1.6083329916000366,-1.6233577728271484,0.9490655660629272,0.0003098026358223649,-1.4486321232354271e-05,5.3605240028176127e-05,-9.918552336429798e-05,-9.256697983239803e-05,-0.0005644933541448793,-0.0014401673347001287,-0.0006074145499520088,0.0011999810654509842,-0.0026122810805579697,0.003156507357598677,0.021394159470352787,0.0005222599770601036,-0.0010830517246623065,0.0022990819076207382,-0.00445325180362277,0.0071487564608348495,0.04316924951192859
152,10.621232509613037,1782105372.4225283,-1.0975216627120972,-1.2129029035568237,1.3460694551467896,-1.6085152626037598,-1.6231414079666138,0.9504721760749817,0.00020384268596895794,-5.0468877808462764e-05,0.00012454591248989288,-0.00026161371488164775,0.00010926002981292982,0.0008080359562043782,-0.0011415490205421933,-0.0003652024238529791,0.000726973453404409,-0.0016275127464688093,0.0019712636795752372,0.013513465496459647,0.005616505534798049,0.003767798072902326,-0.007500722300466547,0.015899935990420003,-0.020052577046777834,-0.13208794950366765
153,10.697937965393066,1782105372.4992337,-1.0974724292755127,-1.2128653526306152,1.3459936380386353,-1.6083576679229736,-1.62336003780365,0.949066162109375,0.00014033423315495952,-6.851555946241206e-05,0.00016121758720011314,-0.00033977924428896245,0.00019838670078087262,0.0014310506815213841,-0.0005864070802998445,-3.8429260346494127e-05,6.645448276817014e-05,-0.0002078406678042129,0.00011900677121245247,0.0013924761684782992,0.006435183088766504,0.004772425071407683,-0.009875227604834792,0.020845666146198212,-0.026113308754019217,-0.17129935281413394
154,10.769104242324829,1782105372.5704,-1.0974955558776855,-1.212907075881958,1.346081018447876,-1.6085399389266968,-1.6231446266174316,0.9504727721214294,0.00011455035047891471,-5.825344045007341e-05,0.0001387681807933916,-0.0003010096923645733,0.00013799451207852087,0.0010858058661602499,-0.00018140184384166948,0.00033503358745057884,-0.0007197948483441089,0.0014300106450923456,-0.0018691665905864923,-0.011675064046784103,0.0033357230240463713,0.002463065444402818,-0.005135308655313094,0.01088946418190964,-0.01292473299343029,-0.0858601617208796
155,10.844391822814941,1782105372.6456876,-1.09745192527771,-1.21286940574646,1.3460047245025635,-1.6083825826644897,-1.6233643293380737,0.9490667581558228,0.00011530152107219749,-1.783007905054035e-05,5.237149555448184e-05,-0.000122840734993801,-8.40156051040708e-05,-0.0003366822007233594,-0.00011785308535981667,0.00029867849591569694,-0.0006354836015043154,0.0012841281892132157,-0.0016465469297931884,-0.010352948966406077,-0.0007057279760265896,-0.0024833564598702117,0.005248067995997603,-0.01065211326466304,0.01344685716923508,0.08612472385921921
156,10.921077728271484,1782105372.7223735,-1.0974793434143066,-1.2129112482070923,1.3460919857025146,-1.608564853668213,-1.6231493949890137,0.9504733681678772,9.62789893703686e-05,-1.3534692028471795e-05,4.363690790576413e-05,-0.00010891141432267659,-0.00010856111878787544,-0.00046345955700388686,-0.00029302830597148835,-4.801732941606177e-05,8.942471819861896e-05,-0.0002134257137412117,0.0002040082757706056,0.0016071402631938044,-0.0005104332611229298,-0.0019630370023258105,0.004119160024025519,-0.008520790961043348,0.010474426095924244,0.06735314030087194
157,10.99585771560669,1782105372.7971535,-1.0974390506744385,-1.2128734588623047,1.346015453338623,-1.6084076166152954,-1.623369812965393,0.9490673542022705,7.108701735791811e-05,-2.4711448949332748e-05,6.515087797076546e-05,-0.0001536802347210653,-5.508821725186408e-05,-0.00010552872116686984,-0.00020184405732269554,-8.283967885038679e-06,8.507541701840114e-06,-4.791884873892244e-05,-8.616564978387777e-06,0.00018231982406567704,0.001483485526141332,0.0010314230486775087,-0.002160785308281296,0.00440466296913779,-0.005439865458257393,-0.03589230117422933
158,11.071075677871704,1782105372.8723714,-1.0974690914154053,-1.2129154205322266,1.3461027145385742,-1.6085898876190186,-1.623155117034912,0.950473964214325,6.612142679163213e-05,-1.4653243317397369e-05,4.466774968037157e-05,-0.0001156152968739832,-0.00011048935509627711,-0.0004401567566416631,-7.027648669662991e-05,0.00010713334630489182,-0.00023563631521319548,0.0004491898888178984,-0.0006142414767013704,-0.0037914244595667933,-0.00014904870496273265,-0.0006077010804746747,0.0012480319977249581,-0.002454898346212509,0.0037836220090804837,0.023170872402775874
159,11.144548177719116,1782105372.945844,-1.0974308252334595,-1.2128775119781494,1.3460259437561035,-1.6084327697753906,-1.6233760118484497,0.9490679502487183,6.065227447482613e-05,-8.690004300149212e-06,2.9987441648060553e-05,-8.669375053571571e-05,-0.000146842052210161,-0.0006715455232884082,-0.00021745659075051487,-9.125204068670811e-05,0.00017857232126788268,-0.0003816648666518615,0.0005131354466111906,0.0033653735142207203,-0.001465358856647945,-0.002182146898117291,0.004570954639035191,-0.009189954806908795,0.012078997775499804,0.0773440850955904
160,11.22070860862732,1782105373.0220044,-1.09746253490448,-1.2129195928573608,1.3461130857467651,-1.6086150407791138,-1.6231614351272583,0.9504745602607727,3.279984821524806e-05,-2.9251386944650903e-05,7.345937186364893e-05,-0.00017696908913400478,-2.8189867716577055e-05,9.907669308173439e-05,-0.0002865981787525593,-0.00021655214099976878,0.00044248999069632425,-0.0009143333180998115,0.0011752999837268455,0.007671964670911694,0.0005471491109693675,0.00010194505247796678,-0.00021670613897284028,0.00037547495466410145,-0.0008547792570707774,-0.005070509322430843
161,11.297263622283936,1782105373.0985594,-1.0974254608154297,-1.2128815650939941,1.3460363149642944,-1.6084580421447754,-1.623382568359375,0.949068546295166,1.6946898115044462e-05,-4.17185924028729e-05,9.746098176499629e-05,-0.00022611215347012603,3.234167120602649e-05,0.0004981463231690242,-0.0001327472683080032,-7.430108840977747e-05,0.00014256471868266576,-0.00031849321626185477,0.00037504209705157947,0.0025422765990117165,0.001918207553107134,0.001959089934994251,-0.004003742974223044,0.008111519186254709,-0.010377795915217227,-0.06747861086964949
162,11.37181305885315,1782105373.1731088,-1.0974581241607666,-1.2129237651824951,1.346123456954956,-1.608640193939209,-1.6231681108474731,0.9504751563072205,1.2446893960849081e-05,-4.082915432856993e-05,9.56782852323812e-05,-0.00022637519772672476,3.0126064290314503e-05,0.0004937977568291174,3.6136141778604327e-06,7.907550279960215e-05,-0.0001621530739735441,0.00031005349170068583,-0.00039313033128841185,-0.0025224850578685815,-0.0009688536150930836,-0.001211000452944222,0.0025345971768817054,-0.0049516927781049005,0.00721951269270458,0.045170736458993166
163,11.448349952697754,1782105373.2496457,-1.0974217653274536,-1.2128856182098389,1.3460464477539062,-1.6084833145141602,-1.623389482498169,0.9490691423416138,1.7750555914020083e-05,-2.9500912952507008e-05,7.240505152594778e-05,-0.00017800423266400855,-2.8518728283799533e-05,0.00010710794899182474,-0.0002903978167592148,-0.00027043141431209994,0.000552180682410399,-0.0011205315495492708,0.0015363955347157164,0.009822549208546041,-0.002271969499098231,-0.002792401103382691,0.00571143689929041,-0.011508392044854002,0.015311599368517226,0.09823536162536121
164,11.52445936203003,1782105373.3257551,-1.0974550247192383,-1.2129278182983398,1.3461335897445679,-1.6086654663085938,-1.6231749057769775,0.9504757523536682,-3.157459139835339e-05,-8.175275445321262e-05,0.00017923659434426753,-0.0003959260245132157,0.0002626879880267552,0.0019804915344483476,-0.0003445322270500486,-0.0003486867795732123,0.0007127644980618538,-0.0014527841455282682,0.0019525682428842873,0.012526543386849304,0.004004026657087312,0.004321835894312134,-0.008788654765303067,0.017979662144577666,-0.024390093248663713,-0.15572899794316625
165,11.609686613082886,1782105373.4109824,-1.097419023513794,-1.2128896713256836,1.3460566997528076,-1.608508586883545,-1.6233965158462524,0.9490697383880615,-3.196811278805001e-05,-7.922692812911691e-05,0.00017404652026264955,-0.0003851297133383724,0.0002502893583411492,0.0018944655969734825,0.0004467357110706416,0.0005302445284314248,-0.0010763988627345551,0.0022121334643165277,-0.0029757193147100535,-0.018998855856244105,0.004402608935691939,0.004832214972474492,-0.009877563230334332,0.02016887276105153,-0.02701536855646013,-0.17297924582939822
166,11.68615198135376,1782105373.4874477,-1.0974526405334473,-1.2129318714141846,1.3461438417434692,-1.6086907386779785,-1.6231818199157715,0.950476348400116,3.3156438781212216e-05,-4.337732391945792e-06,2.2071522437272506e-05,-7.290689734418265e-05,-0.00017141677632892538,-0.0007924442030535772,0.00044848399844184635,0.0005237503729250761,-0.0010691339690114927,0.002187923769368699,-0.0029277699143413372,-0.01871630438215318,-0.0037934391952112755,-0.004340007521503513,0.008732287002887314,-0.017928698053233088,0.024280171294232013,0.15485375879422844
167,11.759443521499634,1782105373.5607393,-1.0974169969558716,-1.2128937244415283,1.346066951751709,-1.6085338592529297,-1.6234036684036255,0.9490703344345093,3.770174160067086e-05,2.0405104361742588e-06,8.22782531706423e-06,-4.569217327876629e-05,-0.00020424640020166862,-0.0010105119119350192,-9.763617729207058e-05,-9.325235088317169e-05,0.00017763280420622,-0.0003633375797875509,0.0005133782865559389,0.0032519743859542767,-0.003158521290873027,-0.003492397285162305,0.007153078580081588,-0.01444792247174383,0.019884959562674793,0.12651491738229864
168,11.83682632446289,1782105373.638122,-1.0974507331848145,-1.2129359245300293,1.346153974533081,-1.6087160110473633,-1.623188853263855,0.9504769444465637,1.710234599450189e-05,-1.990477050206607e-05,5.191897855638672e-05,-0.00013383169773284465,-8.597834895596179e-05,-0.00025007768314022627,8.682376191980002e-06,3.89684567606133e-05,-7.426311737861894e-05,0.00018225411503151518,-0.00015927090447160415,-0.0011107177653473356,0.001795297224558814,0.002049363875631707,-0.00408098891091581,0.008367314267860524,-0.010908151559659695,-0.06991437042156635
169,11.913142681121826,1782105373.7144384,-1.0974153280258179,-1.2128978967666626,1.3460772037506104,-1.6085591316223145,-1.6234108209609985,0.949070930480957,3.845395836954424e-05,7.346679649522514e-06,-1.8330939504096477e-06,-2.0478557420489096e-05,-0.0002251514922448905,-0.001158060255099791,0.00017740695923181655,0.00022101147463294586,-0.00044786256368084434,0.0009199224376237888,-0.0011585022356060005,-0.007465133037977285,-0.0008760139281581175,-0.0012137528367944627,0.0024139738316903024,-0.005342546548212847,0.006002355180525433,0.039794318912499696
170,11.99459457397461,1782105373.7958903,-1.0974491834640503,-1.212939977645874,1.346164345741272,-1.608741283416748,-1.6231958866119385,0.9504775404930115,4.4004696726496206e-05,1.3519173744924728e-05,-1.60166633538239e-05,5.300372075467408e-06,-0.00026169173751355856,-0.0013807805238421622,-0.00016229706098656762,-0.00019073389263525364,0.00038418646996342425,-0.0008199699109920047,0.0009904419543369921,0.006474031602352694,-0.0023529238848321123,-0.00277590056591385,0.005714779270783548,-0.011708499743142312,0.014685112794797615,0.09482357022845986
171,12.06999945640564,1782105373.8712952,-1.0974137783050537,-1.2129019498825073,1.3460873365402222,-1.6085844039916992,-1.6234180927276611,0.9490715265274048,1.568011156027893e-05,-1.946763568483334e-05,5.192746153603878e-05,-0.0001358621850506836,-8.655186545958315e-05,-0.0002497972864450304,-0.00021283220233227,-0.00024094851757315813,0.0005009473218714321,-0.0010290390822435807,0.001281179984452104,0.008297224795005834,0.0007295265758137097,0.0009021906337671237,-0.0018030205432309652,0.0038992893001037953,-0.004600545910822153,-0.03026067939491521
172,12.146444320678711,1782105373.94774,-1.0974477529525757,-1.2129440307617188,1.3461744785308838,-1.6087665557861328,-1.6232030391693115,0.9504781365394592,1.2027136213177414e-05,-2.2657236963041782e-05,5.9214107281491124e-05,-0.00014919340465269215,-6.932605947085335e-05,-0.0001348842103059411,-4.858721158539461e-05,-5.045234028277411e-05,0.00010337924418649705,-0.00021389078915566085,0.00027414026335230337,0.0017649422910671869,0.0003771182362342113,0.00042815968363422974,-0.0009704066747705702,0.0018793253058370738,-0.00197063728951095,-0.013297746728958691
173,12.22231674194336,1782105374.0236125,-1.0974124670028687,-1.212906002998352,1.3460975885391235,-1.608609676361084,-1.6234253644943237,0.9490721225738525,8.28035352373746e-06,-2.714244390134013e-05,6.766471384800354e-05,-0.00016839639487642444,-4.485123041320094e-05,1.8735406615455474e-05,-0.00015337009156852962,-0.00017337844780558622,0.0003483125223581909,-0.0007327664498099642,0.0009682399833616052,0.006189450266476473,-5.4048590734361176e-05,-8.498197416752608e-06,-1.8924115847521487e-06,4.5755473507096784e-05,0.0003461773877003484,0.0017555780173390372
174,12.298128604888916,1782105374.0994244,-1.0974464416503906,-1.2129480838775635,1.3461846113204956,-1.6087918281555176,-1.6232101917266846,0.950478732585907,-1.1224106764906594e-05,-4.894218904816228e-05,0.00011201895779677784,-0.00026028448617232414,7.746256023644094e-05,0.0008034539049299738,-5.6946190031452874e-05,-5.193650546439656e-05,0.00010348325997275488,-0.00020778390331248732,0.000327715584357303,0.002038083451572201,0.0023214766154869716,0.002686033951683474,-0.005449678503247358,0.011342618106271282,-0.014864692390641192,-0.09521656647418078
175,12.377355575561523,1782105374.1786513,-1.0974111557006836,-1.2129100561141968,1.3461077213287354,-1.6086350679397583,-1.6234326362609863,0.9490727186203003,8.505869431019164e-07,-3.35490771714575e-05,8.034530124234607e-05,-0.00019359708819699506,-3.021782310597132e-06,0.00027666054059949374,0.00021387934852535028,0.00025063287525004516,-0.0005121056023759049,0.0010566340705179486,-0.0013811730679005809,-0.00885537444340311,0.0011757092587186234,0.0012357468038191146,-0.002499493788381862,0.0051008457556146495,-0.007211591374767777,-0.04562164689842242
176,12.455383062362671,1782105374.2566788,-1.0974452495574951,-1.2129521369934082,1.3461947441101074,-1.6088171005249023,-1.6232173442840576,0.9504793286323547,2.226301876984138e-05,-9.66319066186827e-06,3.175548582845522e-05,-9.463572355805638e-05,-0.00013886334605750505,-0.0005838406432872034,0.00013327862874506387,0.0001485404644351804,-0.0003021212004607267,0.0006201990505940892,-0.000840522800249548,-0.0053548610454138,-0.0011522211125818817,-0.0013624205741845005,0.0028208032842676114,-0.005720987971328172,0.007468892452689621,0.04795523042530926
177,12.530946493148804,1782105374.3322423,-1.097409963607788,-1.2129141092300415,1.3461178541183472,-1.6086604595184326,-1.623439908027649,0.949073314666748,2.2005559660698282e-05,-9.97029613269973e-06,3.2387195378902334e-05,-9.519671943358787e-05,-0.00013648576720015626,-0.0005733147738444799,3.7487012661324844e-05,4.163938752600643e-05,-7.948464935082563e-05,0.00017856136224600217,-0.00023663779847158816,-0.0015048869382148378,-0.0007210601375745262,-0.0008104515944364994,0.0016851661232497267,-0.0033929767019696155,0.004547493407944211,0.029032184972454828
178,12.608928442001343,1782105374.4102242,-1.0974440574645996,-1.212956190109253,1.3462048768997192,-1.608842372894287,-1.6232244968414307,0.9504799246788025,2.8219948652541404e-05,-3.04504732184796e-06,1.9119277576251648e-05,-6.630443584931811e-05,-0.00017651556134801183,-0.0008229893371449748,2.524959791782132e-05,2.7069008839914628e-05,-4.9569761677467476e-05,0.0001112714989613278,-0.00015920286786575723,-0.001004818189773696,-0.00020242965720119896,-0.0002314479132994896,0.0004020944981102698,-0.0010063809849477562,0.0012775979634724948,0.008185809254607853
179,12.683491468429565,1782105374.4847872,-1.0974087715148926,-1.2129181623458862,1.3461281061172485,-1.6086857318878174,-1.6234471797943115,0.9490739107131958,2.6221354323396895e-05,-5.428162273446446e-06,2.4019203568315106e-05,-7.648910635715822e-05,-0.00016313969128844974,-0.0007412873564272005,6.911710160712858e-06,6.6314869998020774e-06,-1.8270757569394396e-05,2.600265875358479e-05,-4.365012405506386e-05,-0.000268041857985255,-0.0007747781836261556,-0.0009490463158660983,0.0018077617578902997,-0.0038944449580913722,0.004896588123684192,0.03158811876617914
180,12.76112174987793,1782105374.5624175,-1.097442865371704,-1.2129602432250977,1.3462151288986206,-1.6088676452636719,-1.6232316493988037,0.9504805207252502,2.948294874105528e-05,-1.7941634311569032e-06,1.5812780693735817e-05,-6.132905467381988e-05,-0.0001845552030097508,-0.0008723217483606049,-9.597735847804382e-05,-0.00012159513328136532,0.00023424928718387836,-0.0004986592584160625,0.0006069786879019688,0.003938581946047095,-0.0006681139793774916,-0.0007903303321742249,0.0016681680888169254,-0.0033900565485146155,0.004221858374890582,0.02728934412974738
181,12.835170269012451,1782105374.636466,-1.097407579421997,-1.212922215461731,1.3461382389068604,-1.6087110042572021,-1.6234544515609741,0.9490745067596436,1.262932725687449e-05,-2.2693010912178124e-05,5.717071739219648e-05,-0.00014726873559567366,-7.725227056631923e-05,-0.00018326379388344805,-9.902668985036437e-05,-0.00011927338678462791,0.000245845038518675,-0.0005117701070431976,0.0006258239221998128,0.0040594165646106635,0.0013225790576736503,0.001662707172163891,-0.003301991497531532,0.0069359001687764685,-0.008581973215978669,-0.05550530168156189
182,12.909956216812134,1782105374.711252,-1.0974416732788086,-1.212964415550232,1.3462252616882324,-1.6088929176330566,-1.6232388019561768,0.950481116771698,1.4934939230215605e-05,-1.930461720789367e-05,5.193954159210534e-05,-0.00013653640994171212,-9.263127838110563e-05,-0.0002759163881345117,0.00010288935609808984,0.00012829099536359887,-0.0002623271806246043,0.00054418458020655,-0.000683412149672509,-0.004407208766101372,-0.0006426006170226221,-0.0005809048200496661,0.0011218699342416135,-0.0022131154898343483,0.003834512277287167,0.023401522317321555
183,12.98364520072937,1782105374.784941,-1.0974063873291016,-1.2129262685775757,1.3461483716964722,-1.608736276626587,-1.6234617233276367,0.9490751028060913,2.7748882684086595e-05,-3.8257378438544265e-06,1.864067633761124e-05,-6.73435773030917e-05,-0.00017768133348816662,-0.0008307237612781293,-0.00018715730690121136,-0.00019704876533813088,0.0003951728949861238,-0.000804792074500603,0.0011486757351416095,0.007236435153595774,-0.0030316473218944375,-0.0035142043864179935,0.0072376335809008555,-0.014850580068961493,0.019555114608224164,0.12500421019682167
184,13.060704469680786,1782105374.8620002,-1.0974406003952026,-1.2129685878753662,1.3462353944778442,-1.6089181900024414,-1.6232459545135498,0.9504817128181458,-1.576803180025621e-05,-5.181625204375706e-05,0.00011735138070001483,-0.00026988025426533113,9.640708923797092e-05,0.0009167673250143338,-0.00034789028822308603,-0.0003952581755903822,0.0008171158154007958,-0.0016706878384089316,0.0022278947187362574,0.014209387540333063,0.001607579632008498,0.0016229391457037233,-0.003273530593533253,0.0067150004748723294,-0.009738276996917376,-0.06116887156237147
185,13.14182186126709,1782105374.9431176,-1.0974053144454956,-1.2129303216934204,1.346158504486084,-1.6087615489959717,-1.6234689950942993,0.9490756988525391,-2.547305903011221e-05,-6.445115885611585e-05,0.00014402543253133615,-0.0003236303390092843,0.00016364945719971047,0.0013463329220337883,9.789025721719665e-05,9.460738776439354e-05,-0.00019550280752396356,0.000406901562483011,-0.000589473265989177,-0.003702349113789399,0.005296021850042932,0.006157657321231095,-0.01266907982749368,0.025967949552467007,-0.033705008854495,-0.21601607307006204
186,13.217109203338623,1782105375.018405,-1.0974394083023071,-1.212972640991211,1.3462456464767456,-1.6089434623718262,-1.6232531070709229,0.9504823088645935,-2.902827643147532e-06,-3.98336179534553e-05,9.266791531459262e-05,-0.00021826151545667472,2.0155308627423096e-05,0.0004388491387494753,0.00048267493805459916,0.0005664944132232652,-0.0011623006902459977,0.002386822628627644,-0.003055272532332158,-0.01963046623151022,0.0010442321078958628,0.001487312583811799,-0.0030225238926881075,0.0062326381447279176,-0.006813250379407927,-0.045173135793753684
187,13.294191360473633,1782105375.095487,-1.0974041223526,-1.2129344940185547,1.3461687564849854,-1.6087868213653564,-1.623476266860962,0.9490762948989868,4.873620180578797e-05,2.2735323439881938e-05,-3.481783703396246e-05,4.3634795705571605e-05,-0.00030605569644848174,-0.0016722737163483714,0.00024222761154594788,0.0003038636849672127,-0.0006203768550867681,0.0012836790384534687,-0.0015333850090063625,-0.009980954826779201,-0.004273387314036827,-0.004940135755953391,0.010147997778117254,-0.020790460909354304,0.026887040129807322,0.17240439952063277
188,13.37907075881958,1782105375.1803665,-1.0974382162094116,-1.2129766941070557,1.3462557792663574,-1.60896897315979,-1.623260259628296,0.9504829049110413,2.9321726031206197e-05,1.060339275049671e-06,9.123052752357808e-06,-4.498809630426592e-05,-0.0001839822766775967,-0.0008924992141920995,-0.0002283561226477697,-0.00025873283406333567,0.0005323599242432836,-0.0010865827113161492,0.0014164250502358084,0.00906602783379374,-0.00029561961435812503,-0.0005805621513564055,0.0012109446109792267,-0.002597638705366375,0.0019233784772209831,0.014105544489704046
189,13.459594964981079,1782105375.2608907,-1.0974029302597046,-1.2129385471343994,1.3461788892745972,-1.6088120937347412,-1.6234835386276245,0.9490768909454346,1.0962101843148275e-05,-2.0031413050958236e-05,5.311187829803998e-05,-0.00013572938527417477,-7.158909850524253e-05,-0.00017169460612453946,0.0001487872534705367,0.00015651091744387768,-0.00031509963983507294,0.0006390685422661757,-0.0009366293404127141,-0.005863090578119667,0.0015348953143300103,0.0016348006309082953,-0.0033166884004902793,0.006685522959431505,-0.009566769018337414,-0.060280202592291506
190,13.54093599319458,1782105375.3422318,-1.0974371433258057,-1.2129807472229004,1.3462660312652588,-1.6089943647384644,-1.623267412185669,0.950483500957489,5.4023870046826517e-05,2.708106717541625e-05,-4.329495046029308e-05,6.135445008759177e-05,-0.00033941963844696943,-0.0018658541028511166,1.4920110962394871e-05,1.0174838504290633e-07,7.337743847663045e-06,-2.863872380590507e-05,-9.983023844971144e-05,-0.00048580477964697485,-0.0033349676662279624,-0.0037189807347155243,0.007572649554090728,-0.01561696159608588,0.020803444273980967,0.1323747583568187
191,13.614338874816895,1782105375.4156346,-1.097401738166809,-1.2129426002502441,1.346189022064209,-1.608837366104126,-1.623490810394287,0.9490774869918823,2.1040336750210997e-05,-1.1270401923724194e-05,3.62378512637207e-05,-0.00010313839759490406,-0.0001352544710595538,-0.0005540675509507764,-0.0003417688163467358,-0.00039185472811152297,0.0008022256577604843,-0.0016656851243062978,0.002123769966620703,0.013620361598098452,-0.00017042523720203276,-8.704367541637582e-05,3.696484150472149e-05,5.453619625793297e-05,0.0013033249942035906,0.006798585596067002
192,13.68994402885437,1782105375.4912398,-1.0974360704421997,-1.2129848003387451,1.3462762832641602,-1.6090197563171387,-1.623274564743042,0.9504840970039368,3.5785213716721387e-06,-3.0724464528120166e-05,7.498560118257558e-05,-0.00018427418826583164,-2.5901006287298856e-05,0.00014468601825790017,1.0487692149155722e-05,1.0614597270986497e-05,-3.540176452078081e-05,7.943608777913238e-05,-3.522652981227214e-05,-0.0003015061644472115,0.0019096246345240184,0.002191281951717989,-0.004549437585620408,0.009618643259959633,-0.011607986070402974,-0.0751995620143622
193,13.766125679016113,1782105375.5674214,-1.0974006652832031,-1.2129466533660889,1.3461991548538208,-1.6088627576828003,-1.6234980821609497,0.9490780830383301,2.2911679456782963e-05,-9.34915185268892e-06,3.0230193930336213e-05,-8.974705645847791e-05,-0.00014231618231796972,-0.0006108779127522723,-5.5095275304312516e-05,-6.287201018677344e-05,0.00011923827163377431,-0.00022128437843801593,0.0003814465277788822,0.002332145767832903,-0.0017713395456083968,-0.0019442473153768632,0.004085237036672019,-0.008502685715024882,0.010808590225178319,0.06933209765106367
194,13.844931602478027,1782105375.6462274,-1.0974348783493042,-1.2129889726638794,1.3462865352630615,-1.609045147895813,-1.623281717300415,0.9504846930503845,-6.6096147284255835e-06,-4.230253532000461e-05,9.723919741588816e-05,-0.000226376573271736,4.3413572104356035e-05,0.0005715421067771231,-0.00026890884128626596,-0.0002959497359423618,0.0006087326226382934,-0.0012626948955026382,0.0016684759339892486,0.010629696738557268,0.0009062176140904247,0.0010112900353487107,-0.001958192353125642,0.003780132561917361,-0.00593164160422722,-0.036709731000191176
195,13.926327466964722,1782105375.7276232,-1.0973994731903076,-1.2129508256912231,1.3462094068527222,-1.608888030052185,-1.6235053539276123,0.9490786790847778,-1.961149399853923e-05,-5.611739844013641e-05,0.00012647837439949683,-0.0002895529481534709,0.00012135262235801747,0.0010689867384687801,0.0001091384622049792,0.00012003475606122094,-0.00023748049688245785,0.0004737783365400285,-0.0006860292013652032,-0.004296452379765354,0.0030402350516372124,0.0033531721376571897,-0.006841582380835057,0.014220692232557917,-0.018805260318776697,-0.11976308098820737
196,14.002996444702148,1782105375.8042922,-1.0974338054656982,-1.2129930257797241,1.3462966680526733,-1.6090705394744873,-1.623288869857788,0.9504852890968323,8.173264502531197e-06,-2.5989037910179036e-05,6.517917247883531e-05,-0.0001629624147199138,-4.993684419396516e-05,-1.2039255365081658e-05,0.00022637188828928263,0.00025020110790538284,-0.0005053104241546042,0.0010503886023841278,-0.0013968810259464151,-0.008884567312593674,-0.00042390901693581547,-0.00043978528687396224,0.000842859980545865,-0.0016215348655297958,0.0026591416021636907,0.016321599894591827
197,14.079598903656006,1782105375.8808947,-1.097398281097412,-1.2129548788070679,1.346219539642334,-1.6089133024215698,-1.623512625694275,0.9490792751312256,1.5102939407540816e-05,-1.774973021273496e-05,4.8989594343851195e-05,-0.00012847849133201805,-9.286067836278278e-05,-0.0002934571939601227,4.442502708686882e-05,5.2912485204652956e-05,-0.00010887076245293684,0.00022645910132722583,-0.000280045309329984,-0.0018049456953183947,-0.0009484617893328255,-0.0009668175658895912,0.001893357261961304,-0.004001468326634774,0.005585953482834211,0.03525388237502482
198,14.157462358474731,1782105375.958758,-1.0974326133728027,-1.2129970788955688,1.3463069200515747,-1.6090959310531616,-1.6232960224151611,0.95048588514328,1.4918354307447146e-05,-1.7954815731968665e-05,4.86229180527431e-05,-0.00012855103669551227,-9.248156587382539e-05,-0.0002860899513930093,8.349473271919695e-05,0.00010495119235756167,-0.00022119638879908147,0.000449473006840156,-0.0005569102919821943,-0.003584404027448978,0.0004113481721979735,0.0005129212753383922,-0.0010524289889678978,0.002178528601922424,-0.0027891260776782357,-0.017839089503878216
199,14.234095573425293,1782105376.0353913,-1.0973970890045166,-1.2129589319229126,1.3462296724319458,-1.6089385747909546,-1.6235198974609375,0.9490798711776733,2.7792996610820353e-05,-1.7977402633206907e-06,1.534394317381782e-05,-6.013586542508165e-05,-0.00017753013714028043,-0.0008382550333703165,0.00010819767829871833,0.00013253648035547569,-0.00027241995416944976,0.0005647081864284632,-0.0007128274238826699,-0.004573266185902385,-0.0021831673723598515,-0.0027120988732860004,0.0055532353230681114,-0.011491466939751956,0.014152990696758887,0.0911517865911259
200,14.314414262771606,1782105376.11571,-1.0974315404891968,-1.2130011320114136,1.3463170528411865,-1.609121322631836,-1.6233031749725342,0.9504864811897278,3.1448760721808355e-05,2.256013992507633e-06,7.087710368836042e-06,-4.2395219633561965e-05,-0.00020136466085496352,-0.0009840057132262103,-0.00027806969263903275,-0.00034390641984200583,0.0006973567580717305,-0.001452224807137408,0.0017866155134328584,0.011507474254847685,-0.0022127342847109567,-0.0026955595388533644,0.005562617936508219,-0.011600998593734722,0.014321164234681862,0.09219134983614266
201,14.390443563461304,1782105376.1917393,-1.0973960161209106,-1.2129629850387573,1.3462398052215576,-1.6089638471603394,-1.6235271692276,0.9490804672241211,-1.2980798337558497e-05,-5.227388405337763e-05,0.00011769325335819758,-0.0002732183801352761,8.440812657006802e-05,0.0008496796019032971,-0.00025943846818454725,-0.0003159313695276231,0.0006516532142323171,-0.0013618943790436725,0.0016665153651218149,0.010742603934283636,0.002715250144645571,0.0033891469593886883,-0.006823068210041531,0.014197209363221499,-0.01759130174043263,-0.11314131581377743
202,14.463148832321167,1782105376.2644446,-1.0974303483963013,-1.2130053043365479,1.3463271856307983,-1.6091467142105103,-1.6233103275299072,0.9504870772361755,-9.251679101041077e-06,-4.7343390082943415e-05,0.00010923356080461133,-0.00025584210651707906,6.01088326561694e-05,0.0007007684336199915,0.00010971883121900017,0.000140530855067881,-0.00027700974010304866,0.0005747962185520109,-0.0007256996799387801,-0.004650241435151502,0.0007233292918080304,0.0010513191419727324,-0.0021859557373483823,0.004756180585202015,-0.004819550499603708,-0.03232893381746897
203,14.538570880889893,1782105376.3398666,-1.0973948240280151,-1.212967038154602,1.3462499380111694,-1.6089892387390137,-1.6235344409942627,0.9490810632705688,3.594960880981546e-06,-3.105493653698943e-05,7.57713126393611e-05,-0.00018621667840790224,-2.52547104793166e-05,0.0001464490254763362,-0.00017639403051327327,-0.00018913378031134225,0.00038645345424782873,-0.0007784892086590003,0.0011080518564966359,0.006946725211627924,-0.001942723939745876,-0.0023103043708030276,0.004591386939886405,-0.009364203854331553,0.012682458424647176,0.08025650783588148
204,14.613420963287354,1782105376.4147167,-1.0974292755126953,-1.2130093574523926,1.3463373184204102,-1.6091721057891846,-1.6233174800872803,0.9504876732826233,-3.5363661011977854e-05,-7.530327886406951e-05,0.00016636074431986003,-0.00037088816620745035,0.00022406560966992117,0.0017283756538120087,-0.00018432755961829067,-0.00020899178631827937,0.00041774008308078476,-0.0008421588138251012,0.0011933747090010585,0.007493840314540841,0.002225464589074859,0.0024971784032790743,-0.005133178634652481,0.010436406653542687,-0.01413468188933274,-0.08937138422502164
205,14.695835828781128,1782105376.4971316,-1.0973936319351196,-1.2129710912704468,1.3462601900100708,-1.609014630317688,-1.6235417127609253,0.9490816593170166,-2.0050322079079308e-05,-5.7847803313748614e-05,0.00012887049755150315,-0.00029282987212120304,0.00012844678217049932,0.0011081597215589767,0.00021064996671196358,0.0002474920377900278,-0.0005090464936735093,0.0010421890827256102,-0.001357614257463544,-0.008644916857022313,0.00034139808428491837,0.00030617069015014193,-0.00047490502358717135,0.0008035620000664103,-0.0022771096055031787,-0.013143662693245177
206,14.773240804672241,1782105376.5745366,-1.0974280834197998,-1.2130135297775269,1.3463475704193115,-1.6091974973678589,-1.6233246326446533,0.950488269329071,-1.9389625638410735e-06,-3.609589633501997e-05,8.553109281983495e-05,-0.00020524911079711217,9.009710490559542e-06,0.00035762147306250824,-8.652136717881903e-05,-0.00010922289849550745,0.0002372031338411714,-0.0004994096306088658,0.0005508542146887051,0.003618445939224226,-0.0013727104255645596,-0.001783151618065034,0.0036602973291156135,-0.007517618963212069,0.009034850523811328,0.05843329036531368
207,14.852183103561401,1782105376.6534789,-1.0973925590515137,-1.2129751443862915,1.3462703227996826,-1.6090400218963623,-1.623548984527588,0.9490822553634644,-3.457292172548421e-05,-7.613626204161505e-05,0.00016843172294223052,-0.0003759753531653587,0.00022107317626662848,0.0017152383997451892,3.689248630378416e-06,-2.2525883861184294e-05,4.466034087786616e-05,-9.467092101616138e-05,6.454691494866009e-06,0.00018045751325165144,0.004780491034881858,0.005704823518126241,-0.011756286676861797,0.024391117164819162,-0.030499784444201254,-0.19553908184458055
208,14.924206733703613,1782105376.7255025,-1.0974268913269043,-1.2130175828933716,1.346357822418213,-1.6092228889465332,-1.6233317852020264,0.9504888653755188,-6.90037546835498e-06,-4.59093858165005e-05,0.00010557678227485212,-0.00024690284676154306,4.544123289917934e-05,0.0006100175321144263,0.0005870389408608925,0.0006910614151661473,-0.0014143192812746648,0.0029279353183708657,-0.003741275346290934,-0.02389033870233747,0.0028301332832824586,0.0036140965561806296,-0.0073404350720770615,0.015272613805487185,-0.018125541286272334,-0.1174294620699235
209,14.998537063598633,1782105376.7998328,-1.0973913669586182,-1.2129793167114258,1.346280574798584,-1.6090654134750366,-1.6235562562942505,0.9490828514099121,5.22932446180846e-05,2.6275352387195028e-05,-4.109822906084304e-05,5.786361696280551e-05,-0.00033258360298837886,-0.0018212604496659068,0.0003931918561227299,0.0004769116812885679,-0.0009690980923849389,0.0020154132447161364,-0.002487348329393269,-0.015989713438144447,-0.0051782038019933686,-0.0061059720128677315,0.01245318812272865,-0.0257860218367526,0.032905698162891656,0.21013552909446293
210,15.080803155899048,1782105376.882099,-1.0974258184432983,-1.2130216360092163,1.3463680744171143,-1.6092482805252075,-1.6233389377593994,0.9504894614219666,4.793160359906068e-05,2.051047962581265e-05,-2.9391718195270755e-05,3.384919728510738e-05,-0.0003006266692953119,-0.0016143867835465286,-0.0002668213479238496,-0.00031902862316373677,0.0006438659396741178,-0.0013359247889812983,0.0016797422412118573,0.0107522910219548,-0.005098773358901097,-0.005992183606840401,0.012183079298464988,-0.025307013146829996,0.03216945077701656,0.20557303512675645
211,15.15595531463623,1782105376.957251,-1.0973901748657227,-1.2129833698272705,1.3462908267974854,-1.609090805053711,-1.623563528060913,0.9490834474563599,1.3201124332340441e-05,-2.0556659131365507e-05,5.343036599292361e-05,-0.00013822349566261494,-8.573936990252662e-05,-0.0002407895370302171,-0.0004492534585843511,-0.0005165030519999217,0.001049795981854898,-0.002178426791507959,0.0028283321658436663,0.017997870846638342,0.0003654580108645952,0.0005588880982843097,-0.001047706356142136,0.0022481285357842237,-0.0020976919710636033,-0.014293520296896227
212,15.23210334777832,1782105377.033399,-1.0974247455596924,-1.2130258083343506,1.3463783264160156,-1.6092736721038818,-1.6233460903167725,0.9504900574684143,-2.0014703126847166e-05,-5.757648280102501e-05,0.00012933783155233414,-0.00029552418303957495,0.0001272383150325851,0.0011081337899510046,-0.0002059277453899608,-0.00022807988826100951,0.00047241757504406026,-0.0009687984595177808,0.0013275126485898928,0.00836771985068714,0.002980853698909345,0.00347088933351951,-0.007021504627182415,0.014638790726444816,-0.018921869840582722,-0.12050337831149284
213,15.3130943775177,1782105377.1143901,-1.0973889827728271,-1.2129874229431152,1.3463009595870972,-1.6091161966323853,-1.6235707998275757,0.9490840435028076,-1.6856818892740932e-05,-5.381770460566315e-05,0.00012242453193955782,-0.00027949691396145226,0.00010817975504906485,0.0009806944681800545,1.701062079760496e-05,2.5743397131213765e-05,-4.7951928385965396e-05,0.00010944223298450838,-0.0001371637913688083,-0.0008783247987139845,0.0016924331229259718,0.0018774640973382604,-0.003946372030249585,0.008112801240065822,-0.010829419544715023,-0.06855701022681578
214,15.389771461486816,1782105377.1910672,-1.0974235534667969,-1.2130298614501953,1.346388578414917,-1.6092990636825562,-1.6233532428741455,0.9504906535148621,-1.714808079622543e-05,-5.33440111079031e-05,0.0001214631941195421,-0.00027752584315088313,0.00010478765783439314,0.0009638118235004711,6.981864708942865e-05,7.848859325610693e-05,-0.00017061547445661358,0.0003540041951379837,-0.00044086987236246556,-0.0028245248934528045,0.002278756958931743,0.0024663418815878808,-0.005138449544713689,0.0104169750988206,-0.014001534248214481,-0.08844711364542274
215,15.470683813095093,1782105377.2719796,-1.0973879098892212,-1.21299147605896,1.3463112115859985,-1.6091415882110596,-1.6235780715942383,0.9490846395492554,-5.21333894543119e-06,-4.081930405952505e-05,9.416135038264883e-05,-0.00022085193171150763,3.525085655731175e-05,0.0005129097272940086,0.0003899591892407801,0.00042989332768913574,-0.0008885198689310578,0.0018139587592997997,-0.0024310565527921775,-0.015365605959114893,0.00037097323179917927,0.00041196937603617744,-0.0006937567778400786,0.0012705221207998147,-0.0025687890983467094,-0.015294333771248139
216,15.549293279647827,1782105377.350589,-1.0974223613739014,-1.2130340337753296,1.3463988304138184,-1.6093244552612305,-1.6233603954315186,0.9504912495613098,4.3958107958097514e-05,1.3984338638195482e-05,-1.7773014896249606e-05,6.78450984992196e-06,-0.00027588326738658964,-0.0014428756670454845,0.00014527668283531236,0.00016205460114240155,-0.0003184187007037987,0.0006328340182975009,-0.0009506600390728656,-0.005898581496320301,-0.005418715633129522,-0.006047137683188107,0.012501174988532891,-0.025541022044129766,0.0340251825541238,0.21525300046980356
217,15.622020959854126,1782105377.4233167,-1.0973867177963257,-1.2129956483840942,1.3463213443756104,-1.6091669797897339,-1.6235853433609009,0.9490852355957031,2.2210395645316794e-05,-1.0235129081159755e-05,3.345453886716143e-05,-9.94561084723955e-05,-0.00014267256783639937,-0.0005946978769495459,-0.00040398090448156784,-0.000455370031932996,0.0009439370010334224,-0.001932271193059866,0.002546181104945862,0.016136455010782518,-0.0005471181512505774,-0.0004714787563048456,0.0008069849213825249,-0.0012898317087033095,0.0037456955504329616,0.02150529911462099
218,15.697072505950928,1782105377.4983683,-1.0974212884902954,-1.2130380868911743,1.3464089632034302,-1.6093498468399048,-1.6233675479888916,0.9504918456077576,-1.6237457251655485e-05,-5.3887647286643414e-05,0.00012285247365007024,-0.00028099131104397657,0.0001037634744207594,0.0009628836936856899,9.750211945984684e-05,0.00013024101535494262,-0.0002773134230365904,0.0006026775680408853,-0.000606476144386499,-0.0040496649459878685,0.0064015675345802155,0.007382889358469564,-0.015213592550420783,0.03127218232805473,-0.04048965179477003,-0.2573764126139442
219,15.776172399520874,1782105377.5774682,-1.0973855257034302,-1.212999701499939,1.3463315963745117,-1.6091923713684082,-1.6235926151275635,0.9490858316421509,4.23109160685442e-05,1.5760997566616197e-05,-2.150412708878946e-05,1.857135091221096e-05,-0.0002685076240247497,-0.001425199446082992,0.0005804993963257499,0.0006792215348385208,-0.001392458172376335,0.0028675604665265976,-0.0036827438210888805,-0.023442142855602647,-0.0011601576145878916,-0.0015729058626766114,0.0033398367906146563,-0.007240410537649917,0.007414639217323224,0.049305152147298956
220,15.862184762954712,1782105377.6634805,-1.0974202156066895,-1.2130422592163086,1.3464192152023315,-1.609375238418579,-1.6233747005462646,0.9504924416542053,7.730603548594672e-05,5.5355686658487e-05,-0.00010081841433695615,0.00017920939029281158,-0.0004895331666592284,-0.002810326032496313,-0.00019890004637024375,-0.0002523028349683595,0.000525744352614025,-0.0011104237675301422,0.001285915258844951,0.008340125398509559,-0.007144501186007037,-0.008343024109966431,0.016991035325422836,-0.034907890729206345,0.045293787286682964,0.28770621409486047
221,15.935566902160645,1782105377.7368627,-1.0973844528198242,-1.2130037546157837,1.3463417291641235,-1.6092177629470825,-1.623599886894226,0.9490864276885986,2.47856766986132e-05,-7.774776491942248e-06,2.8408052603623446e-05,-8.872069272136685e-05,-0.0001537834501093016,-0.0006679591603768742,-0.0006031632783503111,-0.0007088231579627709,0.0014401145367865004,-0.0029620127422015103,0.0038287777592297895,0.024331285642525284,-0.0007130566800256043,-0.0006146615797050954,0.0011826269813961917,-0.002140402331892397,0.004278475635245214,0.025465784141618902
222,16.01161551475525,1782105377.8129113,-1.097419023513794,-1.2130463123321533,1.3464293479919434,-1.6094006299972534,-1.6233818531036377,0.9504930377006531,-1.2213994130760852e-05,-4.9741810174808165e-05,0.00011263658905136253,-0.00025966443147495966,7.855015091173811e-05,0.0007991089189420819,-0.000279411371176773,-0.0003137099253728795,0.0006412287579104666,-0.0013048812622058264,0.0017603259536140754,0.011100521853885475,0.0031216728313938407,0.003772782171742806,-0.0075979877360294575,0.015634380794882267,-0.020041024606236413,-0.12757191384791194
223,16.091081619262695,1782105377.8923774,-1.0973832607269287,-1.213007926940918,1.346351981163025,-1.6092431545257568,-1.6236071586608887,0.9490870237350464,-1.721946664456908e-05,-5.4897066732451094e-05,0.0001248695652336096,-0.00028505913571663655,0.00011092476768048698,0.001001094394355917,-0.00012563270434871193,-0.00013204299964861234,0.0002788310029850949,-0.0005736583097592201,0.0007621279411465855,0.004816285268085679,0.0015238606307600554,0.0017737338807271655,-0.003646475320140318,0.007441548451937788,-0.009792017755726643,-0.06201537346371523
224,16.166308641433716,1782105377.9676044,-1.0974178314208984,-1.213050365447998,1.3464395999908447,-1.6094260215759277,-1.6233890056610107,0.9504936337471008,-3.1131570213283055e-05,-6.961367100188909e-05,0.00015473922033226728,-0.0003463086550414829,0.0001935188915140884,0.001525385866454343,-4.0286649383403035e-05,-3.509747908420134e-05,6.960229760993766e-05,-0.00013920006783737105,0.000222715857518418,0.0013663460493870006,0.002024202066864307,0.0022044150543725598,-0.004560287920848695,0.009388140105937508,-0.012420028940960618,-0.07852645473228642
225,16.24820113182068,1782105378.049497,-1.0973821878433228,-1.2130119800567627,1.3463622331619263,-1.6092685461044312,-1.6236144304275513,0.9490876197814941,-2.153556032258308e-05,-5.8176718255253945e-05,0.00013124673010977972,-0.0002975332114871776,0.0001337334341187102,0.0011377701565011833,0.00020479476545836074,0.00022706168761201027,-0.0004624454820437784,0.0009516980134199663,-0.0012623830244398375,-0.007976514817588617,0.0011814935946407707,0.001200374816379334,-0.002495910073983458,0.005101868372699441,-0.007094124161946419,-0.044472561291755947
226,16.325020790100098,1782105378.1263165,-1.0974167585372925,-1.2130544185638428,1.346449851989746,-1.609451413154602,-1.6233961582183838,0.9504942297935486,5.104505680364468e-07,-3.4435524341347445e-05,8.306966288174067e-05,-0.00019876353709058492,-1.6030185552295961e-06,0.00029130221438755655,0.00016503769331058522,0.00017508814643661636,-0.0003658644506603075,0.000751335207123813,-0.0010117528288033709,-0.006376398095917488,-0.000571543614911932,-0.0006217012843065445,0.0012383642248176858,-0.0026226122959870806,0.003415206124194002,0.021665770162594074
227,16.4030659198761,1782105378.2043617,-1.0973809957504272,-1.2130160331726074,1.3463724851608276,-1.6092939376831055,-1.6236217021942139,0.9490882158279419,3.7216997084144054e-06,-3.139268383556271e-05,7.523270120302072e-05,-0.00018249807294168363,-2.1098609613190433e-05,0.0001617598764633854,0.00011614936355994735,0.00013091759195604414,-0.0002707131104315418,0.0005455121676198058,-0.0007331107874319374,-0.004619183967250806,0.0008432573110305286,0.0011595458542187742,-0.0022485008133479485,0.004671663381218365,-0.00570746041850875,-0.03656169935423097
228,16.480432987213135,1782105378.2817287,-1.097415566444397,-1.213058590888977,1.3464601039886475,-1.6094768047332764,-1.6234033107757568,0.9504948258399963,1.846020634754808e-05,-1.4213459884615531e-05,4.122748483226246e-05,-0.00011443945795441834,-0.00011488479276344776,-0.00042257950697166535,0.00029410576886325303,0.0003529658766414245,-0.0007106267175496167,0.0014674999609515789,-0.0018862346895233988,-0.01197876428055416,0.00021292319339679083,0.0003285923533392545,-0.0006678007075096206,0.0015141183485158707,-0.0013464709741602254,-0.009259480243205213
229,16.556026458740234,1782105378.3573222,-1.0973798036575317,-1.2130200862884521,1.3463826179504395,-1.6093193292617798,-1.6236289739608765,0.9490888118743896,4.8344983194503754e-05,2.2138099977198067e-05,-3.251453801134119e-05,3.9910317815028407e-05,-0.0003072546419744526,-0.001654998636562155,0.00015603716424669284,0.0001900910026569998,-0.0003904569499153441,0.0008135907751662614,-0.0009866096809102896,-0.006336611052873206,-0.003142168967404562,-0.003756457989923854,0.0076041177617432055,-0.01568980070419379,0.020192728560014174,0.12817835761386068
230,16.63901996612549,1782105378.4403157,-1.097414493560791,-1.2130626440048218,1.3464703559875488,-1.6095021963119507,-1.6234104633331299,0.9504954218864441,3.949068785136234e-05,1.141811482163746e-05,-1.1611292720203892e-05,-4.482485657320012e-06,-0.0002471582327743249,-0.0012727566519554756,-0.00022462698100938035,-0.00026762721720451034,0.0005475846948266872,-0.001129982107973893,0.0014447965507466414,0.009179838840606037,-0.0018261466176607084,-0.002190343516262562,0.004462168835120993,-0.009207779612643713,0.011286082355198965,0.07231783498486545
231,16.71619939804077,1782105378.5174952,-1.0973786115646362,-1.2130241394042969,1.3463927507400513,-1.609344720840454,-1.623636245727539,0.9490894079208374,1.3689210495826387e-05,-1.917489191338717e-05,5.187549780316658e-05,-0.00013440485443361183,-8.392404884460802e-05,-0.00023596274916304338,-0.0001674375637886628,-0.00019804944293210256,0.0004010170842057449,-0.0008207012586877868,0.001023205702169597,0.006533129287766437,0.0010147226539392665,0.0012464721052128228,-0.0025763687646689977,0.005242789289166332,-0.006785535158869581,-0.04302697003460394
232,16.794408082962036,1782105378.5957038,-1.0974133014678955,-1.2130666971206665,1.3464806079864502,-1.609527587890625,-1.623417615890503,0.9504960179328918,1.3818668360698894e-05,-1.8945411493831443e-05,4.982840633971364e-05,-0.00013022203673962451,-9.042666818181999e-05,-0.0002718852711938169,-6.638390731974548e-05,-7.322541572566768e-05,0.00014584404288967457,-0.00031275472521541674,0.00038766333664378935,0.002475860055454188,-0.0004041522514121993,-0.0004374723165001726,0.0009158574346936881,-0.0018970250610936372,0.0029649133300629653,0.01816070322832023
233,16.87143564224243,1782105378.6727314,-1.0973775386810303,-1.2130283117294312,1.3464030027389526,-1.6093701124191284,-1.6236435174942017,0.9490900039672852,3.5435340652867353e-06,-3.0363580773240528e-05,7.411249609390325e-05,-0.0001820971111321512,-2.484841668781712e-05,0.00014149919955652734,-0.00022619991801737198,-0.0002611936131215082,0.0005333950385939703,-0.0010955144920373676,0.0014574654660018099,0.009188130183922612,-0.0004009379621276609,-0.00043057905529102463,0.000888160805328859,-0.001702531615808607,0.002738246472640566,0.016741812062498217
234,16.94788694381714,1782105378.7491827,-1.0974122285842896,-1.2130707502365112,1.346490740776062,-1.6095529794692993,-1.623424768447876,0.9504966139793396,-2.079167901580803e-05,-5.8903409967392406e-05,0.00013144281134103153,-0.0002978757496432394,0.0001325675393850645,0.001133910710144903,-0.00012984133317407048,-0.00014161773677697986,0.00028691515520529474,-0.0005837706214193938,0.0008207291278887504,0.005126207123776486,0.0026498300687202133,0.0030818068509882355,-0.006265232992511419,0.012811322123953566,-0.017086538600846066,-0.10764297772749182
235,17.029342651367188,1782105378.8306384,-1.0973763465881348,-1.2130324840545654,1.346413254737854,-1.6093955039978027,-1.6236507892608643,0.9490906000137329,-1.5011236205175749e-05,-5.0331179370033396e-05,0.00011463288605995103,-0.0002646591255288655,9.195084092361583e-05,0.000869773383461947,0.00020658860548484342,0.000241133122433418,-0.0004873644274438687,0.0009907169780622965,-0.0013311437007751683,-0.008372909258622102,0.0017543936930122105,0.0018460837200369629,-0.0037874274151312916,0.007802914984005635,-0.010838291998329554,-0.06781473002955227
236,17.106907606124878,1782105378.9082034,-1.0974111557006836,-1.213074803352356,1.3465008735656738,-1.6095783710479736,-1.623431921005249,0.9504972100257874,1.1030020949043262e-05,-2.1590475137500675e-05,5.607614452429743e-05,-0.00014475901492616572,-7.278836114643639e-05,-0.00015858761037268465,0.0001671894842701156,0.00017361662220527203,-0.0003587968314455298,0.0007446051609570675,-0.0010211192091803517,-0.006401417360539228,-0.0011614692181766966,-0.0014027685860796648,0.0028681567224459496,-0.005763352764149359,0.007708148196452806,0.0485280425032607
237,17.183783769607544,1782105378.9850795,-1.0973752737045288,-1.2130365371704102,1.3464233875274658,-1.609420895576477,-1.6236580610275269,0.9490911960601807,1.1040848911569867e-05,-2.3247564168826784e-05,5.867660789249385e-05,-0.00014856265677920533,-6.726436013337889e-05,-0.00012827232696999147,2.8106279943288756e-05,2.521802867555492e-05,-4.606340528907004e-05,0.00010417094453066581,-0.00014577843370575116,-0.0009098797018721775,-0.0002255235171536278,-8.609192326310068e-05,0.00016673314401889324,-0.00042632143093658623,0.0010098550635708869,0.005899437292466191
238,17.261219263076782,1782105379.062515,-1.097409963607788,-1.2130789756774902,1.3465111255645752,-1.609603762626648,-1.623439073562622,0.9504978060722351,1.5398545191835922e-05,-1.76465255474767e-05,4.887832920275059e-05,-0.00012851171820571494,-9.552801721568471e-05,-0.00030045693981772814,0.00013416660016647654,0.00016240224793161653,-0.000337448048555803,0.0006876933022407963,-0.0008769368253988638,-0.005564642504513987,4.499607938905222e-05,0.00014199580061212977,-0.00037742761143732384,0.0006899303359857996,-0.0004902549305780095,-0.003580128342428426
239,17.33737850189209,1782105379.1386743,-1.0973740816116333,-1.2130405902862549,1.3464336395263672,-1.6094462871551514,-1.6236653327941895,0.9490917921066284,3.1450951785139125e-05,1.4685542382153471e-06,7.380286961122806e-06,-4.402197306418998e-05,-0.00020066127220097485,-0.000974514307097607,3.837079462691982e-05,5.115312106555266e-05,-0.0001126046217044574,0.0002274702314001766,-0.00024374053201388032,-0.0016028762645529308,-0.0019463474981924554,-0.002293213370618882,0.0047728054299486875,-0.009793690727038026,0.012653217656062896,0.08008361586422016
240,17.41779851913452,1782105379.2190943,-1.0974088907241821,-1.2130831480026245,1.346521258354187,-1.6096291542053223,-1.6234462261199951,0.9504984021186829,1.9896373641969944e-05,-1.1387550082453402e-05,3.503352845335428e-05,-0.00010062008947286927,-0.00012373532241483076,-0.00048794429133991457,-0.00017662235797420535,-0.00020395977090383432,0.00042582194491484727,-0.0008786521191408389,0.0011423048559364073,0.007220630066851214,0.0006201579834198155,0.0006227077721284927,-0.0011554540172316547,0.002413990738638989,-0.004123842140362264,-0.024891242200337567
241,17.49601912498474,1782105379.297315,-1.0973728895187378,-1.2130446434020996,1.346443772315979,-1.6094716787338257,-1.623672604560852,0.9490923881530762,3.5744060840059433e-06,-3.069642515995952e-05,7.457734049332032e-05,-0.00018265318643528872,-2.0251237458523974e-05,0.00016589352692530923,0.00012246347201798436,0.00013347477038869152,-0.00026184524501955794,0.0005402782622263436,-0.0008052800857040446,-0.004967614149853082,0.0015687668882227736,0.0016743534580232775,-0.0034501329806483866,0.0071849814800179265,-0.01003385762926259,-0.06264965831090807
242,17.573540925979614,1782105379.3748367,-1.0974076986312866,-1.2130872011184692,1.3465313911437988,-1.6096545457839966,-1.6234533786773682,0.9504989981651306,3.8508407225634755e-05,8.870958563278464e-06,-4.679162943332926e-06,-1.8686760055786067e-05,-0.0002461903946038291,-0.001243070413829983,7.083849985671939e-05,6.048062018699631e-05,-0.00011894170506511936,0.0002555967910194696,-0.0004410746137338725,-0.0026662110106207898,-0.0048218419332617685,-0.005458887705466894,0.011009891414856358,-0.022647491687567252,0.030886457533084336,0.19343574127059476
243,17.646076440811157,1782105379.4473722,-1.0973718166351318,-1.2130486965179443,1.3464540243148804,-1.6094970703125,-1.6236798763275146,0.9490929841995239,1.7869975262208015e-05,-1.7278279782928507e-05,4.800944680205532e-05,-0.00012635136574346006,-0.00011031107101544535,-0.00038388007867506957,-0.0005609770608464545,-0.0006420710402420984,0.001301795898787641,-0.002674997636734221,0.0035766927917535293,0.02247835751748404,-0.0034074318131303016,-0.0035818396629303728,0.00721577466106626,-0.014988493137490157,0.02128185586360421,0.1324248426309988
244,17.72009301185608,1782105379.5213888,-1.0974065065383911,-1.2130913734436035,1.3465417623519897,-1.609679937362671,-1.6234605312347412,0.9504995942115784,-4.4531182453511065e-05,-8.60684440162629e-05,0.00018782357816693462,-0.0004142762254577548,0.00028307860745790947,0.0020829982329972907,-0.00041265929493621494,-0.0004461807779056942,0.0009015266879013944,-0.0018649513541836296,0.002575761100146512,0.016099883112828978,0.004799865487743812,0.0055056623018550355,-0.011188635307834562,0.02290966566333958,-0.030582975155650727,-0.19222601482695104
245,17.80320453643799,1782105379.6045003,-1.0973706245422363,-1.213052749633789,1.3464642763137817,-1.6095224618911743,-1.6236871480941772,0.9490935802459717,-3.866025022514208e-05,-7.805629336665731e-05,0.00017059983427891723,-0.0003802889504616047,0.000241527782694817,0.0018132184493433456,0.00024720073649722263,0.0002782249724892476,-0.0005678657388753525,0.0011557789027175022,-0.0015581353513914385,-0.009773301770444906,0.003864654461853757,0.004214597987738943,-0.008482130148489574,0.01758391016385926,-0.024004408086666033,-0.1503103911848196
246,17.878287076950073,1782105379.6795828,-1.0974054336547852,-1.2130954265594482,1.3465518951416016,-1.6097053289413452,-1.6234676837921143,0.9505001902580261,-8.123764356327001e-06,-4.48335768670205e-05,0.00010350184258989259,-0.00024285236470511506,5.276252229080569e-05,0.0006366723084241244,0.00026097851262170385,0.0002893365636895417,-0.0005808572764261397,0.0012034397182569593,-0.0016148805523754077,-0.01013872910676864,-0.00032289664978580007,-0.000320005109292617,0.0006766895491188327,-0.0013162096800259171,0.0018344601226128292,0.011458518930109247
247,17.955994844436646,1782105379.7572906,-1.0973694324493408,-1.2130568027496338,1.3464744091033936,-1.6095478534698486,-1.6236944198608398,0.9490941762924194,4.362277392644387e-07,-3.466661406292815e-05,8.352152121204881e-05,-0.00019976479153172022,-4.06447293599399e-07,0.0002936684984700122,0.00019515995430673694,0.00022683114033190821,-0.0004599347248404503,0.0009442521634140853,-0.0012640099784489878,-0.007935336187781611,0.0010545070194361785,0.0013177328301852988,-0.0028023278058950216,0.005739558750515692,-0.007068853051638468,-0.045008927258753065
248,18.032477855682373,1782105379.8337736,-1.0974042415618896,-1.213099479675293,1.346562147140503,-1.6097307205200195,-1.6234748363494873,0.9505007863044739,2.176152407518117e-05,-1.0091595289196675e-05,3.307702824351111e-05,-9.820461081666565e-05,-0.00014072714229129701,-0.0005783258287825888,0.00041895270911244145,0.0004873616731517004,-0.0010023584457120756,0.002066372671468677,-0.0026766806992304217,-0.016900401310565166,0.0002792848028394443,0.00031827139509150613,-0.0007155775167558571,0.0016274497728064252,-0.0013386428148702261,-0.009344619126755285
249,18.106613159179688,1782105379.907909,-1.0973683595657349,-1.2130608558654785,1.3464845418930054,-1.609573245048523,-1.6237016916275024,0.9490947723388672,6.289031440687154e-05,3.797128055982313e-05,-6.586710240696902e-05,0.0001080544624052493,-0.0003996706488997859,-0.0022264165005756453,0.0002494622626283061,0.0002890460707398123,-0.0005971946170119902,0.0012496831249590335,-0.0015448401591666157,-0.009841536161432114,-0.0046404174493455,-0.00539092093221335,0.011073929336601158,-0.022881253940218445,0.029543715111088303,0.18659917038671597
250,18.19062566757202,1782105379.9919214,-1.0974031686782837,-1.2131036520004272,1.3465723991394043,-1.6097561120986938,-1.6234819889068604,0.9505013823509216,5.478027519689732e-05,2.805052234933214e-05,-4.582969219768529e-05,6.71393897739847e-05,-0.0003439949399623998,-0.0018736958403060555,-0.0003645227334647785,-0.00042242509592786107,0.0008671373780849586,-0.0018022485983536002,0.0022964040910412992,0.014535327023376862,-0.0021875661646256575,-0.0026003845814590205,0.005438177590523088,-0.011360555965086502,0.013660368243942156,0.08749144034116173
251,18.266165733337402,1782105380.0674615,-1.0973671674728394,-1.2130650281906128,1.3464947938919067,-1.6095986366271973,-1.623708963394165,0.9490953683853149,9.041840987045191e-06,-2.453078532749231e-05,6.237191466773595e-05,-0.00015833617171345793,-5.956039894883247e-05,-7.359309647636536e-05,-0.00018196382750467954,-0.00022027482077419252,0.0004634334187338751,-0.000964646216396479,0.0011505978710041592,0.0073789395131435755,0.003005398480681291,0.003399247522940586,-0.0069177858580922675,0.014396572860598022,-0.018712265875242336,-0.11801524754382807
252,18.342021703720093,1782105380.1433175,-1.0974020957946777,-1.213107705116272,1.3465825319290161,-1.6097815036773682,-1.6234891414642334,0.9505019783973694,2.7499817572440577e-05,-4.9969708957320336e-06,2.3718824907703606e-05,-7.762517309117811e-05,-0.00017145445991495478,-0.0007669691697360648,9.085539611896141e-05,9.266537247246603e-05,-0.00018118424172294456,0.00037943010623705707,-0.0005388026504957873,-0.00334645225768982,-0.0018333846510904925,-0.0019167377375817936,0.0036599358460697356,-0.007469240416686926,0.011283721991916839,0.06924927819885798
253,18.414849042892456,1782105380.2161448,-1.0973659753799438,-1.2130690813064575,1.346505045890808,-1.6096240282058716,-1.6237162351608276,0.9490959644317627,2.34556587885848e-05,-9.774405905993433e-06,3.3483497615449664e-05,-9.785738814116485e-05,-0.0001452294560309042,-0.0006055512776326211,-0.00042232362542895635,-0.00046939322987203484,0.0009354316382577717,-0.0019256728376722712,0.0026291057717321878,0.016424715696424556,-0.0031673749731461055,-0.0034246225293854977,0.006855463653833,-0.01407628384638123,0.019671142937215332,0.12245285766255617
254,18.490050315856934,1782105380.291346,-1.0974009037017822,-1.2131117582321167,1.3465927839279175,-1.6098068952560425,-1.6234962940216064,0.9505025744438171,-3.6786029792068575e-05,-7.642900512383477e-05,0.00016605619525034143,-0.00037063119753710794,0.0002286769469428407,0.0017329171522897369,-0.0003592888989845056,-0.00039356163836819355,0.0007927173241968821,-0.0016194572845935628,0.002258114498663384,0.014060980956097091,0.004943636842057909,0.005482627508846691,-0.01100360222507685,0.02266388083700294,-0.030796930724010352,-0.19251094642375421
255,18.57291340827942,1782105380.3742092,-1.097364902496338,-1.2130732536315918,1.34651517868042,-1.609649419784546,-1.6237235069274902,0.9490965604782104,-2.6220512741481627e-05,-6.404649657731909e-05,0.00014315970720879534,-0.00032150186781443324,0.00016799165441661046,0.0013426503627291808,0.00042520398661035665,0.00046926921171643087,-0.0009504885141174853,0.0019560883951964337,-0.0026553059180429387,-0.01659845985517092,0.003254320494932692,0.003571121080694689,-0.007225824392539025,0.01463074753129099,-0.020744914013287603,-0.12880288218213462
256,18.649717330932617,1782105380.451013,-1.0973997116088867,-1.2131158113479614,1.3466030359268188,-1.6098322868347168,-1.6235034465789795,0.9505031704902649,2.7629311674992607e-05,-5.236363211480466e-06,2.2165669482987482e-05,-7.422403213297457e-05,-0.00017283685165203622,-0.0007785057375038207,0.00023285743790346785,0.0002565062615051872,-0.0005222598961644481,0.0010495611290800685,-0.0015042544463624622,-0.009320647532009237,-0.0033136835349025966,-0.003675824462381747,0.007545896982460676,-0.015541046726126878,0.020761896913203244,0.13015857500422653
257,18.723373651504517,1782105380.5246694,-1.0973637104034424,-1.213077425956726,1.3465254306793213,-1.6096748113632202,-1.6237307786941528,0.9490971565246582,1.1702763389465076e-05,-2.2312597522500255e-05,5.808670487894574e-05,-0.00015020373957241873,-7.642672923680038e-05,-0.0001725606410607483,-6.83833373283314e-05,-7.821202009524569e-05,0.00017271977341522983,-0.0003591725493326962,0.0004329242089400263,0.0027669457883768376,0.00024611706871561297,0.00034399270651172304,-0.0007300745601908072,0.0017272174061171005,-0.0010739847702186615,-0.00802702672446988
258,18.797717571258545,1782105380.5990133,-1.0973986387252808,-1.2131198644638062,1.3466131687164307,-1.6098576784133911,-1.6235105991363525,0.9505037665367126,1.7712825855831227e-05,-1.6599510546555507e-05,4.7293076949728174e-05,-0.00012645269627498124,-0.00010997425355618873,-0.000376540323587804,0.00027527342277662266,0.000314171049305286,-0.0006443559546337387,0.0013340005645653265,-0.001701025147278364,-0.010746474176188087,0.001022535195272854,0.0013049800483197066,-0.002825775331407929,0.0058477834704318485,-0.006672463176849318,-0.04311505772044079
259,18.8705952167511,1782105380.671891,-1.0973625183105469,-1.2130814790725708,1.3465356826782227,-1.6097002029418945,-1.6237380504608154,0.949097752571106,5.1664388862171506e-05,2.3251054232176216e-05,-3.5326980105665484e-05,4.324410607914331e-05,-0.00032322542345042393,-0.0017314363883560446,9.260893608511534e-05,0.0001254452011541542,-0.0002670025847604495,0.0005508972729233554,-0.000613376959084041,-0.003983120160121232,-0.005079879575756641,-0.005819173591954827,0.011874717361232311,-0.02449205902787207,0.03157581575232086,0.19903192369201783
260,18.950674295425415,1782105380.75197,-1.0973974466323853,-1.2131239175796509,1.3466233015060425,-1.6098830699920654,-1.6235177516937256,0.9505043625831604,2.6236327643758273e-05,-3.780603240244318e-06,1.955264020025993e-05,-6.905704268866941e-05,-0.00016883797343147933,-0.0007649890881333832,-0.0005406242983568597,-0.0006247236088029633,0.0012731807740701908,-0.0026199973427260778,0.003380387103892865,0.021302373051936357,-0.0023535127475663485,-0.002942132249403576,0.0061514105530855925,-0.012698263790550288,0.015278043721226,0.09760723699991505
261,19.027394771575928,1782105380.8286905,-1.097361445426941,-1.2130855321884155,1.3465458154678345,-1.6097255945205688,-1.623745322227478,0.9490983486175537,-3.163816140094866e-05,-7.281685695659235e-05,0.0001604412109053044,-0.0003595628309707166,0.00019726596403124574,0.0015480421815468048,-0.00031294638311304024,-0.0003781375421284562,0.0007835666958009558,-0.001617080389888545,0.0020097201186191037,0.01275627553002686,0.005417784885384427,0.006290490240400325,-0.012768519759115951,0.026321994971755254,-0.03377810441945049,-0.21304383200101037
262,19.09815502166748,1782105380.8994508,-1.0973963737487793,-1.2131280899047852,1.3466335535049438,-1.6099084615707397,-1.6235249042510986,0.9505049586296082,-2.4974636818164697e-05,-6.552598004905263e-05,0.00014717623932725132,-0.00033240173089232883,0.00015920467882679645,0.0013155892382918921,0.00023032209490162495,0.00026775479367553196,-0.0005367543851282445,0.0011101828931915133,-0.0014189175130731233,-0.008952826114562386,0.003371612274071876,0.004032522912953983,-0.008360399771324918,0.017362011308418714,-0.021497812579822737,-0.13653134451837506
263,19.173914670944214,1782105380.9752104,-1.0973602533340454,-1.2130895853042603,1.3465560674667358,-1.6097509860992432,-1.6237525939941406,0.9490989446640015,3.5180532060863356e-06,-3.188028290068701e-05,7.818014755933689e-05,-0.00018937990067868782,-1.9754092960511116e-05,0.0001776023633910384,0.00013648630166770447,0.00015995989007954803,-0.00033478611483838197,0.000707540932702937,-0.0008610832530045672,-0.005485679876303566,-0.0019193315400478136,-0.0021713843312292855,0.0043633629662741796,-0.00901047301969773,0.011665693262463358,0.07343243939464913
264,19.248972177505493,1782105381.050268,-1.0973951816558838,-1.2131321430206299,1.3466438055038452,-1.609933853149414,-1.6235320568084717,0.9505055546760559,-4.055243730149982e-06,-4.1004104157416066e-05,9.587971711688681e-05,-0.0002240426286803654,2.724033617163002e-05,0.0004749263194563369,-5.819451554206186e-05,-5.868093589614273e-05,0.00011894294248995883,-0.00024358519006904725,0.00033445525038763786,0.0020833727130934237,-0.00010645077880587234,-0.00011391476984638901,0.0002993764959183811,-0.0008983617746810375,0.00045393442479232157,0.003712801303839823
265,19.32596516609192,1782105381.127261,-1.09735906124115,-1.2130937576293945,1.3465664386749268,-1.6097763776779175,-1.6237598657608032,0.9490995407104492,-5.163009173969613e-06,-4.055621623422212e-05,9.580724636570892e-05,-0.00022556149554375793,2.995644296710509e-05,0.00048701717060772864,0.00013005281543112754,0.0001536138641477922,-0.00031179397014207875,0.000617107392172444,-0.0008527353324305361,-0.005301983323536385,0.0012447800452722933,0.0012521900459313195,-0.002612766905916111,0.005360038006516463,-0.0073987028974077515,-0.04603296988317158
266,19.40097427368164,1782105381.20227,-1.0973941087722778,-1.2131361961364746,1.3466540575027466,-1.6099592447280884,-1.6235392093658447,0.9505061507225037,1.5147334174514526e-05,-1.823334139494648e-05,4.970387923641795e-05,-0.0001327352659679093,-9.889919304306716e-05,-0.0003096052191882137,0.0001357154672538223,0.00013754965805771538,-0.0002898814704489182,0.0005939420084638527,-0.0008215775572655336,-0.00510913449544426,-0.0016583672330833204,-0.0019363809016743013,0.003966832344111447,-0.007906128008166074,0.010905101173284217,0.06781247138175105
267,19.474749326705933,1782105381.276045,-1.097357988357544,-1.2130978107452393,1.3465765714645386,-1.6098017692565918,-1.6237671375274658,0.949100136756897,1.5359894205424496e-05,-1.9699228202441077e-05,5.188253663490627e-05,-0.00013561694675523484,-9.447522616312654e-05,-0.00028663148615226675,-0.00011244180752997502,-0.00013027328795463218,0.0002694128935108604,-0.0005406025231140358,0.0007440942016151488,0.0046277398332499504,0.00015930454186275083,0.00040512962337612064,-0.0007828118108144256,0.001715382066634635,-0.0012549019492951825,-0.008943637078665578
268,19.5496666431427,1782105381.3509624,-1.0973929166793823,-1.2131403684616089,1.346664309501648,-1.6099846363067627,-1.6235463619232178,0.9505067467689514,-1.837402669124799e-06,-3.78581578273085e-05,9.031577964613291e-05,-0.00021427339271085089,1.3316946304797739e-05,0.0003884415079600245,0.0001675135463616428,0.00020707967640226248,-0.0004255350634701607,0.0008883598225813008,-0.001059919056133256,-0.0067634225874727595,0.0028244801896964073,0.0033425625402421825,-0.006894539968320313,0.014097605706040081,-0.018268995977954713,-0.1148474106308292
269,19.626150608062744,1782105381.4274464,-1.0973567962646484,-1.213101863861084,1.34658682346344,-1.6098271608352661,-1.6237744092941284,0.9491007328033447,4.197878722234094e-05,1.3075935546780215e-05,-1.5515501796237174e-05,5.018544117163515e-06,-0.00026285946755422174,-0.0013605647795609244,0.00031229947188192577,0.00037212093886998727,-0.0007668888199370981,0.001578037936398502,-0.0020034570405332197,-0.012642520388639018,-0.0023686508502321004,-0.0028079362884690776,0.00578133423952478,-0.012095483129529298,0.014792211455295228,0.09392702995194356
270,19.70876455307007,1782105381.5100603,-1.0973917245864868,-1.2131445407867432,1.3466745615005493,-1.610010027885437,-1.6235535144805908,0.9505073428153992,4.4526050834825526e-05,1.7598881857594506e-05,-2.382943835499418e-05,2.0351183842137743e-05,-0.0002849318788058497,-0.001492574138472591,-0.0002636755734435618,-0.0003029772131637908,0.0006248922835423032,-0.0013052207528626823,0.0016394150821982516,0.010358011674971933,-0.003357235604682875,-0.004070421906136276,0.008278062953754259,-0.017071793619421103,0.021658772831112925,0.13667013989012639
271,19.784703254699707,1782105381.585999,-1.0973557233810425,-1.2131059169769287,1.3465969562530518,-1.6098525524139404,-1.623781681060791,0.9491013288497925,3.94531740965931e-06,-3.0379041662698114e-05,7.426799078480428e-05,-0.00018282864982133162,-2.7351434274791586e-05,0.00012855663368238623,-0.00026630685953564243,-0.00032579748569409026,0.0006553952010761314,-0.001357144453412072,0.001718033590521233,0.0108427364115346,0.0017404534185086818,0.0020035796147084644,-0.004097709021705528,0.008632514519327743,-0.010824797667714164,-0.06841338720217552
272,19.86013436317444,1782105381.6614301,-1.0973906517028809,-1.213148593902588,1.3466846942901611,-1.6100354194641113,-1.6235606670379639,0.9505079388618469,3.94398930669837e-06,-3.2026631044068665e-05,7.602151649699351e-05,-0.00018641349561399068,-2.3179800622941116e-05,0.00015931785485534533,-2.019508100930259e-06,-2.027009204361597e-06,9.175297452353702e-06,-7.944812762698903e-06,1.2867472677742227e-05,7.796884546125058e-05,0.0011778612124959372,0.0015498555137625992,-0.0030365389447852497,0.006329245765596292,-0.007686619611006074,-0.04891579537848691
273,19.936199426651,1782105381.7374952,-1.097354531288147,-1.213110089302063,1.3466070890426636,-1.6098779439926147,-1.6237889528274536,0.9491019248962402,3.636820766317328e-06,-3.066089620773482e-05,7.564009695748553e-05,-0.00018398186383983273,-2.5456093080578057e-05,0.00013994865472444218,-9.082673062740115e-05,-9.449205119756884e-05,0.00020241279526188218,-0.00041300310308743453,0.0005725355684177032,0.0035516029120732416,-0.00019084329089015013,-0.00021521984850948238,0.00032334572715772385,-0.0007082426047351969,0.00121479009954944,0.00729768278967538
274,20.011708974838257,1782105381.8130047,-1.097389578819275,-1.2131526470184326,1.3466949462890625,-1.6100608110427856,-1.623567819595337,0.9505085349082947,-9.726964545819783e-06,-4.622475129156811e-05,0.00010647254092965852,-0.0002485217095689052,6.293514724120541e-05,0.0006934372768743202,-3.2027657312362326e-05,-3.575627364968341e-05,6.064054729364838e-05,-0.00012040721103996903,0.000203798909927954,0.0012265856753301669,0.0020240921840027856,0.002185513426431815,-0.004556976183711707,0.009390035212590716,-0.012709118687930574,-0.07932334120294818
275,20.090121746063232,1782105381.8914175,-1.0973533391952515,-1.2131141424179077,1.3466172218322754,-1.609903335571289,-1.6237962245941162,0.949102520942688,-4.3510409408753503e-07,-3.5156373809464014e-05,8.291640896729291e-05,-0.00019816948079132146,1.9152945185396675e-07,0.00029262684622821666,0.00022809656829135644,0.00025023784285242137,-0.0005148646364823629,0.0010649715456803044,-0.001429995134708826,-0.008945247347785026,0.0013603600947255823,0.0015043872619690706,-0.002945526691350567,0.005891630636647725,-0.00836939065446516,-0.05175311129842494
276,20.16729187965393,1782105381.9685876,-1.097388505935669,-1.213156819343567,1.3467051982879639,-1.61008620262146,-1.62357497215271,0.9505091309547424,2.5490741059286393e-05,-7.560972861142545e-06,2.6897156082839047e-05,-8.387286117361725e-05,-0.00015799476594935413,-0.000688837980264978,0.00018444628919606965,0.0002035841704741935,-0.0004084665879222413,0.000818976114120445,-0.0011290722014852584,-0.007017551561732987,-0.0006500380286820221,-0.0006300315453838833,0.0013532684096228412,-0.00290722421251363,0.003813133528599047,0.02405622102625101
277,20.24163579940796,1782105382.0429316,-1.097352147102356,-1.213118314743042,1.3466274738311768,-1.6099287271499634,-1.6238033771514893,0.9491031169891357,2.8351821942607103e-05,-3.455934930229887e-06,1.926646260486109e-05,-7.040902051080877e-05,-0.00017598803631102555,-0.000802263267202008,0.00013007500680045986,0.00015492057114460504,-0.00030968407873841516,0.0006229298686228411,-0.000851772720968727,-0.0052952668312600685,0.00013317618703089667,0.00018762396385582224,-0.0004275671719928091,0.001042635786264825,-0.0010786597449664558,-0.00697418387582787
278,20.319289207458496,1782105382.120585,-1.0973873138427734,-1.2131608724594116,1.3467153310775757,-1.6101117134094238,-1.623582124710083,0.9505097270011902,4.588152419326974e-05,1.6661165336273598e-05,-2.157491596044281e-05,1.3800354109250179e-05,-0.0002915876636944148,-0.0015192105264976163,0.00021053834556435265,0.00023780107719650323,-0.00048533924740020817,0.0010023516136980417,-0.0013255621380870168,-0.008281549494172667,-0.0015587541788972727,-0.0017445220085833863,0.0034954571012391932,-0.007044094218926891,0.01004884325441074,0.06201388620410894
279,20.390918016433716,1782105382.1922138,-1.09735107421875,-1.2131223678588867,1.3466376066207886,-1.6099541187286377,-1.6238105297088623,0.9491037130355835,5.995754841325862e-05,3.2289784554606626e-05,-5.365633714493612e-05,8.017481896338552e-05,-0.00037575987201776684,-0.002049566860714336,-7.256522450740935e-05,-7.29394557385292e-05,0.00014544337341784394,-0.0002904552080999873,0.0004612929027493181,0.0027986759666170213,-0.004320322559449549,-0.004912516213373107,0.010066036567339606,-0.02067021925032828,0.027274315675984873,0.17056468442504386
280,20.470913887023926,1782105382.2722096,-1.097386121749878,-1.2131649255752563,1.3467254638671875,-1.6101371049880981,-1.623589277267456,0.9505103230476379,3.011306067968178e-05,4.454243320850537e-07,1.0986607479779309e-05,-5.179648047715091e-05,-0.00019266102079740222,-0.0009141534592140843,-0.00045104616318826686,-0.0005172295089329012,0.0010632326690468313,-0.0021781947879316774,0.0028511344943303474,0.0178614391183627,-0.000813151164316235,-0.0011330909099779682,0.0023550193422779376,-0.004816177491898091,0.005341583876696305,0.03454535785164973
281,20.546939849853516,1782105382.3482356,-1.097350001335144,-1.2131264209747314,1.3466477394104004,-1.609979510307312,-1.6238176822662354,0.9491043090820312,-9.811788288516254e-06,-4.748672219889727e-05,0.00011025556484689503,-0.00025557929862429773,6.472573021021333e-05,0.0007088067139662257,-0.00022977167450334546,-0.0002839559275460027,0.0005834762171856454,-0.0011873077190534484,0.001484650635066203,0.009378953524950282,0.0031748950207337633,0.003685696498420701,-0.007571263082919341,0.015503782700551014,-0.020323454952211262,-0.12728631275549923
282,20.6201753616333,1782105382.421471,-1.0973849296569824,-1.213168978691101,1.3467357158660889,-1.6101624965667725,-1.623596429824829,0.9505109190940857,-5.801209640665661e-06,-4.3836631268945325e-05,0.00010203395162911022,-0.0002371958637699123,3.935395207221859e-05,0.0005513321426944273,2.1394932654719173e-05,2.9520814830310594e-05,-5.995776785273617e-05,0.0001223894749441041,-0.00016950242549706714,-0.0010514214694468623,0.0015623442393529312,0.001971910612159153,-0.004015058958770374,0.00809726514153101,-0.010112792597382457,-0.06389982446935648
283,20.69555950164795,1782105382.4968553,-1.0973488092422485,-1.2131305932998657,1.3466581106185913,-1.6100049018859863,-1.6238248348236084,0.949104905128479,-6.77757438616311e-06,-4.318794857027797e-05,0.00010157272697775,-0.00023795067587961682,4.030584265635184e-05,0.0005573360317638887,-5.718288840695084e-06,-9.569196914529132e-07,7.561472356673203e-06,-2.6565256509085552e-05,3.60810966663103e-05,0.0002245652558832685,0.0006245318326615871,0.000624167216824415,-0.0013666912221327679,0.0028484009226040006,-0.0034794911303915686,-0.02207770769953434
284,20.76877212524414,1782105382.570068,-1.0973838567733765,-1.2131730318069458,1.3467459678649902,-1.6101878881454468,-1.6236035823822021,0.9505115151405334,-6.6818920085864875e-06,-4.393789670764647e-05,0.00010309900584992704,-0.00024107252277971725,4.461509232456251e-05,0.0005840814800794902,0.00010998549630200379,0.00011786771389878377,-0.00025335967222041907,0.0005250021271418972,-0.0006599761616177435,-0.004165140812135772,0.0007700745889097253,0.0008987639337489557,-0.0018940736223961312,0.003998915877566213,-0.005059471853254887,-0.03189256400733411
285,20.8442645072937,1782105382.6455603,-1.097347617149353,-1.2131346464157104,1.3466683626174927,-1.6100302934646606,-1.6238319873809814,0.9491055011749268,1.0081056305288882e-05,-2.5067210103202342e-05,6.262715887750403e-05,-0.00015725175748215747,-6.116448848203504e-05,-8.301954509803977e-05,0.00010504353196784627,0.00012934016219133198,-0.0002663646990566692,0.0005517253683673632,-0.0006956918165879977,-0.004388059993278437,-0.0009591326223498518,-0.0009764718635510115,0.0021155893136327463,-0.004454795468524987,0.005609292561946934,0.03538973810431172
286,20.920110940933228,1782105382.7214067,-1.097382664680481,-1.21317720413208,1.3467562198638916,-1.610213279724121,-1.6236107349395752,0.9505121111869812,9.132226048258474e-06,-2.4449327058917447e-05,6.297913964559143e-05,-0.00015797152970620232,-6.016934246488859e-05,-7.684486309855743e-05,-3.58027930011704e-05,-3.071130728305685e-05,6.843494792612646e-05,-0.00015259444142083655,0.00019324459464642498,0.0012179144293526783,-0.0011233255544883698,-0.0013801176137442097,0.0027961708238420885,-0.005847616180117754,0.007525966505061773,0.04729191513570605
287,20.995628356933594,1782105382.796924,-1.097346544265747,-1.2131386995315552,1.346678614616394,-1.610055685043335,-1.6238391399383545,0.9491060972213745,4.677102038108671e-06,-2.9690277452587566e-05,7.29438482327538e-05,-0.00018025507595531565,-3.203251361405535e-05,0.00010058243374633236,-6.546908053344487e-05,-8.003913354476486e-05,0.0001579368774739596,-0.0003356500833299465,0.0004462214222217787,0.00278770541064531,0.0010041521702424771,0.0010845720704412086,-0.0022668286778936408,0.004787346443821415,-0.0059017177832865406,-0.03738229542900453
288,21.07075595855713,1782105382.8720517,-1.097381591796875,-1.2131812572479248,1.3467663526535034,-1.6102386713027954,-1.6236178874969482,0.950512707233429,-7.253301230747411e-07,-3.649855100551491e-05,8.675133742030994e-05,-0.00020850399308791623,6.994432423468311e-06,0.0003427683028522921,0.0001143814038626094,0.0001313227525770989,-0.0002703671570297475,0.0005629877708470019,-0.0006886255629168965,-0.004368308608984968,0.0012422242293581947,0.0015316600681618974,-0.003073296591892043,0.0065040526830978974,-0.008252293603078224,-0.051991537839974705
289,21.147268533706665,1782105382.9485643,-1.0973453521728516,-1.2131427526474,1.3466887474060059,-1.6100810766220093,-1.6238462924957275,0.9491066932678223,2.2542692276417142e-05,-9.156027915402376e-06,3.067574588122568e-05,-9.225855536065808e-05,-0.00013983303673015257,-0.0005830518454219558,0.00011968244207611969,0.0001486390713735189,-0.00030075261267935424,0.000635369471526704,-0.0007859995837573061,-0.004975368365155563,-0.0021132724426498944,-0.0024447318609252386,0.005012182233284592,-0.010261059078377526,0.012916111962456239,0.08149427957576857
290,21.22630476951599,1782105383.0276005,-1.0973803997039795,-1.2131853103637695,1.3467764854431152,-1.6102640628814697,-1.6236250400543213,0.9505133032798767,1.694492918424828e-05,-1.4448774873443426e-05,4.218675271161487e-05,-0.0001142080786546984,-0.00010945395167993865,-0.00039458976875828,-0.00022553334628246926,-0.0002626563748566504,0.0005370246358103924,-0.0010906063193482159,0.0013932566198463932,0.008766847502534317,-0.0007755278172498308,-0.0011181655974576324,0.0022257652310034076,-0.004764845081963565,0.005321015615880182,0.0343640913130295
291,21.30361008644104,1782105383.1049058,-1.0973442792892456,-1.2131468057632446,1.3466989994049072,-1.6101064682006836,-1.6238534450531006,0.94910728931427,-1.218783165235493e-05,-4.9550103510043186e-05,0.00011329494500955661,-0.0002599823566207249,7.453650616007224e-05,0.0007657180015154808,-1.3864526960467342e-05,-4.016589040183754e-05,7.589947717199976e-05,-0.0001680303367136548,0.00012208506863844938,0.0008748335456885492,-0.002301199674742048,-0.0028604148357453943,0.005866868381529063,-0.012429155268163346,0.014918674047763675,0.09497878108352359
292,21.377808332443237,1782105383.179104,-1.0973793268203735,-1.2131894826889038,1.3467868566513062,-1.610289454460144,-1.6236321926116943,0.9505138993263245,1.2634070506223338e-05,-2.30543659984761e-05,5.8824742707130895e-05,-0.00015012458544028107,-7.720829400703622e-05,-0.00017598018766484813,-0.0005434877493343483,-0.0006610762480677773,0.0013538288376494568,-0.0028253128665893853,0.0034625162792597157,0.02195647459614768,0.0066521194086724845,0.0073021317952936295,-0.014580530758441825,0.029413060306654464,-0.04261128303351718,-0.2624302142159191
293,21.451308488845825,1782105383.2526042,-1.09734308719635,-1.213150978088379,1.3467092514038086,-1.610131859779358,-1.6238605976104736,0.9491078853607178,-9.123999380200587e-05,-0.0001457751485745007,0.00031035186824013294,-0.0006712930111216764,0.0005782911464304874,0.003960506797126229,0.0009494800492562487,0.001016571554234388,-0.002033426834508958,0.004085592423609847,-0.006049759451404666,-0.03712618934711902,-0.0016742054314757135,-0.0023542608789177497,0.005049838297386121,-0.01077221384209996,0.010152862811412006,0.06815818870034884
294,21.512215614318848,1782105383.3135114,-1.097378134727478,-1.213193655014038,1.3467971086502075,-1.6103148460388184,-1.6236393451690674,0.9505144953727722,8.58410900086426e-05,5.172033023548295e-05,-8.884957387778059e-05,0.00014163576631531782,-0.0005456477930323445,-0.0030150420394381428,-0.00026219458343865144,-0.000397664463540437,0.0008550072428407589,-0.0018598422744224036,0.001613023434299349,0.01103656683091896,-0.017276950396168684,-0.019788294986650305,0.04027309006733461,-0.08206222946480898,0.1103754307129442,0.6884093574404911
295,21.56607723236084,1782105383.367373,-1.0973420143127441,-1.2131550312042236,1.3467193841934204,-1.6101573705673218,-1.6238677501678467,0.9491084814071655,-7.925220883819861e-05,-0.0001430868149547848,0.00031011435038941215,-0.0006828581755833341,0.0004970146447078605,0.003560167265904468,-0.0010681152796578135,-0.0013000595916991885,0.002683595166631462,-0.005539062259677117,0.006822812169309647,0.04324046111431637,0.007083293527626693,0.008785646887391654,-0.01816704453311024,0.038389949965404194,-0.043721461826915206,-0.28136355136527746
296,21.61348533630371,1782105383.414781,-1.097377061843872,-1.2131977081298828,1.3468072414398193,-1.6103402376174927,-1.6236464977264404,0.95051509141922,-4.655810382381276e-05,-0.00010804728573887701,0.00024023262622385744,-0.0005378333312364703,0.0002973979196294607,0.0023204809776267155,0.00018762588947849777,0.00018216337977337762,-0.00035239017264109603,0.0007332375933072855,-0.0011104835874271675,-0.006788234838407455,0.0045457609575302906,0.006268000923845643,-0.013184791696618816,0.027439141512896885,-0.03014771766879769,-0.19550400862725725
297,21.664905309677124,1782105383.466201,-1.0973408222198486,-1.2131590843200684,1.3467296361923218,-1.610182762145996,-1.6238749027252197,0.9491090774536133,-6.490789326640822e-05,-0.00012974178809876946,0.0002846689835109828,-0.0006298452321580328,0.00041319473255896355,0.003051219868225985,-0.0008023738443648219,-0.0008896625270322484,0.0018058766278355697,-0.003704317807564538,0.004990747324836683,0.031109666057545504,0.004098704938333842,0.005674866475413246,-0.01207410699838083,0.025100945229100086,-0.02666652722492368,-0.17403672428951583
298,21.71117377281189,1782105383.5124695,-1.0973758697509766,-1.2132017612457275,1.3468174934387207,-1.610365629196167,-1.6236536502838135,0.9505156874656677,-0.000120580554414218,-0.00019037915337705158,0.0004074296309237724,-0.0008809613961258123,0.0007581321476095582,0.0051941516195670445,0.00035947869141458486,0.0004769889579809262,-0.0010029331950603437,0.00209503572274422,-0.002293246447967071,-0.014873107309801622,0.02535953696027512,0.02887750157517742,-0.05906361985908481,0.12165307245314379,-0.15889747348234412,-0.9959474357462832
299,21.766965627670288,1782105383.5682614,-1.0973397493362427,-1.213163137435913,1.3467398881912231,-1.6102081537246704,-1.6238820552825928,0.949109673500061,4.6088771252783545e-06,-4.3509254668450126e-05,0.00010550448173418658,-0.0002580021977696134,-2.563862010340756e-05,0.00024788526804897515,0.0017910472294906973,0.002043721370262987,-0.004187657188616064,0.008634153040468932,-0.011257229396942608,-0.07058162372208299,-0.003949758563833243,-0.0054061367068591855,0.011472258681986307,-0.024310862127708947,0.02446319287915064,0.16154634039097554
300,21.82222580909729,1782105383.6235216,-1.097374677658081,-1.2132058143615723,1.3468276262283325,-1.6103910207748413,-1.6236608028411865,0.9505162835121155,7.879809638033919e-05,3.7203318219880543e-05,-5.891353856135595e-05,8.055804420337154e-05,-0.0004949596460264161,-0.0026632088644440444,-4.781557482144339e-05,-8.793397281818782e-05,0.00019853462253708752,-0.00045497095538462023,0.00022751992675407813,0.0018392820065787168,-0.022491012801872177,-0.02570682902990108,0.05260187923877731,-0.10852235304832086,0.14104089529448272,0.8848201757928257
301,21.872240781784058,1782105383.6735365,-1.0973385572433472,-1.2131673097610474,1.3467501401901245,-1.6102335453033447,-1.6238892078399658,0.9491102695465088,1.3468322464404991e-05,-3.72927941754142e-05,9.469010725382532e-05,-0.0002401320732268175,-8.882599313864148e-05,-0.00010326850816788635,-0.0006844716615596055,-0.0007911537539712206,0.0016175301320347471,-0.003349701244915607,0.004258270767666356,0.026822024677070844,-0.0023600099866255765,-0.002428825243084927,0.004914954166670526,-0.009508218311529511,0.015647220972406017,0.09443749725250083
302,21.92245078086853,1782105383.7237465,-1.097373604774475,-1.213209867477417,1.3468377590179443,-1.6104164123535156,-1.6236679553985596,0.9505168795585632,1.0439924801985967e-05,-4.181713075013249e-05,0.000102635278052432,-0.0002539689275131707,-6.968388793637814e-05,1.5507021542404686e-05,-0.00028029504906858065,-0.000326817224363704,0.0006819686691909285,-0.0013890285981701914,0.0017703813616298256,0.011145971638727901,0.004581117453822663,0.00522110073752971,-0.0105331738769908,0.021528656211281208,-0.027519327162278884,-0.17316381360753125
303,21.9726779460907,1782105383.7739737,-1.0973374843597412,-1.2131714820861816,1.3467603921890259,-1.610258936882019,-1.6238963603973389,0.9491108655929565,-1.4691271152500462e-05,-7.012551758300845e-05,0.0001632030904445969,-0.0003796804005382626,8.9033791070392e-05,0.0010165027791870784,-0.0002244763206388199,-0.00026689947379217993,0.0005598861486872503,-0.0011880256951286201,0.0014950640653070713,0.009434716858445392,0.0060333969067635825,0.0070431824860747935,-0.014705970530773825,0.030005284699444038,-0.03809745851221051,-0.2400222784187325
304,22.02115559577942,1782105383.8224514,-1.0973725318908691,-1.2132139205932617,1.3468480110168457,-1.61044180393219,-1.6236751079559326,0.950517475605011,-1.2665450240589848e-05,-6.918150197243733e-05,0.00016011971459484187,-0.0003757532988135637,8.361032539738744e-05,0.0009828405839797938,0.0002983077422828509,0.00034826511165691597,-0.0007273776043879864,0.0014832353682615344,-0.0018778843693870151,-0.011837301123796048,0.0023839083957551787,0.0031942478834901477,-0.006765896041731775,0.014475544310181332,-0.016621790721884213,-0.10675820653280697
305,22.071322441101074,1782105383.8726182,-1.0973362922668457,-1.2131755352020264,1.3467705249786377,-1.6102843284606934,-1.623903512954712,0.9491114616394043,1.561686556961206e-05,-3.464094123017958e-05,8.916973773054337e-05,-0.00022854759094315114,-0.00010227937968920742,-0.00018948280910890958,-1.8190181301283326e-05,1.5557402504404075e-05,-3.9516402994341964e-05,0.00010026050369896754,3.7437607104434515e-05,4.4920269377270866e-05,-0.003724080132480557,-0.004348713512031934,0.008864240835730727,-0.01772634904341644,0.024112791204166616,0.1500545791741753
306,22.121841430664062,1782105383.9231372,-1.0973714590072632,-1.2132179737091064,1.3468581438064575,-1.6104671955108643,-1.6236822605133057,0.9505180716514587,-1.4908246736666797e-05,-6.80907107444284e-05,0.00015711260111572756,-0.0003676614889975838,9.002507212585442e-05,0.0010039110883148794,-7.482752243882441e-05,-8.797498585000357e-05,0.0001617000553212583,-0.0002946015443624113,0.0005399906777926164,0.003209723021896877,0.0003531775993960778,6.126845404563408e-05,-2.338722105616896e-05,0.00022971751148131688,-0.0007343129441226047,-0.004113270985999062
307,22.17423915863037,1782105383.975535,-1.0973352193832397,-1.213179588317871,1.3467806577682495,-1.6103097200393677,-1.623910665512085,0.949112057685852,9.942070134272285e-06,-4.149757677751609e-05,0.00010128287207145092,-0.00024945521574792906,-5.920766577816039e-05,6.272392676720528e-05,2.380030459317899e-05,2.9941113414317885e-05,-5.7257112822941105e-05,0.0001546964368321609,-7.901961983392328e-05,-0.0006339140766692172,0.01078782731244917,0.012987283717372717,-0.02627411732788669,0.05415362654516383,-0.0691773916342095,-0.43534697966797953
308,22.22652578353882,1782105384.0278215,-1.0973702669143677,-1.2132221460342407,1.3468683958053589,-1.6104925870895386,-1.6236894130706787,0.9505186676979065,-1.2316737750595053e-05,-6.485033520853278e-05,0.00015089487731145823,-0.00035100077785266137,8.113830532074928e-05,0.0009337037976990814,0.0010525124322630199,0.001269207134948572,-0.002583884394682994,0.005364318641109705,-0.0066890667465307665,-0.042283942274667904,0.010420342816337977,0.012471374658682475,-0.025805629682647626,0.05328659835838732,-0.06697790556687183,-0.4227631416958678
309,22.280681133270264,1782105384.081977,-1.0973340272903442,-1.2131836414337158,1.3467909097671509,-1.610335111618042,-1.623917818069458,0.9491126537322998,0.00012759707201492887,0.00010012678832893585,-0.00018719023566582393,0.00034932878647353505,-0.0008068631453426178,-0.004662290774843925,0.0010977572330323178,0.0013146971843491489,-0.002718399263217425,0.0056503036162969394,-0.0069821503138154575,-0.04421160227104924,-0.014869955184078198,-0.017567372594122534,0.03572419531775406,-0.0739269419215548,0.09444103632926493,0.5943307297247191
310,22.346702814102173,1782105384.1479986,-1.0973691940307617,-1.2132261991500854,1.3468786478042603,-1.610517978668213,-1.6236965656280518,0.9505192637443542,8.04830581824234e-05,4.7546377507146076e-05,-8.29850442034541e-05,0.0001362922946608336,-0.0005100288354054072,-0.002822704576452395,-0.0011480818152489471,-0.001326704453596971,0.0027154675707301793,-0.005605761748129484,0.007289981203677106,0.04572865028556606,-0.004117812118300019,-0.005804712194428806,0.012210482292433876,-0.025943803108950683,0.026737800338396622,0.1756435663532185
311,22.404987573623657,1782105384.2062833,-1.0973329544067383,-1.21318781375885,1.3468011617660522,-1.6103605031967163,-1.623924970626831,0.9491132497787476,-8.787928488018792e-06,-5.706624797952031e-05,0.000133795256930469,-0.00031284825773525426,5.862824874469652e-05,0.0007618282913153251,0.00015034458521333673,9.488753998693048e-05,-0.0001794893178926251,0.00031968616432559416,-0.0008989285965763571,-0.005091986994909304,0.012293287557333256,0.013634887883801792,-0.0279234926593368,0.05728132548419897,-0.07794467028198901,-0.4850236951592409
312,22.46150016784668,1782105384.262796,-1.0973680019378662,-1.2132302522659302,1.3468888998031616,-1.6105433702468872,-1.6237037181854248,0.950519859790802,9.187135692378945e-05,5.184317307360686e-05,-8.99813164316754e-05,0.00014497829310400334,-0.0005760311371147964,-0.0031748141745318037,0.00029800369501755645,0.0002760863465549135,-0.0005659777119798004,0.001124897395601328,-0.0018762008469489578,-0.011301286891734262,-0.012993860967992982,-0.013821187311002615,0.028386952215961107,-0.05795127590658121,0.0815413350677304,0.5045005786381594
313,22.511608600616455,1782105384.3129044,-1.0973317623138428,-1.2131919860839844,1.3468114137649536,-1.6103858947753906,-1.623932123184204,0.9491138458251953,4.090617564500576e-05,-7.680268598875273e-06,3.2444409894694104e-05,-0.00010861732974021265,-0.0002544372010433449,-0.0011482453719811048,-0.001046504752670951,-0.001173005038851678,0.0024215363535009197,-0.004986780208187757,0.006600917961436397,0.041275141720347255,-0.010673302054901882,-0.01110171295524449,0.022909093948317603,-0.04666735161318358,0.06663472294870476,0.4112573777542318
314,22.563865900039673,1782105384.3651617,-1.0973668098449707,-1.2132344245910645,1.346899151802063,-1.6105687618255615,-1.6237108707427979,0.9505204558372498,-1.5383961098791588e-05,-6.816699144351901e-05,0.00015780585410496428,-0.00036517157420412616,0.00010047982609506789,0.0010539960053357333,-0.0007236419319765911,-0.0007821322772489101,0.0016179674513698927,-0.0033216743785857593,0.004494769065300936,0.02799664718482279,0.01729826124559675,0.019205514282996793,-0.03944953564500733,0.08068997786309626,-0.10969939774562187,-0.6827290169796003
315,22.618241548538208,1782105384.4195373,-1.0973305702209473,-1.213196039199829,1.346821665763855,-1.610411286354065,-1.6239392757415771,0.9491144418716431,-3.4729735464367195e-05,-8.945887702260791e-05,0.00020159729717228458,-0.0004559540196495959,0.00021492453791083221,0.0017759741991998368,0.0008461265147426519,0.0009256208946691758,-0.001889138438351603,0.0038284853970764676,-0.005396621056079956,-0.033379051742482,0.016784439430457272,0.01841606304652242,-0.03783824250085431,0.07742169944664576,-0.10507799682240486,-0.6541599204310687
316,22.66913366317749,1782105384.4704294,-1.0973657369613647,-1.2132384777069092,1.3469094038009644,-1.6105941534042358,-1.623718023300171,0.9505210518836975,6.558034895753906e-05,2.0388047254016328e-05,-2.2888167057644182e-05,7.663827474857499e-07,-0.0004170222230150955,-0.002145094405108239,0.001124715237402344,0.0012440922065261382,-0.0025449685565866096,0.005193003755509938,-0.0070846933635967425,-0.04406579037985084,-0.009117136957845395,-0.009851713422476621,0.020069923869954077,-0.04057042877330917,0.058071526356278026,0.35826012613649244
317,22.716350078582764,1782105384.5176458,-1.0973294973373413,-1.2132000923156738,1.3468317985534668,-1.6104366779327393,-1.6239464282989502,0.9491150379180908,8.1611369633805e-05,3.907608510900218e-05,-6.130842454687979e-05,8.031780994599558e-05,-0.0005179313090515336,-0.0027809556813966907,5.504997372124214e-05,7.32343045866906e-05,-0.00015363552646139006,0.0003256466190242527,-0.000345836452421294,-0.0022572388419269188,-0.012085977700621258,-0.013365844178348928,0.027302731899056767,-0.05559782234985285,0.07680256330455189,0.4766743929791615
318,22.76844072341919,1782105384.5697365,-1.0973646640777588,-1.213242530822754,1.3469195365905762,-1.6106195449829102,-1.623725175857544,0.9505216479301453,6.813089507140546e-05,2.4353953023137365e-05,-3.137846382195164e-05,1.9171585716293293e-05,-0.00043300222034403646,-0.002254336268901369,3.2837154226878526e-05,3.39645812311532e-05,-7.292341934981455e-05,0.00015858011068637127,-0.00013344624709502387,-0.0009194441101714572,-0.0027416363204434612,-0.003138164521898871,0.006388349438792761,-0.013072288803399456,0.01796650746879723,0.11160642978682532
319,22.81650710105896,1782105384.6178029,-1.0973284244537354,-1.2132041454315186,1.3468419313430786,-1.6104620695114136,-1.6239535808563232,0.9491156339645386,8.264374492128468e-05,4.002821843407389e-05,-6.360211108713543e-05,8.589091441102426e-05,-0.0005176488073264096,-0.0027877051319453727,-0.0002016298966158807,-0.00022262612112113907,0.0004487609116984128,-0.0009073026125630737,0.0013461659139329478,0.00825607702552337,-0.006676238366028404,-0.007590803012634465,0.015430741948458527,-0.03157579171786021,0.04145202054447433,0.2595798111650613
320,22.86964750289917,1782105384.6709433,-1.0973634719848633,-1.2132465839385986,1.346929669380188,-1.6106449365615845,-1.623732328414917,0.950522243976593,4.234467391306396e-05,-4.039692223400948e-06,2.5995924758603906e-05,-9.717657169971972e-05,-0.0002635647698987498,-0.001212008554464461,-0.0006620553918467303,-0.0007583416134827168,0.001537674963305832,-0.0031375366995970238,0.004175766989026668,0.026085623381026386,0.0015327633773024071,0.0013925550480179834,-0.0028329018417491947,0.005738324303113059,-0.01033936322389303,-0.06160101725107512
321,22.92045021057129,1782105384.721746,-1.0973272323608398,-1.2132081985473633,1.3468520641326904,-1.610487461090088,-1.6239607334136963,0.9491162300109863,1.3387332742809122e-05,-3.9120505208600775e-05,9.690711535448315e-05,-0.0002416401948917013,-8.083744136300197e-05,-5.997883114616798e-05,-8.893639366387175e-05,-0.00013034364664596615,0.00026095122880352375,-0.0005289861891901114,0.0005622151768563872,0.00366892143801131,0.0019512001194556964,0.0022364865452494205,-0.004077021454087341,0.007883574265769466,-0.013117368312249016,-0.07904023231331372
322,22.971374034881592,1782105384.7726698,-1.0973622798919678,-1.213250756263733,1.3469399213790894,-1.6106703281402588,-1.62373948097229,0.9505228400230408,3.3414150573563006e-05,-1.7163241741613433e-05,5.226635877697561e-05,-0.00015042715238067217,-0.0002071085241013293,-0.0008433916670469443,-0.00046582931763216034,-0.0005332871335936531,0.0011280397677254292,-0.0023461087910048527,0.0028554517290370163,0.018132978541528146,-0.01189984419477796,-0.01295408190304035,0.026801842206148563,-0.055208074244460115,0.074226095177815,0.46285484406385236
323,23.02077841758728,1782105384.8220742,-1.0973260402679443,-1.2132123708724976,1.3468623161315918,-1.6105128526687622,-1.6239678859710693,0.9491168260574341,-3.077673312823492e-05,-8.973707381443319e-05,0.00020408028491125663,-0.00046463595643686517,0.00018967416211168597,0.0016589357070806443,-0.0012693592598920773,-0.0014149117591095882,0.0029206710588740056,-0.006009464524491947,0.007921794380676849,0.04957100710862569,0.006328961436797739,0.00774285035784115,-0.01654951256612304,0.03451542554755869,-0.038962671868950804,-0.25110794149890103
324,23.067471742630005,1782105384.8687675,-1.0973612070083618,-1.2132548093795776,1.3469501733779907,-1.610695719718933,-1.623746633529663,0.9505234360694885,-8.872622787770013e-05,-0.000153418115752757,0.0003337388230217897,-0.0007297710853091388,0.0005547353534858246,0.0039259578981685195,2.3227034341133276e-05,7.584907232410809e-05,-0.00018371648298612332,0.000397711832755917,-0.0001425345740774679,-0.0013180939052575887,0.023700255631864994,0.02675776764186634,-0.05518230886126064,0.11372807143326921,-0.14777954305860286,-0.9271256117381559
325,23.12115168571472,1782105384.9224474,-1.0973249673843384,-1.2132164239883423,1.3468725681304932,-1.6105382442474365,-1.6239750385284424,0.9491174221038818,-9.457413913338542e-06,-6.050208004815261e-05,0.00014117699986115895,-0.0003334641087153756,5.580708304009363e-05,0.0007776642510641807,0.0010497055451151767,0.001193223502460662,-0.002448412554441571,0.005053003423321823,-0.006536924247944871,-0.04104360097245334,0.004109830929445678,0.003924166882154694,-0.007849630695881429,0.016161927713975517,-0.025264515211586715,-0.1536734165627279
326,23.17329502105713,1782105384.9745908,-1.0973601341247559,-1.2132588624954224,1.3469603061676025,-1.6107211112976074,-1.6237537860870361,0.9505240321159363,2.365049830110877e-05,-2.5518467042573434e-05,7.119006716393983e-05,-0.00018798828232036158,-0.00014537673339631851,-0.0004707423631717944,0.000503618723365185,0.0005422849780378762,-0.0011184115716326127,0.002321766025412737,-0.0031004201748747987,-0.019356569023394762,-0.010579826111319543,-0.011852584676573146,0.02404207432748845,-0.049498318904062186,0.06525274345182383,0.40831871740953535
327,23.224533081054688,1782105385.0258288,-1.0973237752914429,-1.213220477104187,1.3468828201293945,-1.6105636358261108,-1.6239821910858154,0.9491180181503296,4.284309309987577e-05,-4.209037388847037e-06,2.515238285916155e-05,-9.259643553427566e-05,-0.00026607892118590826,-0.0012316746368021825,-4.385955005020196e-05,-3.3245875780281463e-05,3.97192782539956e-05,-6.937294091708367e-05,0.00021016602797992905,0.001182586219244232,-0.0038846379923390215,-0.003786845481006409,0.007667542270946012,-0.015980726768448028,0.02307825414986065,0.1421668886989948
328,23.27819013595581,1782105385.079486,-1.0973589420318604,-1.2132630348205566,1.346970558166504,-1.6107465028762817,-1.6237609386444092,0.950524628162384,1.697766770369924e-05,-3.12300076004135e-05,8.000269588848141e-05,-0.00020482839882873805,-0.00011062461397237655,-0.00026729383829682263,0.00012981583969793204,0.0001819356390857466,-0.000388086817445985,0.0007974313945998436,-0.0008853064600967647,-0.005725042142562708,0.004367556665916341,0.005001410656866748,-0.009883148778347216,0.020144163583446634,-0.02686945485128082,-0.1677852030468501
329,23.331294298171997,1782105385.13259,-1.097322702407837,-1.2132246494293213,1.346893072128296,-1.6105890274047852,-1.6239893436431885,0.9491186141967773,5.6029282859526575e-05,1.4460497986590326e-05,-1.4728755681758798e-05,-1.0639937574552505e-05,-0.0003564342441535473,-0.0018168171138288614,0.0004211821471048299,0.0004996205169228174,-0.001013316349168844,0.0020768535285726132,-0.00265135051147933,-0.01668740939439873,-0.007854703368085272,-0.009552542321655123,0.02000835570275129,-0.04127352814797504,0.050749832605297425,0.32165306557161855
330,23.388322591781616,1782105385.1896183,-1.0973578691482544,-1.213267207145691,1.3469806909561157,-1.610771894454956,-1.6237680912017822,0.9505252242088318,6.080649445294739e-05,2.0858366541531836e-05,-2.5325293204758736e-05,1.104303783705518e-05,-0.00038653123945664447,-0.0020034601696394816,-0.0008438173809951761,-0.0009965355025770358,0.0020741319655504624,-0.004280089360971066,0.005387558408432552,0.03399707623390859,-0.011252494746963267,-0.013305297321927506,0.027211541509867397,-0.055991068578675474,0.07143331549794303,0.4496491110078881
331,23.441055059432983,1782105385.2423508,-1.097321629524231,-1.213228702545166,1.3469032049179077,-1.6106144189834595,-1.6239964962005615,0.9491192102432251,-2.8919417836448247e-05,-8.575301248647804e-05,0.00019424420500513406,-0.0004418941518800068,0.0001860001212499185,0.0016065783047771731,-0.0009042657026569016,-0.0010676852687274854,0.002196079959378863,-0.004527471551608318,0.005764104191659708,0.03629701558067455,0.009584728183463441,0.01137803038061535,-0.02375551963010537,0.04885131575885704,-0.0611309869336087,-0.38617603877929885
332,23.490801572799683,1782105385.2920973,-1.0973566770553589,-1.2132712602615356,1.346990942955017,-1.6107972860336304,-1.6237752437591553,0.9505258202552795,-3.6488126644584895e-05,-9.409315378050565e-05,0.00021114531394061942,-0.00047649797656923454,0.00023372314004177497,0.0019028544464987363,7.61453424565951e-05,9.561915739308134e-05,-0.000209040731748396,0.00041544517498008247,-0.0004809139431234768,-0.0030838449162979426,0.009308087934125187,0.011121319590612374,-0.023036582824673187,0.04725993156631772,-0.05934800649332614,-0.37480764722280285
333,23.544126510620117,1782105385.3454223,-1.0973204374313354,-1.2132327556610107,1.346913456916809,-1.6106398105621338,-1.6240036487579346,0.9491198062896729,-1.9378399967351356e-05,-7.394544154060156e-05,0.0001686292383613619,-0.00039083601873457496,0.00012575333076014772,0.0012217003069299182,-2.1976192798172874e-05,-1.2318138179282889e-05,9.327734353107783e-06,-4.262045883002188e-05,0.00013775972357719154,0.0007554794222504532,-0.004960068763713614,-0.005639085487412808,0.011754800219105138,-0.02385612356685484,0.03058216440182006,0.1923606237721898
334,23.59510111808777,1782105385.3963969,-1.0973554849624634,-1.2132753133773804,1.347001075744629,-1.6108226776123047,-1.6237823963165283,0.9505264163017273,-3.720420185970852e-05,-9.358439653617268e-05,0.00020841006066696366,-0.0004733625441417644,0.00023815019924278147,0.0019194562691424721,-0.0004268447192809913,-0.0004759167565266027,0.0009817672057753557,-0.0020025586318643067,0.0026215385887459718,0.016425968516511825,0.002630750681911568,0.002718201693823817,-0.005284956511504188,0.010988923777303154,-0.017248686680953137,-0.10457054952389082
335,23.64987540245056,1782105385.4511712,-1.09731924533844,-1.2132368087768555,1.346923589706421,-1.6106653213500977,-1.6240108013153076,0.9491204023361206,-6.512485857435024e-05,-0.00012498764676394103,0.00027403728940278427,-0.000605628018920612,0.0004062618628672965,0.0029803081390618047,0.0003395677308193688,0.00036824484531630404,-0.0007415852449503548,0.0015091470312749065,-0.0022063192581297884,-0.013550271098969944,0.008031483813896881,0.00855278221389006,-0.017724693552043397,0.03617116993711021,-0.049048875333692316,-0.3054621881769005
336,23.698962688446045,1782105385.5002584,-1.0973544120788574,-1.213279366493225,1.3470113277435303,-1.610848069190979,-1.6237895488739014,0.950527012348175,-1.1094708908032658e-05,-6.549132030997384e-05,0.000152304947244275,-0.00035893351321902855,6.588687009845273e-05,0.0008670760214286588,0.000471595354494828,0.00048635139908082675,-0.001007292713676106,0.0020555401808231705,-0.0028943055796841043,-0.01790734144068387,-0.005585362353253583,-0.006305511079874629,0.012625099747625945,-0.02555519989935406,0.035951634488874944,0.2223098780113289
337,23.749571084976196,1782105385.5508668,-1.097318172454834,-1.2132408618927002,1.3469337224960327,-1.610690712928772,-1.6240179538726807,0.9491209983825684,-2.0052352477151203e-05,-7.874245929961887e-05,0.00017816401370041035,-0.0004098752035730513,0.00013019238720701765,0.0012726997004683938,-0.0002428332491841593,-0.0002873005137046319,0.0005728086954043406,-0.0011519329966795475,0.001532270017298882,0.009574075054985906,-0.0033264746021394553,-0.002998885102381346,0.006470871181371171,-0.013053951926256031,0.020140380620126692,0.12277093480913985
338,23.797973155975342,1782105385.599269,-1.097353219985962,-1.2132835388183594,1.3470215797424316,-1.6108734607696533,-1.6237967014312744,0.9505276083946228,-3.4853571955650864e-05,-9.382716515204947e-05,0.00020875205338555247,-0.00047235955158697607,0.00021646836392541502,0.0018082797540248663,9.566349837230386e-05,0.00013638906171942623,-0.00025977085963881227,0.0005458391419984805,-0.0006095832123364914,-0.003937739980961092,0.0015320277638161725,0.0020971100623141123,-0.003959862479236357,0.008059599612425465,-0.008947690217957634,-0.05786963366283408
339,23.849576234817505,1782105385.650872,-1.097317099571228,-1.2132450342178345,1.346943974494934,-1.6107161045074463,-1.6240251064300537,0.9491215944290161,-7.83036505502821e-06,-6.213962286238939e-05,0.0001462879586942023,-0.0003431405291181022,5.3410479335269656e-05,0.0007796801278168175,-0.00012574274904504412,-0.00012160242117875057,0.00026437722291710675,-0.0005246130542710028,0.0008709425768181913,0.005250349379751648,-0.004936129434496484,-0.005636603035446883,0.011156734213447853,-0.02316825481064031,0.03053361711297196,0.19109748251693284
340,23.899754524230957,1782105385.7010503,-1.0973520278930664,-1.213287591934204,1.347031831741333,-1.6108988523483276,-1.6238038539886475,0.9505282044410706,-4.582682343112765e-05,-0.00010413662978869809,0.00023151604843718587,-0.0005172439900480441,0.00029378660366852216,0.002271896498587722,-0.0004049283122483497,-0.0004355217982787363,0.0008729681712999009,-0.0018054446829685248,0.0024929909313654883,0.015475765484563798,0.008274463654053422,0.009073172392537038,-0.018584015767983665,0.03781168935124632,-0.053801346464885026,-0.3322880421173581
341,23.954347133636475,1782105385.755643,-1.0973159074783325,-1.2132490873336792,1.3469542264938354,-1.6107414960861206,-1.6240322589874268,0.9491221904754639,-4.7007919558694766e-05,-0.00010406962472231385,0.000230140659853717,-0.0005169592114278032,0.0002934278313375671,0.0022696326169189263,0.0008687279005931412,0.000970291410247453,-0.0019657641009912844,0.004020730258751382,-0.005559704090506957,-0.03450471118638042,0.011892335425553048,0.012936042803188802,-0.026172470082599007,0.05372998247843751,-0.07368050952666777,-0.4579317690198328
342,24.00452947616577,1782105385.8058252,-1.0973509550094604,-1.2132916450500488,1.3470419645309448,-1.610924243927002,-1.6238110065460205,0.9505288004875183,3.765784864384614e-05,-1.0676794364172792e-05,4.197868265620741e-05,-0.0001299604837825541,-0.0002417280247009046,-0.0010516274531582326,0.0009379034629046126,0.001028320300600301,-0.00208784886321037,0.0042726404206109405,-0.005851751751294687,-0.036377131720927075,-0.01754431821129973,-0.019538603234448365,0.03942211672204154,-0.0808472212679078,0.11237038063110467,0.6967792396576483
343,24.052886724472046,1782105385.8541825,-1.0973148345947266,-1.213253140449524,1.3469644784927368,-1.610766887664795,-1.6240394115447998,0.9491227865219116,4.809790692306137e-05,2.450530320885491e-07,1.8449608777615367e-05,-8.360949290420194e-05,-0.00030044839171594617,-0.0014217766674899934,-0.0007922662877212866,-0.0008808677156565106,0.001768874951244445,-0.0036381903126012456,0.005089656205986089,0.031524784420952835,-0.020203577044698807,-0.022129232082677155,0.04485858214772564,-0.09181737795015768,0.1263840367083915,0.7849808717632736
344,24.103740692138672,1782105385.9050364,-1.097349762916565,-1.2132956981658936,1.3470520973205566,-1.6109496355056763,-1.6238181591033936,0.9505293965339661,-4.6108001043876357e-05,-0.00010373778119010524,0.00022902407527958246,-0.0005144556676732748,0.00029551401904015506,0.0022766744561870667,-0.000986735723978378,-0.001078266438750406,0.0021838749905205195,-0.004469021826335818,0.006175352685913712,0.038330061465028514,0.009827601258198242,0.010816924492488958,-0.0218529317136436,0.045108174938667096,-0.06300401460919663,-0.39034551678685736
345,24.159144639968872,1782105385.9604404,-1.097313642501831,-1.2132571935653687,1.3469746112823486,-1.6107922792434692,-1.6240465641021729,0.9491233825683594,-4.851990618170987e-05,-0.00010514103244396722,0.0002318993287033777,-0.0005204197836690128,0.00030302706819540504,0.002324083224948481,0.0003817813665931561,0.00040825653720032466,-0.0008385124966976568,0.0017390785676221565,-0.0024069705318064136,-0.014935786126793986,0.01289273644008496,0.013988810474872607,-0.02845976803089035,0.0585054338544637,-0.08023157343018464,-0.49864467527749645
346,24.209911584854126,1782105386.0112073,-1.097348690032959,-1.2132997512817383,1.3470622301101685,-1.6109750270843506,-1.6238253116607666,0.9505299925804138,-9.353240432830034e-06,-6.424561209783519e-05,0.00014791055033214207,-0.00034622599667955,6.2556917157508e-05,0.0008312504424559108,0.00048702229549914733,0.0005210493916891929,-0.0010695759383212104,0.0022183588704068097,-0.0030064427103751973,-0.018723572029646987,-0.003796866580776004,-0.003784767420245102,0.00795624563753879,-0.016439947548804817,0.023331408537053306,0.14416220246064013
347,24.262237787246704,1782105386.0635335,-1.0973124504089355,-1.213261365890503,1.34698486328125,-1.6108176708221436,-1.624053716659546,0.9491239786148071,7.879851278147498e-07,-5.2325261957975044e-05,0.00012348516599836046,-0.0002955626735428041,-1.4377282990807316e-06,0.00042763491383901453,-2.823600597179579e-05,-9.462082415833068e-07,2.1326364692439773e-05,-3.771630624765021e-05,0.00010960444593068335,0.0006190746800697304,-0.004425570683961322,-0.0043010297971913525,0.00912677880675265,-0.019079988031185498,0.026630024054888284,0.16500871860066368
348,24.31375527381897,1782105386.115051,-1.0973474979400635,-1.2133039236068726,1.3470724821090698,-1.611000418663025,-1.6238324642181396,0.9505305886268616,-1.192900610469394e-05,-6.39767340455677e-05,0.0001493417636773131,-0.00034852813551111694,7.179991588124324e-05,0.0008821643000445079,1.8753613563071892e-05,6.530697083301852e-05,-0.00010300561445017844,0.00019844700120308627,-0.00018824776014030219,-0.0012600143327786248,0.0021476205143335383,0.002196760048097011,-0.004757376110512213,0.009561678187134352,-0.012931765717525823,-0.08056570878768468
349,24.366981744766235,1782105386.1682775,-1.0973113775253296,-1.2132654190063477,1.3469951152801514,-1.6108430624008179,-1.624060869216919,0.9491245746612549,3.675188505525284e-06,-4.44719838412766e-05,0.00011059411046332457,-0.0002705146920689572,-2.674924444612259e-05,0.00026062160613982144,0.00020100724547029801,0.00023231560100296048,-0.00048512458002360225,0.0009811069682810016,-0.0012697643602648547,-0.007972897515289429,-0.0026042479604681057,-0.0036011597254615047,0.007015515479489261,-0.01422276945885128,0.01709714558754936,0.10884364026009305
350,24.4196994304657,1782105386.2209952,-1.0973464250564575,-1.2133078575134277,1.3470826148986816,-1.6110258102416992,-1.6238396167755127,0.9505311846733093,9.459866877392642e-06,-3.922841647963082e-05,9.769971068784855e-05,-0.00024409484570320217,-6.331333285558571e-05,3.373089882963143e-05,-0.0002510462730400107,-0.0003093903695618896,0.0006258722534935738,-0.0012790776287514801,0.0015852031636299595,0.010033384747181394,-0.0017429063310727697,-0.0024717816325153306,0.005095862911435729,-0.01029136189426545,0.011711245904844986,0.07536406303201679
351,24.472472667694092,1782105386.2737684,-1.0973103046417236,-1.2132694721221924,1.3470052480697632,-1.6108684539794922,-1.624068021774292,0.9491251707077026,-2.2848018931043157e-05,-7.715530849239371e-05,0.00017671471447400222,-0.0004056436653634421,0.00014072861381464463,0.0013206463766763932,1.790591312008101e-05,-2.7567439534209907e-05,5.066649511225631e-05,-0.00010091642864371768,-3.90524235455512e-05,-5.226377781365993e-05,0.007042939814586662,0.007960005524372173,-0.01641854404948258,0.03369905183292958,-0.04380029394263066,-0.27481163809975573
352,24.522764444351196,1782105386.3240602,-1.0973453521728516,-1.2133119106292725,1.347092866897583,-1.6110512018203735,-1.6238467693328857,0.9505317807197571,8.25168554108302e-06,-4.541893593135171e-05,0.00010993216961274754,-0.00026884198680221516,-4.841155775281436e-05,0.00014677685610209323,0.0004654008947578883,0.0004983118062523829,-0.0010395589598259387,0.0021389941111387097,-0.0028659656610725334,-0.0178844565790928,-0.0025210935981179517,-0.0020671834388381197,0.004323072243245558,-0.0089984855752825,0.015158835059772688,0.09118785846423205
353,24.57331085205078,1782105386.3746066,-1.0973091125488281,-1.2132736444473267,1.3470155000686646,-1.6108938455581665,-1.624075174331665,0.9491257667541504,2.400405581504117e-05,-2.6974217794517585e-05,7.203469028738141e-05,-0.0001902480978408505,-0.0001478132720276193,-0.00048000381461577035,-0.00024214660834092285,-0.00024241248044259744,0.0004998721354808283,-0.001035640654625772,0.0015259745590482181,0.009370538971264563,-0.01052785890647618,-0.011554209452634592,0.023800276093208665,-0.04895418217198586,0.06570611398541852,0.40989989696345247
354,24.62475562095642,1782105386.4260514,-1.097344160079956,-1.2133160829544067,1.3471031188964844,-1.6110765933990479,-1.6238539218902588,0.9505323767662048,-1.744897798694467e-05,-7.124375065536981e-05,0.0001631799042645099,-0.00037916401438131686,0.00011355523217737584,0.0011419525544056341,-0.0006020575755880675,-0.000674496036548948,0.0013757948143336284,-0.0028287908780857234,0.003797079749724249,0.023687321970934153,0.004463958391055765,0.004663211704346757,-0.009480992247507428,0.019373636946086292,-0.028834716227826986,-0.17677696214761143
355,24.678431510925293,1782105386.4797273,-1.0973079204559326,-1.2132776975631714,1.3470256328582764,-1.6109192371368408,-1.624082326889038,0.9491263628005981,-3.8355873533291174e-05,-9.702957669688317e-05,0.00021485416844413407,-0.00048376731440313847,0.000245486837396669,0.0019742768893920015,0.0002793539351735713,0.00030733799032438026,-0.0006176236353877932,0.0012481612013541454,-0.0018378713635325956,-0.011287043285774389,0.010614022552775269,0.012106483483612467,-0.024421706046825184,0.05015758681948766,-0.06761288823238178,-0.4214753479719813
356,24.72835636138916,1782105386.529652,-1.0973429679870605,-1.213320255279541,1.3471133708953857,-1.6111019849777222,-1.6238610744476318,0.9505329728126526,6.6498127004877006e-06,-4.510647706545967e-05,0.00011063515931653001,-0.0002729993747454529,-4.574823461922506e-05,0.00016659016688969075,0.0005396051773481369,0.0006245266913841687,-0.001246377716683137,0.0025543440778578765,-0.0034782089315599386,-0.021643811958318063,0.0013772302550435845,0.0014516906934343167,-0.002906575897777385,0.006362184155103017,-0.007197824703311862,-0.0463738565736071
357,24.77856755256653,1782105386.5798633,-1.0973068475723267,-1.2132817506790161,1.3470357656478882,-1.6109446287155151,-1.6240894794464111,0.9491269588470459,1.54702262165074e-05,-3.473057653557987e-05,9.05299241473756e-05,-0.0002289430137878412,-0.00010145455524579461,-0.00018468411854932754,0.0004150614283749651,0.0004498894263704655,-0.0009031129171984012,0.0018738730720589652,-0.0025438968623233914,-0.015838229497962944,0.0005589544117338262,0.00039416051345686227,-0.0013124763951541316,0.0027627364569857774,-0.002773365520367277,-0.018326389905156365
358,24.82912278175354,1782105386.6304185,-1.0973418951034546,-1.2133243083953857,1.347123622894287,-1.6111273765563965,-1.6238682270050049,0.9505335688591003,4.863935344801007e-05,3.9521392025676505e-07,1.9284622995385803e-05,-8.34879094604446e-05,-0.00030307801177542615,-0.0014354765383828294,0.0005980274828463454,0.000666918341662662,-0.0013842575344189707,0.002843999501430946,-0.0037724332098500596,-0.023582979978485925,-0.0033538541916283207,-0.003386790025811667,0.006464229931645322,-0.01330859524478848,0.019627811033739673,0.12051021665394199
359,24.877187252044678,1782105386.678483,-1.0973056554794312,-1.2132858037948608,1.3470460176467896,-1.6109700202941895,-1.6240966320037842,0.9491275548934937,7.472966452226615e-05,3.1176183032499694e-05,-4.6106604463247436e-05,5.1692446271900394e-05,-0.0004745390656903936,-0.002516057635927993,0.00011818570202642119,0.0001531993476813515,-0.0003432631594359568,0.0007192849458155163,-0.0008216488675885591,-0.005283422285405931,-0.010572371173218058,-0.01190322997077812,0.02460630200175617,-0.05091388657828705,0.06720696045399616,0.4203373055275357
360,24.92978549003601,1782105386.7310812,-1.0973408222198486,-1.21332848072052,1.3471338748931885,-1.6111527681350708,-1.623875379562378,0.9505341649055481,5.650427127257274e-05,1.1190516531200956e-05,-5.610413676748749e-06,-3.095802492936173e-05,-0.00035971679739787987,-0.0018040172049538228,-0.00047180942432492953,-0.0005428306928648438,0.0011206713761113924,-0.0023448275026139425,0.0030480135552181844,0.01910539607444934,-0.006645660441019051,-0.007741643279118794,0.01629859994157137,-0.03360816925058349,0.04327026423058618,0.27196096625083743
361,24.97904896736145,1782105386.7803447,-1.0973045825958252,-1.2132899761199951,1.347056269645691,-1.6109954118728638,-1.6241037845611572,0.9491281509399414,2.7479594738366586e-05,-2.3065702011493272e-05,6.578168831339326e-05,-0.00018216054195541176,-0.00016964947810826914,-0.0006059082330516219,-0.0005882749019456452,-0.000670841122039225,0.0013914264881172004,-0.002863272665429518,0.003781614289363067,0.02365713632774264,-0.0011779928942576906,-0.0012791518644987192,0.0025933219781304733,-0.004601667855768168,0.006723014894878695,0.041675014614076716
362,25.029391527175903,1782105386.8306873,-1.0973396301269531,-1.2133325338363647,1.3471440076828003,-1.6111782789230347,-1.623882532119751,0.9505347609519958,-2.0895025016898217e-06,-5.557579760839815e-05,0.00013285803788321005,-0.0003157078406221814,1.678776670566151e-05,0.0005509292186900439,-0.000586556703109985,-0.0006673634169391881,0.0013726486993508016,-0.00279026021124617,0.003699844693903426,0.023145816358306485,2.4818693070914263e-05,0.00015889942209988597,-0.0006652722420820694,0.0011213978203995535,-0.0015552126504736613,-0.009654275225349784
363,25.08073592185974,1782105386.8820317,-1.0973033905029297,-1.2132940292358398,1.3470665216445923,-1.611020803451538,-1.6241109371185303,0.9491287469863892,-3.216394885363627e-05,-9.097153670012403e-05,0.00020544360478069734,-0.0004661718285312588,0.00020656932231233327,0.001748056278593424,-0.0005857700073470783,-0.0006545013662089312,0.0013231855364277544,-0.0027499067306297996,0.0036236091836195023,0.022676439421089864,0.008037335905288231,0.00947837827148891,-0.019780090891811306,0.040637218845515355,-0.0514319153229775,-0.3243936804117671
364,25.12900996208191,1782105386.9303057,-1.0973384380340576,-1.2133365869522095,1.3471542596817017,-1.611203670501709,-1.623889684677124,0.9505353569984436,-6.0442812841898785e-05,-0.00012098396807935785,0.00026521091374931416,-0.0005907249699177441,0.00037819875225686417,0.0028137283654086076,0.00016632214799735702,0.00022188639253994838,-0.00048571977523101644,0.0010205576955033312,-0.0011261819723154144,-0.00729178571904407,0.01035648689260531,0.011817191939857315,-0.024022865531271614,0.050147886002055296,-0.06413977755803256,-0.4035527674531513
365,25.182433128356934,1782105386.983729,-1.0973023176193237,-1.2132980823516846,1.347076654434204,-1.6110461950302124,-1.6241180896759033,0.9491293430328369,-7.090835746126345e-06,-5.925541953644142e-05,0.00013734833351364273,-0.0003233256058692291,4.1257309739251014e-05,0.0006879413002831569,0.0004107977273597633,0.0004785309562957361,-0.0009739879362253084,0.002046724314059937,-0.002527674036885516,-0.016007231663445472,-0.0031410984469304737,-0.003767644869890006,0.008191915333138554,-0.017058944489320618,0.020499560062015268,0.13049627256516644
366,25.234506607055664,1782105387.0358024,-1.0973373651504517,-1.2133407592773438,1.347164511680603,-1.6112290620803833,-1.623896837234497,0.9505359530448914,-1.5538195476949568e-05,-6.869634376549527e-05,0.00015867534982660914,-0.0003669169798179439,0.00010146459652915496,0.0010616275201833503,-0.00014448444104569262,-0.00015274171313345026,0.0003323064380041259,-0.0006824415586188788,0.0009118955397492705,0.00569251182251798,-0.001592290960341895,-0.0019305611508200118,0.00389105934360082,-0.008745702633341122,0.00884058935726199,0.05832152225890888
367,25.28869915008545,1782105387.089995,-1.0973011255264282,-1.2133021354675293,1.3470869064331055,-1.6110715866088867,-1.6241252422332764,0.9491299390792847,-2.236792753151917e-05,-7.536317718148666e-05,0.00017232716077231203,-0.0003951771011685423,0.00013710436597946796,0.00128644617038276,0.0002808182069238165,0.0003174525192684138,-0.0006521533840473771,0.001306173058556577,-0.001835623596426311,-0.01135945373236993,0.007553678970456639,0.008372361667769002,-0.01733821669073343,0.03544633890423083,-0.046873745985517086,-0.2931498293973928
368,25.34034276008606,1782105387.1416385,-1.0973362922668457,-1.2133448123931885,1.3471747636795044,-1.6112544536590576,-1.6239039897918701,0.9505365490913391,1.2157256136902106e-05,-3.729105883110151e-05,9.415436714199643e-05,-0.00023777464520158276,-8.039927917735668e-05,-6.34150354983376e-05,0.0006564329664372804,0.0007348701546419663,-0.0015068242278622607,0.003075280165316893,-0.004068084489247225,-0.025440391644102604,0.003124097179271437,0.003361416274548042,-0.006908686607417546,0.014767011136676196,-0.01838495909853912,-0.11625183496000788
369,25.391855478286743,1782105387.1931512,-1.0973000526428223,-1.213306188583374,1.3470970392227173,-1.611096978187561,-1.6241323947906494,0.9491305351257324,4.53504491861878e-05,4.439410918877229e-07,1.6886909200763967e-05,-7.794966036556161e-05,-0.00028258182231510887,-0.0013380736132937443,0.0006041733938023637,0.0006654382570882571,-0.001367348709959543,0.002834579156391654,-0.003738643785494779,-0.023392458320875862,-0.003054110566307996,-0.0034504357077487623,0.007241698845395488,-0.014504948075232716,0.01861750734009324,0.11706172319222218
370,25.446034908294678,1782105387.2473307,-1.0973351001739502,-1.2133488655090332,1.3471848964691162,-1.611279845237732,-1.6239111423492432,0.9505371451377869,7.579371140487012e-05,3.2673408071559606e-05,-4.963802927804295e-05,6.035147338323554e-05,-0.00047452544695403276,-0.002528416320965121,0.00032247777508896864,0.00035868200036863484,-0.0007166252823900755,0.001488423891354996,-0.002033486804713497,-0.012644909721203423,-0.005304406034866721,-0.0056783510150246385,0.011639248578169094,-0.02414929220662415,0.03208083902574009,0.20047188982038427
371,25.495395183563232,1782105387.296691,-1.0972988605499268,-1.2133103609085083,1.3471072912216187,-1.6111223697662354,-1.6241395473480225,0.9491311311721802,8.094467196784194e-05,3.9756937113111235e-05,-6.202058793292053e-05,8.59624680273896e-05,-0.0005070281465080484,-0.002733208210734972,5.592466021217383e-05,7.765535854166526e-05,-0.0001588050098363324,0.0003277498854371897,-0.00042260663237421187,-0.002655019850739796,-0.006331310299907897,-0.007202655706427089,0.014495911590547313,-0.03027222996219406,0.03986768279068541,0.24951609427007415
372,25.550005435943604,1782105387.3513012,-1.0973339080810547,-1.213352918624878,1.3471951484680176,-1.6113052368164062,-1.6239182949066162,0.9505377411842346,8.107267542811769e-05,4.001907016792927e-05,-6.513108525929567e-05,9.23144579978441e-05,-0.000515855724945169,-0.0027879400617596417,-0.00034608893789461206,-0.00040687203977915834,0.0008258527693982023,-0.0017337269658057714,0.0021915570033764734,0.013818577328529926,-0.011131709760154427,-0.012616175235822237,0.025992950579706405,-0.05333191758191113,0.07176165823219899,0.44742374376151794
373,25.599271059036255,1782105387.4005668,-1.0972977876663208,-1.2133145332336426,1.34711754322052,-1.6111477613449097,-1.6241466999053955,0.9491317272186279,4.853661445736179e-05,1.6778834943664833e-06,1.4790770771710982e-05,-7.532206579163869e-05,-0.00030330135551182025,-0.0014484624601269758,-0.0010620628205205876,-0.001194801601511171,0.0024602891441613548,-0.005053729851327809,0.006788805947100771,0.04233962725033616,-0.0059208935396476035,-0.006247335213485389,0.012784837921025884,-0.02577480804017497,0.03687638034032901,0.22751864349461903
374,25.65118145942688,1782105387.4524772,-1.0973327159881592,-1.2133569717407227,1.3472052812576294,-1.6113306283950806,-1.6239254474639893,0.9505383372306824,-2.8564148831122793e-05,-8.312869636206699e-05,0.0001883429504445644,-0.00042796941890088647,0.0001844481873440884,0.0015781068483136096,-0.0008983648044394738,-0.0009860159402974489,0.002008616474794351,-0.0041154859202698155,0.005616011068518129,0.03492933796609958,0.015580778813815921,0.017420981569984048,-0.035771972632602275,0.07314516464775213,-0.09988267271531046,-0.6211563773997402
375,25.70629072189331,1782105387.5075865,-1.0972965955734253,-1.2133185863494873,1.3471277952194214,-1.611173152923584,-1.6241538524627686,0.9491323232650757,-4.3735559192015216e-05,-9.957376183855615e-05,0.00022095017772372216,-0.0004980996448864516,0.0002727938811020181,0.0021355130608426975,0.0006873430576831558,0.000757949946241657,-0.0015465441904936171,0.0031374249553383273,-0.004410319701359681,-0.027291325518785273,0.011997352334721711,0.012977834444837728,-0.0263299824283657,0.05380698194152987,-0.07520396649764788,-0.46582024988651927
376,25.75715470314026,1782105387.5584505,-1.0973316431045532,-1.2133610248565674,1.3472154140472412,-1.6113560199737549,-1.6239326000213623,0.9505389332771301,3.6417282363032655e-05,-1.1429896826342656e-05,4.190613388388442e-05,-0.00013148742899815602,-0.00023383694855283466,-0.0010086792629220298,0.000509989339472612,0.0005416822026709971,-0.0010933501664223226,0.0022217590712880295,-0.003224903411337585,-0.019849375557055314,-0.013214771507301435,-0.01473394613396443,0.030181291786389532,-0.06143276653018743,0.08414990989801305,0.5230352496605638
377,25.806218147277832,1782105387.607514,-1.0972955226898193,-1.213322639465332,1.3471379280090332,-1.6111985445022583,-1.6241610050201416,0.9491329193115234,1.0996589816514302e-05,-4.123099900787963e-05,0.00010311043575228496,-0.0002584480353249319,-7.328849829590922e-05,3.567057603959256e-06,-0.0005987640061769767,-0.0006772967712141416,0.0013941505856164176,-0.002847764854182386,0.003783337366540306,0.02364163908106627,-0.0010333658294461746,-0.0005992807725253091,0.0008666154442084333,-0.000849761409770184,0.007224076772773744,0.038390513733329856
378,25.85528588294983,1782105387.6565816,-1.0973305702209473,-1.213365077972412,1.347225546836853,-1.6113814115524292,-1.6239397525787354,0.9505395293235779,-2.2340828204292507e-05,-7.789442802774715e-05,0.00017871703485994317,-0.00041094418636333785,0.00013743079762917887,0.0013113285111678863,0.00040876903337395704,0.00048308218480293784,-0.0010087359097421492,0.0021392505797060736,-0.0025171602895253465,-0.016089348199078365,0.017944288906556784,0.020397921661667005,-0.04191216122034674,0.08609637661528342,-0.11269542237202448,-0.7060884686017328
379,25.906695127487183,1782105387.707991,-1.0972944498062134,-1.2133266925811768,1.3471481800079346,-1.6112239360809326,-1.6241681575775146,0.9491335153579712,5.728604913635138e-05,1.3206542647026254e-05,-1.0468997002632818e-05,-1.8343942127074797e-05,-0.00035886519610528467,-0.0018179771265423028,0.001191809256619172,0.001356639015704399,-0.0027832123467161473,0.005728433617659028,-0.007464639182559506,-0.0468071239128903,-0.002833171041022161,-0.0035569679938466095,0.00753964670742167,-0.016334143664189872,0.016675332181223287,0.1097687347709919
380,25.96177625656128,1782105387.763072,-1.0973293781280518,-1.2133692502975464,1.3472357988357544,-1.6114068031311035,-1.6239469051361084,0.9505401253700256,0.00010185947458651867,6.341475805804464e-05,-0.00011084729047361463,0.00018456403144995193,-0.0006408303792930781,-0.003566213229914794,-3.0336920903749364e-05,-5.199839248920104e-05,0.00011404564856718537,-0.0002554385194128595,0.00011741796876192732,0.0009795852414110316,-0.016438349321096342,-0.01886848912511937,0.03858916937515825,-0.07894160388183344,0.10352171975952593,0.6483957075041153
381,26.01009702682495,1782105387.8113928,-1.0972932577133179,-1.2133307456970215,1.3471583127975464,-1.611249327659607,-1.6241753101348877,0.949134111404419,6.480411593301483e-05,2.0057963473263385e-05,-2.3251510029353994e-05,5.236083499227107e-06,-0.00041318039724203004,-0.0021319210411068212,-0.0005809174343705923,-0.0006794964527273334,0.001384790177684754,-0.0028111474912003572,0.0036728570495295505,0.023019756064260995,-0.005235229038779076,-0.005739643689669603,0.01194648763163796,-0.024609161485057658,0.03452930296896943,0.2137365482189925
382,26.062248706817627,1782105387.8635445,-1.0973283052444458,-1.2133734226226807,1.3472460508346558,-1.6114321947097778,-1.6239540576934814,0.9505407214164734,4.497442425233089e-05,-3.121229411817694e-06,2.4876662104489355e-05,-9.070945899480876e-05,-0.0002800805840941223,-0.001306436068727379,-0.0005072730403051812,-0.000570952589707628,0.0012000202191280946,-0.00250270534199082,0.0032756023952915077,0.0205234889135763,-0.0019493236214583407,-0.0017423341533586642,0.0034999941861854223,-0.008087371931487442,0.011431036445688651,0.07067050168774683
383,26.111980199813843,1782105387.913276,-1.0972920656204224,-1.2133349180221558,1.3471686840057373,-1.6112747192382812,-1.6241824626922607,0.9491347074508667,1.3722190979947868e-05,-3.751442035060393e-05,9.76998792889816e-05,-0.0002466129381168969,-8.287207703006061e-05,-6.312087342763562e-05,-0.000763627602508761,-0.0008389325568998149,0.0017080812960494041,-0.0035689137109622287,0.004747425644873576,0.029659445469549198,0.006912183899608322,0.008221538497796239,-0.01742681803998278,0.03677222540079638,-0.045142482496624045,-0.28620045563113466
384,26.16183352470398,1782105387.9631293,-1.0973271131515503,-1.2133773565292358,1.3472561836242676,-1.6114575862884521,-1.6239612102508545,0.9505413174629211,-3.110427718233666e-05,-8.670212433514735e-05,0.00019503509351181947,-0.0004462249628272019,0.00019288170299880392,0.0016483309990515949,0.00018401941652410465,0.0002511081688813009,-0.0005421701061617918,0.0011734514424434615,-0.0012381367242349898,-0.008092370692172309,0.01778453427076265,0.01994276561175417,-0.04062790989839919,0.08465114755588816,-0.111006808430763,-0.6952801649881795
385,26.21476912498474,1782105388.016065,-1.0972909927368164,-1.2133389711380005,1.3471788167953491,-1.6113001108169556,-1.6241896152496338,0.9491353034973145,3.952112722771517e-05,-3.8371921231572514e-06,2.611730706902904e-05,-9.309189721662392e-05,-0.00025315940166592554,-0.0011645245128573123,0.0010566458263128135,0.001198747141811929,-0.0024393593048290386,0.005065715569688191,-0.00660528882824841,-0.041413780561566124,-0.0023175582976043526,-0.0034082815664734298,0.007137760408641547,-0.015452761481003986,0.015314566634674884,0.10147574568716755
386,26.270143508911133,1782105388.0714393,-1.0973260402679443,-1.2133814096450806,1.347266435623169,-1.6114829778671265,-1.6239683628082275,0.9505419135093689,8.195616141115636e-05,4.130463282336905e-05,-6.542121743002838e-05,9.443239387252333e-05,-0.0005134512746778341,-0.0027786953891943966,-0.0001608170227268362,-0.00022437810431630178,0.0004453742244854605,-0.0009442455829570042,0.0010029317475772279,0.006545832922997116,-0.015203185121455857,-0.017296564061765017,0.03518953016255844,-0.07318198833400627,0.09539145171175839,0.5981206075077679
387,26.3200466632843,1782105388.1213424,-1.097289800643921,-1.2133430242538452,1.3471890687942505,-1.6113255023956299,-1.6241967678070068,0.9491358995437622,3.223477378000439e-05,-1.6645484302912905e-05,5.1177299789983977e-05,-0.00014745206022404034,-0.0002069004772806693,-0.0008467004559982172,-0.0006144623984068618,-0.0007096047303288902,0.0014411573762016564,-0.003006423384651687,0.0038742148875943526,0.024342347135949412,0.0039299977447374256,0.005155815735219048,-0.010233350051754912,0.021466621765260978,-0.024551445836945254,-0.15781424736532695
388,26.371506690979004,1782105388.1728024,-1.0973249673843384,-1.2133855819702148,1.3472766876220703,-1.6115083694458008,-1.6239755153656006,0.9505425095558167,2.087997147803833e-05,-2.919490975905603e-05,7.78277350175216e-05,-0.00020448751391199949,-0.00012792287401452995,-0.00035672816018461617,0.00027871505371878616,0.0003452844856503378,-0.0006873736838899794,0.0014302421321861422,-0.0017452710200736173,-0.011077529199982896,0.005547659079439742,0.006750263097563801,-0.013906944873826698,0.02949612159486312,-0.03569639064695758,-0.22692874477295552
389,26.422292947769165,1782105388.2235887,-1.0972886085510254,-1.21334707736969,1.3471992015838623,-1.6113508939743042,-1.6242039203643799,0.94913649559021,6.0063838606794206e-05,1.7869861935082554e-05,-1.7490599928393635e-05,-4.613573544531846e-06,-0.0003809569420916148,-0.0019517604376435571,-3.142583898225497e-05,-1.0094363938420187e-06,-1.753177571625869e-05,8.53771762177268e-05,0.00012598949406536248,0.000522080763426868,-0.011238231781463116,-0.013094769496311743,0.026435988027505596,-0.054757691295740256,0.07101671050016409,0.4456921521426346
390,26.47694230079651,1782105388.278238,-1.0973238945007324,-1.2133896350860596,1.3472869396209717,-1.611533761024475,-1.6239826679229736,0.9505431056022644,1.1126711632059028e-05,-3.674179006907252e-05,9.089109513560345e-05,-0.00022636459629943317,-7.367013048487081e-05,-4.5611536858558566e-05,-0.0009473491632904594,-0.001085705229454036,0.0022061587649535356,-0.004569949624154822,0.006016471252753952,0.03765698225162063,0.0018177051771656703,0.001461797915045551,-0.0025793002484106194,0.004356827589045207,-0.010915050376482292,-0.0625275793987329
391,26.53148341178894,1782105388.3327792,-1.0972875356674194,-1.2133512496948242,1.3472094535827637,-1.6113762855529785,-1.624211072921753,0.9491370916366577,-4.336643730340484e-05,-0.00010066011121701024,0.00022335268444351186,-0.0005034977108486771,0.0002758992241318481,0.0021594222696794674,0.00016303243777146341,0.00015399623202631845,-0.00028980889591812583,0.0005417359343116821,-0.0010401582989312509,-0.00614485394294432,0.012973626938597707,0.014539835265714632,-0.029408708741435665,0.060919267320056834,-0.08202042061795045,-0.5113315561700387
392,26.581820011138916,1782105388.3831158,-1.097322702407837,-1.2133936882019043,1.3472970724105835,-1.6115591526031494,-1.6239898204803467,0.9505437016487122,1.882928643226478e-05,-3.131099552433625e-05,8.247512374737198e-05,-0.00021500928490070237,-0.00012253155513874958,-0.00031352598951350785,0.00047300204978302333,0.0005054134167847089,-0.0010103825339639902,0.0020843280994096904,-0.0029685551497962946,-0.018329200673376636,-0.006880459577260689,-0.007546618848338222,0.015265822657715554,-0.030594758709065917,0.04425781370982086,0.27256099862002797
393,26.631587505340576,1782105388.4328833,-1.0972864627838135,-1.213355302810669,1.3472195863723755,-1.6114016771316528,-1.624218225479126,0.9491376876831055,4.846090183363572e-06,-4.907891763572536e-05,0.00012018527026036452,-0.00029072050926970405,-2.686393899153927e-05,0.0002897366434186921,-0.0005109731870199628,-0.0005850088059531405,0.0012048834611122529,-0.002451614355782103,0.0032967817163414336,0.020557185001070746,-0.005269010525538102,-0.005504276022696248,0.010700940672631172,-0.021866507745135478,0.03305224418583812,0.20210648307211093
394,26.6808602809906,1782105388.482156,-1.0973215103149414,-1.213397741317749,1.3473073244094849,-1.6115845441818237,-1.6239969730377197,0.9505442976951599,-3.15511937820645e-05,-8.90259647920999e-05,0.00020136687216165683,-0.0004569019185485246,0.0002026293832404491,0.0017141581833843844,-6.312010049860863e-05,-5.588364274763171e-05,8.272946112092305e-05,-0.00014954045062582017,0.0003963507136326191,0.002257767335191414,0.014931400962261596,0.016900522478059486,-0.034824916710105465,0.07132885910602237,-0.09569456444121646,-0.5969517360223394
395,26.733269929885864,1782105388.5345657,-1.097285270690918,-1.2133593559265137,1.3472298383712769,-1.6114270687103271,-1.624225378036499,0.9491382837295532,2.801150690956433e-06,-4.987482430252044e-05,0.00011846731971587587,-0.0002850612966369681,-1.4147082151083623e-05,0.00034678713728197863,0.0010451066730300031,0.0011733656004507367,-0.002414207441304664,0.004960574664663245,-0.006672089413121516,-0.04160247740097417,0.008950956756263574,0.009952473232943859,-0.019950513061738454,0.040745514000659226,-0.05716808036839262,-0.35387306006774516
396,26.785021781921387,1782105388.5863175,-1.097320318222046,-1.2134019136428833,1.3473175764083862,-1.611609935760498,-1.6240041255950928,0.9505448937416077,7.679928404513703e-05,3.2636181737544234e-05,-4.901231023701769e-05,5.760033326751568e-05,-0.0004890301925293272,-0.002598938341572321,0.0008851673393898455,0.000998432793303694,-0.0020315489559399463,0.0041687750703500465,-0.005659943761589622,-0.03523362637055933,-0.010042803342937966,-0.011157193795822539,0.02303102166862919,-0.047460628758834236,0.06502907050929009,0.4041699562354408
397,26.83224654197693,1782105388.6335423,-1.097284197807312,-1.213363528251648,1.3472400903701782,-1.6114524602890015,-1.624232530593872,0.949138879776001,9.512809412903778e-05,5.4106295978684216e-05,-9.303863221887809e-05,0.00014878382263638912,-0.0006047931035801923,-0.0033282837809540666,0.00011129819294942078,0.00013639867630784158,-0.00027006201817769714,0.0005415351736848359,-0.0006294313480890747,-0.004032956781420925,-0.009796469364143738,-0.01097650303566022,0.022440302730412264,-0.04624366034096619,0.06348511043061095,0.3944412640447045
398,26.885425567626953,1782105388.6867213,-1.09731924533844,-1.2134060859680176,1.3473278284072876,-1.6116353273391724,-1.6240112781524658,0.9505454897880554,8.446970012521149e-05,4.230246397440851e-05,-6.774446669766121e-05,9.438492620361671e-05,-0.0005291637328923571,-0.00285940536268825,-1.5004793156542283e-05,-1.1523677697387511e-05,3.342861969356031e-05,-8.734124099619989e-05,0.00016937643144462975,0.0009993250932409312,-0.0015297017285978935,-0.001748562572838174,0.0035650461651494858,-0.0068450373826084675,0.008842975801240736,0.055536619226645226
399,26.933405876159668,1782105388.7347016,-1.0972830057144165,-1.2133675813674927,1.34725022315979,-1.6114778518676758,-1.6242396831512451,0.9491394758224487,9.177656141901025e-05,5.085947853267214e-05,-8.52838749221263e-05,0.0001306961149794006,-0.0005752699983325726,-0.0031498822555864336,-5.180527159440575e-05,-5.070059867110524e-05,0.0001117575345981343,-0.0002001585699861789,0.0003262150471696444,0.0019716842766494477,-0.00475453508355428,-0.00540373850501665,0.011053975454867054,-0.022349680520638477,0.02849132888562198,0.17936928882404332
400,26.987175464630127,1782105388.7884712,-1.0973180532455444,-1.2134101390838623,1.3473379611968994,-1.6116607189178467,-1.6240184307098389,0.9505460858345032,7.669283808020566e-05,3.433167810129589e-05,-5.051314797022144e-05,6.227022340610233e-05,-0.00048016884783308456,-0.002560253580124794,-0.000547733688240823,-0.0006176712051732647,0.0012738375282516517,-0.0026069405646398447,0.003378025356453934,0.021203459883886437,-0.006023167108389109,-0.006810853353606426,0.013670700824916726,-0.0287265604697255,0.03731664978867462,0.23412616369733405
401,27.03614091873169,1782105388.8374367,-1.097281813621521,-1.2133716344833374,1.3472604751586914,-1.61150324344635,-1.6242468357086182,0.9491400718688965,3.7957833985302614e-05,-9.748842920487277e-06,3.982700761007152e-05,-0.00012487985615372565,-0.00024300066503535334,-0.0010655153805920747,-0.0006999689434005011,-0.0007846847008964731,0.0015891130194094344,-0.003298563915438904,0.004338387981010071,0.027158660079605115,0.0032951401176650524,0.003853376446325345,-0.008076183792467797,0.016552476535573304,-0.020051532146225758,-0.1274475426184793
402,27.08700394630432,1782105388.8882997,-1.0973169803619385,-1.213414192199707,1.3473482131958008,-1.611686110496521,-1.624025583267212,0.9505466818809509,7.168434741799956e-06,-4.355516823473238e-05,0.00010713573352916228,-0.0002649950700295278,-4.902859815736349e-05,0.0001379255639708532,-0.00019400912669767883,-0.00020489151271236875,0.00041145073283993305,-0.0008358515769665486,0.0012228615476445608,0.007516999833114565,0.0055830567179271625,0.006367759666141639,-0.012913312220243276,0.026977873535608134,-0.0344636596340303,-0.21688505455376067
403,27.138111114501953,1782105388.9394069,-1.097280740737915,-1.2133756875991821,1.3472706079483032,-1.6115286350250244,-1.6242539882659912,0.9491406679153442,1.8376012283383147e-05,-3.041663829961294e-05,8.13363957412605e-05,-0.00020917259150188272,-0.00011957328656819755,-0.000306906886670788,-0.00013279974579614572,-0.00013782561066122818,0.0002773521859088296,-0.000558119059039722,0.0008372341162820774,0.005125704543416781,-0.0032808384762623754,-0.004025881139152388,0.008190790209290626,-0.01729162519205097,0.02135204826309366,0.13505665396037425
404,27.18980574607849,1782105388.9911015,-1.0973159074783325,-1.2134182453155518,1.3473584651947021,-1.6117115020751953,-1.624032735824585,0.9505472779273987,-6.899681995520268e-06,-5.8190538595681573e-05,0.00013657230076802307,-0.00032432093664702677,3.966102427455098e-05,0.0006811993940321059,-0.0005365773851901256,-0.0006250673116340004,0.001266258169703548,-0.0026403165467888145,0.00345203813871169,0.02161595118310264,0.0037317533826813605,0.00369168391038897,-0.007282091822432254,0.014839221743687986,-0.02285772442018062,-0.1393354515015297
405,27.24281668663025,1782105389.0441124,-1.097279667854309,-1.2133797407150269,1.347280740737915,-1.6115540266036987,-1.6242611408233643,0.949141263961792,-3.793363129389604e-05,-9.609875213634211e-05,0.00021444792204761143,-0.0004867291455319389,0.00024286548012852904,0.0019630734111277803,0.0002887096991751694,0.0002836861409589106,-0.0005555409808590725,0.0011425822371356389,-0.0017518965282436595,-0.010685460392148285,0.014371896916031062,0.01662184186255134,-0.033857500958590074,0.07006582878881276,-0.09210689466440822,-0.5762780463670285
406,27.292185306549072,1782105389.093481,-1.097314715385437,-1.2134222984313965,1.347368597984314,-1.6117370128631592,-1.624039888381958,0.9505478739738464,1.650929047691818e-05,-3.617273097411555e-05,9.393799149925997e-05,-0.00023693227677412665,-0.00010040928467347499,-0.0001675071717883725,0.0009432266431997341,0.0010803338391863508,-0.0022036382130307137,0.004542100954044592,-0.006020455629506728,-0.03761567582778759,-0.001325667479406356,-0.0007915607337490318,0.0012757378904488543,-0.0024310822374082244,0.007601432646599489,0.042635747627521536
407,27.341254949569702,1782105389.1425507,-1.0972784757614136,-1.2133837938308716,1.3472909927368164,-1.611579418182373,-1.6242682933807373,0.9491418600082397,5.5011080023703585e-05,1.0327028194367927e-05,-2.615911039782759e-06,-3.930397633666871e-05,-0.0003503338222365926,-0.0017430515463754404,0.0001669071017592783,0.00021585795780865345,-0.0004506214264656332,0.0009457703639939648,-0.001059700574930345,-0.006839080148359703,-0.009491690549209482,-0.010786119012650057,0.022031708803228467,-0.045021176722251144,0.061289396404478724,0.38113679199977724
408,27.393513679504395,1782105389.1948094,-1.097313642501831,-1.2134263515472412,1.3473787307739258,-1.6117624044418335,-1.624047040939331,0.9505484700202942,2.9353704009693615e-05,-1.911921887653989e-05,5.826782097173577e-05,-0.00016139347957633277,-0.00018122426100219968,-0.0006940909996622224,2.3128830915104164e-05,3.238042258894288e-05,-6.137780645553236e-05,0.0001663430997007197,-7.22460473001332e-05,-0.0006161538131003036,-0.0032244630554313265,-0.0036356082598280595,0.00721618139435878,-0.014848456328208047,0.019711560442288154,0.12317656312049274
409,27.4444477558136,1782105389.2457435,-1.097277283668518,-1.2133878469467163,1.3473012447357178,-1.6116048097610474,-1.6242754459381104,0.9491424560546875,5.6053069918959864e-05,1.2109870047183335e-05,-5.741670268122334e-06,-2.86846750707781e-05,-0.00034913560076255123,-0.0017525183967173064,-0.00016459656408229545,-0.00015898457593731163,0.0002946439879263908,-0.0005866569879197402,0.0009722560536088009,0.005861137397106992,-0.008757496858071846,-0.009979393085464661,0.02019543500930515,-0.04223339549516491,0.0543303291782485,0.34143090018747535
410,27.49884581565857,1782105389.3001416,-1.0973124504089355,-1.213430404663086,1.3473889827728271,-1.6117877960205078,-1.624054193496704,0.9505490660667419,7.0822068565234986e-06,-4.139646793177576e-05,0.00010041652100056808,-0.000246054498093784,-4.823400136189093e-05,0.00011412266553634254,-0.0009356494169142201,-0.0010633439925576413,0.002160449333836036,-0.004478827080327898,0.005892779103710347,0.03688236018837609,0.0025629902429076465,0.0022730605669301403,-0.004149472098298555,0.007877489170814033,-0.01498014829652751,-0.08859701497024954
411,27.553473472595215,1782105389.3547692,-1.097276210784912,-1.2133920192718506,1.3473114967346191,-1.6116302013397217,-1.6242825984954834,0.9491430521011353,-4.597307630405112e-05,-0.00010385866274376099,0.00022989901453307482,-0.000517214227926388,0.0002934951229498495,0.0022697890041154523,0.00012253715671493192,9.753360399775667e-05,-0.00017544780858503445,0.000308741432354816,-0.0007094822792390185,-0.00410139901022449,0.011129761358196405,0.012412455072341025,-0.02531890063085973,0.05251551484765754,-0.07101932286028052,-0.4423506286850154
412,27.60368514060974,1782105389.404981,-1.09731125831604,-1.2134344577789307,1.347399115562439,-1.6118131875991821,-1.6240613460540771,0.9505496621131897,1.0659359093168064e-05,-4.168816543703713e-05,0.00010359767576950674,-0.0002583708738512769,-6.358652951732324e-05,5.3326695530486745e-05,0.0003010308389190759,0.000312873784175796,-0.0006417832786938394,0.0013245440985781547,-0.001975232638988919,-0.012102728396193597,-0.0075817654770080345,-0.008017343079906128,0.016226271462266992,-0.03265273907502959,0.04639921695463293,0.2865631713644091
413,27.653981924057007,1782105389.4552777,-1.0972750186920166,-1.2133960723876953,1.347321629524231,-1.611655592918396,-1.6242897510528564,0.949143648147583,-1.5857806369368177e-05,-7.256985038850416e-05,0.00016571358504080536,-0.0003847389736577611,9.584264610396076e-05,0.0010588212741655667,-0.0006413917489341017,-0.0007103737688817654,0.0014597765033488534,-0.0029821447825024625,0.0039662313057056585,0.0247765944515116,-0.005135019168441682,-0.005368869874898648,0.011050524441413526,-0.022901050790803755,0.033926080614853735,0.20809554211133185
414,27.70245361328125,1782105389.5037494,-1.097310185432434,-1.213438630104065,1.3474093675613403,-1.6118385791778564,-1.6240684986114502,0.9505502581596375,-5.2280715392427624e-05,-0.00011150525918957044,0.0002469719369067036,-0.0005512293871436924,0.00032529758737354086,0.0024833225232576694,-0.00025489698387195305,-0.0002710722907646291,0.0005598048334444705,-0.001162159880954152,0.0016773714129524517,0.010332627625616262,0.007849772094036332,0.008791122994003562,-0.01814998619562315,0.03682533898175797,-0.04852258866081321,-0.30376991215341403
415,27.75545072555542,1782105389.5567465,-1.0972739458084106,-1.21340012550354,1.3473318815231323,-1.6116809844970703,-1.6242969036102295,0.9491442441940308,-3.701810072165301e-05,-9.503362291773954e-05,0.0002119383337628733,-0.000481132458052258,0.00023708896348040298,0.0019267394334789856,0.00015394197579978987,0.00017907485917432943,-0.0003779307524438974,0.0007476380882749222,-0.0009696322652909223,-0.006101351453202317,0.00025086532926763775,2.5138694872989514e-05,-0.0002002257006397789,0.0007107646742785193,-0.0029549205981042256,-0.016202635201969157
416,27.80487036705017,1782105389.6061661,-1.0973089933395386,-1.2134426832199097,1.3474195003509521,-1.6118639707565308,-1.6240756511688232,0.9505508542060852,-3.558774659317976e-05,-9.225430066095441e-05,0.00020630818301192733,-0.0004706833654726239,0.00022118772562329525,0.0018280172777966897,-0.00017760564537248457,-0.00020994995523458497,0.00041835540338771736,-0.0008451471620576634,0.0010498662156888418,0.0066414167651150345,-0.004120815217224359,-0.005019719507744023,0.010255213889789762,-0.020504974698057753,0.026576522439972536,0.16712964579846548
417,27.85767102241516,1782105389.6589668,-1.0972728729248047,-1.2134041786193848,1.3473420143127441,-1.6117064952850342,-1.6243040561676025,0.9491448402404785,-5.6617467146580225e-05,-0.00011835632048295963,0.00025842516645724345,-0.0005749126948764172,0.00035399884134434956,0.0026660427977382994,-0.00024919016753623,-0.00031409633283800264,0.00062939655211256,-0.0012663908371885607,0.001647108576063872,0.010348264700139016,0.008248605277445854,0.009791597262307064,-0.019814258025421833,0.04051299641280535,-0.0507464238799817,-0.32070930105249496
418,27.90567708015442,1782105389.7069728,-1.0973079204559326,-1.213446855545044,1.3474297523498535,-1.611889362335205,-1.6240828037261963,0.950551450252533,-6.207257738743976e-05,-0.00012556733171109613,0.00027302949223617645,-0.0006048215341571961,0.0003951748763224572,0.00292175050905108,0.0005659926074112818,0.0006694228724991119,-0.0013610914137510192,0.002794957045706988,-0.0034976491165580634,-0.0221098789175689,0.01264286313680691,0.015112268245631916,-0.030591441205013108,0.06258516681492492,-0.08106804990632553,-0.509084197423242
419,27.95898962020874,1782105389.7602854,-1.0972716808319092,-1.213408350944519,1.3473522663116455,-1.6117318868637085,-1.6243112087249756,0.9491454362869263,8.339607314056252e-06,-4.135182471287635e-05,0.00010187060359356792,-0.0002534518005852249,-4.9156220686796814e-05,0.00011862547968455317,0.0009831837856000567,0.0011568585626314444,-0.002348326027278836,0.00482808643515286,-0.006274274976836504,-0.039360642482690375,-0.007148477592703303,-0.008557815043422786,0.017627731929197945,-0.03615298770072432,0.04380430174163281,0.2786809484836161
420,28.0120747089386,1782105389.8133705,-1.097306728363037,-1.2134509086608887,1.3474398851394653,-1.611914873123169,-1.6240899562835693,0.9505520462989807,4.268907525073473e-05,-2.2884021309010905e-06,2.2781811439998023e-05,-9.032445510470666e-05,-0.00027332828683412913,-0.0012721287998314068,-0.0001877913384102161,-0.00023307339213975343,0.0004980498103439407,-0.001017912931210571,0.0011194988157180014,0.007267728438103687,-0.014142636326777449,-0.016731648493835627,0.03416364252931418,-0.07022463115327805,0.09073199574489182,0.5697587415145475
421,28.062716960906982,1782105389.8640127,-1.0972706079483032,-1.2134124040603638,1.3473623991012573,-1.6117572784423828,-1.6243183612823486,0.949146032333374,-7.154505128781352e-06,-6.090291570082229e-05,0.00014404322462269192,-0.00033951049023883684,4.146583862763009e-05,0.0007127441827297076,-0.0005215785436831053,-0.0006237850611037458,0.0012882438329090667,-0.002646583020310245,0.0033688533628533023,0.021212000502782165,0.002133265425416412,0.002667326199096222,-0.005683448400042245,0.011656250500933217,-0.012848163859363954,-0.0833452115988462
422,28.112102270126343,1782105389.913398,-1.0973056554794312,-1.2134549617767334,1.3474501371383667,-1.6119402647018433,-1.6240971088409424,0.9505526423454285,-1.0631771598212936e-05,-6.600895738628765e-05,0.00015438811777990225,-0.0003607011676987071,7.071856872542526e-05,0.0008942996024448036,3.9341671590137155e-06,7.956336235065875e-06,-1.7602933676202784e-05,3.925054566764367e-05,-2.3501234519010972e-05,-0.0001785650018537614,-0.00047873615021199953,0.00014571043311396512,-0.0006564273475846566,0.001247390513316314,0.0014427525348792505,0.005580919844216492
423,28.16307783126831,1782105389.9643736,-1.0972694158554077,-1.2134164571762085,1.3473726511001587,-1.6117826700210571,-1.6243255138397217,0.9491466283798218,-6.51940673002116e-06,-5.974456545843054e-05,0.00014154273471334022,-0.00033405773407579886,3.711702386510751e-05,0.0006823654189620498,-0.0006055609364281864,-0.0006500308893418215,0.0013056957697011287,-0.0026931201263278074,0.0037403031642578334,0.023189913617386725,-0.0069119094898163775,-0.007805812445274369,0.015742794613982508,-0.03252659066127926,0.04425365811895978,0.2753483214435261
424,28.212833404541016,1782105390.0141292,-1.0973045825958252,-1.2134590148925781,1.347460389137268,-1.6119656562805176,-1.6241042613983154,0.9505532383918762,-6.997625336069291e-05,-0.00012962396534099696,0.0002821570968247755,-0.0006242296552514404,0.00043687739708531126,0.0031643172091184724,-0.0007044719792320121,-0.0007906319964985284,0.0015928167702866382,-0.003287996953749314,0.0045055351259776465,0.027998941339013983,0.00806962071839506,0.008556361810622064,-0.017138615870354982,0.03541808318435835,-0.04934519565026087,-0.3057761459608128
425,28.26884889602661,1782105390.0701447,-1.0972683429718018,-1.2134205102920532,1.3473827838897705,-1.6118080615997314,-1.6243326663970947,0.9491472244262695,-7.343495772715869e-05,-0.00013520217129148193,0.0002936048084354326,-0.0006479792513083282,0.00046671106920470606,0.0033526244022610285,0.0003818115905793632,0.00040645227915357034,-0.0008119367909161408,0.001683514758493273,-0.00234031361669662,-0.014507648420655897,0.007009285148923265,0.007580760378832307,-0.015395585653814067,0.031793273835426225,-0.04487642165890715,-0.27747055560757816
426,28.318275213241577,1782105390.119571,-1.0973033905029297,-1.2134630680084229,1.3474705219268799,-1.611991047859192,-1.6241114139556885,0.950553834438324,-3.521890055502297e-05,-9.304339011606544e-05,0.0002091504872225869,-0.000472856642865338,0.00022574393847918373,0.0018562425950303663,0.0001881926000472028,0.00017973590769427032,-0.00037203988798888794,0.0007708224716189739,-0.0011855473676814147,-0.007228558545623199,-0.007422201412903098,-0.00822062958691802,0.01646750173711642,-0.03427058475370144,0.046108881492413066,0.2874513638873163
427,28.371139526367188,1782105390.1724353,-1.0972671508789062,-1.213424563407898,1.3473930358886719,-1.6118334531784058,-1.6243398189544678,0.9491478204727173,-5.834696943551876e-05,-0.00012160696603125132,0.0002650590653807683,-0.0005888564874574342,0.00037169361547739754,0.0027771890718195635,-0.00040234772249837574,-0.0004602951659277814,0.0009263777295462827,-0.0019344986919054997,0.0025380301196968025,0.015893330724178045,0.006816228480900116,0.008806801981363533,-0.017763682389502138,0.03693319500709017,-0.043668494992538213,-0.27882461212654275
428,28.419016361236572,1782105390.220312,-1.0973021984100342,-1.2134672403335571,1.3474807739257812,-1.6120164394378662,-1.6241185665130615,0.9505544304847717,-7.608596154362601e-05,-0.0001401746301112894,0.00030372190453675785,-0.0006702094637933698,0.00048354564165542513,0.003471874088541327,0.0007039104711471663,0.000868169320397728,-0.0017592992703319038,0.0036541000368131306,-0.004500260589815852,-0.028510548101530017,0.020059588787978335,0.02316850426860017,-0.04715701682100555,0.09776957254334034,-0.1271969151627489,-0.797722268070737
429,28.47329831123352,1782105390.274594,-1.0972659587860107,-1.2134286165237427,1.3474031686782837,-1.61185884475708,-1.6243469715118408,0.949148416519165,2.8247951572524244e-05,-1.5750057780650195e-05,5.0249763178911167e-05,-0.00014239364892354445,-0.00018148293038144914,-0.0007233789259242229,0.0016052752234460277,0.0018439887875189818,-0.0037689618491604736,0.007794405796046749,-0.01018548785912116,-0.06382785635735748,-0.006393985985886178,-0.00852477895805276,0.017243968525625104,-0.03611867994078075,0.0415204535161381,0.2665840691248922
430,28.529151439666748,1782105390.3304472,-1.0973011255264282,-1.2134712934494019,1.3474910259246826,-1.6120418310165405,-1.6241257190704346,0.9505550265312195,9.970124978053718e-05,6.14844267179393e-05,-0.00010850208667179118,0.00018207808752990218,-0.0006316481539840879,-0.0035149084755019544,-7.360939437979448e-05,-0.0001551907380782674,0.0003128595971696734,-0.0006821231006223914,0.0005388363861421538,0.003773626487374669,-0.02451883667084826,-0.02797240682212132,0.05738072497510131,-0.11838777514003247,0.1556882511523786,0.9745213529781731
431,28.578152894973755,1782105390.3794487,-1.0972648859024048,-1.213432788848877,1.347413420677185,-1.6118842363357544,-1.6243541240692139,0.9491490125656128,3.793200366786209e-05,-1.223942429540159e-05,4.247012654801097e-05,-0.00013041834908200656,-0.00023558631049525047,-0.0010191184278411924,-0.0010368983198709824,-0.0011896478152146638,0.0024496245300961996,-0.005048415809403227,0.006606331366078681,0.041388517539585654,-0.005767598606249068,-0.005513867265376283,0.011485858444035532,-0.02318649839300946,0.034931957992596165,0.21368628014867727
432,28.628969430923462,1782105390.4302652,-1.0972999334335327,-1.2134754657745361,1.347501277923584,-1.6120672225952148,-1.6241328716278076,0.9505556225776672,-2.9728943573559263e-06,-5.609960817132276e-05,0.00013368016503534363,-0.0003169312697739457,2.232402297508429e-05,0.0005811205720736012,-0.0005979598279645199,-0.0006479060963911179,0.0013405935213202146,-0.0027528247387263146,0.0036970099497326157,0.023055220604079316,0.008548686701438353,0.009882864739667175,-0.02047032440879783,0.04190963881175702,-0.055299063459820656,-0.3459342608043886
433,28.680864810943604,1782105390.4821606,-1.0972636938095093,-1.2134368419647217,1.3474236726760864,-1.6119096279144287,-1.624361276626587,0.9491496086120605,-2.3034229315044286e-05,-7.831783215372923e-05,0.00017917442261072836,-0.00041116557050457914,0.00014113512613533885,0.0013305335115951777,-0.0001590404528710399,-0.0001762560644441957,0.00035003057290986417,-0.0007509149591825603,0.0009307160106515452,0.005889306746881312,0.009855875813673597,0.010908853006230908,-0.022572323265009336,0.046167051423732376,-0.06064361913034298,-0.37983635370823465
434,28.73034167289734,1782105390.5316374,-1.0972988605499268,-1.2134795188903809,1.3475115299224854,-1.6120926141738892,-1.6241400241851807,0.950556218624115,-2.0170117524642706e-05,-7.515703791760586e-05,0.00017165148558362375,-0.0003980843079016694,0.00012309182093694915,0.0012185330214524726,0.00039454731178961743,0.0004493487496785174,-0.0009311509594382496,0.0018913695989921267,-0.0024159006418441233,-0.015217880400019772,0.010275432345322735,0.011366609182983843,-0.023173697452068855,0.048175136625207345,-0.0632851836202081,-0.396196998620485
435,28.782023429870605,1782105390.5833192,-1.0972626209259033,-1.2134408950805664,1.3474338054656982,-1.611935019493103,-1.62436842918396,0.9491502046585083,1.839530907332687e-05,-3.112464041876706e-05,8.146825016552839e-05,-0.0002125027365167398,-0.00011250104254756366,-0.00026728436283463,0.0008762904897847318,0.0009678141165274292,-0.001981922877624026,0.004098841329560394,-0.005451493879987504,-0.034052343622071844,-0.00047053459705299634,-0.0006267323311618372,0.001629162836336474,-0.002962674891865729,0.0015574337876683338,0.012685105022040566
436,28.834228992462158,1782105390.6355247,-1.0972976684570312,-1.2134835720062256,1.3475216627120972,-1.612118124961853,-1.6241471767425537,0.9505568146705627,7.100231733581097e-05,2.550852885896404e-05,-3.449465976501642e-05,2.826820270129815e-05,-0.0004441894850266692,-0.002324657301553401,0.0003353546730118264,0.00037301653663256835,-0.0007387786884077258,0.0015354926359951316,-0.0021906185745469015,-0.013502985119343865,-0.013720820500060425,-0.014959193692460801,0.030784342696616646,-0.0635150160319802,0.085125026606438,0.5309709680835222
437,28.882277488708496,1782105390.6835732,-1.0972614288330078,-1.2134450674057007,1.3474440574645996,-1.6119604110717773,-1.624375581741333,0.949150800704956,5.738330107973866e-05,1.1954115343826288e-05,-4.4322436050237e-06,-3.4003439827401394e-05,-0.00036535224960765333,-0.001827824606252193,-0.0004724608342164077,-0.0005034394478144464,0.0010486753181098783,-0.0021537286568485163,0.002901715852364907,0.018083194441446397,-0.005881174749779039,-0.006605905409643449,0.01298915497060343,-0.026756503705675873,0.03846280387369039,0.2368920482395534
438,28.93353772163391,1782105390.7348335,-1.0972965955734253,-1.2134876251220703,1.3475319147109985,-1.6121435165405273,-1.6241543292999268,0.9505574107170105,2.2828103018568413e-05,-2.5956698339157924e-05,7.245594128413302e-05,-0.0001913094818135619,-0.00014765351137668858,-0.00047743925101428886,-0.00017613343553556473,-0.00020577147883752404,0.0003904354807304737,-0.0007895899159679203,0.0011808624277161277,0.0072311897065902644,0.004744481672354437,0.005165557226169475,-0.010895839083594882,0.02223668622610723,-0.02915466018547646,-0.1825677213448749
439,28.98391056060791,1782105390.7852063,-1.0972603559494019,-1.2134491205215454,1.347454309463501,-1.6119858026504517,-1.624382734298706,0.9491513967514038,3.8606160600807016e-05,-9.898260739049647e-06,3.7201035762990387e-05,-0.0001182619427098075,-0.00023994305135666139,-0.0010592695005939845,1.1558814884432257e-05,2.268056509167359e-05,-6.212489172426462e-05,0.00011395216166735123,-6.913191210362684e-05,-0.0005229873149086546,-0.002198624429630204,-0.0024078027135613113,0.005311042235914256,-0.011349265949255151,0.013225218992462902,0.0846739781308272
440,29.03628134727478,1782105390.837577,-1.0972954034805298,-1.2134917974472046,1.3475421667099,-1.6121689081192017,-1.6241614818572998,0.9505580067634583,2.278636348762575e-05,-2.4833108856370245e-05,6.867194326076742e-05,-0.0001850467660950983,-0.00014757191399183966,-0.00048623430101812914,-0.00042617200400454523,-0.00048145166272352236,0.0009943663924022504,-0.0020750006539147314,0.0026946879894752113,0.016903269052288648,-0.002333654221472089,-0.0031144955486867546,0.006411452666347805,-0.012918522440696467,0.015413099900886974,0.09822822594505674
441,29.08770990371704,1782105390.8890057,-1.097259283065796,-1.2134531736373901,1.3474644422531128,-1.612011194229126,-1.624389886856079,0.9491519927978516,-5.398457421534886e-06,-5.9506079095328346e-05,0.00013968085877458236,-0.0003321520701042857,3.802533452912371e-05,0.0006841457919364302,-0.0002419240388896128,-0.0003127627090499504,0.0006290800364991667,-0.0012809131717941111,0.0016005096664769853,0.010111004988325314,0.00505288071684105,0.005884661891819563,-0.012006375105617135,0.025232525051715166,-0.032718793880507496,-0.2052946539079737
442,29.137893676757812,1782105390.9391894,-1.0972942113876343,-1.2134958505630493,1.3475522994995117,-1.612194299697876,-1.6241686344146729,0.950558602809906,-2.548970787330518e-06,-5.750258110026607e-05,0.00013444286592800836,-0.00031908794222523795,1.9998956570788096e-05,0.000572271485944853,8.364691300648437e-05,0.00011009669340322634,-0.00021356929336047528,0.0004648523499910665,-0.0006018012854589287,-0.0037771119969928317,9.63720244811627e-06,0.0006490696226039436,-0.001047198917281559,0.0021264460974728394,-0.0008639055282864665,-0.0075690208147709825
443,29.189112663269043,1782105390.9904084,-1.0972580909729004,-1.2134573459625244,1.3474746942520142,-1.6120365858078003,-1.6243970394134521,0.9491525888442993,3.139767937199167e-06,-4.8195182980492746e-05,0.00011779593500271801,-0.00028458693399358026,-2.350643018544929e-05,0.00029789851154582436,-0.00025449723064653384,-0.00026321335514951276,0.0005558243396513809,-0.0011336053637945763,0.001602897840216963,0.009906543165594393,-0.0027706809292332413,-0.0031461230088440286,0.0061427453312324345,-0.013086811273216654,0.01825670262793096,0.11293652637784446
444,29.239792585372925,1782105391.0410883,-1.0972931385040283,-1.213499903678894,1.347562551498413,-1.6122196912765503,-1.624175786972046,0.9505591988563538,-2.808990953973023e-05,-8.384656600846085e-05,0.0001901360988476597,-0.00043266294669841443,0.00018070251766211243,0.0015653681039591305,-0.00020279129284917602,-0.0002149323315698371,0.0004218919792108337,-0.0008881139276130843,0.0012851206649680412,0.00789639437490831,0.005893064139237644,0.006514373096548949,-0.013478839636398218,0.02761665573917129,-0.037736335961403744,-0.23459704792155134
445,29.293490648269653,1782105391.0947864,-1.0972568988800049,-1.2134613990783691,1.3474849462509155,-1.6120619773864746,-1.6244041919708252,0.9491531848907471,-1.545733440799779e-05,-6.75926780413505e-05,0.000155581954603079,-0.00036464511269507227,9.357346720761939e-05,0.00101573403978783,0.00039089847515769117,0.0004513154715471381,-0.0009184273870263206,0.001890521076834377,-0.002531538545405535,-0.01579193429006383,0.0059042626950237135,0.006292352190628549,-0.012776885901415087,0.026822167229554193,-0.036537730991014566,-0.22694732084515296
446,29.345194578170776,1782105391.1464903,-1.0972920656204224,-1.2135039567947388,1.347572684288025,-1.6122452020645142,-1.624182939529419,0.9505597949028015,1.2502335339448223e-05,-3.685876594872184e-05,9.440818680239715e-05,-0.00023584013510102864,-8.256880791002175e-05,-7.738472937468543e-05,0.00043969504262930523,0.0004722293170186298,-0.0009725056911733732,0.002036551290691393,-0.0027012202378716393,-0.01686269847860657,0.00039807432537977434,0.0002310328007612437,-0.0005646887214659797,0.0009512217120044957,-0.0011829129072013535,-0.007473477640254189
447,29.396740913391113,1782105391.1980367,-1.097255825996399,-1.2134654521942139,1.347495198249817,-1.612087368965149,-1.6244113445281982,0.9491537809371948,2.9973102906311055e-05,-1.8796420974354078e-05,5.5104190893828786e-05,-0.00015422756905536517,-0.00018555027454070228,-0.0007266907487384344,0.00043217148982943186,0.00047522425876872834,-0.0009768830958378177,0.001989324462472228,-0.0026543351537568986,-0.01656773834334446,0.000368224386536789,0.0007773379130764455,-0.0012566059197892717,0.002263253394798048,-0.002994209734603931,-0.018869501071500733
448,29.449709177017212,1782105391.251005,-1.0972908735275269,-1.213508129119873,1.3475829362869263,-1.6122705936431885,-1.624190092086792,0.9505603909492493,5.7939378624638493e-05,1.3168956833453649e-05,-8.308446718174878e-06,-2.675604362778472e-05,-0.00036187830301059876,-0.0018204045134062596,0.0004796622936748637,0.0005555460929989901,-0.0011072174155659963,0.002282260938316505,-0.003025413786328876,-0.018905736782713404,-0.0016590204142460387,-0.001553368911557022,0.0033188039608862347,-0.0063274874909812154,0.00907539812911553,0.05594892215009925
449,29.499268531799316,1782105391.3005643,-1.0972546339035034,-1.2134695053100586,1.3475053310394287,-1.6121127605438232,-1.6244184970855713,0.9491543769836426,7.947056789880946e-05,3.8478696540167334e-05,-5.900979690487418e-05,8.058741553895743e-05,-0.0004977415229792115,-0.0026765502362202653,0.0002789390892420254,0.0003362167892967799,-0.000674749090121797,0.0014188257618662858,-0.0018299660341419897,-0.011491855627588088,-0.00893882209833127,-0.010339487690087563,0.02088473357791673,-0.04314794172654181,0.055682174841019325,0.3496385828312818
450,29.554001569747925,1782105391.3552973,-1.0972896814346313,-1.2135121822357178,1.3475931882858276,-1.6122959852218628,-1.624197244644165,0.950560986995697,8.533745586447594e-05,4.63341791601124e-05,-7.488760584983822e-05,0.0001130823177959428,-0.0005428063682231254,-0.0029559521165438696,-0.0005058140187655566,-0.0005871711964577197,0.0012032762780230368,-0.002497828807356173,0.003125428848575036,0.019736864475276394,-0.008137301372340828,-0.00958872221339592,0.019476288741257633,-0.040479925174072125,0.052134036790029786,0.32747896012664335
451,29.60307765007019,1782105391.4043734,-1.0972535610198975,-1.2134735584259033,1.34751558303833,-1.6121381521224976,-1.6244256496429443,0.9491549730300903,3.353953704454682e-05,-1.4635229364401425e-05,4.987851134075072e-05,-0.00014554026266822007,-0.00021566097564473807,-0.0008942159957427975,-0.0006323139603155092,-0.0007373107321206036,0.0015062481195597748,-0.0031168169338707313,0.00399406273071652,0.02511156742205893,0.004200744593505728,0.0047979961183927024,-0.009977299611933195,0.020538721878149736,-0.025087771298900878,-0.159146445641284
452,29.653745412826538,1782105391.4550412,-1.0972886085510254,-1.2135162353515625,1.347603440284729,-1.612321376800537,-1.624204397201538,0.9505615830421448,2.3636908935031897e-05,-2.5574248045501236e-05,7.199975511262835e-05,-0.00019083601159053387,-0.00015306716609941873,-0.0005058973949942924,-6.488765218373986e-05,-8.318229575955417e-05,0.0001558543873938727,-0.0003419728968777603,0.0004846610449799969,0.0029938609002597167,0.002902726851477389,0.0033556361215701168,-0.007280827183896194,0.01499388897646951,-0.017572518440008532,-0.11236682016538849
453,29.703495740890503,1782105391.5047915,-1.0972524881362915,-1.213477611541748,1.3475258350372314,-1.6121635437011719,-1.6244328022003174,0.9491555690765381,2.6786260781008764e-05,-2.3229546227909736e-05,6.603956837025748e-05,-0.0001808842113373288,-0.00016562724314184152,-0.0005850866533432253,-0.0003257429813278824,-0.00038297159198708757,0.0007398996985781905,-0.0015388442458850247,0.002135477356084613,0.013238504209603078,-0.002739685681430141,-0.002775499303470842,0.005707836949461507,-0.011445638811242574,0.01592530813163374,0.09868150798961384
454,29.754308462142944,1782105391.5556042,-1.0972874164581299,-1.2135202884674072,1.3476135730743408,-1.6123467683792114,-1.6242115497589111,0.9505621790885925,-9.956264692689842e-06,-6.501066945574507e-05,0.00014825251130012873,-0.00034932107775631493,6.681098487959503e-05,0.0008572544952212269,-0.0003350223781350494,-0.00035531487259246467,0.0007168989833694393,-0.0014658974803713454,0.0020491002679208403,0.012687280055428183,0.0033120527549623043,0.004035706934380227,-0.007616668080843852,0.015862998596644043,-0.021747794054679102,-0.1351029916758615
455,29.806734085083008,1782105391.6080298,-1.097251296043396,-1.2134817838668823,1.3475359678268433,-1.6121889352798462,-1.6244399547576904,0.9491561651229858,-6.529174230607282e-06,-5.8381495396275795e-05,0.00013709825568852807,-0.00032616200165414,3.7643034509926565e-05,0.0006732842774930248,2.7639902976852156e-05,4.5109492498352204e-05,-6.990896956976826e-05,0.00014610405030196765,-0.0001754258104852786,-0.00111648808353813,0.00035619349611419257,6.479740737569666e-05,-3.453676854078651e-05,-0.0001333884382974746,-0.0016756163473771422,-0.00841510108839702
456,29.857886791229248,1782105391.6591825,-1.097286343574524,-1.213524341583252,1.3476237058639526,-1.6123721599578857,-1.6242187023162842,0.9505627751350403,-6.998479982200934e-06,-6.013374039426367e-05,0.00014065218854675265,-0.0003334443337426052,4.768263035259679e-05,0.0007355931155039741,-0.0002816268611820754,-0.00032955733861508266,0.0006756643596907571,-0.0014020483198185344,0.0017730433142491018,0.01117463625414156,0.0015900349286054698,0.0015231893513554724,-0.0031138157711102293,0.006427637861789719,-0.010660582560282598,-0.06424284282118561
457,29.91043448448181,1782105391.7117302,-1.0972501039505005,-1.213485836982727,1.347546100616455,-1.6122143268585205,-1.6244471073150635,0.9491567611694336,-3.650449182224236e-05,-9.339184255452437e-05,0.00020887922798173975,-0.00047511737944461174,0.0002259674840701109,0.001860255788598053,0.00021412185828972272,0.00022808618764765415,-0.000442838431049714,0.0009164209346334542,-0.0014188034116662236,-0.008639700713374013,0.016246680871651292,0.01869325720957089,-0.03810186967290054,0.07906886438346737,-0.10220087763732727,-0.6415522793549833
458,29.959577083587646,1782105391.7608728,-1.097285270690918,-1.2135283946990967,1.3476338386535645,-1.61239755153656,-1.6242258548736572,0.950563371181488,9.664584258217701e-06,-4.261317410936272e-05,0.00010709366472028137,-0.0002640579657224862,-6.488952963579209e-05,5.49849838229477e-05,0.0013256121755042575,0.0015181146296803388,-0.003088113658270967,0.006408198901942589,-0.008346598304779088,-0.052322208933257466,0.008305728474694598,0.009617450259114327,-0.020161455344627217,0.0418170340923316,-0.050853633843262816,-0.3228657791972421
459,30.008803844451904,1782105391.8100996,-1.0972490310668945,-1.2134898900985718,1.3475563526153564,-1.6122397184371948,-1.6244542598724365,0.9491573572158813,9.396017821927671e-05,5.60257988109214e-05,-9.506784831359028e-05,0.00015560907835343585,-0.0005954910826968529,-0.0032892722971453736,0.00102873995588662,0.001171346446847052,-0.002420436071680049,0.0050181540543816315,-0.006406060574573057,-0.04030444350625012,-0.015030054908111306,-0.01745934211510381,0.03543416598262711,-0.07380859095906628,0.09535259385710634,0.5986189698891485
460,30.064448595046997,1782105391.8657444,-1.097284197807312,-1.2135324478149414,1.3476440906524658,-1.6124229431152344,-1.6242330074310303,0.9505639672279358,0.00010820268458999749,6.884623161695913e-05,-0.0001236847422561027,0.00021425279757636417,-0.0006769165638011998,-0.0037940073902653637,-0.00037365805418120934,-0.0004552750104450012,0.0009269552912627094,-0.001955299718058024,0.0024179184457377998,0.01530268964849094,-0.01479973349913483,-0.016555052959792954,0.03421736110772021,-0.07118465146846467,0.09155581036383686,0.5750606070780407
461,30.112820625305176,1782105391.9141164,-1.097247838973999,-1.213494062423706,1.3475666046142578,-1.6122651100158691,-1.6244614124298096,0.9491579532623291,6.365298716914936e-05,1.7991213953294505e-05,-1.824237455139155e-05,-6.865196478855751e-06,-0.0003967519023007071,-0.002028889210127005,-0.0006521080084449698,-0.0007230021743416486,0.0014913832362646912,-0.0031222221233195018,0.004028426967945749,0.0252793286990994,-0.00027324372907267056,-5.8635470914112416e-05,5.907759764213483e-05,0.0004836596320261684,0.0009157658490355422,0.003979396933553675
462,30.164833068847656,1782105391.9661288,-1.0972830057144165,-1.2135365009307861,1.3476542234420776,-1.6124483346939087,-1.6242401599884033,0.9505645632743835,4.4772443091645187e-05,-1.2515024607751002e-06,2.0825970082682943e-05,-8.822312658907094e-05,-0.00028584752378080225,-0.0013410532108366624,-0.0003596631506293661,-0.0004197901452326411,0.0008451790808338004,-0.0017208425703207516,0.0022652344787854857,0.014174059938624726,-0.001641798492400432,-0.002001300412994428,0.0038892861540520823,-0.007352156198713881,0.011888273280529799,0.07228260932587283
463,30.214377403259277,1782105392.0156732,-1.097246766090393,-1.2134981155395508,1.3475767374038696,-1.612290620803833,-1.6244685649871826,0.9491585493087769,2.7110673320507317e-05,-2.4401201981660847e-05,6.713807973035557e-05,-0.00018087355305063113,-0.0001673427745760847,-0.0005939936145633595,-0.0007838359328892448,-0.0008885098704488695,0.0018077510911669666,-0.003703610833653121,0.005015106110071393,0.03124284567889131,-0.0021389708359991705,-0.0018220991639345111,0.003968426354685863,-0.008207616713049603,0.012882925613551297,0.07830764315431876
464,30.264991521835327,1782105392.0662873,-1.097281813621521,-1.2135406732559204,1.347664475440979,-1.612473726272583,-1.6242473125457764,0.9505651593208313,-3.465957120596386e-05,-9.115431685380315e-05,0.0002037755102328731,-0.0004631364388529846,0.0002221308836709568,0.0018231397524886006,-0.0005600094100547902,-0.0005857692144134662,0.0012092155288660562,-0.0024741049776969607,0.0034633947811325027,0.021441513462222228,0.00838515586815634,0.009693529304127216,-0.019616118387194233,0.04043375630800548,-0.05430591772183695,-0.338786372308148
465,30.319148063659668,1782105392.1204438,-1.0972455739974976,-1.2135021686553955,1.3475868701934814,-1.6123160123825073,-1.6244757175445557,0.9491591453552246,-2.6719273586550685e-05,-8.03970126241893e-05,0.00018289979724173122,-0.0004173360757881994,0.00016449025570253184,0.0014594888605827805,0.00012374174372526144,0.00015430819259784666,-0.0003045696966218778,0.0006510261935521759,-0.0008479680145927859,-0.005316292179994683,0.004802436915232859,0.004816918623050196,-0.010057235741808253,0.02027716968775421,-0.028914186402581747,-0.1784486505314245
466,30.37043333053589,1782105392.171729,-1.097280740737915,-1.2135447263717651,1.3476747274398804,-1.6124991178512573,-1.6242544651031494,0.950565755367279,-2.1484135039884222e-05,-7.463598917567538e-05,0.00017120887287269682,-0.0003934027523992967,0.00013151004944589317,0.0012547621263259146,-9.898579726717524e-06,-2.8398074629597107e-05,4.872477306158175e-05,-0.00012680708232950784,0.00013122890302972928,0.0008610699972502744,0.002657017408499953,0.0024585274427857467,-0.005271023621212213,0.010477481948171913,-0.015396802791804522,-0.09455291383559492
467,30.424166202545166,1782105392.225462,-1.0972445011138916,-1.2135062217712402,1.3475971221923828,-1.6123414039611816,-1.6244828701019287,0.9491597414016724,-2.8320037211315707e-05,-8.408467251541651e-05,0.00018940352630636426,-0.000433627643069201,0.00018215249329500693,0.0015742401315552712,0.00042915424354383083,0.00044267594161699484,-0.000919068153823797,0.0018798815674977128,-0.0026377759876221487,-0.01632366782135224,0.007352503532310611,0.00848761991682032,-0.017085975712914436,0.03566708204982477,-0.047071356798661465,-0.29441717879878615
468,30.474860906600952,1782105392.2761567,-1.0972795486450195,-1.2135487794876099,1.3476848602294922,-1.6125245094299316,-1.6242616176605225,0.9505663514137268,2.004626126428377e-05,-3.206050532966742e-05,8.265885707992027e-05,-0.00021261133288774658,-0.00012280666544839391,-0.0003183884738202636,0.0007627385644819759,0.000859592886202378,-0.001740985226429426,0.003607730990566148,-0.004810661561001738,-0.030034182593553914,-0.001922760495869853,-0.0014994612697066404,0.0033989507171271454,-0.006757598864155962,0.011440817101229685,0.06874662261686801
469,30.524969816207886,1782105392.3262656,-1.097243309020996,-1.2135103940963745,1.3476073741912842,-1.612366795539856,-1.6244900226593018,0.9491603374481201,4.8789633071422145e-05,2.759492959469867e-06,1.3481169959916883e-05,-6.907935372701957e-05,-0.000304183114597123,-0.0014618168076854232,0.00024523752408185727,0.00030285099270928225,-0.0005992861164000386,0.0012462636238063584,-0.0015477534902070286,-0.009788865826130635,-0.011419612017776845,-0.01295886002475315,0.02604599569584877,-0.0541968851460344,0.07133302579245679,0.44638167153362557
470,30.57784366607666,1782105392.3791394,-1.097278356552124,-1.2135528326034546,1.3476951122283936,-1.612549901008606,-1.6242687702178955,0.9505669474601746,4.343549394647539e-05,-3.0997942896959785e-06,2.5382189949851863e-05,-9.346264070941857e-05,-0.0002704251807266189,-0.0012524306331958002,-0.0004194903161762432,-0.00048544870784149915,0.000959837389590347,-0.0020137897635889353,0.0025707363409165664,0.016176115901682935,-0.00664970262899376,-0.007718657285360399,0.015530653227279792,-0.03241833447473896,0.04126876358932968,0.25981279863128326
471,30.628329277038574,1782105392.429625,-1.0972421169281006,-1.2135144472122192,1.3476176261901855,-1.6123921871185303,-1.6244971752166748,0.9491609334945679,6.917019856444995e-06,-4.5667213504074766e-05,0.0001092591688358624,-0.00026997496228631235,-4.749421775329665e-05,0.00015310610420549153,-0.00046972082335227316,-0.0005285144345949087,0.0010711133403839357,-0.0022409826303170237,0.0028887465890915717,0.018144912784112337,0.0033595458335185274,0.003937328522121812,-0.007393457378803299,0.015861671308590702,-0.01971988266097945,-0.1246947370205584
472,30.67854952812195,1782105392.4798453,-1.097277283668518,-1.2135570049285889,1.3477052450180054,-1.6125752925872803,-1.6242759227752686,0.9505675435066223,-4.002395682434212e-06,-5.649084548942085e-05,0.00013356203765724217,-0.00031980719372093347,2.1296806657744582e-05,0.0005800004840512685,-8.34692987897398e-05,-9.147230117742962e-05,0.0002203531241441051,-0.0004272045022265872,0.0005986010173319268,0.003705271143667547,0.0014208532488648698,0.0015656458118633206,-0.0030525566084397245,0.006959347523562854,-0.007491069254394047,-0.04874236138247803
473,30.72982096672058,1782105392.5311167,-1.0972410440444946,-1.213518500328064,1.3476277589797974,-1.6124175786972046,-1.6245043277740479,0.9491615295410156,-1.2698360318808e-06,-5.468736079095038e-05,0.00013106325200418212,-0.0003121322486023814,1.1620521355837354e-05,0.0005189735757387126,-0.0003388365085846179,-0.00038477578865990546,0.0007908076253358729,-0.001596607438223807,0.002209427407328208,0.013705235460209162,-0.004676068770625556,-0.005157804349307947,0.01015956189438962,-0.021184044318274677,0.028047976191195353,0.1753307642043951
474,30.780150890350342,1782105392.5814466,-1.0972760915756226,-1.2135610580444336,1.3477154970169067,-1.6126006841659546,-1.6242830753326416,0.9505681395530701,-3.7697029101835255e-05,-9.480107011228256e-05,0.00021234279828696856,-0.0004787665419065945,0.00024130330771043873,0.0019446799255966596,-0.0005591326024316863,-0.0006165622833436695,0.0012543818834591042,-0.0025825622867432342,0.003454600480565583,0.021555887327244068,0.005012214729132378,0.0056305347783362075,-0.011582854536409837,0.02316017737609403,-0.03305316814447721,-0.2039642033063703
475,30.83423376083374,1782105392.6355295,-1.0972398519515991,-1.2135225534439087,1.3476380109786987,-1.612442970275879,-1.624511480331421,0.9491621255874634,-5.836862427877065e-05,-0.00011765939291130678,0.00025922959813406976,-0.0005761146172815756,0.0003636910702340401,0.002716964242498676,0.0002576051268009735,0.00028281794601810824,-0.0005804838431077756,0.0011544518396790528,-0.0016917104415264874,-0.010393698105956205,0.008288335959934168,0.009084910640934665,-0.018417563457295543,0.03788810647212493,-0.051489717714616204,-0.32039470958004246
476,30.88321018218994,1782105392.684506,-1.0972750186920166,-1.2135651111602783,1.347725749015808,-1.612626075744629,-1.6242902278900146,0.9505687355995178,-1.737441442806187e-05,-7.251882245462582e-05,0.000166603103055607,-0.00038853839628849585,0.00010543881732338889,0.0011136029786396051,0.00036135559211768756,0.0003931383495556386,-0.0007946369659692792,0.0016258541568531584,-0.0022767993862328477,-0.014094548323007385,-0.006356980941575356,-0.007041003939764606,0.014384545624587217,-0.02912326185229021,0.0407603956817076,0.25235176506393375
477,30.934151649475098,1782105392.7354474,-1.0972387790679932,-1.2135266065597534,1.3476481437683105,-1.6124683618545532,-1.624518632888794,0.9491627216339111,-2.4169640866489317e-05,-8.049672622867377e-05,0.00018422738627954516,-0.00042249869361654646,0.00014820961905925856,0.001383404740916916,-0.0004115481326996713,-0.0004579614284287119,0.0009319856470683661,-0.0019108225677931575,0.0025922800563629514,0.016135349776232287,0.0009290003762094747,0.0015153774825607592,-0.003349297673050502,0.007283899723041743,-0.005167065467327869,-0.037274858185194576
478,30.982672214508057,1782105392.783968,-1.0972739458084106,-1.213569164276123,1.3477360010147095,-1.6126514673233032,-1.6242973804473877,0.9505693316459656,-5.6993056006149345e-05,-0.00011664417868573196,0.0002565303428703203,-0.0005727118084202232,0.00035498780214737735,0.0026672241654868145,0.0003776485306645395,0.00045772623241791287,-0.0009517237973847425,0.0019877353523193677,-0.002314510756090126,-0.014820821390044963,0.016060993842504166,0.018198147539378238,-0.03711739838257622,0.07664840186100377,-0.10046391353987673,-0.6291432902195528
479,31.03609848022461,1782105392.8373942,-1.0972377061843872,-1.2135306596755981,1.3476582765579224,-1.6124937534332275,-1.624525785446167,0.9491633176803589,2.5195796727217612e-05,-2.1436091213189457e-05,6.203279544436668e-05,-0.0001674566973051128,-0.0001555306146769908,-0.0005530213905888814,0.0012237144612586809,0.001390334769654212,-0.00283443611955807,0.005865100009142806,-0.0076428518711032685,-0.04791251437630317,-0.004748800267394078,-0.0058927967452347295,0.01221627271972904,-0.026024000773571056,0.0286578043550107,0.1854204511060597
480,31.090682983398438,1782105392.8919787,-1.0972727537155151,-1.2135732173919678,1.3477462530136108,-1.6126768589019775,-1.6243045330047607,0.9505699276924133,7.444451373395111e-05,3.260972276741825e-05,-4.7731848921372944e-05,5.675412187144957e-05,-0.0004660437139705209,-0.0024788965374025196,-0.00018347442028873381,-0.00023343244099670673,0.0004788868036387921,-0.0010540128361889922,0.0010814777459498888,0.007091115743103041,-0.02115094831775475,-0.024015868037623192,0.04879245681341459,-0.10063078415220983,0.13207178342631576,0.826898541767676
481,31.140466451644897,1782105392.9417622,-1.0972365140914917,-1.2135347127914429,1.3476685285568237,-1.6125191450119019,-1.62453293800354,0.9491639137268066,1.6013640452783307e-05,-3.4566905224409084e-05,8.915740752968304e-05,-0.0002300794387437577,-0.0001048074894818285,-0.00020191648422951403,-0.001026260896139709,-0.0011687703096718966,0.0023672496936638855,-0.004877388351625468,0.006396041725040831,0.04004873102291093,-0.0026368109291167534,-0.002816333803885443,0.005556124101929084,-0.010272722360442636,0.01805161862093123,0.10823943759911935
482,31.190618991851807,1782105392.9919147,-1.0972716808319092,-1.2135772705078125,1.3477563858032227,-1.6127023696899414,-1.6243116855621338,0.9505705237388611,-2.800666891999981e-05,-8.40587094668166e-05,0.0001885582918248474,-0.00043001749007842704,0.00017251393018646866,0.0015191989601017752,-0.00043639794992824635,-0.0005030524206489419,0.0010101573798533417,-0.002031338895198973,0.0028197669355371547,0.017497848663189455,0.0087160330177019,0.009960612314637882,-0.0199703760046486,0.04123858576324581,-0.05346940618728345,-0.3354676213396486
483,31.243632793426514,1782105393.0449286,-1.0972354412078857,-1.2135388851165771,1.347678780555725,-1.6125445365905762,-1.624540090560913,0.9491645097732544,-2.6410373966001544e-05,-8.361761059028083e-05,0.00018765178579727149,-0.00042813704948940767,0.00017014836254247712,0.0015042754399505753,-0.00014498382344455262,-0.00016067137023193705,0.0003487027328178255,-0.0007142382153525837,0.000984792093311131,0.006111789607800622,0.003321136740941761,0.004041947699588417,-0.008026255061649269,0.015918684723000058,-0.021645294268288578,-0.13482429304274338
484,31.293812036514282,1782105393.0951078,-1.0972704887390137,-1.2135814428329468,1.347766637802124,-1.6127277612686157,-1.6243188381195068,0.9505711197853088,-4.2001895636190056e-05,-9.970645517576315e-05,0.00022252365386243866,-0.0004995853433644726,0.000268457774254216,0.002114617778330441,-8.167457159415791e-05,-7.261895760841855e-05,0.00015734628946671866,-0.0003393927231179314,0.000514572203986134,0.00314378465052491,0.004849850310774874,0.0055444323692520475,-0.011584268168017334,0.023558315636673273,-0.03196203461611189,-0.19891692202838282
485,31.348074436187744,1782105393.1493702,-1.0972342491149902,-1.2135429382324219,1.3476890325546265,-1.6125699281692505,-1.6245472431182861,0.9491651058197021,-3.2994072087788595e-05,-8.909433710435621e-05,0.00019951646378402188,-0.0004543673538961457,0.00021161416328396854,0.0017559650143716965,0.0003920369620570803,0.0004506050528863524,-0.0009272180023782452,0.0018829574650787392,-0.0025453683535577127,-0.015851255310315306,0.0005451281434825552,0.00021274011287967644,-0.0005549074781522843,0.0013775596844966811,-0.004038743974454481,-0.022782507394673926
486,31.3989040851593,1782105393.2001998,-1.0972692966461182,-1.2135854959487915,1.3477767705917358,-1.61275315284729,-1.6243259906768799,0.9505717158317566,-2.3046659052283758e-06,-5.40470038927765e-05,0.00012842598635387503,-0.00030867982536797456,1.0917676217303551e-05,0.0005102185366041567,3.002995701581175e-05,1.24304285155939e-05,-3.0163864008027385e-05,6.850618646452988e-05,-0.00025792682023769993,-0.0014263204759499444,-0.011731233875246204,-0.013463812059583812,0.027494849464975053,-0.05631446947825439,0.07541125214147133,0.470400099257112
487,31.450677633285522,1782105393.2519734,-1.0972331762313843,-1.2135469913482666,1.3476991653442383,-1.6125953197479248,-1.6245543956756592,0.9491657018661499,-3.100606411621243e-05,-8.910898479186358e-05,0.0001990288772546478,-0.0004526689045469823,0.00019218162908885006,0.0016535986101366973,-0.0008204073001160248,-0.0009400532884135743,0.0019126024501767357,-0.003934370705764648,0.00525000655101736,0.03276885235482474,0.0011172604683308818,0.001943697609870137,-0.003942948507134074,0.008189085033101565,-0.005711516950949852,-0.04139991685021338
488,31.49949026107788,1782105393.300786,-1.0972682237625122,-1.2135896682739258,1.3477870225906372,-1.6127785444259644,-1.624333143234253,0.9505723118782043,-8.329588397693044e-05,-0.00014709140796576037,0.0003176497107464371,-0.000697789117428016,0.000528935116781426,0.0037448488539162383,4.149265082478709e-05,9.092891119917167e-05,-0.00018822935643511324,0.00040035160226857157,-0.00018759007192229056,-0.001553035732876594,0.02000233842903909,0.023092480518823337,-0.04692564731546595,0.0968352412476842,-0.1273947967787229,-0.7971657404976121
489,31.555582761764526,1782105393.3568785,-1.0972319841384888,-1.2135510444641113,1.34770929813385,-1.6126207113265991,-1.6245615482330322,0.9491662979125977,-9.244128763796766e-06,-5.9562881732588835e-05,0.0001383172799886978,-0.00032584017076331406,6.163105764578347e-05,0.0007960901580492674,0.0013146295502984716,0.001513307640602559,-0.003070951764030578,0.006349806170748646,-0.008364648625080542,-0.052329069487416585,-0.0017950122315142504,-0.0028042682509903773,0.005992500360824825,-0.012667926236527776,0.010141034750571199,0.07075310115809393
490,31.609960317611694,1782105393.411256,-1.0972670316696167,-1.2135937213897705,1.347797155380249,-1.6128039360046387,-1.624340295791626,0.9505729079246521,6.195003654063669e-05,2.024293277003153e-05,-2.20245101978378e-05,4.6240239086614565e-06,-0.0003949942885164148,-0.002036758694334395,-7.408138854865615e-05,-0.00012374278609726685,0.0002799477692061933,-0.0005980592689458684,0.0004060802913002055,0.002966756586484081,-0.019618138313300934,-0.02266478168617725,0.045965764861435277,-0.09530864977094725,0.12454501371915429,0.780274299258481
491,31.66035771369934,1782105393.4616535,-1.0972309112548828,-1.213555097579956,1.3477195501327515,-1.6126461029052734,-1.6245687007904053,0.9491668939590454,-6.3971957597885876e-06,-6.0323845653798e-05,0.00014288850431398714,-0.0003373091625036295,3.666494831122691e-05,0.0006846566962508405,-0.0007862617071080019,-0.0009184547364994854,0.001865183041358574,-0.0038851052318662747,0.004966370600688508,0.031238713149796468,0.000689693814165073,0.0011129909032921625,-0.0026869861778192135,0.005567935188461848,-0.002987091973324276,-0.023542470797468733
492,31.709558486938477,1782105393.5108542,-1.0972659587860107,-1.2135977745056152,1.3478074073791504,-1.612829327583313,-1.624347448348999,0.9505735039710999,-1.7707918670950562e-05,-7.284197825896399e-05,0.00016707179145036832,-0.000389182495943885,0.00010815755040205488,0.0011283845341178989,-4.0438309327480244e-05,-5.2813810136571404e-05,9.3068278343259e-05,-0.00021091078644310804,0.00032962116756684256,0.002004269037798873,0.004290345828782069,0.005053689184895018,-0.010417457816534166,0.022254026889687365,-0.0262869738833765,-0.16783284104778126
493,31.760770320892334,1782105393.562066,-1.0972298383712769,-1.2135591506958008,1.3477296829223633,-1.6126714944839478,-1.6245758533477783,0.9491674900054932,-9.680144533064095e-06,-6.479952180349358e-05,0.00015059834808361927,-0.0003550256430422394,6.515203635970579e-05,0.0008571210189920464,-0.00040006443257861084,-0.00046247032200619025,0.0009242119371259247,-0.0018656835299062108,0.0026057338837839486,0.01613607374008292,-0.007551549865904143,-0.008380473818505374,0.017331571970969864,-0.03527197139411793,0.04628017002259437,0.2897331316551892
494,31.810442447662354,1782105393.6117382,-1.0972647666931152,-1.21360182762146,1.3478175401687622,-1.6128547191619873,-1.624354600906372,0.9505741000175476,-5.637909796085694e-05,-0.00011761875655835752,0.00025653103198308713,-0.0005697181861403777,0.0003605837086571029,0.0026912467580331167,-0.0008006633645226511,-0.0008971129179533904,0.0018382032562499532,-0.003760309953321247,0.004992981890414118,0.0311918830125284,0.0024151239375899305,0.002650575904577815,-0.005042507887802581,0.010105758413922743,-0.016147055219734727,-0.09784996355542402
495,31.865319967269897,1782105393.6666157,-1.0972286462783813,-1.213563323020935,1.3477399349212646,-1.612696886062622,-1.6245830059051514,0.9491680860519409,-9.186102623282011e-05,-0.00015677093573529532,0.00033955593336187917,-0.0007420085627032336,0.0005767070774034266,0.0040554115630691,-3.274234699689486e-05,-6.04430553815202e-05,0.00014017138678516913,-0.000280506772158998,0.00021409293678895276,0.0015129311668589038,0.012218398232747004,0.013702681984583194,-0.028088406938146866,0.05765289725900047,-0.07580651781526287,-0.47440046098567856
496,31.91270899772644,1782105393.7140048,-1.0972636938095093,-1.2136058807373047,1.3478277921676636,-1.6128801107406616,-1.6243617534637451,0.9505746960639954,-6.829352029846802e-05,-0.00013291279697291714,0.0002900226366335801,-0.0006383028289160819,0.0004344497876385134,0.003171757006024123,0.0004736398938927898,0.0005257521020868704,-0.0010741263943598342,0.0022159989661936375,-0.002916851169613956,-0.018250330926073234,0.005727230036622303,0.006830663883360736,-0.01414182046739738,0.028644090861169712,-0.03605041658062734,-0.2274098229975966
497,31.965757131576538,1782105393.767053,-1.0972274541854858,-1.2135674953460693,1.3477503061294556,-1.6127222776412964,-1.6245901584625244,0.9491686820983887,-4.457399601953682e-05,-0.00010369842718738198,0.00023132735845976526,-0.0005191087818587903,0.00028476693367451844,0.002227155527904756,0.0004830131695262776,0.0005591724363695233,-0.0011424753132137622,0.002308124595608747,-0.003046666060684708,-0.019053005538886898,0.0011644101149746672,0.0014379645516903088,-0.003088044836748391,0.006224709222838815,-0.00798690858969028,-0.05020375171516067
498,32.01470398902893,1782105393.8159997,-1.0972625017166138,-1.2136099338531494,1.347838044166565,-1.612905502319336,-1.6243689060211182,0.9505752921104431,-1.9311535377042333e-05,-7.594670502086842e-05,0.00017377992830880373,-0.0004033684367819035,0.00012547952882613345,0.0012382751755524168,0.0005846152825673037,0.0006660461024971472,-0.001374900702240862,0.0028154975961612564,-0.003687791947580131,-0.02309429738396473,-0.0035402016057950727,-0.003815409705304456,0.007815225172802078,-0.015253923727080006,0.021663756494169302,0.1337750728265323
499,32.06584429740906,1782105393.86714,-1.0972262620925903,-1.213571548461914,1.3477604389190674,-1.6127476692199707,-1.6245973110198975,0.9491692781448364,1.424570474917175e-05,-3.659141420264689e-05,9.282404540833511e-05,-0.00023529129813582017,-8.627803959981861e-05,-9.72546411901476e-05,0.00010349571461399761,0.00015039276674344158,-0.0003039206825138994,0.0006664931305791909,-0.0007224869261767965,-0.004693510344182983,-0.009554741982651037,-0.01083893335116925,0.022168276388085245,-0.04529310082733917,0.05959845498587196,0.3729209677165165
500,32.11717700958252,1782105393.9184728,-1.0972613096237183,-1.2136139869689941,1.3478481769561768,-1.6129308938980103,-1.6243760585784912,0.9505758881568909,-8.919094010906292e-06,-6.07742105458442e-05,0.00014312938912297568,-0.00033608100163107224,5.2761946610857535e-05,0.0007655756568158978,-0.00039454462638307473,-0.00044494353140178385,0.0008972223102421338,-0.001827084470463574,0.002420064288554298,0.015125095351440963,0.0013728668271098627,0.001042125813479999,-0.0021816025929168982,0.0037250204447948233,-0.008050857376653831,-0.046855012409053085
501,32.16997408866882,1782105393.9712698,-1.0972251892089844,-1.2135756015777588,1.3477706909179688,-1.612773060798645,-1.6246044635772705,0.9491698741912842,-2.666964828712537e-05,-8.284559582349971e-05,0.0001860057668459092,-0.0004251401194501625,0.0001648656403361315,0.001472717558998582,0.0002793506287816943,0.0002964555161047301,-0.0006070783969297716,0.001209741621811435,-0.0017665884794727076,-0.010858554005975166,0.011386070766232978,0.012901257789258647,-0.026089307199656513,0.053383396177861336,-0.07054799883710522,-0.44109483877079547
502,32.22001528739929,1782105394.021311,-1.0972602367401123,-1.2136181592941284,1.3478584289550781,-1.6129562854766846,-1.6243832111358643,0.9505764842033386,1.650460501778639e-05,-3.412259331980749e-05,8.831650151464032e-05,-0.00022722173468281426,-0.00010803043242901822,-0.00022091605453589125,0.0007837752056147325,0.0008879252871112483,-0.0017986551948217767,0.0036849706820545163,-0.004881934552992305,-0.03051035371725499,-0.004725237468300489,-0.00485578668183989,0.00980959415612683,-0.019526854356762463,0.02999625921207045,0.1828835690834439
503,32.26965570449829,1782105394.0709515,-1.0972241163253784,-1.2135796546936035,1.3477808237075806,-1.6127984523773193,-1.6246116161346436,0.9491704702377319,5.152139974029524e-05,5.732676358505273e-06,6.5903462420635606e-06,-5.7600621907738514e-05,-0.0003222297379856798,-0.0015712658536042312,-0.00017984871745184964,-0.0001742642500200898,0.00034391595295599436,-0.0006816478304140687,0.0011498375036459933,0.0069120466687166565,-0.017652212642547602,-0.019903304307906017,0.04044473008673031,-0.08310995614671594,0.11032249737537521,0.6892359382285552
504,32.32222247123718,1782105394.1235182,-1.0972590446472168,-1.2136222124099731,1.34786856174469,-1.6129816770553589,-1.6243903636932373,0.9505770802497864,-7.211089609882038e-06,-5.7821147773751136e-05,0.00013545903304290619,-0.00032158623182887425,4.241812619909524e-05,0.000691092861309528,-0.0010098041447908165,-0.0011373314944289265,0.00231871568154072,-0.004780211318433774,0.006326414412178322,0.039545079241057025,0.00041803539021482766,-0.0001991964394108018,0.0006079987829762544,-0.0017396027942837749,-0.0020989934368811783,-0.0082279605180276
505,32.376171588897705,1782105394.1774673,-1.0972230434417725,-1.2135837078094482,1.3477909564971924,-1.6128238439559937,-1.6246187686920166,0.9491710662841797,-5.573769929689831e-05,-0.00011521041416173716,0.0002531983946987282,-0.0005660920451013851,0.0003499240206998877,0.0026311298989245557,-8.992566586747572e-05,-0.0001447221442587651,0.00030515205881169135,-0.0006534213192877182,0.0006445447756601717,0.004273719325478032,0.012963482034708469,0.014646078923113055,-0.02984782973083012,0.061505622022802395,-0.08165350422688566,-0.5101172020808135
506,32.42518448829651,1782105394.2264802,-1.0972579717636108,-1.2136262655258179,1.3478786945343018,-1.6130070686340332,-1.6243975162506104,0.9505776762962341,-2.4096733998391073e-05,-8.138015050107583e-05,0.00018456339301842206,-0.00042540453008577117,0.00015640739669464665,0.0014296379060567688,0.0003634483536763194,0.00040601371132925406,-0.0008249026529226849,0.0016937349395910908,-0.002303743047784954,-0.014331121341185648,0.003141382891513362,0.003976038203115387,-0.008084838180473206,0.01712635979760229,-0.020641678441841036,-0.1312770158459314
507,32.47675633430481,1782105394.278052,-1.097221851348877,-1.213587760925293,1.3478010892868042,-1.612849235534668,-1.6246259212493896,0.9491716623306274,-2.0661868267879413e-05,-7.586419843264025e-05,0.00017324770748672336,-0.0004019074932344324,0.0001268388874073878,0.0012431119478382158,0.00019396965706765612,0.0002170781093564823,-0.0004294369253027234,0.0009076817799854309,-0.001224198094967743,-0.007626727848533565,0.0041565023044173935,0.004835490675637449,-0.009836241618909308,0.020754706877627833,-0.025365301421307454,-0.1608904730528588
508,32.526089906692505,1782105394.3273857,-1.0972568988800049,-1.2136303186416626,1.3478888273239136,-1.6130324602127075,-1.6244046688079834,0.9505782723426819,-5.081932398454114e-06,-5.99580593689808e-05,0.000142150647048922,-0.0003357942922015411,3.5729520030614026e-05,0.000677620757693731,0.0007502670794190358,0.0008567202273319511,-0.0017407734993987434,0.0036303536249852053,-0.004660481167028004,-0.029291910465784797,0.0062223232975571734,0.007153776679073593,-0.014995550168887126,0.030873059042605306,-0.03921730720293712,-0.24696423710911458
509,32.576613903045654,1782105394.3779097,-1.0972206592559814,-1.2135918140411377,1.3478113412857056,-1.6128746271133423,-1.6246330738067627,0.9491722583770752,5.530483909410577e-05,1.0973235527345082e-05,-3.2573657833268044e-06,-3.387073587646228e-05,-0.0003453251950560343,-0.0017248680308217246,0.0008031379416113461,0.0009174327090075463,-0.0018989400769448548,0.003931999296894869,-0.005067003494049398,-0.03182487369444737,-0.009302993159677437,-0.010816042688083515,0.021953482185362038,-0.046082591295069524,0.05795895196438382,0.3656566764713195
510,32.6304874420166,1782105394.4317832,-1.0972557067871094,-1.2136343717575073,1.347899079322815,-1.6130578517913818,-1.6244118213653564,0.9505788683891296,7.60501029173355e-05,3.2452652840575524e-05,-4.931780596351132e-05,6.055098922885804e-05,-0.0004761229675693812,-0.00253597174353537,-0.00029257249619119886,-0.00035562423013424827,0.0007247260199524833,-0.0015408213367149785,0.001847121384077882,0.011759492694605118,-0.015730391887685005,-0.0176240480527571,0.03635330494779317,-0.07535650187852451,0.09848598490734742,0.616999294199353
511,32.67958068847656,1782105394.4808764,-1.097219467163086,-1.213595986366272,1.347821593284607,-1.6129000186920166,-1.6246402263641357,0.949172854423523,3.1370847601408514e-05,-1.8752417917156095e-05,5.6932543696319726e-05,-0.0001624335686205569,-0.00019419113657725973,-0.0007590257479037632,-0.0008586721498159791,-0.000952136048963518,0.0019570516791560834,-0.004066865162360408,0.005346539776448437,0.033459873791355274,-0.005391275380115004,-0.005745212221346862,0.011886852845895857,-0.023876648470143605,0.03327005246504941,0.2061074035082714
512,32.73002099990845,1782105394.5313168,-1.0972545146942139,-1.213638424873352,1.3479092121124268,-1.6130832433700562,-1.6244189739227295,0.9505794644355774,-9.276165306104645e-06,-6.206863258384487e-05,0.0001449086167895075,-0.0003429407642290272,5.4954983799149204e-05,0.0007869377736522409,-0.0008124168619669833,-0.0009099719728344043,0.0018717757180030776,-0.003842032831509917,0.005054796535270021,0.03162978663193842,-0.0025252442876996847,-0.003018801513072794,0.006050072957989934,-0.012130646167989007,0.01670883869027285,0.1037159709612458
513,32.78191518783569,1782105394.583211,-1.09721839427948,-1.2136000394821167,1.3478317260742188,-1.612925410270691,-1.6246473789215088,0.9491734504699707,-5.1786813491716543e-05,-0.00011202499662132936,0.00024885619175485374,-0.0005563830244526002,0.0003234292437923614,0.0024806845411564638,-0.0011272452959411147,-0.0012724337054745801,0.0025990153046254027,-0.005357177827760696,0.007122776419014678,0.04448654273218271,0.0016883081515827476,0.0020841645246669777,-0.004476518430339766,0.009260468327982913,-0.009925924857182418,-0.06463476949697361
514,32.82946705818176,1782105394.6307628,-1.097253441810608,-1.2136424779891968,1.3479194641113281,-1.6131086349487305,-1.6244261264801025,0.9505800604820251,-0.00011881276209280145,-0.00018602941826273423,0.0003984113944390799,-0.0008653380583822923,0.000747066485004666,0.005112357875042939,-0.0007090532250122589,-0.0007781740617771143,0.001580467601065063,-0.0032411298014750406,0.004481901566340972,0.027801551869717122,0.01722100375753642,0.01927593707662698,-0.039287807950774196,0.0810742837191273,-0.10819203521044267,-0.675292305683375
515,32.886943340301514,1782105394.688239,-1.097217321395874,-1.2136040925979614,1.3478418588638306,-1.6129508018493652,-1.6246545314788818,0.9491740465164185,-0.00011090275567937624,-0.00017669882331361464,0.0003805529414933062,-0.0008254189837302306,0.0006971136558497903,0.004796913673402514,0.0008661561883057045,0.0009467729290824161,-0.0019189812047510314,0.003959621740757341,-0.00539464392565437,-0.033549321026930035,0.012696360887918215,0.013823394247695001,-0.02845431930571119,0.05832851254314012,-0.07965073005957243,-0.49515057366843795
516,32.93500781059265,1782105394.7363036,-1.097252368927002,-1.2136465311050415,1.3479297161102295,-1.6131340265274048,-1.6244332790374756,0.9505806565284729,-3.9988824200420936e-05,-9.96632279868237e-05,0.00022367550617730103,-0.0005038652914315378,0.00025592403488339244,0.002056500729040067,0.0008851528710194585,0.0009605264018895101,-0.0019831051831659665,0.004072026514442333,-0.005517697054247163,-0.03434707896866629,-0.006320821975764628,-0.0066992788260269494,0.01348000126999084,-0.027836350087075225,0.03851895056592975,0.2389078245570225
517,32.98669457435608,1782105394.7879903,-1.0972161293029785,-1.2136081457138062,1.347852110862732,-1.6129761934280396,-1.6246616840362549,0.9491746425628662,-2.704483064519536e-05,-8.571313476757325e-05,0.00019236419327128829,-0.0004389104981434855,0.0001742415984899992,0.0015411606344812867,0.00018515794847044395,0.0002259981435982773,-0.0004629681478992931,0.0009560688395877726,-0.0012435157298415769,-0.007797189113367567,-0.003817813075781851,-0.0035270216563506457,0.00750191528935128,-0.015452539278713096,0.022728992534391357,0.1395417285873274
518,33.03562068939209,1782105394.8369164,-1.0972511768341064,-1.2136507034301758,1.3479399681091309,-1.613159418106079,-1.6244404315948486,0.9505812525749207,-2.1008779846454217e-05,-7.668899933399587e-05,0.00017632744630802222,-0.0004060569030936989,0.0001290003182905508,0.001260324332685414,0.00044876991735957894,0.0005482477267830804,-0.0011105821229452687,0.002276377024241552,-0.0029086252507480293,-0.018296880660206453,0.0009883298539052877,0.0009733487654847834,-0.00225162932265097,0.0047588990103877675,-0.004869718944271751,-0.03202747112799639
519,33.08677935600281,1782105394.888075,-1.0972150564193726,-1.2136121988296509,1.3478623628616333,-1.6130015850067139,-1.624668836593628,0.949175238609314,1.9356299088002515e-05,-2.9180398190220558e-05,7.763676098271333e-05,-0.00020375033725805736,-0.00012592813059164598,-0.00034742561756750945,0.00026398171518393664,0.00029778062248726273,-0.0006381540040892996,0.0013308526672849343,-0.0015977117984525844,-0.010168833301220228,-0.0069006522609596655,-0.008336810933820932,0.01692457314797734,-0.034879510762934565,0.044997413119612736,0.2824035758374722
520,33.138603925704956,1782105394.9398997,-1.0972501039505005,-1.2136547565460205,1.3479501008987427,-1.6131848096847534,-1.6244475841522217,0.9505818486213684,5.4731148768638604e-06,-4.6868253791743086e-05,0.0001123387742083537,-0.00027251830904440055,-3.099919694271591e-05,0.00024160063379952135,-0.0002662898563574731,-0.0003149165109042408,0.0006426734456987653,-0.0013376080508250537,0.0017513229088630712,0.010951534740469797,-0.00042588739867808686,-0.000543159211190507,0.001682731376380346,-0.0037101848848592137,0.002057217650135638,0.01604453676976525
521,33.19088292121887,1782105394.9921787,-1.097213864326477,-1.2136163711547852,1.3478726148605347,-1.6130269765853882,-1.624675989151001,0.9491758346557617,-8.363965427804487e-06,-6.194024362571326e-05,0.00014451677345839187,-0.0003430098445562635,5.631742401490669e-05,0.0007922900625629836,0.00022859673923915222,0.0002515320239446692,-0.00048400006304382174,0.000988224581558598,-0.0014406599914682742,-0.008855907257462142,0.005783556748085259,0.006549636793775242,-0.013226219391573077,0.02767545540967416,-0.03714785037911575,-0.23129127462913104
522,33.241676807403564,1782105395.0429726,-1.097248911857605,-1.2136588096618652,1.3479602336883545,-1.6132103204727173,-1.6244547367095947,0.9505824446678162,2.7590917111908198e-05,-2.2522765428689695e-05,6.567087833175833e-05,-0.0001775007800297601,-0.0001703834669974924,-0.0006144299863457547,0.0003406210736846909,0.00037272141675368013,-0.0007449668104132427,0.0015642110378921382,-0.0021476189192143986,-0.013320466416027861,-0.0090193431211093,-0.009794690868743593,0.01961508014688078,-0.04028027937367337,0.056204120478637584,0.34804543476994054
523,33.29135751724243,1782105395.0926533,-1.0972126722335815,-1.2136204242706299,1.347882866859436,-1.6130523681640625,-1.624683141708374,0.9491764307022095,2.666844023302417e-05,-2.36031461575692e-05,6.788888436481955e-05,-0.0001821157432804199,-0.0001645624255850464,-0.0005777298006854892,-0.000652901566048261,-0.0007057644379797326,0.0014323125078645796,-0.002945255293313355,0.004052020010653802,0.025153893865686158,-0.012317832321543423,-0.01378419383495704,0.02769304419333926,-0.05739983518949005,0.07769533102649742,0.4835112216251146
524,33.34208416938782,1782105395.14338,-1.0972477197647095,-1.21366286277771,1.3479704856872559,-1.6132357120513916,-1.6244618892669678,0.9505830407142639,-3.930612752256479e-05,-9.483265989729261e-05,0.00021241899580104473,-0.0004792557188544322,0.00024478707464936633,0.0019628174996189074,-0.0008799444970953195,-0.0009945622251464718,0.0020015163330744674,-0.004128615828830881,0.0055540113619402115,0.034612639683565656,0.008301566187215137,0.008743505011853718,-0.017792281299117634,0.0361195488546543,-0.051134825781159875,-0.31605059357323373
525,33.39666390419006,1782105395.1979597,-1.0972115993499756,-1.2136244773864746,1.3478931188583374,-1.6130777597427368,-1.624690294265747,0.9491770267486572,-6.263066211253943e-05,-0.00012506040918580652,0.00027188089640795,-0.0006030549391660145,0.0004001877608921234,0.002943456648507592,0.00032351053399672455,0.0003304594596716903,-0.0006734008638750069,0.0013338765875003265,-0.001978664511922232,-0.01214779256997135,0.014213437153484448,0.0163569614076704,-0.032821416072548376,0.06780757201670046,-0.09074360714333858,-0.5660050412900937
526,33.44565773010254,1782105395.2469535,-1.097246527671814,-1.2136670351028442,1.3479807376861572,-1.613261103630066,-1.6244690418243408,0.9505836367607117,-1.3758189114199126e-05,-6.997935507691011e-05,0.0001613589266380444,-0.0003792841484067111,9.100479935497674e-05,0.0010238491704175345,0.0006752549494460734,0.0007835379300428211,-0.0015695088324274044,0.0032365775210374853,-0.004345681816606934,-0.027092306456847428,-0.0007401822745495431,-0.00025483229365579714,0.0005224387728008954,-0.0003337984681445177,0.003202921348452306,0.01729950430106926
527,33.49645280838013,1782105395.2977486,-1.09721040725708,-1.2136285305023193,1.3479032516479492,-1.6131032705307007,-1.6246974468231201,0.949177622795105,3.569975302042394e-06,-4.8121978448278924e-05,0.00011777927232259344,-0.000284962569828906,-2.625412706080965e-05,0.00028429372963678645,0.00022059390527006818,0.0002701679519723128,-0.0005522487428686893,0.001156865628711232,-0.0014700522225776773,-0.009238960308706705,-0.0016845629423339172,-0.00192041109878983,0.0034696390865775247,-0.0072694560002087745,0.011444911233443877,0.06948420332504834
528,33.54674220085144,1782105395.348038,-1.097245454788208,-1.213671088218689,1.3479909896850586,-1.6132864952087402,-1.6244761943817139,0.9505842328071594,8.661737723514307e-06,-4.2508418744091614e-05,0.00010522751582975332,-0.00026163852398219944,-5.843838286168079e-05,8.457941065209695e-05,0.0004976594222603497,0.0005811760352755558,-0.0012021201681654435,0.002467861286811111,-0.0031433253265557974,-0.019784751787739314,0.0029813903123471638,0.0032304253960018323,-0.0065203596998629765,0.013624625099486212,-0.017372539031655976,-0.10950238937339182
529,33.59717345237732,1782105395.3984692,-1.0972093343734741,-1.213632583618164,1.347913384437561,-1.613128662109375,-1.6247045993804932,0.9491782188415527,5.3807180181664194e-05,1.054785409415615e-05,-3.5696762505921242e-06,-3.582860030881818e-05,-0.00034356312410999124,-0.0017129321020501465,0.0005201631973604741,0.0005946992093199191,-0.0012071645677460955,0.002525610960254029,-0.003215307963264518,-0.020239642915374847,-0.007099833366739264,-0.008344426551152943,0.017232109633146205,-0.035509156304784906,0.04486114235868452,0.28278939094322664
530,33.650917053222656,1782105395.4522128,-1.097244381904602,-1.2136751413345337,1.3480011224746704,-1.6133118867874146,-1.624483346939087,0.9505848288536072,6.028364773413841e-05,1.631496255960485e-05,-1.4027354115597745e-05,-1.1889240322915384e-05,-0.00037670830064584493,-0.0019184899999427074,-0.0002935967411258738,-0.0003470328215395073,0.0007116232019579276,-0.0014820977259068777,0.0018467951854318062,0.011671425804970331,-0.010383631025456364,-0.01182117386488196,0.02381362737460587,-0.049481021628965866,0.06414400674598617,0.40244249035737356
531,33.700979232788086,1782105395.502275,-1.0972081422805786,-1.2136366367340088,1.3479236364364624,-1.6131540536880493,-1.6247117519378662,0.9491788148880005,2.6274693180283748e-05,-2.2245494129435883e-05,6.385718424439801e-05,-0.00017597285900983195,-0.00016937239889536215,-0.0006115590448718677,-0.0005915495027004229,-0.0006729484910885994,0.0013493663193764934,-0.002789210857200225,0.003656856870818786,0.02289664432223252,-0.005583681344518442,-0.006466355947334975,0.01318526751779172,-0.027280058026774724,0.035919841217784736,0.22473209015865964
532,33.752166509628296,1782105395.5534623,-1.097243309020996,-1.2136791944503784,1.3480112552642822,-1.6133372783660889,-1.62449049949646,0.9505854249000549,5.893346450847048e-07,-5.159929585829559e-05,0.00012212561652980014,-0.00029318401192668375,-7.556479923565007e-06,0.0003924796168188749,-0.0008581041280292712,-0.0010016480404086297,0.002047639797505257,-0.004246851687124091,0.005483121593755909,0.03442658044833617,-0.00594992192170852,-0.006781166073826607,0.014181985024373232,-0.02970693192119382,0.03893050166402477,0.2436236153592544
533,33.80408453941345,1782105395.6053803,-1.0972070693969727,-1.213640809059143,1.3479338884353638,-1.6131794452667236,-1.6247189044952393,0.9491794109344482,-6.272486569258717e-05,-0.00012615099034007926,0.00027631814915984876,-0.0006167263908274379,0.0003993841816836152,0.002959805812382754,-0.0012061109156823917,-0.0013726520916580004,0.0028123997299617136,-0.005853964119199806,0.007675585517805328,0.048042576652720374,0.007926570440065527,0.009596813308258385,-0.019914506422596265,0.04195641172106482,-0.05081478387102931,-0.3228622639391051
534,33.850897789001465,1782105395.6521935,-1.0972421169281006,-1.2136832475662231,1.348021388053894,-1.6133626699447632,-1.624497652053833,0.9505860209465027,-0.0001186215460009521,-0.00018773746615963205,0.00040132661559155736,-0.0008748211984457299,0.0007518418951288908,0.005149443621451866,-0.00021752231666212826,-0.00021667515907369242,0.0004177728296850909,-0.0008122372251255627,0.0013693516781935668,0.008230126738783386,0.024277749730802548,0.02772838654906687,-0.05673190992949327,0.11788821502294317,-0.15457401192948972,-0.9675575356557646
535,33.90738224983215,1782105395.708678,-1.0972058773040771,-1.2136448621749878,1.3479440212249756,-1.6132049560546875,-1.6247260570526123,0.949180006980896,-6.435523117431785e-05,-0.00012508200257599356,0.00027140188214502814,-0.0006003063361568195,0.0004093853038398265,0.0029874193079866274,0.0013691616053591346,0.0015563952344339173,-0.003166938034439473,0.006541066663413306,-0.008715452612519766,-0.054402968875791276,0.00791148610755244,0.008658336410252867,-0.01710025970121907,0.03464808164856803,-0.050477612609502356,-0.3104351730166497
536,33.95782542228699,1782105395.7591212,-1.097240924835205,-1.2136874198913574,1.3480316400527954,-1.6133880615234375,-1.624504804611206,0.9505866169929504,2.3108663713244937e-05,-2.642953786846647e-05,7.260598368574733e-05,-0.00019462574725892523,-0.00014974447266169477,-0.00048330718915501336,0.000859211531773884,0.0009691140662011141,-0.0019409493710598937,0.00398517612811028,-0.0054926905956530925,-0.034095049079498375,-0.013806387734509349,-0.015690025825777547,0.03191475451944584,-0.06590713192186078,0.08789080282245844,0.5485474750033488
537,34.00739860534668,1782105395.8086944,-1.0972048044204712,-1.2136489152908325,1.3479541540145874,-1.6132303476333618,-1.6247332096099854,0.9491806030273438,2.3088806200277645e-05,-2.6452884634764473e-05,7.382518620424605e-05,-0.00019472505989703848,-0.0001496190593748281,-0.00048251646361308076,-5.32576580067871e-06,-5.8819705980689375e-06,1.1931653608588115e-05,-2.4438591898784e-05,3.366261703958919e-05,0.00020897763155230432,-0.003715870921319403,-0.003954179615174394,0.0075203671333971996,-0.015428975587311242,0.02414148132580144,0.1467844424052202
538,34.05784034729004,1782105395.859136,-1.0972398519515991,-1.2136914730072021,1.3480418920516968,-1.6134134531021118,-1.624511957168579,0.9505872130393982,2.2567377049753645e-05,-2.702730463077785e-05,7.37771384589081e-05,-0.0001971092852599554,-0.00014632315350837644,-0.0004620680590008419,0.0005116175875524891,0.0006011726451034497,-0.0012446535416568978,0.0025567452454087745,-0.0032312262376701113,-0.02036979291794753,0.00434843573468819,0.005056233845724279,-0.0103897652662872,0.02161885331413637,-0.026768332179484197,-0.16939333279838129
539,34.1074492931366,1782105395.908745,-1.0972037315368652,-1.2136529684066772,1.3479642868041992,-1.6132557392120361,-1.6247403621673584,0.9491811990737915,7.34143104335061e-05,3.268299851555412e-05,-4.864885830002663e-05,5.6777641985306104e-05,-0.00046746005665454504,-0.0024862109270014088,0.00043948390878852865,0.0005115251423542405,-0.0010515593165010008,0.0021873590133899955,-0.0027072274151141652,-0.01713303468218716,-0.010211311678804603,-0.012042198378835686,0.024896290557770456,-0.05108299403358637,0.06519243463575687,0.4102384505733322
540,34.16183948516846,1782105395.9631352,-1.0972387790679932,-1.2136955261230469,1.3480520248413086,-1.6134388446807861,-1.6245191097259521,0.950587809085846,6.24049714499364e-05,1.923379620016874e-05,-2.138850463850872e-05,1.001819999402187e-06,-0.0003901233156007322,-0.002006647961847463,-0.0006381267505692051,-0.0007537952600985701,0.0015550683004037797,-0.0031932292946082095,0.0040963022571535185,0.025752621494735867,-0.005995721888371924,-0.007167797949087189,0.014885029809504513,-0.030868374432897486,0.03716240525257876,0.2364262625025016
541,34.21230220794678,1782105396.013598,-1.0972025394439697,-1.213657021522522,1.347974419593811,-1.6132811307907104,-1.6247475147247314,0.9491817951202393,9.803789325246726e-06,-4.25195764854891e-05,0.0001064253897613554,-0.00026162895944636944,-5.8199725675223135e-05,8.580181013329025e-05,-0.00029379721606422564,-0.00036190735959259015,0.0007593331619035996,-0.0015645651937630117,0.0018550693397281922,0.011836745040528883,0.010227803016050058,0.012023637614632043,-0.024815325040996032,0.050762774141230885,-0.06594895797139516,-0.41365571902876674
542,34.26262068748474,1782105396.0639164,-1.0972375869750977,-1.2136995792388916,1.34806227684021,-1.6134642362594604,-1.6245262622833252,0.9505884051322937,3.2580088271672025e-05,-1.7487935039639524e-05,5.564890527587352e-05,-0.0001577254984930221,-0.0002018067581310845,-0.0008051913560205293,0.0003916628263679489,0.00045673484748507044,-0.0009432439146213463,0.0019173781502342766,-0.0025439092481407163,-0.015896376594321204,-0.0023714280146918073,-0.001959156929453036,0.0036616325486148685,-0.007311491111057481,0.01415245491187759,0.08349897655821752
543,34.31151986122131,1782105396.1128156,-1.0972013473510742,-1.2136610746383667,1.3479846715927124,-1.6133065223693848,-1.6247546672821045,0.949182391166687,4.883431312840969e-05,2.9105674812512916e-06,1.2654632755015882e-05,-7.09783012293741e-05,-0.00031146813845595034,-0.0014964667560608547,-0.00048432467478325006,-0.0005052767889833567,0.0010176916444574417,-0.002075876114467235,0.0029749766387845945,0.0183451977718843,-0.01182162393991835,-0.013409068063922334,0.027485701978535643,-0.05596598281573317,0.07584040982496272,0.4721518393865973
544,34.36311435699463,1782105396.16441,-1.0972365140914917,-1.2137036323547363,1.3480724096298218,-1.6134896278381348,-1.6245334148406982,0.9505890011787415,-2.061550098453324e-05,-7.337459359924026e-05,0.0001684279946374545,-0.0003876631868724445,0.00012606082531796403,0.001218309223055769,-0.0007625877187367442,-0.0008560923105816587,0.0017490129738623867,-0.003564507533130592,0.004872498365246303,0.03028841881425864,0.008889414155410842,0.00921550718686802,-0.018801174478958897,0.03840667974318745,-0.05460337352819489,-0.33716140890518964
545,34.41711115837097,1782105396.218407,-1.0972002744674683,-1.2136651277542114,1.3479949235916138,-1.613331913948059,-1.6247618198394775,0.9491829872131348,-2.881964164025419e-05,-8.442502686811793e-05,0.00019109042104048513,-0.0004347069910224377,0.0001852883985371534,0.0015919462675775264,0.0005245404222165922,0.0005465376817034372,-0.0011296720644155323,0.0023102125809710016,-0.0032399358155728052,-0.020051830798779122,0.010884580149341757,0.012079022195638757,-0.02465794157327727,0.05004153040876614,-0.06927661967840831,-0.4296982103939673
546,34.468008041381836,1782105396.2693038,-1.0972353219985962,-1.213707685470581,1.3480826616287231,-1.613515019416809,-1.6245405673980713,0.9505895972251892,3.0331812464368113e-05,-2.056979767317557e-05,5.926264736011433e-05,-0.00016449473849888818,-0.0001876722761053884,-0.0007225825813144127,0.0004571345305732625,0.0004946076737629765,-0.0010100012999403414,0.002038354274687333,-0.002881727628920247,-0.01781070560508675,-0.006824825233594724,-0.007037101277278988,0.014640488186090442,-0.03026429226351914,0.04161429149601238,0.2584194773858901
547,34.51759743690491,1782105396.3188932,-1.0971990823745728,-1.2136693000793457,1.3480051755905151,-1.6133573055267334,-1.6247689723968506,0.9491835832595825,1.8936107144540415e-05,-3.276190810197477e-05,8.552031518505032e-05,-0.00022143751775161036,-0.00011576264372337164,-0.00026919715625162155,-0.0001470620425843494,-0.00014506274060101376,0.00030977280272872175,-0.0006665977742063907,0.0008524744747677303,0.005362365444651795,0.0006782155581885312,0.0012618533560911126,-0.002761189710510174,0.006559003515414441,-0.005106416519618354,-0.03589657886511388
548,34.56767272949219,1782105396.3689685,-1.0972341299057007,-1.2137117385864258,1.348092794418335,-1.6135404109954834,-1.6245477199554443,0.950590193271637,1.5755719260823753e-05,-3.4928995175320665e-05,8.992147977160414e-05,-0.00023046060322329254,-0.00010329428872069002,-0.00019183589470372908,0.0005372893231901507,0.000634199080016926,-0.0013138809419238448,0.002751728682560696,-0.003469180713853468,-0.021879725097037176,0.006223992512612396,0.006981894540083671,-0.014489929636589018,0.03029855743047801,-0.03785213487503256,-0.2392914402167392
549,34.61739778518677,1782105396.4186935,-1.0971980094909668,-1.2136733531951904,1.348015308380127,-1.6133826971054077,-1.6247761249542236,0.9491841793060303,7.213839480790796e-05,3.0058486592210443e-05,-4.4626989783580484e-05,5.1139412821754604e-05,-0.0004593927127380937,-0.0024364503878793187,0.00047928959136299843,0.0005577217492846137,-0.0011488458095770294,0.002383709420197199,-0.0029590017437738842,-0.018731713336067577,-0.012989386187316564,-0.015232496557073764,0.03155567453543596,-0.06560768419549615,0.0835163522676075,0.5257993310044031
550,34.6718225479126,1782105396.4731183,-1.0972330570220947,-1.21371591091156,1.3481030464172363,-1.6135658025741577,-1.6245548725128174,0.9505907893180847,5.923003102559221e-05,1.5782653960627613e-05,-1.4404088201303011e-05,-1.4479120487465025e-05,-0.00037010756185296145,-0.0018827827426886046,-0.000931933569941128,-0.001087065799031802,0.0022505878642722953,-0.004654262301920542,0.005950138570718331,0.03743475657215588,-0.012268135632362709,-0.014262155694991063,0.029111567838721677,-0.05994342996392157,0.07597454317158621,0.4790252238344567
551,34.722540616989136,1782105396.5238364,-1.0971968173980713,-1.2136774063110352,1.3480254411697388,-1.6134082078933716,-1.6247832775115967,0.949184775352478,-2.087264028105551e-05,-7.83326230049397e-05,0.00017986645215195551,-0.0004135277854686592,0.00013536083298149038,0.0013043268163173138,-0.0009084472334880469,-0.0010561241675630963,0.0021508411628708797,-0.004415682370008822,0.005657347851934554,0.03559418753196383,0.009162375237764822,0.010924299198822245,-0.022757639172835742,0.04672721331943005,-0.05922043336013473,-0.37337102156996177
552,34.77099013328552,1782105396.572286,-1.0972318649291992,-1.2137199640274048,1.3481132984161377,-1.613591194152832,-1.6245620250701904,0.9505913853645325,-3.3834463366133605e-05,-9.249706083380715e-05,0.0002063395526104017,-0.0004676848074112172,0.00021003063737268235,0.0017678581835376406,-6.190986626453666e-05,-4.947958849283482e-05,8.598882636685727e-05,-0.00020683688394771034,0.000314464968603934,0.0019036217832316994,0.006630376900839251,0.007969307015381236,-0.01605424281832806,0.032973923768429975,-0.04045865026112036,-0.2566978802604885
553,34.82257056236267,1782105396.6238663,-1.0971957445144653,-1.2136815786361694,1.3480356931686401,-1.613433599472046,-1.6247904300689697,0.9491853713989258,-2.5736304493761963e-05,-8.171208271434693e-05,0.00018549170398607373,-0.0004283290433200193,0.00015888702372279795,0.0014452067775909683,-0.00031529655139161776,-0.0003417468934944534,0.0007166524092279592,-0.0014656998059173988,0.0020615897748476534,0.01275238592271297,-0.002734879040021367,-0.0032820375441225905,0.006897425079374675,-0.013437368556622632,0.018682341389676477,0.11614252039587306
554,34.871564626693726,1782105396.6728604,-1.0972307920455933,-1.2137240171432495,1.3481234312057495,-1.613616704940796,-1.6245691776275635,0.9505919814109802,-6.316343937662339e-05,-0.0001240901847943121,0.00027276409261034473,-0.0006038574039237687,0.00040197696322508136,0.00295456632515112,-0.00034795056405659004,-0.00039159250842867564,0.0008065701259513027,-0.001613607816905339,0.0022700333597057186,0.014059574027168797,0.006789574641758439,0.007541987384761013,-0.0155585410131299,0.03197605571286528,-0.04410365952928231,-0.2736915418488503
555,34.92616820335388,1782105396.727464,-1.0971945524215698,-1.2136856317520142,1.3480459451675415,-1.6134589910507202,-1.6247975826263428,0.9491859674453735,-5.684933220173605e-05,-0.00011666535164422953,0.00025748910248779566,-0.0005721397030455933,0.0003621314634436601,0.00270309973905114,0.0004765258144514323,0.0005411102569028598,-0.0011014886665620528,0.00226202901063741,-0.00308103450956062,-0.019164209106748542,0.01011152862269475,0.01156706391612959,-0.023702210654908275,0.04846342520117828,-0.06509441716965891,-0.4060354955300164
556,34.975595235824585,1782105396.776891,-1.0972295999526978,-1.2137280702590942,1.3481336832046509,-1.6136420965194702,-1.6245763301849365,0.950592577457428,-1.7149392514070882e-05,-7.179371666765633e-05,0.00016627988700612661,-0.0003851172881379483,0.00010464449776570461,0.0011044867591021301,0.0007531491227956062,0.0008661199545260613,-0.0017700540848391102,0.0036501153614733606,-0.00482628963263418,-0.03017686938238027,0.0010551805309684734,0.0010256672113476122,-0.002391967480973216,0.005081709779244041,-0.005290408208175921,-0.034668698646114604
557,35.02700734138489,1782105396.828303,-1.0971934795379639,-1.2136896848678589,1.3480561971664429,-1.6134843826293945,-1.6248047351837158,0.9491865634918213,1.8894864538765432e-05,-2.949550619568697e-05,7.930323440952236e-05,-0.00020460665524524302,-0.0001229957297201878,-0.000331137663604153,0.0005645371526622029,0.0006220613687192094,-0.0012975999605807792,0.0026813097956278954,-0.003492940364307742,-0.0218982374589703,-0.004301992907278701,-0.00503731205689311,0.010291765560129645,-0.021245030007020528,0.027881200335579132,0.17456329126244755
558,35.079060554504395,1782105396.8803563,-1.0972285270690918,-1.213732123374939,1.3481439352035522,-1.6136674880981445,-1.6245834827423096,0.9505931735038757,4.108444850814408e-05,-7.69084174656598e-06,3.2531835371329976e-05,-0.00010876525853120711,-0.00025554758273216294,-0.001153447041774669,0.00030722488414201273,0.0003445584273602243,-0.0007037911924028192,0.001448893625020855,-0.0019390407536673702,-0.012098155527653073,-0.0038630772834734465,-0.003951379546031045,0.008428231941867254,-0.017657682532349794,0.02300337673916475,0.1442138967500703
559,35.12897205352783,1782105396.9302678,-1.0971922874450684,-1.2136938571929932,1.3480664491653442,-1.6135097742080688,-1.6248118877410889,0.949187159538269,5.072046171861189e-05,5.949146084205381e-06,6.724376738986848e-06,-5.522470550545222e-05,-0.0003232578073131265,-0.0015802423976563063,0.00016610791427625066,0.00021337157270692942,-0.0004257178234789313,0.0008556002373952506,-0.0011186750212061032,-0.007008678173730671,-0.0029775231359504607,-0.0035836365429754167,0.007029366578025462,-0.014749362061943957,0.019379221289658,0.12130722893451093
560,35.18186068534851,1782105396.9831564,-1.0972274541854858,-1.2137361764907837,1.3481541872024536,-1.6136928796768188,-1.6245906352996826,0.9505937695503235,5.79950855943423e-05,1.3876413277102984e-05,-1.0671889498325982e-05,-2.21407245106775e-05,-0.00036908856686679314,-0.001864482533278533,2.1423988165079292e-07,-2.9697306862946495e-05,2.776907551104805e-05,-8.489485434636846e-05,7.119061298618357e-05,0.0004908161740791277,-0.005603764521583329,-0.006571095330424625,0.01335856141798134,-0.027213005227082136,0.03663873635126466,0.2283564732359462
561,35.23127365112305,1782105397.0325694,-1.0971912145614624,-1.213697910308838,1.348076581954956,-1.6135351657867432,-1.624819040298462,0.9491877555847168,5.166565014746993e-05,4.118389076879225e-06,7.167186932832692e-06,-5.9133382709575244e-05,-0.0003222792663279961,-0.0015694619390433928,-0.00039057999792029214,-0.0004455826396847516,0.0009087206270913343,-0.0018649334948916791,0.002534456263651344,0.01577062692542252,-0.0028320624690057706,-0.0025293824921436255,0.005687806073287276,-0.011302112371108605,0.016547722050129523,0.10168175598893646
562,35.28358197212219,1782105397.0848777,-1.0972262620925903,-1.213740348815918,1.3481643199920654,-1.6137182712554932,-1.6245977878570557,0.9505943655967712,1.6700265220492838e-05,-3.292761404516398e-05,8.502883616401391e-05,-0.00021849765850134872,-0.00010182043351925074,-0.00020186180426406963,-0.00025760796039935637,-0.0002518998523773895,0.0005339779797100131,-0.0010872105139475383,0.0015559489615706349,0.009596971545125527,0.000821007665351637,0.0011368498262692571,-0.0022646628322280605,0.004927742947200791,-0.005932965545770955,-0.037744810532321774
563,35.33548951148987,1782105397.1367853,-1.097190022468567,-1.2137019634246826,1.3480867147445679,-1.6135605573654175,-1.624826192855835,0.9491883516311646,2.4490762339013372e-05,-2.249794209951972e-05,6.357835107984044e-05,-0.00017400254628796574,-0.00015800179087399613,-0.0005560918297806694,-0.0003036437127991842,-0.0003250560330754815,0.0006687946684728588,-0.001343447259451445,0.0019059475573015808,0.011772916413553429,-0.007637866772996601,-0.009249136211855826,0.018762666891937008,-0.03894172171772737,0.04929750484425491,0.3106772752470277
564,35.3884961605072,1782105397.189792,-1.0972251892089844,-1.2137444019317627,1.3481744527816772,-1.6137436628341675,-1.6246049404144287,0.950594961643219,-1.6164221323222705e-05,-6.81990731301596e-05,0.00015759862677988679,-0.00036433305690763973,0.00010477895458471664,0.0010745976273973668,-0.0010739258189932641,-0.001239681483266076,0.0025383593042734775,-0.005248292185449865,0.0068224917714554785,0.04278846875451943,-0.005078502526834762,-0.006018348960780745,0.012234481150824915,-0.025956691507726275,0.03141276505914431,0.1996473455548033
565,35.44372844696045,1782105397.2450242,-1.0971888303756714,-1.2137060165405273,1.3480969667434692,-1.6135859489440918,-1.624833345413208,0.9491889476776123,-9.314481412836528e-05,-0.00015839539862660956,0.00034180262178118426,-0.0007496054454030343,0.000588933305625261,0.004129934986883299,-0.0008103727784072747,-0.000925408599252109,0.0018883500673998648,-0.003936141346728818,0.0050272557409539245,0.03163063959210918,0.012468835830369295,0.01452867758308708,-0.0297847624839067,0.061698564379501296,-0.07885760248659063,-0.4962665396206715
566,35.49126172065735,1782105397.2925575,-1.0972239971160889,-1.2137484550476074,1.348184585571289,-1.6137690544128418,-1.6246120929718018,0.9505955576896667,-0.00010779956987860828,-0.00017343585501627956,0.00037238012031082235,-0.000812371026311709,0.0006749615202217285,0.004664454952059138,9.718117868576476e-05,0.0001267539183714807,-0.000264410613211826,0.0005486880439282277,-0.0006173373672729706,-0.003995556029237152,0.016908621206387482,0.019220810988233875,-0.039129588192577454,0.08136586967027304,-0.10574470003476888,-0.6632515285700726
567,35.54767847061157,1782105397.3489742,-1.0971877574920654,-1.213710069656372,1.348107099533081,-1.6136113405227661,-1.624840497970581,0.9491895437240601,-7.516537043983362e-05,-0.0001366097143922218,0.00029668314113884264,-0.0006562571147767926,0.00047760761184534317,0.003418512391583306,0.0009048419960813953,0.0010159751574514786,-0.0020595008076553876,0.004269571091659789,-0.005712245107634338,-0.03563880486835943,0.008249965424611098,0.009339961825861675,-0.01892776215957831,0.03937823209150561,-0.05280037095881618,-0.32898884947227425
568,35.59730124473572,1782105397.398597,-1.0972228050231934,-1.2137525081634521,1.3481947183609009,-1.6137945652008057,-1.6246192455291748,0.9505961537361145,-1.6018527746908262e-05,-7.034061703592442e-05,0.0001631572049785035,-0.00037881327094702044,9.751137198499293e-05,0.0010584171016532196,0.0010494652531958977,0.001199162663930515,-0.0024361121048500135,0.005063697794357405,-0.006695233470555457,-0.04184262827428081,-0.004899819225393591,-0.005359813091914131,0.010728595017683109,-0.02212689808022616,0.03151627039090348,0.1945446448545026
569,35.64883804321289,1782105397.4501338,-1.0971866846084595,-1.2137141227722168,1.3481173515319824,-1.6136367321014404,-1.624847650527954,0.9491901397705078,3.0442208727166076e-05,-1.5834736638353775e-05,5.124091896391292e-05,-0.00014607330676952301,-0.00019591606297630904,-0.0007919586859195249,0.00037868805912633606,0.00043846126328562487,-0.000902725854041229,0.0018824443671200412,-0.0023238069993735157,-0.014711851535189974,-0.01427008939845725,-0.01635412224855446,0.03329876285653968,-0.06917366137708858,0.09075849848248921,0.5680433172993742
570,35.701926708221436,1782105397.5032225,-1.0972217321395874,-1.2137565612792969,1.3482049703598022,-1.61381995677948,-1.6246263980865479,0.9505967497825623,2.1954767387200036e-05,-2.6417011941504143e-05,7.270657192215424e-05,-0.00019015856171478163,-0.00013500175727898522,-0.0004140522003215352,-0.0004475020014518121,-0.0005169160627771357,0.0010589564591366562,-0.002197086481310351,0.002819120917204462,0.017720252388323962,-0.0054936231506201895,-0.006490689821248695,0.01338431802554211,-0.027954282411145594,0.03408537681219976,0.2162962804189223
571,35.75418734550476,1782105397.555483,-1.097185492515564,-1.2137181758880615,1.3481276035308838,-1.6136621236801147,-1.6248548030853271,0.9491907358169556,-1.6229199911066416e-05,-6.97696480855825e-05,0.00016172560943950032,-0.00037528918977969283,9.832949764287946e-05,0.0010574372091856077,-0.00021660581678653755,-0.00026423302887144934,0.0005460261790385324,-0.001142852013356851,0.0013702347180362022,0.008723207485434044,0.0027636747411718824,0.0029470683678573593,-0.00599495891939354,0.012348433061305352,-0.01670934402021775,-0.10403896235645385
572,35.80448246002197,1782105397.6057782,-1.0972206592559814,-1.2137606143951416,1.3482152223587036,-1.6138453483581543,-1.624633550643921,0.95059734582901,-2.2421165049024694e-06,-5.569611256106555e-05,0.0001331687016570271,-0.0003166201469326779,1.7459660416108136e-05,0.0005555204286267212,-0.00015768968462767405,-0.0002073950571273728,0.00042940515604253035,-0.0009005047636610219,0.0010629957977103938,0.006787718025800969,-0.005383795613491768,-0.00573747096718745,0.011526431290629368,-0.023979881137241525,0.03312446766067208,0.20535627969504935
573,35.855786085128784,1782105397.6570818,-1.0971843004226685,-1.2137222290039062,1.3481378555297852,-1.613687515258789,-1.6248619556427002,0.9491913318634033,-3.313808339555635e-05,-9.183329853712507e-05,0.00020738415533294585,-0.00047099032277486685,0.00021176980959936031,0.001781219580422544,-0.000776947214046213,-0.000861143741642478,0.0017453030474386573,-0.003637847043290499,0.004815566453175412,0.03008390600469864,-0.002452106440904532,-0.0023245075261335377,0.004632817516942847,-0.00927292688366418,0.014807287832400963,0.0897581005513737
574,35.903969287872314,1782105397.705265,-1.097219467163086,-1.2137646675109863,1.348225474357605,-1.6138707399368286,-1.624640703201294,0.9505979418754578,-7.84808346576682e-05,-0.00014041997887837,0.00030499585401244644,-0.0006747325362237433,0.0004903239322722186,0.0035109997084088462,-0.00045984303977904316,-0.0005016941991491973,0.001017480818005715,-0.0020897861840694725,0.0028891265523388263,0.01792202567613456,0.011800567386536263,0.013090797614891257,-0.026576445767000467,0.055234844396518934,-0.07357222476853474,-0.4590635285840499
575,35.9587287902832,1782105397.7600245,-1.0971832275390625,-1.213726282119751,1.348147988319397,-1.613713026046753,-1.6248691082000732,0.9491919279098511,-7.371454644911068e-05,-0.00013636012288920085,0.00029795869783733053,-0.0006560694119812638,0.00046855095635223165,0.0033735669132752832,0.0005111678453036558,0.0005655711970319907,-0.0011517195497228214,0.002372823279213389,-0.0032301117766630402,-0.020076864403681956,0.008326426249341384,0.009174460393038859,-0.018908779675508643,0.03881148349359593,-0.053230520411377366,-0.33072007359949485
576,36.007139921188354,1782105397.8084357,-1.0972182750701904,-1.213768720626831,1.3482357263565063,-1.613896131515503,-1.624647855758667,0.9505985379219055,-3.0816212960971257e-05,-8.794753603069694e-05,0.00019841058431957492,-0.00045423117035525706,0.00019095013013981088,0.0016497729807607442,0.0005117008427822069,0.0005682230176407348,-0.0011809909228967883,0.0024249430986434005,-0.003302607940422123,-0.020542761007984224,-0.006326609663559367,-0.007076236439641555,0.01446529012575617,-0.029499325214105383,0.04058100450590072,0.25180666923715656
577,36.058454751968384,1782105397.8597505,-1.0971821546554565,-1.2137303352355957,1.3481581211090088,-1.6137384176254272,-1.6248762607574463,0.9491925239562988,-2.4924332233666746e-05,-8.227641741420655e-05,0.00018541899698654163,-0.0004246733288191251,0.000153740138621572,0.0014150303431375022,-0.00015766826209573918,-0.00018276789854086044,0.0003809871741427993,-0.0007519171895731657,0.0010685632394084295,0.006598560543964491,-0.001584559662751919,-0.0012612433633548033,0.0028083251147406896,-0.005831791498736461,0.01073810524844298,0.06361546261757914
578,36.10726022720337,1782105397.908556,-1.0972172021865845,-1.2137728929519653,1.3482459783554077,-1.6139215230941772,-1.62465500831604,0.9505991339683533,-4.526791331116442e-05,-0.00010481039496568201,0.00023345028265175927,-0.0005230118184336163,0.0002891530788780017,0.002255719289037117,0.0002969470565185255,0.00037646918063773946,-0.0007645401817755826,0.001566507304579988,-0.0018630214001177088,-0.011895441433497331,0.008628607445691982,0.010154283722124707,-0.02084914935808306,0.04270510254026061,-0.055807379772313995,-0.34969023479769185
579,36.16019916534424,1782105397.961495,-1.097180962562561,-1.2137343883514404,1.3481683731079102,-1.6137638092041016,-1.6248834133148193,0.9491931200027466,1.14389875047749e-05,-3.6750191567236357e-05,9.256295212267673e-05,-0.00023442891730240945,-7.57737801606595e-05,-4.619778226988558e-05,0.0007143310529097891,0.0008391353919326867,-0.0017177023308020398,0.0035517417574845857,-0.004572823175759312,-0.02872848292358934,-0.007716867797447428,-0.009584306455291782,0.01972662821420888,-0.04068136643620252,0.04925675749347169,0.3131125967553733
580,36.21324157714844,1782105398.0145373,-1.0972161293029785,-1.21377694606781,1.3482561111450195,-1.6139470338821411,-1.624662160873413,0.950599730014801,3.036393577993124e-05,-1.5970185748059862e-05,5.1601340341989044e-05,-0.00014698691274439568,-0.0001950001973050064,-0.000785907825914478,-0.0005241287755982445,-0.0006430843493884415,0.001333930583539698,-0.0027611541597277597,0.003378083198581713,0.02141938293219126,-0.01615334136747899,-0.018856282847400728,0.03843253182359577,-0.07974139738619179,0.1031258908471673,0.6473066043393976
581,36.26474618911743,1782105398.066042,-1.097179889678955,-1.2137384414672852,1.3481786251068115,-1.6137892007827759,-1.6248905658721924,0.9491937160491943,-4.06870402791526e-05,-0.00010084611028915447,0.00022563757994831235,-0.0005097335440282791,0.0002603427549807691,0.002085943025159409,-0.0009962612988212126,-0.0011597780225447224,0.0023581951016263814,-0.0049040259708728814,0.00635044621942309,0.039849111563942156,0.002425364510282209,0.003498539590841303,-0.00738209439870788,0.01545238201520803,-0.016867736407811137,-0.10939221650103198
582,36.312605142593384,1782105398.113901,-1.097214937210083,-1.2137809991836548,1.348266363143921,-1.613972544670105,-1.6246693134307861,0.9506003260612488,-7.132360832429185e-05,-0.00013464315815525651,0.00029309990022419186,-0.0006493123432402825,0.00045351823497519206,0.0032855411622616515,-0.0003646666909444075,-0.0003906207821161811,0.0007922091013539447,-0.0016270531850185585,0.0022265741627918484,0.013835857548627286,0.009772782544779035,0.011371385043426883,-0.0232273909464178,0.04857702586333428,-0.06255546553068479,-0.39293548274406576
583,36.3664767742157,1782105398.1677725,-1.0971786975860596,-1.2137424945831299,1.3481887578964233,-1.6138145923614502,-1.6248977184295654,0.9491943120956421,-7.426400419241475e-05,-0.0001365511046547141,0.0002983386666635113,-0.0006587750115940594,0.0004637231586634982,0.003349952462460948,-4.583447558832406e-05,-6.302923984156093e-05,0.00011659264325482527,-0.00021652257227332012,0.00028841776953070046,0.0018003930973363377,0.008722940825301225,0.009795051246488707,-0.0201615408553166,0.0414615073338859,-0.05347185948893082,-0.33571702978261886
584,36.414231061935425,1782105398.2155268,-1.097213864326477,-1.2137850522994995,1.3482766151428223,-1.6139980554580688,-1.6246764659881592,0.9506009221076965,-7.608252034252416e-05,-0.00014072991091929055,0.00030472546644055853,-0.0006708450025563195,0.000481686637689549,0.0034615289396615623,0.0004894453276626591,0.0005619496155622918,-0.0011687873296393955,0.0024101981276537336,-0.003005664944130258,-0.01898566749664039,0.011470406785267253,0.013323938526476266,-0.027055808870981586,0.05540316840364546,-0.07259823603632647,-0.4544596307878923
585,36.46833395957947,1782105398.2696297,-1.097177505493164,-1.2137466669082642,1.3481990098953247,-1.6138399839401245,-1.6249048709869385,0.9491949081420898,-1.726713243677125e-05,-7.05180685613982e-05,0.00016165142372059904,-0.00037721940845791835,0.00011178047189375206,0.0011273979505084242,0.0011260480776308201,0.0012973128306364265,-0.0026411218302964754,0.005432081014136638,-0.007155231846078887,-0.044749422175315315,-0.0032448416057341656,-0.004253799788393233,0.00885591354499893,-0.018288517988691067,0.01991386847907734,0.12916873386540711
586,36.520198583602905,1782105398.3214943,-1.0972126722335815,-1.2137891054153442,1.348286747932434,-1.6140235662460327,-1.6246836185455322,0.9506015181541443,4.307126772395975e-05,-3.2549845450091652e-06,2.4837608650685183e-05,-9.524237196600893e-05,-0.0002751408131835831,-0.0012734114953367737,0.00021140653205546878,0.00018941978565263867,-0.0003884749939619765,0.0007972477617267156,-0.0013189817061874758,-0.007951878487855673,-0.01820702954895677,-0.02080728735423403,0.042551596550039726,-0.08744280513218372,0.11532424238699553,0.7210552941048752
587,36.56972646713257,1782105398.3710222,-1.097176432609558,-1.2137507200241089,1.3482091426849365,-1.6138653755187988,-1.6249120235443115,0.9491955041885376,8.516722997953252e-06,-4.62531432781077e-05,0.00011198713566606955,-0.00027519010454568615,-5.000877639815826e-05,0.00014600119451380067,-0.000717395942003001,-0.0008149208081277853,0.0016773186070871936,-0.0034427409316488125,0.004525010918826054,0.028307359429972118,0.002812485547874901,0.0044472229593406475,-0.009067245338801405,0.018991719022430416,-0.018709601828927752,-0.1239393979054668
588,36.61901140213013,1782105398.4203072,-1.097211480140686,-1.2137932777404785,1.3482969999313354,-1.6140490770339966,-1.6246907711029053,0.950602114200592,-2.7807090207332408e-05,-8.380541209973558e-05,0.0001906180725903539,-0.0004355216530225192,0.0001719982305115053,0.0015238888492969949,0.00047886319083695697,0.00061687783479814,-0.001259823201753414,0.0026231729503087726,-0.003101469236300533,-0.019783754090483184,0.017776239876276773,0.020462461312433212,-0.042108839082707517,0.08683310245909379,-0.11168256284528286,-0.7013613004490153
589,36.67106556892395,1782105398.4723613,-1.0971753597259521,-1.2137547731399536,1.348219394683838,-1.6138907670974731,-1.6249191761016846,0.9491961002349854,6.396758300653005e-05,2.41117884822728e-05,-3.19402355888343e-05,2.410006207576032e-05,-0.0004076180900760562,-0.0021307087954731685,0.001047043226052547,0.0012098204308330371,-0.0024903853374781118,0.00515046437573791,-0.006547613039956477,-0.041205423985332904,-0.008467774593029598,-0.010692271661506063,0.021987556852444395,-0.045701023279451275,0.05486175262138915,0.3489063128193459
590,36.72758913040161,1782105398.528885,-1.09721040725708,-1.2137973308563232,1.3483071327209473,-1.6140745878219604,-1.6246979236602783,0.9506027102470398,7.920338455669196e-05,3.950552509479621e-05,-6.31403897664029e-05,8.94044427148799e-05,-0.0004961618722774119,-0.002679728802911896,-0.0006212466832013941,-0.0007499356260169748,0.0015529004980240737,-0.003217609710122386,0.003983925784635289,0.025188861368065012,-0.01301531970488725,-0.015216516292082493,0.03129381682659066,-0.06501562585228665,0.0815180734820332,0.5143178484574837
591,36.77860641479492,1782105398.5799022,-1.0971741676330566,-1.2137588262557983,1.3482295274734497,-1.6139161586761475,-1.6249263286590576,0.9491966962814331,6.4902919021392336e-06,-4.5827382930241356e-05,0.00011300888763621231,-0.0002761126175716555,-3.733040251674424e-05,0.00021248405542984017,-0.0005254879454275067,-0.0006303899509726467,0.0012965275776320184,-0.0027112078180309106,0.003316843716283055,0.021022288804739782,0.008995607547721978,0.010649362118233415,-0.022183273164313577,0.04592394459440821,-0.05809947095718272,-0.365874108839229
592,36.8292441368103,1782105398.63054,-1.0972092151641846,-1.213801383972168,1.3483173847198486,-1.6141000986099243,-1.6247050762176514,0.9506033062934875,2.510440278591375e-05,-2.536501449235118e-05,7.028887266002926e-05,-0.00018957148934006796,-0.00015469473150631075,-0.0005157317416202289,0.00028781804026436185,0.00032634342009071416,-0.0006891636249950581,0.0014235639596987747,-0.0018881247225085375,-0.011789129565184289,-0.0006664276006630929,-2.1923727218146893e-05,-0.0001583801625451558,0.0008831296300684903,0.003407195035673008,0.016131514817943005
593,36.87894821166992,1782105398.680244,-1.0971729755401611,-1.213762879371643,1.3482396602630615,-1.6139415502548218,-1.6249334812164307,0.9491972923278809,3.5518062702522e-05,-1.2937654112477048e-05,4.357117725994897e-05,-0.0001327415263165932,-0.00022758302528735896,-0.0009752533631814941,-0.0005614109158479659,-0.0005975944216784559,0.001208380009300285,-0.002473160466130041,0.00346225752191072,0.02141232429633085,-0.008665267564609414,-0.00952439181592342,0.01977467886852721,-0.040620577516860365,0.055922862942929676,0.3469008449449678
594,36.93043780326843,1782105398.7317336,-1.0972081422805786,-1.2138055562973022,1.34832763671875,-1.6141256093978882,-1.6247122287750244,0.9506039023399353,-3.450926987369485e-05,-8.891903682695101e-05,0.0001989159831268239,-0.0004529863704316739,0.00021358049519548672,0.0017625051295748762,-0.0005584424109569088,-0.0006045140956005879,0.0012450136301915024,-0.002549651908136786,0.0035828967669661827,0.02214785086566251,0.009686002190378112,0.010580730401623686,-0.02134376709824562,0.04392286843398978,-0.060259434172086276,-0.37409420442316077
595,36.985467195510864,1782105398.786763,-1.0971719026565552,-1.2137669324874878,1.3482497930526733,-1.613966941833496,-1.6249406337738037,0.9491978883743286,-1.809667358187994e-05,-7.095048311001051e-05,0.0001632124866901563,-0.0003774529659796855,0.00011755771086541245,0.0011567313064588802,0.0005408401672864882,0.0006079205728822847,-0.001226645930092708,0.002537982809852685,-0.0034149508643049123,-0.021279893377334897,0.00573738411286095,0.0061436627911545735,-0.01256334273599591,0.02556235235708493,-0.0373640802776945,-0.2294468466103595
596,37.038124561309814,1782105398.8394203,-1.097206950187683,-1.213809609413147,1.3483378887176514,-1.614151120185852,-1.6247193813323975,0.9506044983863831,2.2606004289826842e-05,-2.4760218359176633e-05,6.950467314226216e-05,-0.00018508870705602476,-0.00014641260638370568,-0.0004813783160297902,0.00012549209803959562,0.00013082991920829363,-0.0002580633951768676,0.0005135686408033542,-0.0008575614245423364,-0.005158680005429386,-0.004044121627446921,-0.004997412118095124,0.009901899399527962,-0.020665207826256457,0.02629307085835643,0.16551507148850106
597,37.08983874320984,1782105398.8911345,-1.0971708297729492,-1.2137709856033325,1.3482600450515747,-1.61399245262146,-1.6249477863311768,0.9491984844207764,-3.7884221004702567e-06,-5.5900270249154005e-05,0.00013343358181572285,-0.00031798168253516224,2.028425193145722e-05,0.0005697987452428777,0.00011156337399409528,7.873750452770775e-05,-0.00017729350074254836,0.0003478841688849975,-0.0006290625791909267,-0.003741910180904827,0.008084778377499144,0.009182768847506913,-0.01899844113252694,0.03972493238604969,-0.0497021236650601,-0.31356656555575063
598,37.14050221443176,1782105398.941798,-1.0972058773040771,-1.2138136625289917,1.3483481407165527,-1.614176630973816,-1.6247265338897705,0.9506050944328308,3.27338910253161e-05,-1.8115567778309583e-05,5.4293944275585204e-05,-0.0001555420538288388,-0.00020280109715642425,-0.0008144018874762793,0.0009358155539995098,0.0010497441230586844,-0.002160312292953488,0.004491218971668619,-0.005833373342503305,-0.036551661601370154,0.003919322195438368,0.005308746429830664,-0.010533868596324263,0.0221312704676506,-0.02550526831521624,-0.1634668616044752
599,37.18971133232117,1782105398.991007,-1.0971696376800537,-1.2137751579284668,1.348270297050476,-1.6140179634094238,-1.6249549388885498,0.9491990804672241,8.905769074729619e-05,4.8068991786109905e-05,-8.060725057568163e-05,0.00012688402552107902,-0.0005582098241223576,-0.0030542477726136497,0.0005384026961715317,0.0006486633803513436,-0.001311353661022543,0.002729206147652631,-0.00339772013477001,-0.021455763098252867,-0.014532965592807593,-0.016251824131682822,0.03345702422491328,-0.06987831971774476,0.09026737473206237,0.5661675527523855
600,37.244821310043335,1782105399.046117,-1.0972046852111816,-1.213817834854126,1.3483585119247437,-1.6142021417617798,-1.6247336864471436,0.9506056904792786,8.13167034614537e-05,4.0842148399278244e-05,-6.46165565161283e-05,9.151200271872995e-05,-0.0005094038613755458,-0.002751659502372661,-0.0006610224848059694,-0.0007469730240979523,0.0015326072252956008,-0.003224637609143612,0.004093259854302287,0.02575530676259709,-0.012106110582541105,-0.014082659410003487,0.028679202259412014,-0.05935678665483879,0.07573148309946459,0.47606712482058394
601,37.294557094573975,1782105399.0958529,-1.0971684455871582,-1.2137792110443115,1.3482805490493774,-1.6140434741973877,-1.6249620914459229,0.9491996765136719,2.5074631105681533e-05,-2.395144606381905e-05,6.737695602154758e-05,-0.00018479828809248033,-0.0001618448715543508,-0.0005611053402070354,-0.0008296190879155526,-0.0009427845199130965,0.0019299415214786809,-0.003991809358877779,0.005157870980421171,0.03234925945107857,0.0031273709854048076,0.003572460419025617,-0.0072788337869915815,0.015925707167482282,-0.019011391940910415,-0.12101106215656218
602,37.3453106880188,1782105399.1466064,-1.0972036123275757,-1.2138218879699707,1.3483686447143555,-1.6142276525497437,-1.6247408390045166,0.9506062865257263,-1.4318051491102324e-06,-5.31574193338713e-05,0.00012783329638565988,-0.0003064066606341953,5.143602257007274e-06,0.0004750482095001729,-0.00033335261306297655,-0.0003725358236570124,0.0007697644629105899,-0.0015598022598384766,0.0020997020633995583,0.013073484651094348,0.00541616269146753,0.005976528706847797,-0.012379718817893789,0.025889389056223948,-0.03278148070359388,-0.20635949493486477
603,37.39693856239319,1782105399.1982343,-1.0971673727035522,-1.2137832641601562,1.3482908010482788,-1.6140689849853516,-1.624969244003296,0.9492002725601196,-8.72134216400866e-06,-6.173435288303608e-05,0.00014544336510269318,-0.0003430183000538989,5.1026153798261475e-05,0.0007644288902035612,-0.0002827969596664249,-0.00034017380975522504,0.0006809692539394073,-0.0013800657291644547,0.001850108164876181,0.011527739699709034,-0.00031253424915528207,-0.0005121630666151673,0.0009595449047542981,-0.00228118470584672,0.0026265075356519847,0.01683677309893933
604,37.44716763496399,1782105399.2484634,-1.0972025394439697,-1.2138259410858154,1.3483788967132568,-1.6142531633377075,-1.6247479915618896,0.9506068825721741,-2.9845857245192065e-05,-8.732617524920272e-05,0.00019625679617085723,-0.0004451243988743414,0.0001909368148869106,0.0016328839131478645,-0.0003616215049804728,-0.0004215598995219185,0.0008601062781348917,-0.0017762537781720752,0.0023466399821497736,0.014659336538939175,0.005436903425535856,0.006370128631566041,-0.012695280018651396,0.02560195400286879,-0.03553937078302348,-0.22011063079743437
605,37.50049591064453,1782105399.3017917,-1.0971661806106567,-1.2137874364852905,1.3483011722564697,-1.6140944957733154,-1.624976396560669,0.9492008686065674,-4.5793288606432725e-05,-0.00010482805940625894,0.0002335454850328489,-0.0005253231393815838,0.0002912341218497261,0.002265702657325619,0.00032500140654004626,0.0003705557027339618,-0.0007376264278181315,0.0014851907955968826,-0.0021205020324931855,-0.013071129203315882,0.00984866839358043,0.011056686210389074,-0.022836700939218572,0.04721296816298371,-0.06249000756861421,-0.39024309181270916
606,37.549614906311035,1782105399.3509107,-1.0972013473510742,-1.2138299942016602,1.3483891487121582,-1.6142786741256714,-1.6247551441192627,0.9506074786186218,-1.5965673423323778e-06,-5.501404442220803e-05,0.00013230784922058092,-0.0003171411343885211,6.052576438264623e-06,0.0004954357376156793,0.0006718228091277794,0.0007418702818699417,-0.0015370553255341854,0.0031733489801575128,-0.004227342088591739,-0.026369222622073696,-0.0008331448878080012,-0.0008978438422476294,0.0015995686574959995,-0.002833651445958785,0.006007742224589741,0.03502081008422589
607,37.59958815574646,1782105399.400884,-1.0971651077270508,-1.2137914896011353,1.348311424255371,-1.6141200065612793,-1.624983549118042,0.9492014646530151,2.0386273440919922e-05,-3.178370424095078e-05,8.213828832026593e-05,-0.00021270419690111453,-0.00012494221113357185,-0.0003306158987275154,0.00022883899616313075,0.00026701127259964543,-0.0005483165797655263,0.001140284631699861,-0.0014409083114805183,-0.009073914694854326,-0.003709886674081163,-0.003633018655041014,0.0078543039315499,-0.016100128702679725,0.022541935401100433,0.13940884811517323
608,37.650166273117065,1782105399.451462,-1.0972001552581787,-1.2138341665267944,1.3483994007110596,-1.6143041849136353,-1.6247622966766357,0.9506080746650696,2.115664274704443e-05,-2.8406483737697386e-05,7.772837319564019e-05,-0.00020363963972158672,-0.00013739612186824957,-0.00040788445616790625,0.0003050619932601176,0.00038370849714843865,-0.0007618151066792571,0.0015843778555321053,-0.002001146137550711,-0.012603016768964973,-0.0005093839818099573,-0.0006110683568645863,0.0011075171592780679,-0.0024476171602782065,0.003903902455410793,0.023644602651489155
609,37.700002670288086,1782105399.5012984,-1.0971640348434448,-1.21379554271698,1.3483216762542725,-1.6141455173492432,-1.624990701675415,0.9492020606994629,5.059213135538698e-05,6.279489744187572e-06,6.634422046403188e-06,-5.567884896251485e-05,-0.0003233021059330099,-0.0015798326162723697,0.0001806587553949826,0.00020994857351009947,-0.0004449526015483641,0.0009110422237233432,-0.0010709597018309553,-0.00683722007169377,-0.006732926590930251,-0.008213956053909791,0.016540396039366294,-0.03433939753323386,0.0440071189064844,0.27641655124109177
610,37.752806186676025,1782105399.554102,-1.0971990823745728,-1.2138382196426392,1.348409652709961,-1.6143296957015991,-1.6247694492340088,0.9506086707115173,3.7194075929392056e-05,-9.827568771214601e-06,3.8056892931237485e-05,-0.00012270587734519722,-0.0002310682347790305,-0.0010077344626875373,-0.0004118949912505354,-0.00048825956446544205,0.000998112909364857,-0.0020674955167512745,0.0026706049204944355,0.016750509359196298,-0.002996019317796852,-0.0037103877620056286,0.007646343574601295,-0.01561392864143968,0.01821873220239717,0.11648133795769108
611,37.80367398262024,1782105399.6049697,-1.0971628427505493,-1.2137995958328247,1.3483318090438843,-1.614171028137207,-1.624997854232788,0.9492026567459106,8.491524090104008e-06,-4.364268879619715e-05,0.00010857839003719505,-0.00026698555048021433,-4.9948129042576284e-05,0.00013423088807584804,-0.00016120464312302784,-0.00021086376399445525,0.0004225572738385364,-0.0008627110621313653,0.001017855569781334,0.006493571027541645,0.00660280994043097,0.00773586074575368,-0.01604810704718628,0.033216533434430234,-0.04307164809905006,-0.26996543516138816
612,37.85430669784546,1782105399.6556025,-1.0971978902816772,-1.2138422727584839,1.3484199047088623,-1.614355206489563,-1.6247766017913818,0.9506092667579651,2.064266006485127e-05,-3.144326224635563e-05,8.139877188995115e-05,-0.00021119728327434473,-0.0001265626340831716,-0.00034114907530913285,0.0002575081090415252,0.00029586354899938436,-0.0006285578526098204,0.0012995284238409342,-0.001696226295569772,-0.010619070145762658,-0.001625777571897695,-0.0011105380913721107,0.002499972216760714,-0.005084368116818791,0.00949256339813018,0.05622359245979924
613,37.90431451797485,1782105399.7056103,-1.0971616506576538,-1.213803768157959,1.3483420610427856,-1.614196538925171,-1.6250050067901611,0.9492032527923584,3.438551405032797e-05,-1.3935042646906481e-05,4.54339622244504e-05,-0.00013644588029926297,-0.0002204298469710153,-0.0009329499133823305,-0.0003125329274093697,-0.0003088189417400537,0.0006452656101264201,-0.0013150472240780753,0.0018948222236164556,0.011662316901307083,-0.009096423356109693,-0.010273834885108886,0.02142866298587908,-0.044198456389502906,0.058673000743119305,0.3662150169842894
614,37.95604944229126,1782105399.7573452,-1.0971968173980713,-1.2138464450836182,1.3484301567077637,-1.6143807172775269,-1.6247837543487549,0.9506098628044128,-1.321915105201299e-05,-6.517872958688997e-05,0.00015184434551684944,-0.0003548671776307799,7.947560052734559e-05,0.0009279703291031893,-0.0006598959100609283,-0.0007430366844325848,0.0015374437167787335,-0.0031689347211394762,0.004227165207015344,0.02636185066577703,0.0058760292386911975,0.0058735450974548,-0.01202815423535765,0.024473777078870555,-0.03563960403765365,-0.21897391085674273
615,38.009601354599,1782105399.810897,-1.0971605777740479,-1.2138078212738037,1.348352313041687,-1.6142220497131348,-1.6250121593475342,0.9492038488388062,-3.4130418331557166e-05,-9.12519396507605e-05,0.00020538593455476928,-0.00046619923161017596,0.00021883022162327848,0.0018070759531099156,0.0003526919457997613,0.00036234320419079535,-0.0007293873622058001,0.0014847261793356622,-0.002156052615930865,-0.013253132810457355,0.013011981016609917,0.014826070941724086,-0.030420940156220527,0.06272239403051008,-0.08348327468240302,-0.5208289336606475
616,38.05971574783325,1782105399.8610115,-1.0971956253051758,-1.213850498199463,1.348440408706665,-1.6144062280654907,-1.624790906906128,0.9506104588508606,1.8397730313424177e-05,-3.3266986193325465e-05,8.773817441465326e-05,-0.00022466520192310213,-0.00011237094826910266,-0.00024850355026551085,0.0007282459709624121,0.0008326239247033977,-0.001695427543197318,0.003494151143637013,-0.004664889062389028,-0.029087339771955423,-0.0003831084041155631,0.00013073403498039442,-0.0005030942990097535,0.0010449215586627973,0.0010106774065424783,0.0036636774670192607
617,38.10937976837158,1782105399.9106755,-1.0971593856811523,-1.2138118743896484,1.3483625650405884,-1.6142475605010986,-1.6250193119049072,0.9492044448852539,3.8819680144186464e-05,-7.883131285524314e-06,3.5634076054336106e-05,-0.00011636979744444886,-0.00024836820285045746,-0.0011059106418027653,0.0003215293258848572,0.0003836851531647143,-0.0007964195679267217,0.0016240045010558841,-0.0021010057655453974,-0.013174183909747922,-0.0024441584634359243,-0.002838585931619891,0.005698720279291681,-0.011658136791397485,0.01679619584009162,0.10337958484276147
618,38.161073446273804,1782105399.9623692,-1.0971945524215698,-1.2138545513153076,1.3484506607055664,-1.6144317388534546,-1.624798059463501,0.9506110548973083,5.0615754592087114e-05,5.094624267343306e-06,8.061719954710611e-06,-6.236524461300519e-05,-0.0003226840281129739,-0.0015668667986421525,0.0005043098346036547,0.0005705972718576589,-0.001169195164944474,0.0024201990555012738,-0.0031067335360687627,-0.019508045498224644,-0.000316683137632457,-0.0005908684039989073,0.0011511868275506333,-0.0017929533533351145,0.003390041045059647,0.020045514119139962
619,38.20994186401367,1782105400.0112376,-1.0971583127975464,-1.2138159275054932,1.3483726978302002,-1.6142730712890625,-1.6250264644622803,0.9492050409317017,8.801655929069341e-05,4.774106567495551e-05,-7.844812867219275e-05,0.0001194506166726228,-0.0005516142038466398,-0.003009471425720278,0.0003108568856260034,0.00034738629573984964,-0.000726614624917841,0.0015382075970782534,-0.0018856578659552613,-0.011941958034389353,-0.00936080840812378,-0.01083474107601522,0.021991357170872028,-0.04545504114170693,0.0584108404135346,0.3667076466470481
620,38.26452994346619,1782105400.0658257,-1.0971933603286743,-1.2138586044311523,1.3484609127044678,-1.6144572496414185,-1.624805212020874,0.9506116509437561,7.727272726931744e-05,3.467334803275435e-05,-5.447401703051469e-05,7.034723413212873e-05,-0.00048387556057960524,-0.002589489360481423,-0.0005295400817879148,-0.0006262145250276102,0.0012625778363909216,-0.0026142821576740486,0.0033409686983109205,0.02099587160992535,-0.006569404355517465,-0.007271068958355416,0.015354152595876677,-0.032122285679099215,0.04001502197041054,0.25265623133588583
621,38.31412220001221,1782105400.115418,-1.0971571207046509,-1.2138200998306274,1.3483829498291016,-1.6142985820770264,-1.6250336170196533,0.9492056369781494,3.6021227566962466e-05,-1.3809999131808581e-05,4.5237041959467206e-05,-0.00013655694286995868,-0.0002235738797136122,-0.000948943552250725,-0.0004576952928390998,-0.0005108411444795713,0.0010740282953662897,-0.0022273151096149435,0.002814490311164602,0.01772388893713843,0.00442172267531709,0.005513326387721304,-0.010839143876705567,0.022447345904899132,-0.02865066444685476,-0.18009288874088714
622,38.365442514419556,1782105400.1667383,-1.0971921682357788,-1.2138627767562866,1.3484711647033691,-1.6144827604293823,-1.624812364578247,0.9506122469902039,3.240104117452347e-05,-1.5235528058710202e-05,5.061558238850239e-05,-0.00014757833064749093,-0.00020841807542737456,-0.0008549257294419021,-7.287858295403294e-05,-5.864443706682108e-05,0.00014402702211461908,-0.00029756831768744016,0.00038634114553368374,0.0024209684592716527,-0.0008400040122584773,-0.0010447594893327914,0.001771586247005217,-0.0034062717051640407,0.006784536245671043,0.039850909235176535
623,38.415199756622314,1782105400.2164955,-1.097156047821045,-1.2138241529464722,1.348393201828003,-1.6143240928649902,-1.6250407695770264,0.9492062330245972,2.8662034804227687e-05,-1.9642609245806852e-05,5.967418986330131e-05,-0.0001663794830495391,-0.00018480367938344955,-0.0007060511969019245,-0.0005169309674823007,-0.0005861007495638678,0.0011918542781473689,-0.0024453672032401083,0.00333371148902857,0.020711266851461033,-0.004971440598908708,-0.005767963378483299,0.011482010097899318,-0.023547663793982293,0.03219901366671859,0.1999377985246669
624,38.46624279022217,1782105400.2675385,-1.0971910953521729,-1.2138668298721313,1.3484814167022705,-1.6145082712173462,-1.6248195171356201,0.9506128430366516,-2.085651120076193e-05,-7.561061368299704e-05,0.0001733851541363407,-0.0003994574874095491,0.00013506842279653597,0.0012789309473451027,-0.0005637045211194042,-0.0006274686557873217,0.0012764711244181203,-0.002620078461761669,0.0035615870096364797,0.0221380499137932,0.0069815146340477035,0.007926550804058286,-0.016099776648364643,0.03298987939747964,-0.04537307761205332,-0.2814599469274379
625,38.51975893974304,1782105400.3210547,-1.0971548557281494,-1.213828206062317,1.3484034538269043,-1.614349603652954,-1.6250479221343994,0.9492068290710449,-2.821945764708289e-05,-8.287414690677508e-05,0.00018832174900040854,-0.00043047305522847523,0.00017388861721912008,0.0015238269455934983,0.00025306156850737806,0.0002869550902089656,-0.0005814859061966488,0.0011884965073983502,-0.0016629399062805532,-0.010285457018335473,0.007466187968266097,0.008098295403071288,-0.016570410893476325,0.033717569405850925,-0.046310873457576125,-0.28734442755877726
626,38.57035231590271,1782105400.371648,-1.097190022468567,-1.213870882987976,1.3484916687011719,-1.61453378200531,-1.6248266696929932,0.9506134390830994,3.268431257197335e-06,-4.8139186274553936e-05,0.00011774018016019738,-0.0002857766809682971,-2.447959695928148e-05,0.0002926186002962794,0.00025792340884799996,0.0002667493813183569,-0.0005518504662019902,0.0011031752253568864,-0.0015515854435274152,-0.009588318816635744,-0.0010639573221086027,-0.001414836140573866,0.0026423867575319196,-0.005415558311100896,0.007353636466885312,0.045717186769302844
627,38.62147307395935,1782105400.4227688,-1.0971537828445435,-1.2138322591781616,1.3484137058258057,-1.614375114440918,-1.6250550746917725,0.9492074251174927,-2.3714118704276643e-06,-5.618706447485522e-05,0.00013308479516460636,-0.00032012722112995107,1.8582469134997837e-05,0.000564195120722033,0.00014361211073020289,0.0001419696026444082,-0.0003105372605122753,0.0006337038135056186,-0.00090950796660033,-0.005601510380460536,0.0036430518329820367,0.004633762722478875,-0.009319691244445368,0.0199173117948772,-0.024497387121306523,-0.15504615441342187
628,38.67157697677612,1782105400.4728727,-1.0971888303756714,-1.2138749361038208,1.3485018014907837,-1.614559292793274,-1.6248338222503662,0.9506140351295471,1.7294222308450458e-05,-3.437119522153864e-05,8.753578862297218e-05,-0.00022425913827817112,-0.00011301687499098989,-0.00025241730214276004,0.0006148525104845977,0.000721555756140991,-0.0014669634437565046,0.0030607041844796907,-0.003956710662511027,-0.024813602574214864,0.0014307246084097477,0.002055381927225815,-0.003835771357355603,0.008174889731477899,-0.008294374008968021,-0.05459135503095945
629,38.72122383117676,1782105400.5225196,-1.0971527099609375,-1.213836431503296,1.348423957824707,-1.6144006252288818,-1.6250622272491455,0.9492080211639404,5.8758264252389836e-05,1.5528298986211553e-05,-1.2738295598779814e-05,-1.5863638051172302e-05,-0.00037489204631668827,-0.0019032322885941255,0.00029358422691425925,0.0003556510134467675,-0.0007106697237329378,0.0014857929972665182,-0.001784670454181008,-0.01134627242183756,-0.013267871448032953,-0.015698060162440786,0.031880872636931054,-0.0662956682177446,0.08526155769343072,0.5351987103034692
630,38.77445840835571,1782105400.5757542,-1.0971877574920654,-1.2138789892196655,1.348512053489685,-1.6145848035812378,-1.6248409748077393,0.9506146311759949,4.347198204612823e-05,-2.609692142385711e-06,2.415368222052905e-05,-9.15598114410443e-05,-0.00027067852673567927,-0.0012568816020461782,-0.0008006973561925218,-0.0009553987617501014,0.001936755036423202,-0.0040169322818640425,0.005123748368956121,0.03221069653895091,-0.00851833767957344,-0.009948278267218226,0.020308758346046347,-0.0422985930417323,0.0522979874699977,0.3306740901517752
631,38.82526469230652,1782105400.6265604,-1.097151517868042,-1.2138404846191406,1.3484342098236084,-1.6144261360168457,-1.6250693798065186,0.9492086172103882,-2.2109772526590632e-05,-8.095504779603857e-05,0.00018286076579165922,-0.0004214733476644028,0.00014316131083091932,0.001352751797030649,-0.0006497987911326481,-0.0007490427249788456,0.0015419050711582784,-0.003204811095413358,0.0040241403744873646,0.02537109390070225,0.01476449982902113,0.017790219493163777,-0.036140177725898795,0.0748130698616455,-0.09462017361721445,-0.5957603668984748
632,38.87371373176575,1782105400.6750095,-1.09718656539917,-1.2138831615447998,1.3485223054885864,-1.6146103143692017,-1.6248481273651123,0.9506152272224426,-2.3975985920188236e-05,-8.060802117881849e-05,0.00018448064185783153,-0.0004247994478792094,0.00014771793654233534,0.0013810367565998405,0.000610443108958034,0.0007471533911065505,-0.0015197096193058626,0.0031377512420228794,-0.00393173956769209,-0.024798089854788354,0.012204429066840963,0.014248044564522166,-0.029434074721339597,0.06103997378889976,-0.07566188071034192,-0.47817385038190385
633,38.9245719909668,1782105400.7258677,-1.097150444984436,-1.2138445377349854,1.3484444618225098,-1.6144516468048096,-1.6250765323638916,0.9492092132568359,4.171641635331014e-05,-3.103009449390015e-06,2.427270581506491e-05,-9.403775364447142e-05,-0.0002671694490459231,-0.001235221486735938,0.0004940064373481622,0.0005837503124549958,-0.0012144062143827784,0.0025118586327193032,-0.0030523580878602666,-0.01936282707589245,-0.008702793986234577,-0.010629330832024848,0.021507465307217907,-0.04420535930680002,0.056412835491117155,0.3546108074937723
634,38.97781991958618,1782105400.7791157,-1.097185492515564,-1.2138872146606445,1.3485324382781982,-1.6146358251571655,-1.6248552799224854,0.9506158232688904,2.35512422381845e-05,-2.4435061282801485e-05,6.752205839788417e-05,-0.00018282550295545263,-0.00014507793289730841,-0.0004778334336013046,-0.0003269433241300292,-0.000395704040638494,0.0007951924625590879,-0.001620336831189583,0.0021325557406117733,0.013330939920174888,-0.0017767974718989978,-0.002530254080891099,0.005355531610495233,-0.011063826396840722,0.010605670797347058,0.07069817705215754
635,39.030110597610474,1782105400.8314064,-1.0971492528915405,-1.21384859085083,1.3484545946121216,-1.6144771575927734,-1.6250836849212646,0.9492098093032837,7.184331964893431e-06,-4.487438480360595e-05,0.00010822852794767357,-0.00026513521441628995,-4.1798291130490384e-05,0.00017340136031229747,0.00028060531202604624,0.0002866122306853776,-0.000587747283779332,0.0012179536637702579,-0.0017684272523517553,-0.010870653952225341,0.0036172903502584234,0.004317171330842215,-0.008473018314767256,0.01681221136198432,-0.02423281033543414,-0.14914032687096107
636,39.08207726478577,1782105400.883373,-1.0971843004226685,-1.2138913869857788,1.3485426902770996,-1.6146613359451294,-1.6248624324798584,0.9506164193153381,5.242293065599313e-05,5.008700213693373e-06,7.12767931254632e-06,-5.764858028811659e-05,-0.0003270310883323191,-0.0015961108192144025,5.535477423651756e-05,6.0033358580243595e-05,-9.979347798104953e-05,0.00015666382204022802,-0.0004264318579917071,-0.0024206813039360977,-0.007471397967530945,-0.008033650723752402,0.01667261749478584,-0.034508109908972795,0.04639057306982236,0.2889114279701977
637,39.131139516830444,1782105400.9324353,-1.097148060798645,-1.2138527631759644,1.348464846611023,-1.6145026683807373,-1.6250908374786377,0.9492104053497314,1.7379660091521032e-05,-3.372814957991466e-05,8.772474688889531e-05,-0.00022764752317883108,-0.00011346471523410173,-0.00024975761050072265,-0.000456509557860394,-0.0005042759976483203,0.0010555464894753267,-0.002188829014770556,0.002802233887400622,0.017604558482197566,0.006916309539788279,0.008025217760286934,-0.01668837438225855,0.03577517867955901,-0.04210939177553894,-0.26876685554681606
638,39.1806435585022,1782105400.9819393,-1.0971832275390625,-1.2138954401016235,1.3485528230667114,-1.6146868467330933,-1.6248695850372314,0.9506170153617859,7.655245012117007e-06,-4.4442723371673765e-05,0.00011064780682978892,-0.0002722607006653277,-5.2201644777483125e-05,0.00013037420581696324,0.0007524682415121115,0.0008683807721888617,-0.0017804171808827756,0.003757074100089623,-0.004672781003491595,-0.029512845423602066,0.014635079999390076,0.016667203805547717,-0.03435378951313697,0.07135621904827089,-0.09073003505733643,-0.5707088514933418
639,39.23036527633667,1782105401.031661,-1.097146987915039,-1.213856816291809,1.3484750986099243,-1.6145281791687012,-1.6250979900360107,0.9492110013961792,9.245790911904805e-05,5.291090895198636e-05,-8.991734799757012e-05,0.00014718345825492918,-0.0005797036869612526,-0.0031944191818382706,0.0009913973318690357,0.0011447139518909622,-0.002343228163852282,0.0048702745199564424,-0.006174227235089405,-0.03885819186956081,-0.008163325977630455,-0.009328125325012544,0.019234296717316822,-0.040801440718168845,0.050279599984043334,0.3181101840596492
640,39.28643035888672,1782105401.087726,-1.097182035446167,-1.2138996124267578,1.3485631942749023,-1.6147123575210571,-1.6248767375946045,0.9506176114082336,0.00010289385039996546,6.567719997363497e-05,-0.00011441947445156586,0.00019482927012859363,-0.0006455005223990895,-0.00360228881342195,-0.00028612881629540017,-0.00031930942949434405,0.0006666677375402373,-0.0014119927028622046,0.001732248990021292,0.010968841484224265,-0.014821473737473001,-0.01703082692948983,0.03449325326013025,-0.07141619197916727,0.09221743277194949,0.5784399531310032
641,39.335445165634155,1782105401.136741,-1.0971457958221436,-1.2138608694076538,1.3484853506088257,-1.614553689956665,-1.6251051425933838,0.949211597442627,6.863206664675658e-05,2.6586138531570214e-05,-3.444820321618636e-05,2.8699079296146124e-05,-0.0004360766801472238,-0.002282887162627034,-0.0006712908874071115,-0.0007648940290125646,0.0015349280814409966,-0.0031711060423558605,0.0041608879681344375,0.026024450750471113,-0.002658753805911161,-0.003181527358647249,0.006257476443728371,-0.012526569935584276,0.018022803902573985,0.11095425060044553
642,39.38870882987976,1782105401.1900046,-1.097180962562561,-1.2139036655426025,1.3485734462738037,-1.614737868309021,-1.6248838901519775,0.9506182074546814,3.448099308656083e-05,-1.2265589232285379e-05,4.171375974770797e-05,-0.00012757131455742865,-0.0002209222800679811,-0.0009484738284335492,-0.0005119647552099386,-0.0005923192628570022,0.0012050968210421983,-0.0024860553761255734,0.0032960808981077148,0.020577466904168142,0.000488555953858166,0.0006167587855100331,-0.0008250473179980677,0.001760333201427454,-0.001786159283627027,-0.011755883458052369
643,39.44011473655701,1782105401.2414105,-1.0971447229385376,-1.213865041732788,1.348495602607727,-1.614579200744629,-1.6251122951507568,0.9492121934890747,1.4573242626880756e-05,-3.591219086196418e-05,9.250947436711954e-05,-0.0002331502340933156,-8.836357827135544e-05,-0.00011271370140697456,-0.0006110172298545492,-0.000690761400355979,0.0014289759423473827,-0.0029463254741644643,0.003921177881168494,0.024463545791929203,-0.0011501066628452038,-0.0011560700204442716,0.0023722099581721945,-0.004879355878470035,0.006604438823882015,0.041082217335022875
644,39.49174427986145,1782105401.29304,-1.0971797704696655,-1.2139077186584473,1.348583698272705,-1.6147633790969849,-1.6248910427093506,0.9506188035011292,-2.85757378506446e-05,-8.354193986725988e-05,0.00018914654651780438,-0.0004315473438971651,0.0001836998228466058,0.0015758166995620826,-0.0006301183317721573,-0.0007110952716865241,0.0014486297077151726,-0.0029869757214432448,0.003974081955116197,0.024794921000546623,0.008411006211717868,0.00931020310562658,-0.01932703301913972,0.03968150307675937,-0.054388495093935924,-0.3375848470231913
645,39.54653215408325,1782105401.347828,-1.097143530845642,-1.2138690948486328,1.3485058546066284,-1.6146047115325928,-1.6251194477081299,0.9492127895355225,-5.114374006431888e-05,-0.00011020870825007023,0.00024391451657912455,-0.0005454457927527301,0.00032611477026733837,0.0024744059447900923,0.0003412232750819188,0.0003631784048012105,-0.0007560515034869041,0.0015399243919330366,-0.002227437706091862,-0.013700776455977136,0.014411295600332528,0.016503484874106474,-0.03364730306557152,0.06947079162844574,-0.09156079433946515,-0.5722173800764866
646,39.59651303291321,1782105401.3978088,-1.09717857837677,-1.213911771774292,1.3485939502716064,-1.6147888898849487,-1.6248981952667236,0.9506193995475769,2.5076735177265164e-07,-5.33047250446117e-05,0.0001260746685893821,-0.00030347645251893596,-5.296740125615429e-06,0.0004171082163910711,0.0009102334894759568,0.0010464905184587663,-0.002137160763091823,0.004412317766580555,-0.005817462449497569,-0.03635437926062432,0.0010103261063403608,0.0015457123547544505,-0.002954200250355049,0.006216677798677919,-0.004985198750869644,-0.03471942737825459
647,39.64723515510559,1782105401.448531,-1.0971424579620361,-1.213873267173767,1.3485161066055298,-1.6146302223205566,-1.625126600265503,0.9492133855819702,4.034319882251225e-05,-4.96140928873956e-06,2.9025382863423488e-05,-0.00010175273619239533,-0.00025850650438563605,-0.0011794095171460128,0.00042747244059484466,0.000500726703143035,-0.0010166914157920138,0.002089416934170914,-0.0026296338644287813,-0.016572066934537086,-0.006457345282603935,-0.007490129965808842,0.015255567145314997,-0.031453423401324065,0.04219241198931698,0.262865894211162
648,39.70022225379944,1782105401.501518,-1.097177505493164,-1.2139158248901367,1.3486042022705078,-1.6148144006729126,-1.6249053478240967,0.9506199955940247,4.290269712114991e-05,-3.4697379138748374e-06,2.4786915078678362e-05,-9.552639365750792e-05,-0.00026707322811958534,-0.0012325474852783458,0.00025472031718935974,0.00028483748510376675,-0.0005866702987971394,0.0012167323480413881,-0.0015373823343752249,-0.009681594763191024,-0.001924875378014473,-0.002110587219129523,0.0043219618357605806,-0.008542542221056812,0.010777188045852641,0.06788808519001822
649,39.75084733963013,1782105401.552143,-1.0971412658691406,-1.2138773202896118,1.3485262393951416,-1.6146557331085205,-1.625133752822876,0.949213981628418,6.578194610007415e-05,2.3365660940299904e-05,-2.9420589477524572e-05,1.9238529828768947e-05,-0.00041144402331561025,-0.0021424558744662647,0.00022186407612250901,0.00027297394544606175,-0.00055136178862934,0.0011676917817422638,-0.0014675543880017764,-0.009250968362107675,-0.008166813283517892,-0.00931787873503976,0.01921904223543418,-0.039842263109054435,0.05015301906650084,0.31605536926413963
650,39.80571532249451,1782105401.607011,-1.0971763134002686,-1.2139198780059814,1.3486144542694092,-1.6148399114608765,-1.6249125003814697,0.9506205916404724,6.427367197936462e-05,2.3053936535788466e-05,-2.8785696008171158e-05,1.793795561866318e-05,-0.000409651704575964,-0.002131341482719762,-0.0006732897138144327,-0.0007784452530138193,0.0016045620934952098,-0.003330046652522389,0.0041846409865501895,0.02637921890195072,-0.007585696009404791,-0.009159193759982975,0.01877282534466417,-0.03914832170953932,0.04935351649593019,0.31093094867725846
651,39.85636067390442,1782105401.6576564,-1.0971401929855347,-1.2138813734054565,1.348536491394043,-1.6146812438964844,-1.625140905380249,0.9492145776748657,-1.5008762233037487e-08,-5.249562640763372e-05,0.0001269465600284292,-0.000305277332660836,-3.623840232336306e-06,0.00042834145922654443,-0.0006494099133670865,-0.0007746745720637111,0.0015960508154091238,-0.0033107336739387704,0.00417564207313228,0.02630469960662394,0.010394369754491607,0.011976392591680044,-0.024695713310065488,0.051273734774023964,-0.06423587859886014,-0.40516006136786753
652,39.90624713897705,1782105401.707543,-1.0971752405166626,-1.2139239311218262,1.3486247062683105,-1.6148654222488403,-1.6249196529388428,0.9506211876869202,-1.946624395898766e-06,-5.590568967939191e-05,0.0001338960171786141,-0.00031952257454825883,1.59199259179843e-05,0.0005496278275369804,0.00035672735052081587,0.0004076341516298212,-0.0008411943313085077,0.0017479306701638528,-0.002176611227591827,-0.01374414091075127,0.005729039375988346,0.007212842952125708,-0.0151810250505526,0.03176220912781468,-0.03754187597744001,-0.23942027448191433
653,39.957114696502686,1782105401.7584105,-1.0971390008926392,-1.2138854265213013,1.3485467433929443,-1.6147067546844482,-1.625148057937622,0.9492151737213135,3.671027808316296e-05,-1.0481680167373497e-05,4.025000705354387e-05,-0.00012513697959626313,-0.00022801536186634053,-0.0009884872272891698,-0.00010079772992487603,-8.062057526429681e-05,0.00013322743176626258,-0.00024855621925697026,0.0005710687149338356,0.003298468733328056,-0.011020915961924407,-0.012450135669059108,0.025340299665994784,-0.05233374162798808,0.06813992661632455,0.42677378107674
654,40.00987982749939,1782105401.8111756,-1.097174048423767,-1.213927984237671,1.348634958267212,-1.6148909330368042,-1.6249268054962158,0.9506217837333679,-1.5720166166133254e-05,-6.802451524734465e-05,0.00015533487944985325,-0.0003610153311601749,9.58481083728202e-05,0.0010211054191326951,-0.0007932340323624303,-0.0008936309284767373,0.0018087969326934716,-0.0037261414825196333,0.004939513372543209,0.030838214511997378,0.001491188853213921,0.0011341761690368624,-0.001749756946540963,0.0031780267020419307,-0.008191825666364604,-0.04674837195114854
655,40.06473517417908,1782105401.866031,-1.0971379280090332,-1.2138895988464355,1.3485569953918457,-1.614732265472412,-1.6251552104949951,0.9492157697677612,-4.780349752131485e-05,-0.0001058151702366672,0.00023332647581675303,-0.0005229733923961533,0.0002984687192828517,0.0022994387827068863,0.00012198836723634231,0.00011196356674501341,-0.00019792183977697863,0.00038798954608953084,-0.0006984177057939223,-0.004157024693777886,0.009209308033397154,0.010225882721992926,-0.02051761521400907,0.04215170152187524,-0.05694899464584749,-0.3543591639484057
656,40.11508560180664,1782105401.9163814,-1.0971729755401611,-1.2139321565628052,1.3486452102661133,-1.614916443824768,-1.6249339580535889,0.9506223797798157,-8.993468862072973e-06,-6.316479199064418e-05,0.00014850628460649773,-0.00034905764221448976,6.031811667561726e-05,0.0008210198549409853,0.00024022126385403998,0.00025222468377337365,-0.000488569061443996,0.00099226305658252,-0.0014478080159407972,-0.008892648559468428,-0.00511281964860716,-0.005521878118042054,0.01100546272522497,-0.022481858669352633,0.03157086008276257,0.19514943544805513
657,40.16694974899292,1782105401.9682455,-1.0971367359161377,-1.2138936519622803,1.348567247390747,-1.614757776260376,-1.6251623630523682,0.949216365814209,-2.487981862842048e-05,-8.186206215654579e-05,0.00018706292825676485,-0.0004291147613209034,0.00016056721855406408,0.0014533835364947123,-0.00042354363938605606,-0.0004779816012119207,0.000978554607435036,-0.002015949180029973,0.002671336108596054,0.016678796585343526,-0.0001584527230531177,0.0003173924165362236,-0.0012357645482672088,0.0029281552206024304,-0.00031348625949446235,-0.00589808936137641
658,40.216185569763184,1782105402.0174813,-1.0971717834472656,-1.21393620967865,1.3486554622650146,-1.614941954612732,-1.624941110610962,0.9506229758262634,-5.121306022282113e-05,-0.00011088682886395418,0.0002462334022421686,-0.0005504499417199327,0.0003266068542657763,0.0024842613031026417,0.0001594427788703527,0.00021055267023453305,-0.00046224200743865307,0.0009761276270527442,-0.0010709811541842432,-0.006932623287570743,0.010955841410531946,0.012666981806473052,-0.0260236471819318,0.0537677209494648,-0.06979572456041085,-0.43738195449558814
659,40.27009963989258,1782105402.0713954,-1.0971355438232422,-1.213897705078125,1.3485774993896484,-1.6147832870483398,-1.6251695156097412,0.9492169618606567,-1.628647876117384e-06,-5.230220087071302e-05,0.00012307364457697645,-0.0002947069614602782,6.546639857774039e-06,0.0004651282136070023,0.000697877729230596,0.0008157039864506163,-0.0016740310715724015,0.0034615527622299724,-0.004467198475195095,-0.028023738700993114,-0.0028741410417658466,-0.003660611589393393,0.008055808528018073,-0.017004474148358317,0.0187221226874098,0.12110404019742105
660,40.32308030128479,1782105402.124376,-1.0971707105636597,-1.2139403820037842,1.348665714263916,-1.6149674654006958,-1.624948263168335,0.9506235718727112,2.3796897032468678e-05,-2.3190979600684614e-05,6.615876947790866e-05,-0.00017805568879758482,-0.00015363227847409178,-0.0005287752586422556,-0.00012398635656527568,-0.00015320042584640223,0.00034237699920877597,-0.0007247767688615485,0.0007790881372320872,0.005064663641461911,-0.008613149524115807,-0.010299201667873202,0.021166720419881834,-0.04387612090142236,0.055622086474866037,0.35006533853294786
661,40.37501525878906,1782105402.176311,-1.0971344709396362,-1.2139017581939697,1.3485877513885498,-1.6148087978363037,-1.6251766681671143,0.9492175579071045,-1.338623962077179e-05,-6.692025321974882e-05,0.0001560608175381617,-0.00036468716301030213,8.041119226831484e-05,0.0009471557142735065,-0.00022006320113178202,-0.0002813858489696057,0.0005816691647626212,-0.0012145045371251273,0.001458299703758571,0.00927195088622847,0.0021407866952632766,0.0023760360478586266,-0.005114411966000846,0.010684128828168703,-0.012778947220764551,-0.08131007383294084
662,40.42520546913147,1782105402.2265012,-1.0971696376800537,-1.213944435119629,1.3486759662628174,-1.6149929761886597,-1.624955415725708,0.9506241679191589,-3.784423938668624e-07,-5.385095902710191e-05,0.0001295052206877756,-0.000310249427673881,5.754738880980881e-06,0.0004838149388710633,8.095012128532853e-05,7.283269173489126e-05,-0.0001465783477111102,0.0002973337699647715,-0.0004372515055440205,-0.0026822382329822585,-0.0030264067204083585,-0.0028698855105342286,0.005748026423874797,-0.011597475246440416,0.01764596575117864,0.10765748346654645
663,40.476266622543335,1782105402.2775624,-1.0971332788467407,-1.2139058113098145,1.3485980033874512,-1.6148343086242676,-1.6251838207244873,0.9492181539535522,-5.503061693445943e-06,-5.9875391237085296e-05,0.00014189164875944016,-0.0003359649898406758,3.7984115120792694e-05,0.0006870828295664211,-0.0005423459220140444,-0.0005894081215220691,0.0011992575855226354,-0.0024620661260496344,0.003342338966760465,0.020780050152523384,-0.005133321019273944,-0.005463142988161846,0.010965679524342903,-0.022647118460375214,0.03158884111424508,0.19548379513048852
664,40.526095390319824,1782105402.3273911,-1.0971684455871582,-1.2139484882354736,1.3486862182617188,-1.6150184869766235,-1.624962568283081,0.9506247639656067,-5.401943786331742e-05,-0.00011216836904637262,0.000248168688822048,-0.0005538782226750527,0.0003363613368989604,0.0025394061066723594,-0.00045417447584198496,-0.0004966217079762658,0.0009972272930100386,-0.0020639773730525305,0.002853067297808981,0.017682978191063646,0.010488005963183012,0.011535295643032547,-0.023472705287135888,0.048184965243872356,-0.0654131579835609,-0.40668741377165973
665,40.580838680267334,1782105402.3821344,-1.0971322059631348,-1.2139098644256592,1.3486082553863525,-1.6148598194122314,-1.6251909732818604,0.94921875,-4.7639154532319594e-05,-0.00010610637293062553,0.00023446127577209097,-0.0005279821671848595,0.00030400177591616284,0.002335204971071647,0.000644327091866833,0.0007166283940988191,-0.0014556062083892474,0.0029913047805863193,-0.0040714334626959035,-0.025301519680357695,0.007501978325664375,0.008147363716067363,-0.016549734835739766,0.0342628160015257,-0.04795487847905687,-0.2965907874167684
666,40.631030559539795,1782105402.4323263,-1.0971672534942627,-1.2139525413513184,1.3486963510513306,-1.6150439977645874,-1.624969720840454,0.9506253600120544,8.988581928548456e-06,-4.2254911548411656e-05,0.00010593917016166188,-0.000261955484198495,-6.051148517371985e-05,7.258431511125707e-05,0.0004426642179708807,0.0004805974230109325,-0.0009859421495193213,0.0020381320394990718,-0.0028642623037178675,-0.017702665268158287,-0.008242946585314416,-0.009496115244550659,0.019073640525305247,-0.03926221651063976,0.05282191082876182,0.3289207502441413
667,40.681342124938965,1782105402.482638,-1.0971311330795288,-1.213913917541504,1.348618507385254,-1.6148853302001953,-1.6251981258392334,0.9492193460464478,-3.3141756983212645e-06,-5.7994377392844854e-05,0.00013574807602623196,-0.000323924654566099,1.71875941497035e-05,0.0005625871798358162,-0.00018513001364842162,-0.00023891270808864575,0.00046368894507663183,-0.000959541477768546,0.001244245668771046,0.007798693886005563,0.000579211071969025,0.0012546129347966208,-0.002343507070957738,0.0050252985861645345,-0.0028892971580686995,-0.022204888547349144
668,40.730671405792236,1782105402.5319672,-1.0971661806106567,-1.2139567136764526,1.348706603050232,-1.6150695085525513,-1.6249768733978271,0.9506259560585022,-9.57348822083759e-06,-6.620419328129401e-05,0.00015239208996931097,-0.0003580944798375896,6.405004243603685e-05,0.0008534281439782632,0.00047497566719047077,0.0005753461976503597,-0.0011588394375966337,0.002413170210080171,-0.002987670346796489,-0.018885924134818897,0.0076812258382912375,0.009409201452178795,-0.01899688201447937,0.03944292083926206,-0.049914867306535014,-0.3142468924328113
669,40.78151202201843,1782105402.5828078,-1.0971299409866333,-1.2139180898666382,1.3486287593841553,-1.6149108409881592,-1.6252052783966064,0.9492199420928955,4.6111193457321065e-05,1.9144807978932477e-06,1.507530846645011e-05,-7.266584158927003e-05,-0.0002941716242492731,-0.0014052687136416608,0.0005668032239134927,0.0006818242849381069,-0.0013965836495708397,0.002902671095146835,-0.0036456242564464145,-0.022983642425661227,-0.007045982467499367,-0.008555154757839212,0.017361737487468023,-0.036133925483010226,0.04492429583490247,0.28375705842846566
670,40.83508539199829,1782105402.6363811,-1.0971651077270508,-1.2139607667922974,1.3487168550491333,-1.6150950193405151,-1.6249840259552002,0.95062655210495,4.66426775478368e-05,1.2947106338145886e-06,1.3889715241077738e-05,-7.023311362175377e-05,-0.0002975200055779226,-0.001426036859026425,-0.000310405325320046,-0.00037770086455595224,0.0007776547979295379,-0.001616551892283369,0.002027820275500568,0.012787193939850646,-0.009942741943085861,-0.011679627000966118,0.02414935271557354,-0.050077054060916844,0.06396842331567759,0.40203360160533824
671,40.88588786125183,1782105402.6871836,-1.0971288681030273,-1.2139222621917725,1.3486390113830566,-1.614936351776123,-1.6252124309539795,0.9492205381393433,1.5441652568171094e-05,-3.5531804137178824e-05,9.192605211971738e-05,-0.00023242272787982188,-9.380075056419912e-05,-0.00014171886870073536,-0.0005056976848992934,-0.0005809606048160461,0.0012127492135544024,-0.0025092166287035192,0.0032575031260252624,0.020413138123011227,-0.0010074979027837722,-0.0007769217262132127,0.0015501969556698308,-0.003109445812419613,0.0049543660182837235,0.030011620063759833
672,40.936962604522705,1782105402.7382584,-1.0971639156341553,-1.213964819908142,1.3487271070480347,-1.615120530128479,-1.6249911785125732,0.9506271481513977,-4.817169816817568e-06,-5.7813346511892405e-05,0.0001372646870869687,-0.00032549200232701025,3.393444937671575e-05,0.0006509390705407014,-0.00041149757008153556,-0.0004550911242658494,0.0009317547179423944,-0.001925437293948231,0.002522046191405167,0.015779119701412065,0.002715561009635579,0.002980783389450011,-0.006531961643556418,0.013479000877088474,-0.01783432484897713,-0.11138018807782848
673,40.98926281929016,1782105402.7905586,-1.0971276760101318,-1.2139263153076172,1.348649263381958,-1.614961862564087,-1.6252195835113525,0.949221134185791,-2.713371735474368e-05,-8.262355351540407e-05,0.0001883554480937022,-0.0004317207490132091,0.00016696800321369665,0.0014900907470725144,-0.0002228157942451142,-0.00027154148013146923,0.0005349523807463331,-0.0011107430044439504,0.001405361286651048,0.00884799656911828,0.005679341814389435,0.006291048443889572,-0.013012822127967184,0.02672350394866305,-0.034360723428066654,-0.21569599909606918
674,41.03882718086243,1782105402.840123,-1.0971628427505493,-1.2139688730239868,1.348737359046936,-1.6151460409164429,-1.6249983310699463,0.9506277441978455,-2.8600626803765294e-05,-8.655465130935625e-05,0.00019411220907095128,-0.000443541756586896,0.0001831564694931842,0.0015905858533837858,0.00015598706879387534,0.00017092233020616103,-0.00036487896250155124,0.0007373473484251374,-0.0009087731753141895,-0.0057494812985105295,0.007531025740811106,0.008874358496836769,-0.01774510383449567,0.03667055600109005,-0.04801137113435731,-0.30040631173835247
675,41.09132361412048,1782105402.8926194,-1.0971264839172363,-1.2139304876327515,1.3486595153808594,-1.6149873733520508,-1.6252267360687256,0.9492217302322388,-1.0093077310813214e-05,-6.366826498549472e-05,0.0001482113698685339,-0.0003505747322876118,6.675911624043351e-05,0.0008563394388509948,0.0005451327615872425,0.0006338644380173569,-0.0012736534081148033,0.0026281631970344857,-0.003502698432603008,-0.02184727609167575,0.0014846734012337768,0.0014407069699329126,-0.0029126621097589744,0.0062960122822619344,-0.009942282293437354,-0.06030855896841668
676,41.14220452308655,1782105402.9435003,-1.0971616506576538,-1.2139729261398315,1.3487474918365479,-1.6151715517044067,-1.6250054836273193,0.9506283402442932,2.714107533208221e-05,-2.1657027689414576e-05,6.371558640516639e-05,-0.00017457640349505255,-0.00017485372422498813,-0.000642920047683404,0.00032832800873015133,0.00034333014025038464,-0.0007117886566188097,0.0014827678478507187,-0.002062144461614763,-0.01276769953270137,-0.006281071150848124,-0.007396827379100539,0.014793631585055832,-0.03090955172134084,0.04099176354504462,0.25572502674267966
677,41.19191837310791,1782105402.9932141,-1.0971254110336304,-1.2139345407485962,1.3486697673797607,-1.6150128841400146,-1.6252338886260986,0.9492223262786865,2.386592776559837e-05,-2.8018107880001253e-05,7.44197890263365e-05,-0.00019685614341291569,-0.00014688038825383387,-0.0004665531439158599,-8.204912231766213e-05,-0.0001063257253666756,0.00020585378453265573,-0.00046179800868608226,0.0005916021224275255,0.0036990153702252636,7.691638141625688e-05,0.0007900141346381204,-0.001352901618885005,0.0027756979327623263,-0.001226353540506129,-0.010391445034326957
678,41.24247670173645,1782105403.0437725,-1.0971604585647583,-1.2139770984649658,1.3487577438354492,-1.6151970624923706,-1.6250126361846924,0.950628936290741,1.8886290149566776e-05,-3.2281700528713486e-05,8.434087632736009e-05,-0.00022090512622696679,-0.00011548323928423088,-0.00027175388173716897,0.0003502319866783189,0.00043929837742401215,-0.0008811918306729021,0.0018324459395969376,-0.0022781254534068665,-0.01439155679742219,0.005422326168676271,0.0064324117996541665,-0.013211808251456417,0.028117192684040213,-0.0356250492631805,-0.223909447688314
679,41.29253530502319,1782105403.093831,-1.0971242189407349,-1.213938593864441,1.3486799001693726,-1.615038514137268,-1.6252410411834717,0.9492229223251343,5.8658933715705075e-05,1.5661992524229618e-05,-1.3171520665267167e-05,-1.4776500609769982e-05,-0.0003732151603834666,-0.0018964430548038536,0.0004666393532300159,0.0005452194474526098,-0.0011317213446947016,0.002384433881272223,-0.003013900706470632,-0.018963237733818035,-0.002025868388961416,-0.002715195845487464,0.00534824409519548,-0.011115857083785102,0.013406128256613203,0.08520212275548121
680,41.346229553222656,1782105403.1475253,-1.0971593856811523,-1.2139811515808105,1.3487679958343506,-1.6152225732803345,-1.6250197887420654,0.9506295323371887,6.483074960605961e-05,2.1177804526928412e-05,-2.6927769461337903e-05,1.3425592552351873e-05,-0.0004120983201083561,-0.00213757327251507,0.00010725391969523552,0.00012118481120377655,-0.00024828313189408037,0.0005122913901714799,-0.0006754252036511527,-0.004221390072440514,-0.004148243699868333,-0.0046973586787772146,0.009982558648563643,-0.021010836773011486,0.026799169619296553,0.16833742817590236
681,41.395862102508545,1782105403.1971579,-1.097123146057129,-1.2139427661895752,1.348690152168274,-1.615064024925232,-1.6252481937408447,0.949223518371582,6.980124228661566e-05,2.8039356543274607e-05,-3.888766931403609e-05,3.8258096552112875e-05,-0.0004433855923746677,-0.0023347315333417384,1.812298655960872e-05,3.48459151811738e-05,-4.968060130408587e-05,0.00010515170698330952,-0.00011388807238664565,-0.0007392835393399584,-0.0034247831469626385,-0.0040286136263979,0.00832476072744217,-0.017231140906876982,0.02220932985442683,0.1393729240295864
682,41.44996356964111,1782105403.2512593,-1.0971583127975464,-1.2139852046966553,1.348778247833252,-1.6152480840682983,-1.6250269412994385,0.9506301283836365,6.594460863773577e-05,2.3826722475916995e-05,-3.029466366832878e-05,2.064237841992167e-05,-0.000419088258141187,-0.0021840645039521434,-0.0002632274973689402,-0.00031809970067259673,0.000655658326968789,-0.001359488131353789,0.0017302035738320687,0.01088280815869819,-0.010536184234261755,-0.011739409307343135,0.024027626608963612,-0.04944537736453905,0.06642326276158766,0.41377479495468383
683,41.49986147880554,1782105403.3011572,-1.097122073173523,-1.21394681930542,1.3487004041671753,-1.6150895357131958,-1.6252553462982178,0.9492241144180298,4.397673828826498e-05,-3.101598684551732e-06,2.528577224936157e-05,-9.477352044306997e-05,-0.00027379741457167484,-0.001268361516325811,-0.001034517929722366,-0.0011439003221701248,0.002360370423258105,-0.004856349151270087,0.006532786637445497,0.04068538316755045,-0.009328075393712262,-0.010311401156910562,0.020865385257114413,-0.042875301428938084,0.05818513878097299,0.3618156875085223
684,41.55212211608887,1782105403.3534179,-1.0971571207046509,-1.2139892578125,1.3487884998321533,-1.6152735948562622,-1.6250340938568115,0.9506307244300842,-4.261488139079006e-05,-9.59553439070504e-05,0.00021686702397971658,-0.00048777802486554833,0.00026580783512031303,0.0020803314163035935,-0.0011865206745171801,-0.0013413202138378914,0.002722905916948477,-0.005607966873740154,0.007490189107882332,0.04670639671655365,0.010864944946760385,0.011604277828990497,-0.024006261161086253,0.04918529547113291,-0.06810215060899541,-0.4220223352930172
685,41.60874891281128,1782105403.4100447,-1.097121000289917,-1.213950753211975,1.3487106561660767,-1.6151150465011597,-1.6252624988555908,0.9492247104644775,-8.094119989543458e-05,-0.00014519342906638144,0.00031319768263848857,-0.0006880159139868169,0.000515999051636129,0.0036593582489334864,0.000273836827803191,0.0002595901120278981,-0.000535104092140421,0.0010775899982202863,-0.0016688700080679578,-0.010154810146287278,0.01851587627523868,0.021363518269474156,-0.04321687787672371,0.08912632500941306,-0.11792505502036227,-0.7365649828193234
686,41.65811324119568,1782105403.459409,-1.0971559286117554,-1.2139934301376343,1.3487987518310547,-1.615299105644226,-1.6250412464141846,0.950631320476532,-2.65134162180658e-05,-8.378965939037641e-05,0.00019054928796080617,-0.0004362792806489324,0.00017166774949473051,0.0015211036445617054,0.0008748673685441528,0.0010169234759504022,-0.002052330137118907,0.0042319902761434516,-0.005604477104490404,-0.03500023348691703,0.002411298698037823,0.003403952303621829,-0.0070004703294440015,0.01457074809038885,-0.015980390562322772,-0.10346465832246621
687,41.71025061607361,1782105403.5115464,-1.0971198081970215,-1.2139548063278198,1.348720908164978,-1.6151405572891235,-1.6252696514129639,0.9492253065109253,6.56097949125467e-06,-4.32680947373143e-05,0.0001073471683525895,-0.0002634084940460468,-4.5048632628663654e-05,0.00015418911873688046,0.00046291411330513766,0.0005370295183208273,-0.00111033102194997,0.0022752745315615846,-0.002927439285312048,-0.018376799164043927,-0.001290036418621905,-0.0016193242501065814,0.003007583325856624,-0.00607072799382239,0.009616217294349652,0.05831040420843342
688,41.76210260391235,1782105403.5633984,-1.0971548557281494,-1.213997483253479,1.348809003829956,-1.61532461643219,-1.6250483989715576,0.9506319165229797,2.172232225561288e-05,-2.7807589781048137e-05,7.481032368694684e-05,-0.00019908272159518958,-0.00013345447282020473,-0.0003943510414785578,0.000736954090968803,0.0008442134557736574,-0.0017310011018951432,0.0035827921468567234,-0.004580739791209522,-0.028788275662023154,0.0008570047077423003,0.001034084239049703,-0.00206745514638477,0.005032328028419634,-0.005369556741803835,-0.03496483317087801
689,41.81320071220398,1782105403.6144965,-1.097118616104126,-1.2139588594436646,1.3487310409545898,-1.6151660680770874,-1.625276803970337,0.949225902557373,8.176506100099346e-05,4.28264388858679e-05,-6.92078348016878e-05,0.00010193446039075127,-0.0005123317798627625,-0.002782310955340428,0.0005577707107099694,0.0006508081765525657,-0.001337997892738214,0.0028235645899563726,-0.003519923937155058,-0.02222464228717683,-0.012492933079624723,-0.014303070740004694,0.029358765778235804,-0.0607234583303221,0.07749548634487191,0.4871932478506182
690,41.87005829811096,1782105403.671354,-1.097153663635254,-1.2140015363693237,1.3488192558288574,-1.6153501272201538,-1.6250555515289307,0.9506325125694275,7.442573438254385e-05,3.354970621849418e-05,-5.161966900324444e-05,6.84126246461858e-05,-0.0004660581261397567,-0.0024954087554078797,-0.0007210753820405612,-0.0008278699756571675,0.0017020991970287192,-0.0035307449674384897,0.004475699430866273,0.028172224577183658,-0.009547999034692976,-0.010991487116135071,0.022723403474885412,-0.04779021034133534,0.059669705048069774,0.37664228942595024
691,41.9216947555542,1782105403.7229905,-1.0971174240112305,-1.2139630317687988,1.3487414121627808,-1.6151915788650513,-1.62528395652771,0.9492264986038208,9.430588701064835e-06,-4.037011633606369e-05,0.00010158396570147943,-0.0002518280232575165,-6.322734389208051e-05,4.3805206161096066e-05,-0.0006070898590785708,-0.0006912964146979204,0.00143366486248744,-0.002998690922900128,0.0037604303107279984,0.023717124512560306,0.0018435840508596877,0.0017005245057562937,-0.003723454146033499,0.007667279345882405,-0.010220506232247066,-0.06375388414191302
692,41.97325921058655,1782105403.774555,-1.097152590751648,-1.2140055894851685,1.3488295078277588,-1.6153756380081177,-1.6250627040863037,0.9506331086158752,1.1679736452663292e-05,-3.789923936281525e-05,9.655650186068954e-05,-0.00024151596102939266,-7.739678974694186e-05,-4.411638820300823e-05,-0.0005307634621059802,-0.0006522383943462379,0.0013176230598172334,-0.0027390953293106044,0.0034204112711878083,0.021589524212745608,-0.005637344951363684,-0.006424440325482076,0.01293045991254132,-0.02632373556824153,0.036233216214885615,0.22476077026838906
693,42.02472949028015,1782105403.8260252,-1.0971163511276245,-1.2139670848846436,1.3487516641616821,-1.6152170896530151,-1.625291109085083,0.9492270946502686,-4.514839744018673e-05,-0.00010744157172837276,0.00023707861240751527,-0.0005334969118493404,0.00028849846581380234,0.002263892558158176,-0.0011865928279720219,-0.0013518854388486871,0.0027630946510841664,-0.00570504910345477,0.007485650951680316,0.04682523123105687,0.005546006192443838,0.007548762439958669,-0.01529348789873398,0.0319401630382266,-0.036487488189189746,-0.23429170384545325
694,42.07227110862732,1782105403.8735669,-1.0971513986587524,-1.2140097618103027,1.3488397598266602,-1.6154011487960815,-1.6250698566436768,0.950633704662323,-0.00010518360633327006,-0.00017174616964688028,0.0003698868473787087,-0.0008061400312193712,0.0006609241748520844,0.004577147322736508,-0.00011985288358747168,-6.460066539904776e-05,0.00013120621982756352,-0.00025352057087889117,0.0006803730969460063,0.0038679004982887077,0.02330085324485153,0.02671676646807805,-0.05456381234881875,0.11276149608071356,-0.14673667459433615,-0.9192467616853287
695,42.12850260734558,1782105403.9297984,-1.0971152782440186,-1.2139711380004883,1.3487619161605835,-1.615242600440979,-1.625298261642456,0.9492276906967163,-3.590646458562219e-05,-8.971451296524435e-05,0.00020019524634307118,-0.00045583529050929883,0.00022341803722980558,0.001815701959806404,0.0012477756192406679,0.0014137635871371535,-0.002884066246459943,0.0059603895313417215,-0.007809825310763509,-0.048865169455464846,0.004776086673955155,0.004479356847376921,-0.008934243488693844,0.018318762645870405,-0.028939324093128008,-0.17555327141773208
696,42.180938720703125,1782105403.9822345,-1.0971503257751465,-1.2140138149261475,1.348849892616272,-1.6154266595840454,-1.6250770092010498,0.9506343007087708,3.029347434768681e-05,-1.7785383063184668e-05,5.5501869640650625e-05,-0.00015646353142173552,-0.00018753540673444036,-0.0007346987929146565,0.0005425100401828778,0.0005821376328646807,-0.0011674269632499655,0.0024132909616048294,-0.003359561336108122,-0.02079971978022683,-0.011886852524879771,-0.013629523324698701,0.02758459859331072,-0.05706022447850432,0.0743786862084259,0.46581086766566093
697,42.23196601867676,1782105404.0332618,-1.097114086151123,-1.213975191116333,1.3487721681594849,-1.6152681112289429,-1.625305414199829,0.9492282867431641,2.2224853676533485e-05,-2.728962490117226e-05,7.498387406457141e-05,-0.00019698588833527708,-0.00013662054866259155,-0.0004136929836811021,1.3576109062745278e-05,-2.5930519997399433e-06,-1.574500753483371e-05,2.731765306529933e-05,-8.51885788427651e-05,-0.0004778145108241842,-0.0021943491193118316,-0.001984371729400566,0.0037110159433668254,-0.007841709678674268,0.012568699496292544,0.07607747073278129
698,42.28378200531006,1782105404.0850778,-1.097149133682251,-1.2140178680419922,1.3488601446151733,-1.6154521703720093,-1.6250841617584229,0.9506348967552185,3.196261428506375e-05,-1.7760113243170395e-05,5.3250683532013454e-05,-0.00015234834627619875,-0.0001980179577927288,-0.0007945980782722017,0.0003298248909851744,0.0003931191636430881,-0.0008157513921640129,0.0016686850620635514,-0.002148977219734354,-0.013487786615981394,0.00028501083062068355,0.0008952502821371485,-0.0015556579375195277,0.0031758829634208783,-0.0024827612308770215,-0.017410208857675413
699,42.33411359786987,1782105404.1354094,-1.0971128940582275,-1.2139793634414673,1.3487824201583862,-1.6152936220169067,-1.6253125667572021,0.9492288827896118,5.550044492075301e-05,1.2254346630768964e-05,-7.183415444700358e-06,-2.889589449317498e-05,-0.00035331226136214866,-0.0017734802030933139,5.971514142651829e-05,0.0001085823715927394,-0.00021527911902067068,0.0004351277758195592,-0.0004480821341668632,-0.002940005519407221,-0.00908128602344097,-0.0105381712428349,0.02180261348064236,-0.044783992563607475,0.05782745737161981,0.3627723396825579
700,42.38786816596985,1782105404.189164,-1.097148060798645,-1.214021921157837,1.3488702774047852,-1.6154776811599731,-1.625091314315796,0.9506354928016663,3.52904315192859e-05,-9.910862043938096e-06,3.781878163167107e-05,-0.00012134002521868581,-0.0002259880429260619,-0.0009837514382535772,-0.0006417065791435037,-0.000738337760764424,0.0015234823228935876,-0.0031362330067798813,0.004040188966655645,0.025356302965281928,-0.00582131306784919,-0.007086537769654307,0.014558458277480514,-0.029901810683779742,0.037307509105834843,0.23552130935290191
701,42.439663887023926,1782105404.2409596,-1.0971118211746216,-1.213983416557312,1.348792552947998,-1.6153191328048706,-1.6253197193145752,0.9492294788360596,-1.1209757557750777e-05,-6.442353180169391e-05,0.0001509808472537344,-0.00035447793819898266,6.67014807902433e-05,0.0008618642777236118,-0.0005825245310825131,-0.0006727465646199592,0.0013897879653788567,-0.002861547651144757,0.0036673901598889805,0.023038140274220492,0.00576639204617313,0.006595064844001719,-0.013653325897264462,0.028153476918031807,-0.035594366974917316,-0.22415679855125017
702,42.48987650871277,1782105404.2911723,-1.097146987915039,-1.2140259742736816,1.3488805294036865,-1.615503191947937,-1.625098466873169,0.950636088848114,-2.5114779329982184e-05,-7.972048411453159e-05,0.0001820673733607947,-0.0004183535870900812,0.00015430038554953285,0.0014055982042737725,-6.790258371680559e-05,-8.220007806765872e-05,0.00016525003248167277,-0.00033558622349241134,0.000497802739141187,0.003049777866530698,0.00434789596263403,0.0050284185829119815,-0.010467743435310808,0.02160797144073664,-0.02663575959644645,-0.16853085915994187
703,42.54273080825806,1782105404.3440266,-1.0971107482910156,-1.2139874696731567,1.3488028049468994,-1.6153446435928345,-1.6253268718719482,0.9492300748825073,-1.7074890175550195e-05,-7.16894778758359e-05,0.0001655517449066224,-0.0003839876679485599,0.00011124814513152614,0.0011340159561257224,-0.00016639725832115444,-0.00019098879850787094,0.0003863850292976775,-0.0007900871061134705,0.001119972164919158,0.00691284556418497,-0.0016318065500724069,-0.001825328720750854,0.0035072635156603474,-0.007243195615600817,0.009586576706367495,0.05987491714834858
704,42.59343504905701,1782105404.3947308,-1.0971457958221436,-1.2140300273895264,1.348890781402588,-1.6155287027359009,-1.625105619430542,0.9506366848945618,-4.1004857560977825e-05,-9.80543386663868e-05,0.00021913678809326598,-0.0004941064171539722,0.00026213361138616165,0.0020707149984549034,-0.00023786618759577338,-0.0002722097813688232,0.0005313073911033667,-0.0010913930642653582,0.0014997785630239445,0.009306003249799999,0.006461457201418011,0.007199316271032692,-0.014718415786724951,0.029988672314898913,-0.04146649132650852,-0.2570229324983092
705,42.64821815490723,1782105404.449514,-1.0971095561981201,-1.2139915227890015,1.3488130569458008,-1.6153701543807983,-1.6253340244293213,0.9492306709289551,-4.0180345827423025e-05,-9.830167947910695e-05,0.00021713856552985078,-0.0004899477744260139,0.00025693054349673616,0.002037885147069929,0.0005819967082292244,0.0006431334275940642,-0.0013153740646445321,0.00267824428574516,-0.0036696607836432123,-0.02278139839982387,0.010631799704747492,0.012201547349307569,-0.024429303355186824,0.05042852837651602,-0.06705427669193034,-0.4184574207399766
706,42.69898247718811,1782105404.5002782,-1.097144603729248,-1.2140341997146606,1.3489010334014893,-1.6155542135238647,-1.625112771987915,0.9506372809410095,1.60336713186382e-05,-3.518784306599798e-05,9.020464183606691e-05,-0.00023157385451355594,-9.75117294750305e-05,-0.00016205218161147172,0.0009178486094143438,0.0010505283546937284,-0.0021189928648252445,0.004373533349169247,-0.005789064371919849,-0.03615615229108511,-0.0015372465442475428,-0.0015459718187758988,0.0030290622084031427,-0.005546719314925723,0.00967485876438703,0.057844476094983166
707,42.74944090843201,1782105404.5507367,-1.0971083641052246,-1.2139955759048462,1.3488231897354126,-1.6153956651687622,-1.6253411769866943,0.9492312669754028,5.2842403739816746e-05,8.153254789533548e-06,2.415604228644952e-06,-4.680988335081793e-05,-0.00032978217974743984,-0.0016263195889685278,0.00043136530377206334,0.0004924837459597379,-0.0010202671575211923,0.002140542326153731,-0.002721710876955955,-0.017122201972646682,-0.007671840182873842,-0.008768005404162784,0.017411894655508308,-0.0358887571070271,0.04776441216698714,0.2980296036637411
708,42.803037881851196,1782105404.6043336,-1.0971434116363525,-1.2140382528305054,1.3489112854003906,-1.6155797243118286,-1.625119924545288,0.9506378769874573,5.899003326526042e-05,1.3685893646808722e-05,-1.1302448104544283e-05,-1.8684293326742818e-05,-0.0003685428621054143,-0.00186670832998459,0.0001322989150811211,0.00015300119974238747,-0.00033542961123229453,0.000693257058198586,-0.0009032228267180017,-0.005657108230605633,-0.005124544618994883,-0.005501744316825242,0.01158635567651214,-0.02414356200320427,0.03169201280345052,0.19822954203253254
709,42.85306477546692,1782105404.6543605,-1.097107172012329,-1.2139997482299805,1.348833441734314,-1.615421175956726,-1.6253483295440674,0.9492318630218506,6.643026221908599e-05,2.366426939381938e-05,-3.1794300531018393e-05,2.386507236629143e-05,-0.00042213495637000165,-0.002204441523240064,-0.00010280293409634615,-8.337271388395969e-05,0.00018857781224586355,-0.00038104459387162,0.0005777780578925576,0.003527363130443377,-0.006985374154352549,-0.008025626992699039,0.016881076006841376,-0.03491417922903922,0.04525667672958895,0.2837144180781107
710,42.907360553741455,1782105404.7086563,-1.0971423387527466,-1.2140424251556396,1.348921537399292,-1.6156052350997925,-1.6251270771026611,0.950638473033905,4.60262482437912e-05,2.4704389272045546e-06,1.3695645389333322e-05,-6.939940944050704e-05,-0.0002935876565182127,-0.0014072256835646613,-0.0006167828437698736,-0.0007136365303269072,0.001482680814652304,-0.0030687241358335025,0.0039574145382235614,0.024832043539580555,-0.005710067356484317,-0.006854913462198085,0.013819524331272422,-0.028642299070997787,0.036565173758319164,0.22986188950773948
711,42.958847761154175,1782105404.7601435,-1.0971060991287231,-1.2140038013458252,1.3488436937332153,-1.61544668674469,-1.6253554821014404,0.9492324590682983,2.5037905881930556e-06,-5.005730109886031e-05,0.00012151949899852355,-0.0002933611740409958,-1.2207417945830912e-05,0.0003668311020685877,-0.0007273844727886966,-0.0008345140016170774,0.0017052479425085408,-0.0035250468514688156,0.004586267351004612,0.02873212716062969,0.0014095049439619284,0.001983930844088006,-0.004200738065257193,0.008437552952484946,-0.010211414693433098,-0.06499917442840228
712,43.009663343429565,1782105404.810959,-1.097141146659851,-1.2140464782714844,1.3489317893981934,-1.6156307458877563,-1.6251342296600342,0.9506390690803528,-2.8544577828526485e-05,-8.315048016882542e-05,0.00018866630235336856,-0.0004311222305783957,0.00017677301571161763,0.0015397898770963536,-0.000477334192271532,-0.0005164554099940118,0.0010643081158713255,-0.002228626114897849,0.0029426844939852304,0.018370273054378,0.008207527389152884,0.009052690482602448,-0.018657548889172978,0.03843365941220474,-0.05117253195538751,-0.31927645931406035
713,43.06346106529236,1782105404.8647568,-1.0971050262451172,-1.21400785446167,1.3488539457321167,-1.6154721975326538,-1.6253626346588135,0.9492330551147461,-4.661109784720452e-05,-0.00010325792186804961,0.00023128203618405507,-0.0005235436820143491,0.00029087083405698877,0.0022596753693555627,0.0001514106178807215,0.00012966866392095054,-0.00028368876928646617,0.0005749533902695792,-0.0008826536286222204,-0.005376700171607903,0.012015482376469284,0.013198985095194838,-0.02743321909087494,0.057428961250539604,-0.07457797303591633,-0.4670225851734836
714,43.11298847198486,1782105404.9142842,-1.0971400737762451,-1.2140504121780396,1.3489419221878052,-1.6156563758850098,-1.6251413822174072,0.9506396651268005,-1.6896184092729527e-05,-7.388140257447162e-05,0.00016817777235189624,-0.00039052066931155593,0.00011020658530647154,0.0011380887746899049,0.0007614746184921527,0.0008375818130723896,-0.0017507418959611981,0.0036616318286550337,-0.004734617789635313,-0.029674848186348655,0.0032178931246678614,0.004471093599301879,-0.008738001626375197,0.01859096822515833,-0.02164857446013744,-0.1384603281293853
715,43.16457271575928,1782105404.9658685,-1.0971038341522217,-1.2140120267868042,1.348864197731018,-1.6154977083206177,-1.6253697872161865,0.9492336511611938,3.106103431527174e-05,-1.7542194280295575e-05,5.226028811122774e-05,-0.0001492126310349562,-0.00019241798883484762,-0.0007703132335699081,0.0004385661440943091,0.0005405036979007782,-0.0010795127272544033,0.0022710835351018224,-0.002835899170440359,-0.01789798500952801,-0.006775940698536148,-0.007150607287677426,0.015206484209171645,-0.03179368076363185,0.041386854537922825,0.2590670413659707
716,43.217668294906616,1782105405.018964,-1.0971388816833496,-1.2140545845031738,1.3489521741867065,-1.6156818866729736,-1.6251485347747803,0.9506402611732483,2.750659784034326e-05,-1.8993530842337236e-05,5.8755653947528685e-05,-0.00016016575894894913,-0.0001773598017003053,-0.0006768969769979094,5.058745283452752e-05,8.478978271928295e-05,-0.00015220033852539637,0.0003186406105809051,-0.0003882064086858164,-0.00246140590134198,0.0007332990823571443,0.00018738982064612619,-0.000788550973675594,0.0007551916781981458,-0.0032808454313853416,-0.01796498055332363
717,43.26942992210388,1782105405.0707257,-1.0971027612686157,-1.214016079902649,1.348874568939209,-1.6155232191085815,-1.6253769397735596,0.9492342472076416,3.60558692857893e-05,-8.946753426997134e-06,3.7024214961434154e-05,-0.00011718374088154349,-0.00023135441415966795,-0.0010172901354703612,0.0004942760907960708,0.0005370485116902458,-0.0011141110974177042,0.00225140894798495,-0.0030498317068311754,-0.018968514611823133,0.00305861423884623,0.0029275691419110967,-0.006135539132839126,0.0125189556122351,-0.017956103665916604,-0.11060034964620552
718,43.323216676712036,1782105405.1245124,-1.0971378087997437,-1.2140586376190186,1.348962426185608,-1.6157073974609375,-1.6251556873321533,0.950640857219696,8.10356941016721e-05,3.910728395695173e-05,-6.170396536830935e-05,8.333491581069552e-05,-0.0005075512095942258,-0.0027301670227171115,0.00035065274609528355,0.00036979861663900663,-0.0007483929987426943,0.0015374988223892374,-0.002145252013817691,-0.013274897326484764,-0.010053912573807734,-0.010870117522919378,0.022413931806774652,-0.04550182399963258,0.06197002183149591,0.3850657159267754
719,43.37190818786621,1782105405.173204,-1.0971015691757202,-1.2140201330184937,1.3488847017288208,-1.6155487298965454,-1.6253840923309326,0.9492348432540894,7.670435908480044e-05,3.4032762997071586e-05,-5.022370013918476e-05,6.164174130240951e-05,-0.00048022035892181236,-0.002557960462995723,-0.0004643520912679627,-0.0005015636598698931,0.0010312468999261323,-0.0020986674285622424,0.002862420237967875,0.017781830642966824,-0.01133740196160692,-0.012386190810697795,0.02523426460854753,-0.05199738379834773,0.07008420610605093,0.4362723854751195
720,43.42534303665161,1782105405.2266388,-1.0971366167068481,-1.2140626907348633,1.3489726781845093,-1.6157329082489014,-1.6251628398895264,0.9506414532661438,2.987836868939553e-05,-1.6068682873182638e-05,5.152747504233446e-05,-0.00014744107737918455,-0.0001923294361549921,-0.0007724519585980971,-0.0007534643406821534,-0.0008403465271827264,0.001716120255073295,-0.003547164631575486,0.0046862650756284195,0.029274802959264323,0.0031621383985415844,0.002930553684375274,-0.006215505290718835,0.012400012676035162,-0.018571853444076948,-0.11359035741443119
721,43.477243423461914,1782105405.2785392,-1.0971004962921143,-1.2140241861343384,1.3488949537277222,-1.6155742406845093,-1.6253912448883057,0.9492354393005371,-3.033603816149366e-06,-5.477956726274158e-05,0.0001311131764047957,-0.0003131058430660971,1.5530218345105595e-05,0.0005382303578542746,-0.0001571986951901875,-0.00022091555558320476,0.00043410577916265806,-0.0009120145312426816,0.0010655718078154857,0.006810956865899378,0.009557575314198668,0.010574827594174918,-0.021590460997102368,0.044623901666501146,-0.058981180314188586,-0.3684215638707295
722,43.528143644332886,1782105405.3294394,-1.0971355438232422,-1.214066743850708,1.3489829301834106,-1.6157584190368652,-1.6251699924468994,0.9506420493125916,1.2773404300503444e-05,-3.981889915216641e-05,9.833164124728455e-05,-0.00024571345997337346,-7.696488285802161e-05,-3.574510304460432e-05,0.0002328857903291724,0.0002494467502491455,-0.0005095552918477349,0.0010523817450090564,-0.0013983942349151733,-0.008726746954276759,-0.0007963041631027633,-0.00022472837220034042,0.000827131681294415,-0.0014606526071158296,0.004284468624203171,0.024155182233037018
723,43.578967332839966,1782105405.380263,-1.0970993041992188,-1.2140283584594727,1.3489052057266235,-1.6155997514724731,-1.6253983974456787,0.9492360353469849,2.0668327762152217e-05,-2.9398066251573596e-05,7.925865141444888e-05,-0.0002060119124127624,-0.00012678396393539515,-0.00034987843969425114,-0.00023690791160167044,-0.0002423280441958168,0.0005152827384487546,-0.001054471620136113,0.001493345446557081,0.00921773278901794,-0.0035255669369392657,-0.003537582033242448,0.007168646222216022,-0.0146548437977756,0.020897815618696965,0.12884413253424395
724,43.63045287132263,1782105405.4317486,-1.0971343517303467,-1.2140707969665527,1.348993182182312,-1.615783929824829,-1.6251771450042725,0.9506426453590393,-1.1987059556517465e-05,-6.52073294471478e-05,0.0001522363301926788,-0.0003560412859791029,7.911373129587673e-05,0.0009278298288872833,-0.00012019399812936797,-0.00010430207745610779,0.00020654864179769905,-0.0004112387595311129,0.0006916820976533291,0.004156452097034653,0.008059650291602103,0.00893200982211699,-0.018472787607222194,0.038058099316732305,-0.05145753993780375,-0.32014667989354684
725,43.68373727798462,1782105405.485033,-1.0970981121063232,-1.2140324115753174,1.348915457725525,-1.615625262260437,-1.6254055500030518,0.9492366313934326,9.957404834892714e-06,-3.816158127811775e-05,9.646616625502702e-05,-0.00023993576151148943,-6.642369480225341e-05,9.963667325862957e-06,0.0006287059811329416,0.0007163609843119792,-0.001465780673012459,0.0030264549331120395,-0.0040292252885357335,-0.025136088557605497,0.0031940479323306495,0.0028721995212168073,-0.005966940095769651,0.012022166062550773,-0.01882678598482015,-0.11434716624761726
726,43.73701286315918,1782105405.5383086,-1.0971332788467407,-1.2140748500823975,1.3490034341812134,-1.615809440612793,-1.6251842975616455,0.9506432414054871,5.5004018754800654e-05,1.1124407864215868e-05,-3.949852271034615e-06,-3.3557223797942015e-05,-0.00035021758576192497,-0.0017505320130215551,0.00022035532301680887,0.00020198051699617586,-0.0004297368585748011,0.0008707692276577496,-0.0013157309382152546,-0.008036061984173842,-0.009708014308025991,-0.010992965366254714,0.022522554874563866,-0.04652734461982909,0.06171493949930988,0.3852564112045628
727,43.786964893341064,1782105405.5882607,-1.0970970392227173,-1.214036464691162,1.3489257097244263,-1.6156507730484009,-1.6254127025604248,0.9492372274398804,3.6730203600399136e-05,-1.2654799000699768e-05,4.273491389383821e-05,-0.00013070954644334165,-0.00022807450013928587,-0.0009806322029035641,-0.00036027182791843184,-0.0004098009905763723,0.0008393622997101396,-0.0017373983807654745,0.0022720285930662868,0.014219041781091964,0.0006348603217851494,0.0016884800110130685,-0.003232423500006433,0.006865397391865591,-0.0054767690105165245,-0.03819526526499792
728,43.838730812072754,1782105405.6400266,-1.0971320867538452,-1.2140790224075317,1.3490136861801147,-1.6158349514007568,-1.6251914501190186,0.9506438374519348,1.8378427217413673e-05,-3.0315041895434547e-05,8.107661474809902e-05,-0.0002095153406163064,-0.00011975115915596746,-0.00030860950340283466,0.00033021075272176594,0.0004252033488625089,-0.0008643138138206318,0.0017873195900456518,-0.002158338543470482,-0.013707913217076064,0.008087402322724684,0.009186264744015718,-0.01907920568575102,0.03964694306009696,-0.050391456499831684,-0.31699465582914843
729,43.889904499053955,1782105405.6912003,-1.0970959663391113,-1.2140405178070068,1.3489359617233276,-1.6156762838363647,-1.6254198551177979,0.9492378234863281,6.991557538071902e-05,3.02129340941093e-05,-4.4347033675506964e-05,4.9378670365030075e-05,-0.0004452467853255371,-0.0023602870491892247,0.00047842639868266203,0.0005440074906502479,-0.0011409333306435362,0.002377338820108925,-0.0029566946525939504,-0.01867428773535888,-0.010336670445487757,-0.012701089484096744,0.025853860911187368,-0.053529870855236514,0.06665243693242667,0.42088129378938
730,43.94589877128601,1782105405.7471945,-1.0971310138702393,-1.2140830755233765,1.3490238189697266,-1.6158604621887207,-1.6251986026763916,0.9506444334983826,6.431327900102701e-05,2.1536398095989284e-05,-2.797000601617583e-05,1.818586191149052e-05,-0.00040225068732269165,-0.0020936728239764335,-0.0009111398142425571,-0.0010876044896512608,0.0022219634751897985,-0.004606161871992666,0.005815037004852564,0.03662572706510533,-0.012817615203063671,-0.014487746775426642,0.030174064924620048,-0.06282443117264483,0.0795269002524306,0.5006476984202
731,43.99757385253906,1782105405.7988696,-1.0970947742462158,-1.2140446901321411,1.348946213722229,-1.6157017946243286,-1.625427007675171,0.9492384195327759,-2.1449993917954657e-05,-7.914287473909098e-05,0.00017886553474433242,-0.0004129352314237167,0.00013893664640463044,0.0013185416597103483,-0.001001288947668016,-0.0011375598950257237,0.0023560801866918933,-0.004900967542764902,0.006246473202185701,0.03927438071471321,0.013509761083727973,0.01629128236789163,-0.03316196902461006,0.06898620200103263,-0.08593692328863489,-0.5426084830106503
732,44.046871185302734,1782105405.848167,-1.0971298217773438,-1.2140872478485107,1.349034070968628,-1.6158859729766846,-1.6252057552337646,0.9506450295448303,-3.984815206337089e-05,-9.709260495505134e-05,0.00021757905232355768,-0.0004926682801027482,0.0002481070881046321,0.0019962749713542394,0.0003821005512486005,0.00047718340437421754,-0.0009603487583077094,0.002012519597268536,-0.0024241607564235833,-0.015403614725623484,0.01404273117271473,0.016211604992417205,-0.033630357698393856,0.06997398095015325,-0.08726688089574469,-0.5508889681273755
733,44.09986615180969,1782105405.901162,-1.0970937013626099,-1.2140487432479858,1.3489564657211304,-1.6157273054122925,-1.625434160232544,0.9492390155792236,2.3431141654484122e-05,-2.3875754493474233e-05,6.723551107334913e-05,-0.00017921906992590664,-0.00014462722271346706,-0.00048079762655106606,0.00032760865326014646,0.0003938299265503109,-0.0008259116830744027,0.0017177031986066226,-0.002000328246946628,-0.012794018456363866,-0.010736199971825473,-0.012605958303107227,0.025640932059639226,-0.053380563868728304,0.06738331910027423,0.42441847595107596
734,44.15385055541992,1782105405.9551463,-1.0971286296844482,-1.2140913009643555,1.3490443229675293,-1.6159114837646484,-1.6252129077911377,0.9506456255912781,-6.531393703212984e-06,-5.69338099474237e-05,0.0001332402628939633,-0.00031729233002231183,4.4919794197184615e-05,0.0006953841648051906,-0.000785841514381241,-0.0008934310117038788,0.0018288490014840822,-0.003793607584814216,0.004903078189731592,0.030749763569799412,-0.0014331999396164168,-0.0022387378702027234,0.005001260988259976,-0.010572307155088192,0.008509643587977163,0.05920767317541119
735,44.20930361747742,1782105406.0105994,-1.0970925092697144,-1.2140527963638306,1.3489665985107422,-1.6157528162002563,-1.625441312789917,0.9492396116256714,-6.325657439099075e-05,-0.00012248739588471835,0.00026918489050586913,-0.0005980616490042223,0.00039609739504697927,0.0029110618532772747,0.00022790329949844815,0.00021315600534984745,-0.00041010787756856756,0.0008331721428572162,-0.0014244458817134385,-0.008539668982536084,0.016618746090821708,0.0188760234552037,-0.03861407689583051,0.07990906616994131,-0.10444226434510526,-0.6536943272734639
736,44.25905680656433,1782105406.0603526,-1.0971275568008423,-1.2140953540802002,1.3490545749664307,-1.6159369945526123,-1.6252200603485107,0.9506462216377258,3.918994856633162e-06,-4.959707603369168e-05,0.00012103969134180659,-0.00029339989899490604,-2.105409194896879e-05,0.000321382572641582,0.0009805313005446087,0.001104116692967963,-0.002252643368235717,0.004651465125463073,-0.006189402704695382,-0.03861581041480406,0.003944986380571623,0.005074883195507022,-0.010631996890697711,0.022152597331342918,-0.02571132657669712,-0.1645569587864973
737,44.30937147140503,1782105406.1106672,-1.0970913171768188,-1.2140568494796753,1.3489768505096436,-1.6157783269882202,-1.62544846534729,0.9492402076721191,3.444565311383485e-05,-1.240839215732592e-05,4.458639006976739e-05,-0.00013426182422904276,-0.00022078404759362513,-0.0009379677697083366,0.0006100416466116301,0.0007064968331628788,-0.0014442140744489289,0.0029882848298699236,-0.003918204611269415,-0.024509700664152263,-0.002957876162163884,-0.003360637693328611,0.006820874266306492,-0.014006475065856196,0.019374867494613382,0.12006886462253591
738,44.3614444732666,1782105406.1627402,-1.0971264839172363,-1.214099407196045,1.349064826965332,-1.6159625053405762,-1.6252272129058838,0.9506468176841736,6.639163905042267e-05,2.2622748828027284e-05,-2.6560623759053215e-05,1.1938972676261983e-05,-0.0004220459594641568,-0.002186248624246545,0.0006934449535573302,0.0007762807643985035,-0.0015873554124660608,0.0032855348426443854,-0.0042978456067463665,-0.026895773010109487,-0.005083729448794174,-0.005767130757537971,0.011694717689695142,-0.02399174523345672,0.033406519608688,0.20679300145181773
739,44.409607887268066,1782105406.2109036,-1.097090244293213,-1.21406090259552,1.348987102508545,-1.615803837776184,-1.625455617904663,0.9492408037185669,0.00010335233656988407,6.462393296224889e-05,-0.00011286079449490671,0.00019147173531131045,-0.0006483272088040337,-0.003611898472147601,0.00015077872326483952,0.00018190696237408376,-0.00038067476033047394,0.0008069506041237092,-0.0008759266585356179,-0.005682600496027023,-0.015186280110636916,-0.017095929521767347,0.03496924312300405,-0.0724042262355335,0.09448330482289624,0.591530197686255
740,44.464582681655884,1782105406.2658784,-1.0971252918243408,-1.2141034603118896,1.3490750789642334,-1.61598801612854,-1.6252343654632568,0.9506474137306213,7.294859436512979e-05,3.13177673483267e-05,-4.523971238690194e-05,5.2566055256164645e-05,-0.0004566356579758235,-0.0024234777951281927,-0.0009300048135067214,-0.0010563216760029553,0.002163935494975388,-0.004487571934044513,0.005788820084584905,0.036317375967395774,-0.00836720667023167,-0.009745712134665272,0.019807110334153045,-0.04126109060038834,0.05148093168303576,0.32495645349606866
741,44.51478981971741,1782105406.3160856,-1.0970890522003174,-1.2140649557113647,1.3489973545074463,-1.615829348564148,-1.6254627704620361,0.9492413997650146,8.971166035820488e-06,-4.23728394025602e-05,0.00010622725790554455,-0.0002626531355751638,-6.044568345942025e-05,7.394389735004836e-05,-0.0008323078316554893,-0.0009597234558124629,0.001944219374574945,-0.004035101433439445,0.005175202386657099,0.032501705271076,0.0055127242567179005,0.006011775916364101,-0.012565882933397287,0.02609997593932023,-0.03328322962877687,-0.20924615816367254
742,44.56487536430359,1782105406.3661711,-1.0971242189407349,-1.2141075134277344,1.3490853309631348,-1.616013526916504,-1.6252415180206299,0.9506480097770691,-1.0633140039573163e-05,-6.505886400631766e-05,0.00015001179614770876,-0.00035266996627925096,6.30589457770725e-05,0.0008403930431217788,-0.0003779852691254067,-0.00045437743338423914,0.0009056585998017987,-0.0018740858525027257,0.0024558713795016277,0.015363882267403227,0.002352110300348542,0.0028570465009582022,-0.005467787834938724,0.011495135323287522,-0.01335765954857622,-0.08547131671171046
743,44.61649513244629,1782105406.417791,-1.0970879793167114,-1.214069128036499,1.3490076065063477,-1.6158548593521118,-1.6254699230194092,0.9492419958114624,-2.9430099880656257e-05,-8.858989930971006e-05,0.000198435571745037,-0.0004534969646137199,0.0001892983214197841,0.0016367226418338987,-0.0006140178272741444,-0.0006916794411880782,0.0014356827424616178,-0.002964593117392199,0.003944191459704502,0.024608551779344123,-0.0012199726855073685,-0.0007630578059567312,0.0019658154314801286,-0.003963595532741348,0.006179085951020975,0.037555670602108626
744,44.665199518203735,1782105406.4664953,-1.0971230268478394,-1.2141116857528687,1.3490955829620361,-1.6160390377044678,-1.625248670578003,0.9506486058235168,-7.081813893883293e-05,-0.00013311480122091268,0.00029122601412190363,-0.000644359956673668,0.00045026522134961056,0.0032572005590338904,-0.0005193739124952027,-0.0005526547506703083,0.0011499176202988985,-0.0023689729753928346,0.0032041389237057547,0.019933581543142155,0.0079966737282312,0.009090168150112878,-0.018726184418906187,0.03860516502812665,-0.05195991539167681,-0.3235292087614685
745,44.72008419036865,1782105406.52138,-1.097086787223816,-1.2140731811523438,1.349017858505249,-1.6158803701400757,-1.6254770755767822,0.9492425918579102,-7.888842087488968e-05,-0.00014108661433454017,0.0003076267203034888,-0.0006785243906790583,0.0004928975774340927,0.00352629644555158,0.00029392143237858264,0.00033192974007052213,-0.0006731721847064213,0.0013811854829513734,-0.00192155802826944,-0.011896538727839391,0.010042301252859133,0.010912395928165565,-0.02247843584509441,0.04642125713114831,-0.06171564205991617,-0.38510469641595824
746,44.76833891868591,1782105406.5696347,-1.0971219539642334,-1.2141157388687134,1.3491058349609375,-1.6160645484924316,-1.625255823135376,0.9506492018699646,-4.599720855757994e-05,-0.00010482490973195979,0.00023390551010571414,-0.0005268689532105242,0.00028569526889832275,0.0022395034015563198,0.000575886715215737,0.0006376892821802106,-0.0013022833490997792,0.002691823562506529,-0.003555810353323533,-0.022213408986204122,0.0007508774264313478,0.00089048427613733,-0.0018910260321327787,0.0040673248497864415,-0.003873279432363711,-0.025858689908180896
747,44.8205988407135,1782105406.6218946,-1.09708571434021,-1.2140772342681885,1.3490281105041504,-1.6159058809280396,-1.6254842281341553,0.9492431879043579,-2.18854527513912e-05,-7.793870373618006e-05,0.00017860920159762372,-0.0004117191855108615,0.00014164452422704699,0.0013306761977815995,0.00032691070706854214,0.00037600244320713013,-0.0007702566525057569,0.0015973462657876076,-0.0020606454294053705,-0.012927753248707723,-0.0001237055339727306,0.0002871030462312206,-0.0006444937310517845,0.0014594295610262827,-0.0007244161390626072,-0.005859341922848538
748,44.87040662765503,1782105406.6717024,-1.097120761871338,-1.214119791984558,1.3491160869598389,-1.6160900592803955,-1.625262975692749,0.9506497979164124,-1.19861731011639e-05,-6.57840473721194e-05,0.00015390862785658044,-0.00036092893660999437,7.203765819419061e-05,0.0008986241137005635,0.0005410361314187554,0.0006416366920910341,-0.001316222663621686,0.00273349443110727,-0.003489260347077414,-0.021932439561304355,0.0025851471672960124,0.0029213365078799296,-0.006108943354387007,0.01248548199226504,-0.015744642788371135,-0.09918730124868363
749,44.92184066772461,1782105406.7231364,-1.097084641456604,-1.2140812873840332,1.3490383625030518,-1.6159313917160034,-1.6254913806915283,0.9492437839508057,3.402149739706317e-05,-1.166390645757076e-05,4.264081141513998e-05,-0.00012931017169393044,-0.0002185290682525931,-0.0009336299263349446,0.0005829702939463847,0.000663791264598373,-0.001372696742138218,0.0028272683420846796,-0.0036118941900174775,-0.022699914819892614,-0.008732714534301682,-0.010532031007487277,0.021549175951168353,-0.04507945521618757,0.05652663001616516,0.35647534682326265
750,44.975104570388794,1782105406.7764003,-1.097119688987732,-1.2141238451004028,1.3491263389587402,-1.6161155700683594,-1.625270128250122,0.9506503939628601,4.788922907827953e-05,2.2666873977783553e-06,1.3135002896902392e-05,-7.116238353788162e-05,-0.0002985312215137981,-0.001429872631971918,-0.00040882580673014913,-0.0005018796924363808,0.0010242884795935389,-0.0021609359729737473,0.002648394463878337,0.016773184674933647,-0.012218874690626845,-0.014103573880960625,0.028908306690763372,-0.05948935303166071,0.07641332456865486,0.47976499845395226
751,45.02562165260315,1782105406.8269174,-1.0970834493637085,-1.214085340499878,1.3490484952926636,-1.6159569025039673,-1.6254985332489014,0.9492443799972534,-4.8253793476504825e-06,-5.9663667464349146e-05,0.000140495739206159,-0.0003361662103884555,3.4111081983922986e-05,0.0006674750770283566,-0.0007193775310227502,-0.0008415366571124297,0.00171356934877258,-0.0035294266568757994,0.004538430121954127,0.028489152592729293,0.0041292417986283445,0.0053480120815540535,-0.010859849543121065,0.023251121607659266,-0.027456574307641785,-0.17513364086975475
752,45.07496619224548,1782105406.876262,-1.0971184968948364,-1.2141278982162476,1.349136471748352,-1.6161410808563232,-1.6252772808074951,0.9506509900093079,-2.4700252994946936e-05,-8.266149925617583e-05,0.0001861266651648208,-0.00042759504352751776,0.0001594268710736202,0.001445298577912979,-2.029307628225273e-05,4.201032297452157e-06,-3.3958002210569566e-06,4.42753749071473e-05,5.68974672932883e-05,0.000227554586015229,0.005479577870062891,0.006855487311523767,-0.013973860284130142,0.028949461716070022,-0.03534623794751775,-0.22401933874688243
753,45.12693548202515,1782105406.9282312,-1.097082257270813,-1.2140895128250122,1.349058747291565,-1.6159824132919312,-1.6255056858062744,0.9492449760437012,-4.820095018231996e-06,-5.6703718691153426e-05,0.00013514985928964052,-0.0003214565846896278,2.6495965073536354e-05,0.00060680657049339,-0.00021104026973556688,-0.0002024023977412106,0.00041003399639445086,-0.0008307322568016275,0.0012563287066854186,0.00767219259047862,-0.002040686465588531,-0.002596685196105689,0.004980280046821213,-0.010496352953096021,0.014208687744619634,0.08838215782728694
754,45.177775621414185,1782105406.9790714,-1.0971174240112305,-1.2141319513320923,1.3491467237472534,-1.616166591644287,-1.6252844333648682,0.9506515860557556,-4.5071269866525654e-05,-0.00010190252532282784,0.00022517499764163063,-0.0005065843989076058,0.0002800692659938875,0.0021808939833025676,-0.00023373524978465392,-0.00026584262135697875,0.000515269386949783,-0.0010490122415154563,0.0015375001336669916,0.009436637380803364,0.008680053908583937,0.009420188711011364,-0.019075969319153632,0.03920241081524817,-0.05393812936911106,-0.3345691020981026
755,45.23295497894287,1782105407.0342507,-1.097081184387207,-1.2140936851501465,1.3490689992904663,-1.616007924079895,-1.6255128383636475,0.9492455720901489,-2.455149850710825e-05,-7.924905744971511e-05,0.00017841788741357334,-0.00040921462495013827,0.00015828119017413655,0.0014125000875537808,0.0007917980296609809,0.0008928539932506643,-0.0018037354429519036,0.0037190725775556803,-0.005000283754646416,-0.03114014566944307,0.00385054804206087,0.00426142395091228,-0.008181761234365478,0.016523158934487404,-0.02550107358665597,-0.1552343460039286
756,45.285247564315796,1782105407.0865433,-1.097116231918335,-1.2141361236572266,1.3491569757461548,-1.616192102432251,-1.6252915859222412,0.9506521821022034,3.766377203362481e-05,-8.657578062454263e-06,3.670125105159627e-05,-0.0001178774748389344,-0.00024161638895492388,-0.0010690076569161988,0.00026293791181981375,0.0002862467381644662,-0.0005543340662758816,0.001119707599694378,-0.001725939229307403,-0.010508476418233246,-0.010319109463516428,-0.011917217240125988,0.024204231420587075,-0.050043381781578314,0.06598118001319754,0.4123272585943228
757,45.335530519485474,1782105407.1368263,-1.097080111503601,-1.2140977382659912,1.3490792512893677,-1.6160334348678589,-1.6255199909210205,0.9492461681365967,6.073032942310874e-06,-4.569406167753698e-05,0.00011305879144174469,-0.00027681174494276206,-4.2100173960335496e-05,0.0001889459409554206,-0.0002658796117579988,-0.0003283115272117095,0.0006777978828841984,-0.0014128326622421855,0.0017545052094899646,0.011084439371526953,0.0003141709305332012,0.00030642750275460635,-0.0012119487781175166,0.0028406418174338737,-0.0005793157523851476,-0.007135977660371634
758,45.3854866027832,1782105407.1867824,-1.097115159034729,-1.2141401767730713,1.3491672277450562,-1.6162176132202148,-1.6252987384796143,0.9506527781486511,1.0776121898814495e-05,-4.1833233183297125e-05,0.00010519091369687317,-0.00026063746968318924,-6.430420370406864e-05,5.116492975965059e-05,0.00028737241627566806,0.00030879897686322453,-0.000659061669657709,0.0013697804958877433,-0.0017385285689592894,-0.010939306544434901,-0.00032932577875406524,0.00028387480905028677,-0.0008726696900459548,0.0018296208372941651,0.0006428552517085163,0.0004757345169845578
759,45.43552303314209,1782105407.2368188,-1.0970789194107056,-1.214101791381836,1.349089503288269,-1.6160589456558228,-1.6255271434783936,0.9492467641830444,3.4839198766789536e-05,-1.477924282511367e-05,4.707689494942713e-05,-0.00013967572707151987,-0.00021614813030801372,-0.0009062185563308844,-0.00030064376872427604,-0.0003019315641941394,0.0005947008460510336,-0.0012385480814254965,0.001830134412914452,0.011202986697065641,-0.008680139843061962,-0.009242225679824235,0.01932457418005311,-0.039897798239283945,0.05330730136504759,0.332336755900469
760,45.48723769187927,1782105407.2885334,-1.0971139669418335,-1.2141443490982056,1.3491774797439575,-1.6162431240081787,-1.6253058910369873,0.9506533741950989,-2.248195642096107e-05,-7.543073686555601e-05,0.00017169561295027336,-0.00039913815421677157,0.00013851629304717505,0.0012946124938260084,-0.0005853586063070932,-0.0006214939100621787,0.0012876715151442291,-0.0026481233561095633,0.0036240702413643687,0.022500281290064216,0.0041558006357733926,0.004190905980888616,-0.00821263547133634,0.017306645482681814,-0.025011420165069045,-0.15358597044736522
761,45.5415256023407,1782105407.3428214,-1.0970778465270996,-1.2141058444976807,1.3490996360778809,-1.6160845756530762,-1.6255342960357666,0.9492473602294922,-2.4451448048523616e-05,-7.775124995212934e-05,0.0001776549998382393,-0.0004078878416216014,0.00015095457831293402,0.001373077950598045,0.0001908407185350355,0.00019701355442444841,-0.00038985584459454094,0.0008310526166708677,-0.001136033550928919,-0.007039864418322491,0.004325110997406111,0.004241571190243069,-0.008768742104352299,0.01783927989933415,-0.026065323817517194,-0.1600714990717121
762,45.59309148788452,1782105407.3943872,-1.0971128940582275,-1.2141484022140503,1.3491877317428589,-1.6162686347961426,-1.6253130435943604,0.9506539702415466,-3.4861929343321663e-06,-5.584863631646897e-05,0.00013307970891673904,-0.00031643437738715363,2.5508456209522024e-05,0.0005944519993246189,-7.459832333063244e-05,-0.0001149968999325365,0.00024200074062520616,-0.0005143024258060132,0.0005379191397236127,0.0035176441607524117,-0.0062575304941946495,-0.006859196210434508,0.013928197656713864,-0.029054839603066474,0.038186949783985624,0.23864878439196474
763,45.64579510688782,1782105407.4470909,-1.097076654434204,-1.2141098976135254,1.3491098880767822,-1.61611008644104,-1.6255414485931396,0.9492479562759399,-3.333674447958401e-05,-9.098364516191282e-05,0.00020543372657932935,-0.0004667772102102674,0.00021387733628586147,0.0017826913048288873,-0.00046418242543055737,-0.0005200514042693578,0.0010662834500614732,-0.0022053018844660714,0.00285887049507539,0.017921939658730138,0.0011191736173760565,0.0018158370371279535,-0.003942681269358977,0.008163658521654167,-0.008343046104660266,-0.05483182342083106
764,45.69520831108093,1782105407.496504,-1.097111701965332,-1.214152455329895,1.3491979837417603,-1.6162941455841064,-1.6253201961517334,0.9506545662879944,-5.153861149054251e-05,-0.00010988927554400618,0.00024391965454206854,-0.0005457596442806079,0.0003220072099203719,0.0024540617873309856,-1.457388708852171e-05,9.855674040662715e-06,-3.5766127786300865e-05,6.274264381240981e-05,1.9902667088863993e-05,1.041246558433108e-05,0.007252500110367361,0.008144849342783839,-0.016730928220438333,0.034602369712046596,-0.04454907485656999,-0.27962122699928393
765,45.74927234649658,1782105407.550568,-1.0970755815505981,-1.2141139507293701,1.3491201400756836,-1.616135597229004,-1.6255486011505127,0.9492485523223877,-3.139914030469981e-05,-8.61414954211881e-05,0.00019379878107095294,-0.00044410616207102294,0.00019481811608201838,0.0016515422071652353,0.00026830289208628147,0.0002976357559060476,-0.0006107207430851973,0.0012652278738609418,-0.0016252621416772992,-0.010205452827602643,0.0007860027451556235,0.000517320998317237,-0.0007967791881713273,0.0019514832804877953,-0.003700488154735071,-0.021875633598432552
766,45.800119161605835,1782105407.601415,-1.097110629081726,-1.2141565084457397,1.349208116531372,-1.6163196563720703,-1.6253273487091064,0.9506551623344421,-2.274015385239636e-05,-7.777994109225972e-05,0.00017787348759057409,-0.00040918398250511245,0.00014695903802852683,0.0013544414440644914,9.56442402043286e-05,9.412975272023096e-05,-0.00018077494600251425,0.00039414712629208364,-0.0005351903728362407,-0.0033276765140773587,-0.0004703559348250711,-0.0004301922137765748,0.0008363917941981089,-0.0020129425086488906,0.001697620222040147,0.011672205370878985
767,45.853572607040405,1782105407.6548684,-1.0970743894577026,-1.2141180038452148,1.349130392074585,-1.6161611080169678,-1.6255557537078857,0.9492491483688354,-2.1822573330609885e-05,-7.66997106733669e-05,0.00017565197649105357,-0.00040456135794642023,0.00014116872489822185,0.001317914129328912,0.00023488593490992915,0.0002718664447022731,-0.0005642244883561087,0.0011361145242393608,-0.0015537513747836415,-0.009648873681617116,0.006963142340786195,0.008212879902642037,-0.01715655064706526,0.03537888404694968,-0.045235537291762024,-0.2842862432234749
768,45.904486656188965,1782105407.7057824,-1.0971094369888306,-1.2141605615615845,1.3492183685302734,-1.6163451671600342,-1.6253345012664795,0.9506557583808899,6.948135418127777e-07,-5.065367878032134e-05,0.00012157824382441618,-0.00029581480866447407,-8.035450319354709e-06,0.0003918651308048027,0.0008007611984834689,0.0009270529586349623,-0.001921863763731948,0.003979960946252772,-0.005126503442991863,-0.03217471651141165,0.003437873116259704,0.003988608618966648,-0.008067279025622934,0.01736482527269982,-0.020412616911315802,-0.13033475614978876
769,45.956122398376465,1782105407.7574182,-1.0970733165740967,-1.2141220569610596,1.3491405248641968,-1.6161866188049316,-1.6255629062652588,0.9492497444152832,6.0816439537703104e-05,1.8973331368243862e-05,-2.268457707366167e-05,6.263384834781505e-06,-0.0003877452631275702,-0.002001926955504274,0.0005762804939672002,0.0006679895016219299,-0.0013644878652456125,0.0028609225981660567,-0.0035747296242364824,-0.02256101083605588,-0.011380864691647018,-0.013246425900433383,0.027465800117624888,-0.05707356456979662,0.07320585507446407,0.45980282141040396
770,46.0118670463562,1782105407.8131628,-1.0971083641052246,-1.2141647338867188,1.3492286205291748,-1.616370677947998,-1.6253416538238525,0.9506563544273376,5.755118952066596e-05,1.526111088878679e-05,-1.2727364621767379e-05,-1.4150330120088483e-05,-0.0003596015053481949,-0.0018273947296094661,-0.0004814199667698516,-0.000565670884625786,0.0011698781253849883,-0.002451121059411889,0.0031031071802884494,0.0195371088629215,-0.005097127141117258,-0.006173757702681207,0.012590611719882221,-0.02630095136308163,0.030811730653359428,0.19686453949405555
771,46.063835859298706,1782105407.8651316,-1.0970721244812012,-1.2141261100769043,1.3491507768630981,-1.6162121295928955,-1.6255700588226318,0.949250340461731,1.2046069096882661e-05,-3.831580936086709e-05,9.609492235540529e-05,-0.00024254394230283083,-7.245537448596906e-05,-1.7215491315170084e-05,-7.399340517611229e-05,-0.00011342680825995459,0.00023153083551048618,-0.00047540001052513616,0.00039331075380394246,0.0027174873621814786,0.006877781615178526,0.007955598426859818,-0.016205218613993114,0.03387978865840668,-0.044710783816748166,-0.27939422813986836
772,46.115848779678345,1782105407.9171445,-1.097107172012329,-1.2141687870025635,1.3492387533187866,-1.616396188735962,-1.6253488063812256,0.9506569504737854,4.992797271441418e-05,3.54776774535992e-06,1.1183246458656981e-05,-6.323734931257263e-05,-0.00031915728617448735,-0.0015476598659436291,0.00023365878416077042,0.00026150013827980174,-0.0005150052619418727,0.0010713929328942415,-0.0015453417316587251,-0.009510881729207133,-0.006699212361617213,-0.007180959462107731,0.014587793880110965,-0.030581208535010534,0.043796867519015625,0.26986718413072025
773,46.16503548622131,1782105407.9663312,-1.0970710515975952,-1.2141302824020386,1.349161148071289,-1.6162376403808594,-1.6255772113800049,0.9492509365081787,3.8412308336788215e-05,-8.864184502854755e-06,3.783157279535487e-05,-0.00012105433673781363,-0.00024642734700464075,-0.0010892143438887558,-0.0006825878522676755,-0.0007610124644485642,0.0015486693151397302,-0.0032385165416998,0.0043797481797013225,0.027251187781586965,-0.006725295664273739,-0.0074376886335553345,0.014871442161118575,-0.030653722079100984,0.04394746007938627,0.2707473124694785
774,46.21618127822876,1782105408.017477,-1.0971060991287231,-1.2141728401184082,1.349249005317688,-1.6164216995239258,-1.6253559589385986,0.9506575465202332,-2.034993352140191e-05,-7.48392568592493e-05,0.0001705888436855929,-0.00039641019456304605,0.00013186716034674362,0.00125817444856402,-0.00039354161152889297,-0.00043138965341694773,0.0008688485987210507,-0.0017765090950610336,0.0025582524824118037,0.015749079005560596,0.010932804697417987,0.012377892147593009,-0.025131226757463595,0.052525597990166054,-0.07028223677002772,-0.4381177532808429
775,46.26976799964905,1782105408.0710638,-1.0970698595046997,-1.2141343355178833,1.3491712808609009,-1.6162631511688232,-1.625584363937378,0.9492515325546265,9.713355755280872e-07,-4.975336353396642e-05,0.00012019704105981077,-0.0002890823688552757,-2.6778765835899776e-06,0.0004095412124680564,0.0004888304932086751,0.0005650111295117588,-0.00114256474590263,0.002382284404405329,-0.0031543722076169158,-0.01969977975039918,0.005229162902447147,0.005768983204830272,-0.01162357965236769,0.023727843068360725,-0.03431571507519892,-0.211104907164274
776,46.32254242897034,1782105408.1238382,-1.0971049070358276,-1.214176893234253,1.3492592573165894,-1.6164472103118896,-1.6253631114959717,0.9506581425666809,3.1496008949361e-05,-1.4900211315449496e-05,4.9390321498421486e-05,-0.00014363938507599983,-0.00020259786951015712,-0.0008308883550345314,0.00018075539555971202,0.00020288372217124972,-0.0004092260188741794,0.0008340820780621335,-0.0012081567552210376,-0.007430478224576938,-0.004162283104858175,-0.005037254918796437,0.01021176593368134,-0.021366607919071506,0.027670370079830104,0.17349464719791685
777,46.37371039390564,1782105408.1750062,-1.0970687866210938,-1.214138388633728,1.3491815328598022,-1.616288661956787,-1.625591516494751,0.9492521286010742,2.101763930539846e-05,-2.7217494430686884e-05,7.471077929110947e-05,-0.00019630507962453692,-0.00013641990456214614,-0.0004136587142440362,5.0892127321381546e-05,3.565389195036211e-05,-6.947321053256107e-05,0.00013617194358176744,-0.0002491144928528162,-0.0014796813237652993,8.115869174655285e-05,-0.00015462316202228535,5.534736046727915e-05,-2.8167318914900513e-05,0.0008496604848073144,0.004407941165491092
778,46.425671339035034,1782105408.226967,-1.0971038341522217,-1.2141809463500977,1.3492695093154907,-1.6164727210998535,-1.6253702640533447,0.9506587386131287,3.715309251717258e-05,-1.0781545737970077e-05,4.132369593357055e-05,-0.00012773345239835976,-0.0002307540151811338,-0.0009988834943239766,0.00019331124042753752,0.00019191396109407774,-0.00041404194740139445,0.0008529316672211558,-0.0011491302537106787,-0.007154722333898099,-0.00349463367680626,-0.003494878098730061,0.007055763105995721,-0.014406322030646627,0.02062552373453978,0.1270968164827072
779,46.47577238082886,1782105408.2770681,-1.0970675945281982,-1.2141424417495728,1.3491917848587036,-1.616314172744751,-1.625598669052124,0.949252724647522,4.117559748806343e-05,-7.175913745882667e-06,3.1618072018346766e-05,-0.00010754805219015395,-0.0002561367560431904,-0.0011588915886839857,-0.00028299731814192036,-0.00029728648677222204,0.0006006499546895045,-0.0012311428307819564,0.0017173399388643743,0.01062876132923287,-0.006050060543779442,-0.00627693559080501,0.013212662882838995,-0.027208741270165,0.03674748981098864,0.22869971325127125
780,46.52804231643677,1782105408.329338,-1.0971026420593262,-1.214185118675232,1.349279761314392,-1.6164982318878174,-1.6253774166107178,0.9506593346595764,6.572416877403953e-06,-4.285146812321727e-05,0.00010633321666020379,-0.0002610082746876685,-4.509231981586481e-05,0.00015044995062218902,-0.00041071950265076046,-0.000435207289809106,0.0009073511433525895,-0.0018686877150790317,0.0025220461300064544,0.01569797947025585,0.0031648864049955124,0.003178038732206982,-0.006505591768663644,0.013070641749501732,-0.018654651566815398,-0.11501199201005209
781,46.58059501647949,1782105408.3818908,-1.0970665216445923,-1.2141464948654175,1.349202036857605,-1.6163396835327148,-1.625605821609497,0.9492533206939697,-1.7346072986867966e-06,-5.265524511877118e-05,0.00012643297265313436,-0.0003028236418884944,7.371365887465231e-06,0.00048130907142329704,5.193470624121687e-05,3.914229865547008e-05,-8.829966795681021e-05,0.00015328461105662983,-0.000257398065451364,-0.0015473115395523956,0.00484087675962214,0.005039536062510107,-0.010439485935725737,0.021484430595749147,-0.02923675274641636,-0.18171735116210092
782,46.632230043411255,1782105408.4335258,-1.0971015691757202,-1.2141891717910767,1.3492900133132935,-1.6165237426757812,-1.6253845691680908,0.9506599307060242,1.1601309067188481e-05,-3.918393037949386e-05,9.798995390397636e-05,-0.0002467643796641994,-6.962550899380915e-05,3.5081475431297804e-06,0.00010084995605833298,9.710348722903112e-05,-0.00019579081627677073,0.0004006378371972934,-0.0005670951944491563,-0.003501150657442775,-0.003934547908769042,-0.004177071348651605,0.008471463424108788,-0.016905177392297382,0.0234930216994054,0.1454929464446771
783,46.683860778808594,1782105408.4851565,-1.0970653295516968,-1.2141505479812622,1.3492121696472168,-1.6163651943206787,-1.6256129741668701,0.9492539167404175,8.68109140839124e-06,-4.26263737107746e-05,0.00010621143740507932,-0.00026144559066842987,-5.119808279374638e-05,0.0001197107096260197,-0.00035432748325190603,-0.0003921606736258473,0.0007864218853951077,-0.0015922552126397867,0.0021683736184238502,0.013475554999691088,-0.005844175530256146,-0.006321842303448258,0.012766376779616881,-0.026511252703041225,0.03554892159485814,0.22151852788438564
784,46.73527646064758,1782105408.5365722,-1.0971003770828247,-1.2141932249069214,1.3493002653121948,-1.6165492534637451,-1.6253917217254639,0.9506605267524719,-2.478306328157487e-05,-7.945498032668752e-05,0.0001787587164141513,-0.00041027920695846376,0.00015304012200445527,0.0013872979524052198,-0.0005026469421711096,-0.0005556936068618779,0.0011224243284634343,-0.002336439954701896,0.003103576031864975,0.019371590741823683,0.006045541973977506,0.006544752922407285,-0.01296107190440711,0.02628184847274965,-0.03688938136971712,-0.22807169200285954
785,46.789427518844604,1782105408.5907233,-1.0970642566680908,-1.2141547203063965,1.3492224216461182,-1.6163907051086426,-1.6256201267242432,0.9492545127868652,-4.3549329886261035e-05,-0.0001003871748359586,0.00022308142058768965,-0.0005049605262072987,0.0002715573596603349,0.002135040550440337,0.0003340354666682374,0.00035336786634381076,-0.0006913316885624502,0.0014111293920013234,-0.002035253899992735,-0.01252618445072802,0.009569954693124643,0.010381355398644907,-0.021228776489586293,0.04416516714078238,-0.05917311797737995,-0.3687820026260623
786,46.83947515487671,1782105408.640771,-1.0970993041992188,-1.2141972780227661,1.3493103981018066,-1.616574764251709,-1.625398874282837,0.9506611227989197,4.649131057021805e-06,-4.847684107645023e-05,0.00011864434337027774,-0.0002881892149435572,-2.567923188223631e-05,0.0002900215371539616,0.0005409651591988388,0.0005766124193869198,-0.0011864344008003325,0.002463231372328307,-0.0033442660288108663,-0.020794239783350835,-0.005159584182468849,-0.0053838002600297315,0.01063660397269428,-0.021719865469211248,0.031143012511068893,0.19185901944807035
787,46.89003396034241,1782105408.6913297,-1.0970630645751953,-1.2141587734222412,1.3492326736450195,-1.6164162158966064,-1.6256272792816162,0.949255108833313,1.0441530603699789e-05,-4.284955147504377e-05,0.00010464360909523407,-0.0002590631351324646,-6.223102507973977e-05,5.952001405162832e-05,-0.0001946023235501681,-0.00019839287174224998,0.0003998742011471423,-0.000817948816232776,0.0011568112320059663,0.007142972067581975,-0.002262074492530941,-0.001628090061774964,0.0035580377723971428,-0.0072154947350146145,0.012843298749706047,0.07657176272315752
788,46.94049549102783,1782105408.7417912,-1.0970981121063232,-1.2142014503479004,1.349320650100708,-1.6166002750396729,-1.62540602684021,0.9506617188453674,-1.4949570079636487e-05,-6.845836265512162e-05,0.00015890822627895318,-0.0003705477318938222,9.081687155365614e-05,0.001009332538005836,0.0003100615655314326,0.0004094793131567211,-0.0008215935570674299,0.0017231083012595357,-0.0020320245071661245,-0.012966418670071181,0.0082487864538087,0.009299637474526092,-0.019068642331291935,0.039308219373523794,-0.05080574355741179,-0.31866716906939335
789,46.992841958999634,1782105408.7941377,-1.0970619916915894,-1.214162826538086,1.349242925643921,-1.6164417266845703,-1.6256344318389893,0.9492557048797607,4.5441408458302135e-05,2.7696269384591687e-06,1.2892355343296913e-05,-6.68122576783503e-05,-0.0002905903860064285,-0.001395610055805463,0.0006467100477590651,0.0007471364741834232,-0.0015408061479265762,0.0031808226897128812,-0.004018853455912681,-0.025311945219217983,-0.007721586933588584,-0.009682808023818573,0.019695577019589298,-0.04111387472274569,0.05009974154013705,0.31762978974881695
790,47.04806876182556,1782105408.8493645,-1.0970970392227173,-1.2142055034637451,1.3493309020996094,-1.6166257858276367,-1.625413179397583,0.9506623148918152,5.161832021016721e-05,8.28175480904747e-06,5.493658008504099e-07,-4.3893800114602755e-05,-0.00032216434967224927,-0.0015914389807196727,-0.0006043471458359282,-0.0007276272020745587,0.0014950314108889572,-0.0031078385471821224,0.0038785806499339695,0.024478147457531813,-0.010508018220774027,-0.012285420598025329,0.02539650051821382,-0.05241457563164584,0.06569329050675304,0.41437901174622793
791,47.10003638267517,1782105408.9013321,-1.0970607995986938,-1.2141668796539307,1.3492530584335327,-1.6164672374725342,-1.6256415843963623,0.9492563009262085,-1.48105781256902e-05,-6.999357003323325e-05,0.00016227993620709924,-0.00037766973125386016,9.701915324100696e-05,0.0010510300061596922,-0.0005565208747117672,-0.0006610029259411852,0.0013686420993164721,-0.002826494390933562,0.003512145282901622,0.022189072184264948,0.0052001670872843,0.006221552807858215,-0.012773244545835737,0.026499157604735143,-0.033424329728766536,-0.2105296451559689
792,47.15007042884827,1782105408.9513662,-1.0970958471298218,-1.2142095565795898,1.3493411540985107,-1.6166512966156006,-1.625420331954956,0.9506628513336182,-7.88694163134096e-06,-6.234946651240136e-05,0.00014677007994556845,-0.00034584953695748766,5.336406749201217e-05,0.0007806513311336971,-9.016437822780983e-05,-0.00011176493552776114,0.00023138603369931947,-0.00048490344297831946,0.0005693346723058734,0.003635604474519086,-0.0024292959729789523,-0.0023386144571108753,0.0043200681570467955,-0.008790513816531217,0.014676291964067993,0.08827319885842189
793,47.20152282714844,1782105409.0028186,-1.0970596075057983,-1.2141709327697754,1.349263310432434,-1.616492748260498,-1.6256487369537354,0.9492568969726562,-2.4618537899812054e-05,-8.209726264141182e-05,0.00018731996154564,-0.0004301055135158549,0.00015894695723162044,0.0014460004129848159,-0.0008368654214698922,-0.0009366492545596524,0.0018848900803441302,-0.0038785412236378566,0.005213021248571715,0.03246836666046913,-0.003988103630270924,-0.004033852840058021,0.008099226343784762,-0.016407355665111138,0.02447822776183716,0.14982676192572836
794,47.25039887428284,1782105409.0516946,-1.0970946550369263,-1.2142136096954346,1.349351406097412,-1.6166768074035645,-1.625427484512329,0.9506633877754211,-8.927782522505368e-05,-0.00015354471818085358,0.00033036825352183996,-0.0007237194954168302,0.0005604986202190076,0.003940004024471477,-0.0005431558197973988,-0.0005767501354569561,0.0011647252194503539,-0.002379949590353338,0.0033556252360785544,0.02072997307574119,0.01696311035413053,0.019232682630350943,-0.03858089646389749,0.07940228314858508,-0.10658768897135258,-0.6639899740956665
795,47.30701732635498,1782105409.108313,-1.0970585346221924,-1.2141751050949097,1.3492735624313354,-1.616518259048462,-1.6256558895111084,0.949257493019104,-6.888757042666782e-05,-0.00012815076265582093,0.000280746272443011,-0.0006205591394277121,0.0004317286614288207,0.0031265946519400956,0.0011357019824570303,0.0012906420408444904,-0.0025836857382873584,0.00531249084859039,-0.007177545128759633,-0.04466155283480331,0.012933226274169589,0.01411294937934383,-0.02889580601525147,0.05901759563137033,-0.081098295553194,-0.5031728195630697
796,47.357314109802246,1782105409.1586099,-1.0970935821533203,-1.2142176628112793,1.3493616580963135,-1.6167023181915283,-1.6254346370697021,0.9506639242172241,2.288768334679503e-05,-2.5608367570484347e-05,7.451327438801059e-05,-0.0001974006906948489,-0.00014835837700388765,-0.00047334934632381476,0.0010391850237286959,0.0011573889397855682,-0.0023700522550970373,0.0048472909377365574,-0.006567732915917212,-0.04084746600814115,-0.011423764799089584,-0.013127398854357175,0.026003089903889345,-0.053380764285455795,0.0729401847845544,0.4529733218313969
797,47.40676307678223,1782105409.2080588,-1.0970574617385864,-1.2141790390014648,1.3492838144302368,-1.6165437698364258,-1.6256630420684814,0.9492580890655518,3.608739582361409e-05,-1.1224270791032609e-05,4.1434456997890834e-05,-0.00013106690314224068,-0.0002317235743500845,-0.0009994283748433475,1.221083510000539e-05,-1.1430036039574635e-06,-2.6566677745144623e-05,6.21868754126652e-05,-4.323992828985778e-06,-0.00011349306445690606,0.05470213055822694,0.06254072220370104,-0.12726127392376269,0.2639228896346895,-0.34414313100534033,-2.154682320454838
798,47.45802330970764,1782105409.259319,-1.0970925092697144,-1.214221715927124,1.3493717908859253,-1.6167278289794922,-1.6254417896270752,0.9506644606590271,2.317777681781763e-05,-2.6800743857080533e-05,7.420743327202217e-05,-0.00019585697933521828,-0.00014259077711997747,-0.00044595248073697746,0.006826594180614049,0.007772946153496406,-0.015830707740907998,0.032757300194529756,-0.04298524204014301,-0.2688308970891834,0.13553371086408392,0.15463623295943643,-0.3148603848875162,0.6508670211805722,-0.8556265093224623,-5.349515293629233
799,47.50845289230347,1782105409.3097486,-1.097056269645691,-1.2141830921173096,1.3492940664291382,-1.6165692806243896,-1.6256701946258545,0.9492586851119995,0.0007186183616446905,0.0007658958854371043,-0.0015412472756326915,0.003143955332195521,-0.004529186779313247,-0.027876009966102015,0.013790329981522489,0.015718881428136353,-0.03203387031481099,0.06622724479593899,-0.08698457882053565,-0.5439279104331874,0.13808830933066124,0.15756496218348137,-0.3213027302598449,0.6636966415062105,-0.8724906000716158,-5.455072185483009
