method_name,episode_id,target_id,scene,step,q,ee_position,ee_error,joint_error,safety_margin,collision,planning_time,wall_time,skipped_reason
storm_mppi_tuned,0,tuned_tall_pilot_00,tall,0,"[-6.2071989e-05,-1.5700032,1.100029,-1.5700209,-1.5699973,1.0829615e-06]","[0.48398483,0.13334961,0.721358]",0.6137627545824946,2.0583998918602338,0.0878999940395355,false,nan,20.632768154144287,
storm_mppi_tuned,0,tuned_tall_pilot_00,tall,1,"[-0.0010756891,-1.5699909,1.1036099,-1.5717772,-1.5698246,-0.00029316515]","[0.48398483,0.13334961,0.721358]",0.6137627545824946,2.055980039680886,0.0878999940395355,false,nan,20.634965419769287,
storm_mppi_tuned,0,tuned_tall_pilot_00,tall,2,"[-0.0010756904,-1.5699909,1.1036099,-1.5717772,-1.5698246,-0.00029316584]","[0.48398483,0.13334961,0.721358]",0.6137627545824946,2.0559800387969434,0.0878999940395355,false,nan,20.63704824447632,
storm_mppi_tuned,0,tuned_tall_pilot_00,tall,3,"[-0.0010756911,-1.5699909,1.1036099,-1.5717772,-1.5698246,-0.00029316639]","[0.48398483,0.13334961,0.721358]",0.6137627545824946,2.055980038156164,0.0878999940395355,false,nan,20.638993978500366,
storm_mppi_tuned,0,tuned_tall_pilot_00,tall,4,"[-0.0016416845,-1.570032,1.1044234,-1.5718203,-1.5699218,-0.00032390713]","[0.48398483,0.13334961,0.721358]",0.6137627545824946,2.0552769063053264,0.0878999940395355,false,nan,20.640923500061035,
storm_mppi_tuned,0,tuned_tall_pilot_00,tall,5,"[-0.001641685,-1.570032,1.1044234,-1.5718203,-1.5699218,-0.00032390747]","[0.48398483,0.13334961,0.721358]",0.6137627545824946,2.05527690587917,0.0878999940395355,false,nan,20.642813205718994,
storm_mppi_tuned,0,tuned_tall_pilot_00,tall,6,"[-0.0016416853,-1.570032,1.1044234,-1.5718203,-1.5699218,-0.00032390771]","[0.48468024,0.13287558,0.71985453]",0.612529700091289,2.0552769055884847,0.0878999940395355,false,nan,20.649791479110718,
storm_mppi_tuned,0,tuned_tall_pilot_00,tall,7,"[-0.0023629585,-1.5700946,1.1057073,-1.5719979,-1.5699985,-0.0002720314]","[0.48468024,0.13287558,0.71985453]",0.612529700091289,2.0543263516078034,0.0878999940395355,false,nan,20.660074949264526,
storm_mppi_tuned,0,tuned_tall_pilot_00,tall,8,"[-0.002362959,-1.5700946,1.1057073,-1.5719979,-1.5699985,-0.00027203168]","[0.48468024,0.13287558,0.71985453]",0.612529700091289,2.0543263512390895,0.0878999940395355,false,nan,20.669885635375977,
storm_mppi_tuned,0,tuned_tall_pilot_00,tall,9,"[-0.0023629593,-1.5700946,1.1057073,-1.5719979,-1.5699985,-0.0002720319]","[0.48468024,0.13287558,0.71985453]",0.612529700091289,2.054326350971581,0.0878999940395355,false,nan,20.67985773086548,
storm_mppi_tuned,0,tuned_tall_pilot_00,tall,10,"[-0.0031785157,-1.5701747,1.1071423,-1.5720942,-1.5700842,-0.0001267296]","[0.48484194,0.1325914,0.71948624]",0.6121497828069545,2.0533153132535467,0.0878999940395355,false,nan,20.689738512039185,
storm_mppi_tuned,0,tuned_tall_pilot_00,tall,11,"[-0.0031785162,-1.5701747,1.1071423,-1.5720942,-1.5700842,-0.00012672988]","[0.48484194,0.1325914,0.71948624]",0.6121497828069545,2.0533153128764337,0.0878999940395355,false,nan,20.69979429244995,
storm_mppi_tuned,0,tuned_tall_pilot_00,tall,12,"[-0.0031785166,-1.5701747,1.1071423,-1.5720942,-1.5700842,-0.00012673011]","[0.48484194,0.1325914,0.71948624]",0.6121497828069545,2.0533153125979315,0.0878999940395355,false,nan,20.70964288711548,
storm_mppi_tuned,0,tuned_tall_pilot_00,tall,13,"[-0.0041113913,-1.5702508,1.1088034,-1.5720287,-1.570185,7.1194091e-05]","[0.48507947,0.13223369,0.7189185]",0.6115965710587511,2.0521579475836482,0.0878999940395355,false,nan,20.719626426696777,
storm_mppi_tuned,0,tuned_tall_pilot_00,tall,14,"[-0.0041113919,-1.5702508,1.1088034,-1.5720287,-1.570185,7.1193772e-05]","[0.48507947,0.13223369,0.7189185]",0.6115965710587511,2.0521579471348366,0.0878999940395355,false,nan,20.72951078414917,
storm_mppi_tuned,0,tuned_tall_pilot_00,tall,15,"[-0.0041113923,-1.5702508,1.1088034,-1.5720287,-1.570185,7.1193502e-05]","[0.48507947,0.13223369,0.7189185]",0.6115965710587511,2.052157946801298,0.0878999940395355,false,nan,20.739655017852783,
storm_mppi_tuned,0,tuned_tall_pilot_00,tall,16,"[-0.0041113926,-1.5702508,1.1088034,-1.5720287,-1.570185,7.1193325e-05]","[0.48562917,0.13136546,0.71749777]",0.610210787016577,2.0521579465885593,0.0878999940395355,false,nan,20.74952268600464,
storm_mppi_tuned,0,tuned_tall_pilot_00,tall,17,"[-0.0053132129,-1.5701632,1.1109513,-1.5718622,-1.5703679,0.00026937371]","[0.48562917,0.13136546,0.71749777]",0.610210787016577,2.0506075675952182,0.0878999940395355,false,nan,20.759475231170654,
storm_mppi_tuned,0,tuned_tall_pilot_00,tall,18,"[-0.0053132141,-1.5701632,1.1109513,-1.5718622,-1.5703679,0.00026937319]","[0.48562917,0.13136546,0.71749777]",0.610210787016577,2.0506075667944104,0.0878999940395355,false,nan,20.769518613815308,
storm_mppi_tuned,0,tuned_tall_pilot_00,tall,19,"[-0.0053132148,-1.5701632,1.1109513,-1.5718622,-1.5703679,0.00026937273]","[0.48562917,0.13136546,0.71749777]",0.610210787016577,2.0506075662189045,0.0878999940395355,false,nan,20.779537200927734,
storm_mppi_tuned,0,tuned_tall_pilot_00,tall,20,"[-0.0065367645,-1.5699702,1.1132141,-1.5716388,-1.5706441,0.00043745481]","[0.48562917,0.13136546,0.71749777]",0.610210787016577,2.048941108245665,0.0878999940395355,false,nan,20.789467334747314,
storm_mppi_tuned,0,tuned_tall_pilot_00,tall,21,"[-0.0065367661,-1.5699702,1.1132141,-1.5716388,-1.5706441,0.00043745407]","[0.48562917,0.13136546,0.71749777]",0.610210787016577,2.048941107114451,0.0878999940395355,false,nan,20.79972243309021,
storm_mppi_tuned,0,tuned_tall_pilot_00,tall,22,"[-0.0065367671,-1.5699702,1.1132141,-1.5716388,-1.5706441,0.00043745343]","[0.48562917,0.13136546,0.71749777]",0.610210787016577,2.0489411063255316,0.0878999940395355,false,nan,20.809652090072632,
storm_mppi_tuned,0,tuned_tall_pilot_00,tall,23,"[-0.0065367677,-1.5699703,1.1132141,-1.5716388,-1.5706441,0.00043745302]","[0.48562917,0.13136546,0.71749777]",0.610210787016577,2.0489411058264655,0.0878999940395355,false,nan,20.81993317604065,
storm_mppi_tuned,0,tuned_tall_pilot_00,tall,24,"[-0.0080536446,-1.569772,1.115997,-1.5712475,-1.5709119,0.00060926599]","[0.48665214,0.13013689,0.71516961]",0.6080718603444824,2.04687295601756,0.0878999940395355,false,nan,20.830908060073853,
storm_mppi_tuned,0,tuned_tall_pilot_00,tall,25,"[-0.0080536465,-1.569772,1.115997,-1.5712475,-1.5709119,0.00060926519]","[0.48665214,0.13013689,0.71516961]",0.6080718603444824,2.046872954773658,0.0878999940395355,false,nan,20.839548110961914,
storm_mppi_tuned,0,tuned_tall_pilot_00,tall,26,"[-0.0080536476,-1.569772,1.115997,-1.5712475,-1.5709119,0.00060926448]","[0.48665214,0.13013689,0.71516961]",0.6080718603444824,2.046872953895217,0.0878999940395355,false,nan,20.84964632987976,
storm_mppi_tuned,0,tuned_tall_pilot_00,tall,27,"[-0.0080536482,-1.569772,1.115997,-1.5712475,-1.5709119,0.00060926402]","[0.48665214,0.13013689,0.71516961]",0.6080718603444824,2.0468729533389047,0.0878999940395355,false,nan,20.859650135040283,
storm_mppi_tuned,0,tuned_tall_pilot_00,tall,28,"[-0.0080536486,-1.569772,1.115997,-1.5712475,-1.5709119,0.00060926373]","[0.48729357,0.12936832,0.71366954]",0.6067010067119089,2.0468729529918837,0.0878999940395355,false,nan,20.870315074920654,
storm_mppi_tuned,0,tuned_tall_pilot_00,tall,29,"[-0.0096993382,-1.5695536,1.1190962,-1.5706997,-1.5711491,0.00077937587]","[0.48729357,0.12936832,0.71366954]",0.6067010067119089,2.0445799642266054,0.0878999940395355,false,nan,20.87942361831665,
storm_mppi_tuned,0,tuned_tall_pilot_00,tall,30,"[-0.0096993402,-1.5695536,1.1190962,-1.5706997,-1.5711491,0.00077937505]","[0.48729357,0.12936832,0.71366954]",0.6067010067119089,2.0445799629351,0.0878999940395355,false,nan,20.889589309692383,
storm_mppi_tuned,0,tuned_tall_pilot_00,tall,31,"[-0.0096993413,-1.5695536,1.1190962,-1.5706997,-1.5711491,0.00077937432]","[0.48729357,0.12936832,0.71366954]",0.6067010067119089,2.0445799620143448,0.0878999940395355,false,nan,20.89959168434143,
storm_mppi_tuned,0,tuned_tall_pilot_00,tall,32,"[-0.011274527,-1.5691495,1.1221444,-1.5700582,-1.5714274,0.0009043327]","[0.48729357,0.12936832,0.71366954]",0.6067010067119089,2.0422979020492487,0.0878999940395355,false,nan,20.90964674949646,
storm_mppi_tuned,0,tuned_tall_pilot_00,tall,33,"[-0.01127453,-1.5691495,1.1221444,-1.5700582,-1.5714274,0.00090433154]","[0.48729357,0.12936832,0.71366954]",0.6067010067119089,2.0422979002706203,0.0878999940395355,false,nan,20.919685125350952,
storm_mppi_tuned,0,tuned_tall_pilot_00,tall,34,"[-0.011274531,-1.5691495,1.1221444,-1.5700582,-1.5714274,0.00090433056]","[0.48798892,0.12853786,0.71198428]",0.6051697818032173,2.0422978990427985,0.0878999940395355,false,nan,20.929952144622803,
storm_mppi_tuned,0,tuned_tall_pilot_00,tall,35,"[-0.013010473,-1.5686135,1.1253541,-1.5693344,-1.5717678,0.00093157978]","[0.48798892,0.12853786,0.71198428]",0.6051697818032173,2.0397835944130245,0.0878999940395355,false,nan,20.939740419387817,
storm_mppi_tuned,0,tuned_tall_pilot_00,tall,36,"[-0.013010477,-1.5686135,1.1253541,-1.5693344,-1.5717678,0.00093157838]","[0.48798892,0.12853786,0.71198428]",0.6051697818032173,2.0397835922746124,0.0878999940395355,false,nan,20.949862480163574,
storm_mppi_tuned,0,tuned_tall_pilot_00,tall,37,"[-0.013010478,-1.5686135,1.1253541,-1.5693344,-1.5717678,0.0009315772]","[0.48875904,0.12773493,0.71021944]",0.6036133545444691,2.039783590814922,0.0878999940395355,false,nan,20.96018648147583,
storm_mppi_tuned,0,tuned_tall_pilot_00,tall,38,"[-0.014873257,-1.5680844,1.1286943,-1.5685998,-1.5721789,0.00084573436]","[0.48875904,0.12773493,0.71021944]",0.6036133545444691,2.0370577288454523,0.0878999940395355,false,nan,20.97021484375,
storm_mppi_tuned,0,tuned_tall_pilot_00,tall,39,"[-0.01487326,-1.5680844,1.1286943,-1.5685999,-1.5721789,0.00084573286]","[0.48875904,0.12773493,0.71021944]",0.6036133545444691,2.037057726598859,0.0878999940395355,false,nan,20.98015570640564,
storm_mppi_tuned,0,tuned_tall_pilot_00,tall,40,"[-0.014873262,-1.5680844,1.1286943,-1.5685999,-1.5721789,0.00084573162]","[0.48962927,0.12684391,0.70829964]",0.6019272263822074,2.0370577250703694,0.0878999940395355,false,nan,20.990133047103882,
storm_mppi_tuned,0,tuned_tall_pilot_00,tall,41,"[-0.016820246,-1.5676263,1.132231,-1.567801,-1.5726497,0.00061904886]","[0.48962927,0.12684391,0.70829964]",0.6019272263822074,2.0340775517787724,0.0878999940395355,false,nan,21.000041484832764,
storm_mppi_tuned,0,tuned_tall_pilot_00,tall,42,"[-0.01682025,-1.5676263,1.132231,-1.567801,-1.5726497,0.00061904738]","[0.48962927,0.12684391,0.70829964]",0.6019272263822074,2.034077549576021,0.0878999940395355,false,nan,21.01001811027527,
storm_mppi_tuned,0,tuned_tall_pilot_00,tall,43,"[-0.016820251,-1.5676263,1.132231,-1.567801,-1.5726497,0.00061904615]","[0.49051744,0.12588097,0.70631635]",0.6001668338010638,2.0340775480718802,0.0878999940395355,false,nan,21.01996684074402,
storm_mppi_tuned,0,tuned_tall_pilot_00,tall,44,"[-0.018898556,-1.56724,1.1360207,-1.5667975,-1.5732,0.00039814717]","[0.49051744,0.12588097,0.70631635]",0.6001668338010638,2.0308851313195144,0.0878999940395355,false,nan,21.02989172935486,
storm_mppi_tuned,0,tuned_tall_pilot_00,tall,45,"[-0.018898559,-1.56724,1.1360207,-1.5667975,-1.5732,0.00039814572]","[0.49051744,0.12588097,0.70631635]",0.6001668338010638,2.0308851291826526,0.0878999940395355,false,nan,21.039873123168945,
storm_mppi_tuned,0,tuned_tall_pilot_00,tall,46,"[-0.018898561,-1.56724,1.1360207,-1.5667975,-1.5732,0.00039814452]","[0.49051744,0.12588097,0.70631635]",0.6001668338010638,2.0308851277124336,0.0878999940395355,false,nan,21.05000352859497,
storm_mppi_tuned,0,tuned_tall_pilot_00,tall,47,"[-0.02116715,-1.5668838,1.1400163,-1.5656474,-1.5738382,0.00017640341]","[0.49138734,0.12486827,0.70426214]",0.5983236809628956,2.0274843485715146,0.0878999940395355,false,nan,21.05982804298401,
storm_mppi_tuned,0,tuned_tall_pilot_00,tall,48,"[-0.021167153,-1.5668838,1.1400163,-1.5656474,-1.5738382,0.00017640196]","[0.49138734,0.12486827,0.70426214]",0.5983236809628956,2.0274843464470633,0.0878999940395355,false,nan,21.07133984565735,
storm_mppi_tuned,0,tuned_tall_pilot_00,tall,49,"[-0.021167154,-1.5668838,1.1400163,-1.5656474,-1.5738382,0.00017640076]","[0.49138734,0.12486827,0.70426214]",0.5983236809628956,2.0274843449791087,0.0878999940395355,false,nan,21.080015897750854,
storm_mppi_tuned,0,tuned_tall_pilot_00,tall,50,"[-0.023633853,-1.5665213,1.1442619,-1.5644149,-1.5744793,-9.9931222e-05]","[0.49224266,0.12378064,0.70209086]",0.5963500044611755,2.023835468974311,0.0878999940395355,false,nan,21.090171813964844,
storm_mppi_tuned,0,tuned_tall_pilot_00,tall,51,"[-0.023633856,-1.5665213,1.1442619,-1.5644149,-1.5744793,-9.9932712e-05]","[0.49224266,0.12378064,0.70209086]",0.5963500044611755,2.023835466785392,0.0878999940395355,false,nan,21.100415468215942,
storm_mppi_tuned,0,tuned_tall_pilot_00,tall,52,"[-0.023633858,-1.5665213,1.1442619,-1.5644149,-1.5744793,-9.9933957e-05]","[0.49224266,0.12378064,0.70209086]",0.5963500044611755,2.0238354652710706,0.0878999940395355,false,nan,21.10997438430786,
storm_mppi_tuned,0,tuned_tall_pilot_00,tall,53,"[-0.026181089,-1.5661934,1.148739,-1.5631827,-1.5751211,-0.00044749778]","[0.49310863,0.12258762,0.69981277]",0.5942499529647581,2.0199856420734195,0.0878999940395355,false,nan,21.120073080062866,
storm_mppi_tuned,0,tuned_tall_pilot_00,tall,54,"[-0.026181093,-1.5661934,1.148739,-1.5631827,-1.5751211,-0.0004474993]","[0.49310863,0.12258762,0.69981277]",0.5942499529647581,2.0199856398788327,0.0878999940395355,false,nan,21.13006591796875,
storm_mppi_tuned,0,tuned_tall_pilot_00,tall,55,"[-0.026181094,-1.5661934,1.148739,-1.5631827,-1.5751211,-0.00044750055]","[0.49401164,0.12129281,0.69739693]",0.5920097119922851,2.0199856383576544,0.0878999940395355,false,nan,21.14017343521118,
storm_mppi_tuned,0,tuned_tall_pilot_00,tall,56,"[-0.028735124,-1.5660003,1.153402,-1.5619685,-1.5756671,-0.00079141458]","[0.49401164,0.12129281,0.69739693]",0.5920097119922851,2.0160629966206938,0.0878999940395355,false,nan,21.150338172912598,
storm_mppi_tuned,0,tuned_tall_pilot_00,tall,57,"[-0.028735127,-1.5660003,1.153402,-1.5619685,-1.5756671,-0.00079141601]","[0.49401164,0.12129281,0.69739693]",0.5920097119922851,2.016062994600671,0.0878999940395355,false,nan,21.1599440574646,
storm_mppi_tuned,0,tuned_tall_pilot_00,tall,58,"[-0.028735129,-1.5660003,1.153402,-1.5619685,-1.5756671,-0.00079141718]","[0.49491522,0.11995449,0.69488311]",0.5896755745922718,2.0160629931880343,0.0878999940395355,false,nan,21.170015573501587,
storm_mppi_tuned,0,tuned_tall_pilot_00,tall,59,"[-0.031264256,-1.5658768,1.1582791,-1.560751,-1.5761775,-0.0011171564]","[0.49491522,0.11995449,0.69488311]",0.5896755745922718,2.012059846079527,0.0878999940395355,false,nan,21.179937839508057,
storm_mppi_tuned,0,tuned_tall_pilot_00,tall,60,"[-0.031264259,-1.5658768,1.1582791,-1.560751,-1.5761775,-0.0011171577]","[0.49491522,0.11995449,0.69488311]",0.5896755745922718,2.0120598441786357,0.0878999940395355,false,nan,21.189894676208496,
storm_mppi_tuned,0,tuned_tall_pilot_00,tall,61,"[-0.03126426,-1.5658768,1.1582791,-1.560751,-1.5761775,-0.0011171589]","[0.49575233,0.11862035,0.69234502]",0.5873052025207184,2.0120598428371674,0.0878999940395355,false,nan,21.199933767318726,
storm_mppi_tuned,0,tuned_tall_pilot_00,tall,62,"[-0.03382012,-1.5656911,1.163421,-1.5594564,-1.5768027,-0.0014229188]","[0.49575233,0.11862035,0.69234502]",0.5873052025207184,2.007894119890494,0.0878999940395355,false,nan,21.209972381591797,
storm_mppi_tuned,0,tuned_tall_pilot_00,tall,63,"[-0.033820123,-1.5656911,1.163421,-1.5594564,-1.5768027,-0.0014229202]","[0.49575233,0.11862035,0.69234502]",0.5873052025207184,2.007894117887615,0.0878999940395355,false,nan,21.22002124786377,
storm_mppi_tuned,0,tuned_tall_pilot_00,tall,64,"[-0.033820124,-1.5656911,1.163421,-1.5594564,-1.5768027,-0.0014229214]","[0.49655479,0.11729953,0.68973398]",0.5848739904659155,2.0078941164752058,0.0878999940395355,false,nan,21.230360746383667,
storm_mppi_tuned,0,tuned_tall_pilot_00,tall,65,"[-0.036430875,-1.5653712,1.1688269,-1.5581097,-1.5775653,-0.0017805457]","[0.49655479,0.11729953,0.68973398]",0.5848739904659155,2.003503011864763,0.0878999940395355,false,nan,21.240168571472168,
storm_mppi_tuned,0,tuned_tall_pilot_00,tall,66,"[-0.036430878,-1.5653712,1.1688269,-1.5581097,-1.5775653,-0.0017805473]","[0.49655479,0.11729953,0.68973398]",0.5848739904659155,2.0035030095999553,0.0878999940395355,false,nan,21.25008463859558,
storm_mppi_tuned,0,tuned_tall_pilot_00,tall,67,"[-0.03643088,-1.5653712,1.1688269,-1.5581097,-1.5775653,-0.0017805486]","[0.49739718,0.11594932,0.68695062]",0.5823093286791416,2.0035030080176295,0.0878999940395355,false,nan,21.260161638259888,
storm_mppi_tuned,0,tuned_tall_pilot_00,tall,68,"[-0.039090782,-1.5648678,1.1744928,-1.5566345,-1.578448,-0.0021774013]","[0.49739718,0.11594932,0.68695062]",0.5823093286791416,1.9989006379373295,0.0878999940395355,false,nan,21.270063400268555,
storm_mppi_tuned,0,tuned_tall_pilot_00,tall,69,"[-0.039090786,-1.5648678,1.1744928,-1.5566345,-1.578448,-0.0021774031]","[0.49739718,0.11594932,0.68695062]",0.5823093286791416,1.9989006353059735,0.0878999940395355,false,nan,21.28006625175476,
storm_mppi_tuned,0,tuned_tall_pilot_00,tall,70,"[-0.039090788,-1.5648678,1.1744928,-1.5566345,-1.578448,-0.0021774047]","[0.49739718,0.11594932,0.68695062]",0.5823093286791416,1.998900633488621,0.0878999940395355,false,nan,21.29010558128357,
storm_mppi_tuned,0,tuned_tall_pilot_00,tall,71,"[-0.041812408,-1.5642481,1.1803092,-1.5550153,-1.5793359,-0.0026702713]","[0.49831825,0.11455173,0.68396235]",0.5795921802759124,1.9941270341305743,0.0878999940395355,false,nan,21.300195455551147,
storm_mppi_tuned,0,tuned_tall_pilot_00,tall,72,"[-0.041812412,-1.5642481,1.1803092,-1.5550153,-1.5793359,-0.0026702733]","[0.49831825,0.11455173,0.68396235]",0.5795921802759124,1.9941270312293238,0.0878999940395355,false,nan,21.310187101364136,
storm_mppi_tuned,0,tuned_tall_pilot_00,tall,73,"[-0.041812415,-1.5642481,1.1803092,-1.5550153,-1.5793359,-0.002670275]","[0.49831825,0.11455173,0.68396235]",0.5795921802759124,1.994127029242507,0.0878999940395355,false,nan,21.320239543914795,
storm_mppi_tuned,0,tuned_tall_pilot_00,tall,74,"[-0.041812416,-1.5642481,1.1803092,-1.5550153,-1.5793359,-0.0026702761]","[0.50039661,0.11163042,0.67735863]",0.5737046581541825,1.99412702800457,0.0878999940395355,false,nan,21.330084562301636,
storm_mppi_tuned,0,tuned_tall_pilot_00,tall,75,"[-0.044869758,-1.5635701,1.1867558,-1.5531476,-1.5802829,-0.0032548162]","[0.50039661,0.11163042,0.67735863]",0.5737046581541825,1.9888109790416164,0.0878999940395355,false,nan,21.34037184715271,
storm_mppi_tuned,0,tuned_tall_pilot_00,tall,76,"[-0.044869763,-1.5635701,1.1867558,-1.5531477,-1.5802829,-0.0032548182]","[0.50039661,0.11163042,0.67735863]",0.5737046581541825,1.9888109761709027,0.0878999940395355,false,nan,21.35019612312317,
storm_mppi_tuned,0,tuned_tall_pilot_00,tall,77,"[-0.044869765,-1.5635701,1.1867558,-1.5531477,-1.5802829,-0.0032548199]","[0.50039661,0.11163041,0.67735863]",0.5737046548621219,1.988810974186439,0.0878999940395355,false,nan,21.3603036403656,
storm_mppi_tuned,0,tuned_tall_pilot_00,tall,78,"[-0.047687931,-1.562983,1.1927231,-1.5512809,-1.5811539,-0.0037542208]","[0.50039661,0.11163041,0.67735863]",0.5737046548621219,1.9839289673895526,0.0878999940395355,false,nan,21.37030839920044,
storm_mppi_tuned,0,tuned_tall_pilot_00,tall,79,"[-0.047687935,-1.562983,1.1927231,-1.5512809,-1.5811539,-0.0037542229]","[0.50039661,0.11163041,0.67735863]",0.5737046548621219,1.9839289644914382,0.0878999940395355,false,nan,21.38026523590088,
storm_mppi_tuned,0,tuned_tall_pilot_00,tall,80,"[-0.050593176,-1.5623198,1.1988979,-1.5492459,-1.5821212,-0.0041949148]","[0.50153774,0.10996956,0.67360634]",0.5703606424097543,1.9789282821339866,0.0878999940395355,false,nan,21.394318103790283,
storm_mppi_tuned,0,tuned_tall_pilot_00,tall,81,"[-0.05059318,-1.5623198,1.1988979,-1.5492459,-1.5821212,-0.0041949174]","[0.50153774,0.10996956,0.67360634]",0.5703606424097543,1.9789282786352156,0.0878999940395355,false,nan,21.400569200515747,
storm_mppi_tuned,0,tuned_tall_pilot_00,tall,82,"[-0.050593183,-1.5623198,1.1988979,-1.5492459,-1.5821212,-0.0041949194]","[0.50153774,0.10996956,0.67360634]",0.5703606424097543,1.9789282762843048,0.0878999940395355,false,nan,21.41022753715515,
storm_mppi_tuned,0,tuned_tall_pilot_00,tall,83,"[-0.053506856,-1.5616255,1.2052593,-1.5470435,-1.5831591,-0.0046547155]","[0.50253338,0.10843606,0.67013323]",0.5672545311294489,1.9737984215417292,0.0878999940395355,false,nan,21.42019295692444,
storm_mppi_tuned,0,tuned_tall_pilot_00,tall,84,"[-0.053506861,-1.5616255,1.2052593,-1.5470435,-1.5831591,-0.0046547178]","[0.50253338,0.10843606,0.67013323]",0.5672545311294489,1.973798418331207,0.0878999940395355,false,nan,21.43029761314392,
storm_mppi_tuned,0,tuned_tall_pilot_00,tall,85,"[-0.053506863,-1.5616255,1.2052593,-1.5470435,-1.5831591,-0.0046547197]","[0.50355291,0.10684339,0.66649652]",0.5640097823293196,1.973798416157361,0.0878999940395355,false,nan,21.440269470214844,
storm_mppi_tuned,0,tuned_tall_pilot_00,tall,86,"[-0.056512188,-1.5608289,1.2118374,-1.5447652,-1.584305,-0.0051601137]","[0.50355291,0.10684339,0.66649652]",0.5640097823293196,1.968474338602047,0.0878999940395355,false,nan,21.45025396347046,
storm_mppi_tuned,0,tuned_tall_pilot_00,tall,87,"[-0.056512192,-1.5608289,1.2118374,-1.5447652,-1.584305,-0.0051601161]","[0.50355291,0.10684339,0.66649652]",0.5640097823293196,1.9684743352952454,0.0878999940395355,false,nan,21.46383810043335,
storm_mppi_tuned,0,tuned_tall_pilot_00,tall,88,"[-0.056512195,-1.5608289,1.2118374,-1.5447652,-1.584305,-0.005160118]","[0.50456005,0.10523482,0.66272891]",0.560658863355925,1.9684743330624135,0.0878999940395355,false,nan,21.4703106880188,
storm_mppi_tuned,0,tuned_tall_pilot_00,tall,89,"[-0.05960154,-1.5599891,1.2186393,-1.5424466,-1.5855148,-0.0056999869]","[0.50456005,0.10523482,0.66272891]",0.560658863355925,1.9629762922592775,0.0878999940395355,false,nan,21.4800443649292,
storm_mppi_tuned,0,tuned_tall_pilot_00,tall,90,"[-0.059601545,-1.5599891,1.2186393,-1.5424466,-1.5855148,-0.0056999894]","[0.50456005,0.10523482,0.66272891]",0.560658863355925,1.9629762888552653,0.0878999940395355,false,nan,21.490018129348755,
storm_mppi_tuned,0,tuned_tall_pilot_00,tall,91,"[-0.059601547,-1.5599891,1.2186393,-1.5424466,-1.5855148,-0.0056999914]","[0.50560319,0.10356243,0.65879202]",0.5571699992244199,1.9629762865654732,0.0878999940395355,false,nan,21.500157594680786,
storm_mppi_tuned,0,tuned_tall_pilot_00,tall,92,"[-0.062750719,-1.5591328,1.2256862,-1.5401246,-1.5867829,-0.0061643418]","[0.50560319,0.10356243,0.65879202]",0.5571699992244199,1.9573872794058516,0.0878999940395355,false,nan,21.509992122650146,
storm_mppi_tuned,0,tuned_tall_pilot_00,tall,93,"[-0.062750724,-1.5591328,1.2256862,-1.5401246,-1.5867829,-0.0061643443]","[0.50560319,0.10356243,0.65879202]",0.5571699992244199,1.9573872759440285,0.0878999940395355,false,nan,21.5201416015625,
storm_mppi_tuned,0,tuned_tall_pilot_00,tall,94,"[-0.065974806,-1.5583439,1.2329773,-1.537753,-1.5881535,-0.0066442058]","[0.50665098,0.10183568,0.65471625]",0.5535608130229237,1.9516231718031862,0.0878999940395355,false,nan,21.533634901046753,
storm_mppi_tuned,0,tuned_tall_pilot_00,tall,95,"[-0.065974811,-1.5583439,1.2329773,-1.537753,-1.5881535,-0.0066442088]","[0.50665098,0.10183568,0.65471625]",0.5535608130229237,1.95162316785638,0.0878999940395355,false,nan,21.541056632995605,
storm_mppi_tuned,0,tuned_tall_pilot_00,tall,96,"[-0.065974814,-1.5583439,1.2329773,-1.537753,-1.5881535,-0.0066442111]","[0.50768769,0.10006796,0.65050918]",0.5498380519532303,1.9516231652429799,0.0878999940395355,false,nan,21.55020308494568,
storm_mppi_tuned,0,tuned_tall_pilot_00,tall,97,"[-0.069257914,-1.5575632,1.2405392,-1.5353765,-1.5895671,-0.0071759038]","[0.50768769,0.10006796,0.65050918]",0.5498380519532303,1.9456679856050794,0.0878999940395355,false,nan,21.560038089752197,
storm_mppi_tuned,0,tuned_tall_pilot_00,tall,98,"[-0.069257919,-1.5575632,1.2405392,-1.5353765,-1.5895671,-0.0071759065]","[0.50768769,0.10006796,0.65050918]",0.5498380519532303,1.9456679821130614,0.0878999940395355,false,nan,21.570350170135498,
storm_mppi_tuned,0,tuned_tall_pilot_00,tall,99,"[-0.069257921,-1.5575632,1.2405392,-1.5353765,-1.5895671,-0.0071759085]","[0.50866735,0.09825024,0.64620733]",0.546008878043278,1.9456679797804586,0.0878999940395355,false,nan,21.58010172843933,
storm_mppi_tuned,0,tuned_tall_pilot_00,tall,100,"[-0.072668395,-1.5568021,1.2483564,-1.5329128,-1.5910805,-0.0077104951]","[0.50866735,0.09825024,0.64620733]",0.546008878043278,1.939526148939333,0.0878999940395355,false,nan,21.590161561965942,
storm_mppi_tuned,0,tuned_tall_pilot_00,tall,101,"[-0.0726684,-1.5568021,1.2483564,-1.5329128,-1.5910805,-0.0077104976]","[0.50866735,0.09825024,0.64620733]",0.546008878043278,1.9395261455704118,0.0878999940395355,false,nan,21.6004536151886,
storm_mppi_tuned,0,tuned_tall_pilot_00,tall,102,"[-0.076114321,-1.5560785,1.2563733,-1.5303236,-1.5927067,-0.0082745746]","[0.50961864,0.096394785,0.64177364]",0.5420614264260133,1.9332355202279916,0.0878999940395355,false,nan,21.610183000564575,
storm_mppi_tuned,0,tuned_tall_pilot_00,tall,103,"[-0.076114326,-1.5560785,1.2563733,-1.5303236,-1.5927067,-0.0082745776]","[0.50961864,0.096394785,0.64177364]",0.5420614264260133,1.9332355164020536,0.0878999940395355,false,nan,21.623843908309937,
storm_mppi_tuned,0,tuned_tall_pilot_00,tall,104,"[-0.076114329,-1.5560785,1.2563733,-1.5303236,-1.5927067,-0.0082745799]","[0.50961864,0.096394785,0.64177364]",0.5420614264260133,1.9332355138746313,0.0878999940395355,false,nan,21.63440489768982,
storm_mppi_tuned,0,tuned_tall_pilot_00,tall,105,"[-0.079958926,-1.55532,1.2654712,-1.5273066,-1.594526,-0.0090288777]","[0.51138026,0.092500001,0.63255453]",0.5337949458674781,1.9260644992246627,0.0878999940395355,false,nan,21.643049001693726,
storm_mppi_tuned,0,tuned_tall_pilot_00,tall,106,"[-0.07995893,-1.55532,1.2654712,-1.5273066,-1.594526,-0.0090288804]","[0.51138026,0.092500001,0.63255453]",0.5337949458674781,1.9260644956572666,0.0878999940395355,false,nan,21.65113663673401,
storm_mppi_tuned,0,tuned_tall_pilot_00,tall,107,"[-0.079958933,-1.55532,1.2654712,-1.5273066,-1.594526,-0.0090288825]","[0.51138026,0.092500001,0.63255453]",0.5337949458674781,1.9260644932697186,0.0878999940395355,false,nan,21.66060447692871,
storm_mppi_tuned,0,tuned_tall_pilot_00,tall,108,"[-0.083470931,-1.554582,1.2739386,-1.5244535,-1.596172,-0.009853023]","[0.51138026,0.092500001,0.63255453]",0.5337949458674781,1.9193589728803864,0.0878999940395355,false,nan,21.67068076133728,
storm_mppi_tuned,0,tuned_tall_pilot_00,tall,109,"[-0.083470935,-1.554582,1.2739386,-1.5244535,-1.596172,-0.0098530255]","[0.51138026,0.092500001,0.63255453]",0.5337949458674781,1.919358969546803,0.0878999940395355,false,nan,21.680546283721924,
storm_mppi_tuned,0,tuned_tall_pilot_00,tall,110,"[-0.083470938,-1.554582,1.2739386,-1.5244535,-1.596172,-0.0098530275]","[0.51138026,0.092500001,0.63255453]",0.5337949458674781,1.9193589673276819,0.0878999940395355,false,nan,21.690535306930542,
storm_mppi_tuned,0,tuned_tall_pilot_00,tall,111,"[-0.087040568,-1.5537302,1.282731,-1.5215039,-1.5978042,-0.010815976]","[0.51224023,0.090310819,0.62729144]",0.5290570711370457,1.9123907937039781,0.0878999940395355,false,nan,21.70054292678833,
storm_mppi_tuned,0,tuned_tall_pilot_00,tall,112,"[-0.087040573,-1.5537302,1.282731,-1.5215039,-1.5978042,-0.010815979]","[0.51224023,0.090310819,0.62729144]",0.5290570711370457,1.9123907902635224,0.0878999940395355,false,nan,21.710466146469116,
storm_mppi_tuned,0,tuned_tall_pilot_00,tall,113,"[-0.087040576,-1.5537302,1.282731,-1.5215039,-1.5978042,-0.010815981]","[0.51298761,0.088310532,0.62237257]",0.5246429454765453,1.912390787984341,0.0878999940395355,false,nan,21.72037100791931,
storm_mppi_tuned,0,tuned_tall_pilot_00,tall,114,"[-0.090672951,-1.5527041,1.291754,-1.5185296,-1.5995066,-0.011875922]","[0.51298761,0.088310532,0.62237257]",0.5246429454765453,1.9052253657227083,0.0878999940395355,false,nan,21.730579614639282,
storm_mppi_tuned,0,tuned_tall_pilot_00,tall,115,"[-0.090672956,-1.5527041,1.291754,-1.5185296,-1.5995066,-0.011875925]","[0.51298761,0.088310532,0.62237257]",0.5246429454765453,1.905225362023048,0.0878999940395355,false,nan,21.740662574768066,
storm_mppi_tuned,0,tuned_tall_pilot_00,tall,116,"[-0.094396417,-1.55158,1.3010427,-1.5154709,-1.6013068,-0.013031094]","[0.51373714,0.086277485,0.61722469]",0.5200543690408724,1.897827992653917,0.0878999940395355,false,nan,21.750555992126465,
storm_mppi_tuned,0,tuned_tall_pilot_00,tall,117,"[-0.094396423,-1.55158,1.3010427,-1.5154709,-1.6013067,-0.013031098]","[0.51373714,0.086277485,0.61722469]",0.5200543690408724,1.8978279881811888,0.0878999940395355,false,nan,21.760622262954712,
storm_mppi_tuned,0,tuned_tall_pilot_00,tall,118,"[-0.094396426,-1.55158,1.3010427,-1.5154709,-1.6013067,-0.0130311]","[0.51373714,0.086277485,0.61722469]",0.5200543690408724,1.8978279853006277,0.0878999940395355,false,nan,21.77059054374695,
storm_mppi_tuned,0,tuned_tall_pilot_00,tall,119,"[-0.094396428,-1.55158,1.3010427,-1.5154709,-1.6013067,-0.013031102]","[0.51451141,0.084198438,0.61187357]",0.515318329407512,1.8978279835609153,0.0878999940395355,false,nan,21.78049898147583,
storm_mppi_tuned,0,tuned_tall_pilot_00,tall,120,"[-0.098127274,-1.5504115,1.3105819,-1.5123703,-1.6031722,-0.014266735]","[0.51451141,0.084198438,0.61187357]",0.515318329407512,1.8902573377632563,0.0878999940395355,false,nan,21.790493488311768,
storm_mppi_tuned,0,tuned_tall_pilot_00,tall,121,"[-0.098127279,-1.5504115,1.3105819,-1.5123703,-1.6031722,-0.014266738]","[0.51451141,0.084198438,0.61187357]",0.515318329407512,1.8902573340945827,0.0878999940395355,false,nan,21.800583839416504,
storm_mppi_tuned,0,tuned_tall_pilot_00,tall,122,"[-0.098127282,-1.5504115,1.3105819,-1.5123703,-1.6031722,-0.01426674]","[0.51526755,0.082059823,0.60633397]",0.5104237389568184,1.8902573317077118,0.0878999940395355,false,nan,21.810578107833862,
storm_mppi_tuned,0,tuned_tall_pilot_00,tall,123,"[-0.1018568,-1.5492687,1.3203277,-1.5090951,-1.6051721,-0.015584916]","[0.51526755,0.082059823,0.60633397]",0.5104237389568184,1.8825154585650532,0.0878999940395355,false,nan,21.820768356323242,
storm_mppi_tuned,0,tuned_tall_pilot_00,tall,124,"[-0.1018568,-1.5492687,1.3203277,-1.5090951,-1.6051721,-0.015584919]","[0.51526755,0.082059823,0.60633397]",0.5104237389568184,1.8825154547204954,0.0878999940395355,false,nan,21.830825328826904,
storm_mppi_tuned,0,tuned_tall_pilot_00,tall,125,"[-0.10185681,-1.5492687,1.3203277,-1.5090951,-1.6051721,-0.015584921]","[0.51526755,0.082059823,0.60633397]",0.5104237389568184,1.8825154522397438,0.0878999940395355,false,nan,21.84099316596985,
storm_mppi_tuned,0,tuned_tall_pilot_00,tall,126,"[-0.10185681,-1.5492687,1.3203277,-1.5090951,-1.6051721,-0.015584923]","[0.51597202,0.079910703,0.60064632]",0.5054100358159772,1.8825154507466082,0.0878999940395355,false,nan,21.85325050354004,
storm_mppi_tuned,0,tuned_tall_pilot_00,tall,127,"[-0.10553144,-1.5481308,1.3301766,-1.5057142,-1.6072608,-0.016956679]","[0.51597202,0.079910703,0.60064632]",0.5054100358159772,1.8747106138370873,0.0878999940395355,false,nan,21.861040830612183,
storm_mppi_tuned,0,tuned_tall_pilot_00,tall,128,"[-0.10553144,-1.5481308,1.3301766,-1.5057142,-1.6072608,-0.016956682]","[0.51597202,0.079910703,0.60064632]",0.5054100358159772,1.8747106103727282,0.0878999940395355,false,nan,21.870894193649292,
storm_mppi_tuned,0,tuned_tall_pilot_00,tall,129,"[-0.10553144,-1.5481308,1.3301766,-1.5057143,-1.6072608,-0.016956684]","[0.51657712,0.077753961,0.5948537]",0.5002906151518295,1.8747106081323681,0.0878999940395355,false,nan,21.882145166397095,
storm_mppi_tuned,0,tuned_tall_pilot_00,tall,130,"[-0.10917475,-1.5470387,1.3401551,-1.5024654,-1.6094584,-0.018363476]","[0.51657712,0.077753961,0.5948537]",0.5002906151518295,1.8668420471545228,0.0873515905289235,false,nan,21.890629529953003,
storm_mppi_tuned,0,tuned_tall_pilot_00,tall,131,"[-0.10917476,-1.5470387,1.3401551,-1.5024654,-1.6094584,-0.018363479]","[0.51657712,0.077753961,0.5948537]",0.5002906151518295,1.8668420435178321,0.08735159482654808,false,nan,21.900484085083008,
storm_mppi_tuned,0,tuned_tall_pilot_00,tall,132,"[-0.10917476,-1.5470387,1.3401551,-1.5024654,-1.6094584,-0.018363481]","[0.51657712,0.077753961,0.5948537]",0.5002906151518295,1.8668420411905848,0.08735159482654808,false,nan,21.910463333129883,
storm_mppi_tuned,0,tuned_tall_pilot_00,tall,133,"[-0.10917476,-1.5470387,1.3401551,-1.5024654,-1.6094584,-0.018363483]","[0.51708972,0.075621732,0.58900636]",0.4951213314631971,1.866842039796358,0.08735159482654808,false,nan,21.92053771018982,
storm_mppi_tuned,0,tuned_tall_pilot_00,tall,134,"[-0.11285537,-1.5460625,1.3502167,-1.4992098,-1.611737,-0.019831292]","[0.51708972,0.075621732,0.58900636]",0.4951213314631971,1.8588889160567446,0.0838687253024327,false,nan,21.930537939071655,
storm_mppi_tuned,0,tuned_tall_pilot_00,tall,135,"[-0.11285538,-1.5460625,1.3502167,-1.4992098,-1.611737,-0.019831295]","[0.51708972,0.075621732,0.58900636]",0.4951213314631971,1.858888912935737,0.0838687253024327,false,nan,21.940447568893433,
storm_mppi_tuned,0,tuned_tall_pilot_00,tall,136,"[-0.11285538,-1.5460625,1.3502167,-1.4992098,-1.611737,-0.019831297]","[0.51751232,0.073500782,0.5831399]",0.48992436080332447,1.858888910926465,0.08386873438124626,false,nan,21.950703620910645,
storm_mppi_tuned,0,tuned_tall_pilot_00,tall,137,"[-0.11657542,-1.5451288,1.3603327,-1.4958351,-1.6141559,-0.021434371]","[0.51751232,0.073500782,0.5831399]",0.48992436080332447,1.8507915482954733,0.08059049460972764,false,nan,21.960599899291992,
storm_mppi_tuned,0,tuned_tall_pilot_00,tall,138,"[-0.11657542,-1.5451288,1.3603327,-1.4958351,-1.6141559,-0.021434374]","[0.51751232,0.073500782,0.5831399]",0.48992436080332447,1.8507915450575543,0.08059049460286524,false,nan,21.97071886062622,
storm_mppi_tuned,0,tuned_tall_pilot_00,tall,139,"[-0.11657543,-1.5451288,1.3603327,-1.4958351,-1.6141559,-0.021434376]","[0.51751232,0.073500782,0.5831399]",0.48992436080332447,1.8507915429903223,0.08059049460286524,false,nan,21.980703353881836,
storm_mppi_tuned,0,tuned_tall_pilot_00,tall,140,"[-0.11657543,-1.5451288,1.3603327,-1.4958351,-1.6141559,-0.021434377]","[0.51780933,0.071363881,0.57729828]",0.48470310065939526,1.850791541756341,0.08059049460286524,false,nan,21.990485429763794,
storm_mppi_tuned,0,tuned_tall_pilot_00,tall,141,"[-0.12023939,-1.5441418,1.3704904,-1.49245,-1.6168504,-0.023158169]","[0.51780933,0.071363881,0.57729828]",0.48470310065939526,1.8425757691018099,0.0774911261653684,false,nan,22.000585079193115,
storm_mppi_tuned,0,tuned_tall_pilot_00,tall,142,"[-0.1202394,-1.5441418,1.3704904,-1.49245,-1.6168504,-0.023158171]","[0.51780933,0.071363881,0.57729828]",0.48470310065939526,1.842575766119025,0.07749112624023613,false,nan,22.01069402694702,
storm_mppi_tuned,0,tuned_tall_pilot_00,tall,143,"[-0.1202394,-1.5441418,1.3704904,-1.49245,-1.6168504,-0.023158173]","[0.51780933,0.071363881,0.57729828]",0.48470310065939526,1.842575764217642,0.07749112624023613,false,nan,22.020464181900024,
storm_mppi_tuned,0,tuned_tall_pilot_00,tall,144,"[-0.12379054,-1.5431988,1.3807065,-1.4890953,-1.6197508,-0.024778546]","[0.51800126,0.069202974,0.57144701]",0.47943641346916765,1.8344420717015373,0.0745952007960119,false,nan,22.030566692352295,
storm_mppi_tuned,0,tuned_tall_pilot_00,tall,145,"[-0.12379054,-1.5431988,1.3807065,-1.4890953,-1.6197508,-0.024778548]","[0.51800126,0.069202974,0.57144701]",0.47943641346916765,1.8344420685896539,0.074595200759422,false,nan,22.043762922286987,
storm_mppi_tuned,0,tuned_tall_pilot_00,tall,146,"[-0.12379054,-1.5431988,1.3807065,-1.4890953,-1.6197508,-0.02477855]","[0.51800126,0.069202974,0.57144701]",0.47943641346916765,1.8344420666259469,0.07459520602314187,false,nan,22.053911209106445,
storm_mppi_tuned,0,tuned_tall_pilot_00,tall,147,"[-0.12379055,-1.5431988,1.3807065,-1.4890953,-1.6197508,-0.024778551]","[0.51812732,0.067049488,0.56555796]",0.47413564405055775,1.8344420654593259,0.07459520602314187,false,nan,22.062784910202026,
storm_mppi_tuned,0,tuned_tall_pilot_00,tall,148,"[-0.12729846,-1.542435,1.3909804,-1.4857217,-1.6227335,-0.026384985]","[0.51812732,0.067049488,0.56555796]",0.47413564405055775,1.8263228436056826,0.07197108205321476,false,nan,22.07054591178894,
storm_mppi_tuned,0,tuned_tall_pilot_00,tall,149,"[-0.12729846,-1.542435,1.3909804,-1.4857217,-1.6227335,-0.026384987]","[0.51812732,0.067049488,0.56555796]",0.47413564405055775,1.826322841057004,0.07197108205321476,false,nan,22.08053684234619,
storm_mppi_tuned,0,tuned_tall_pilot_00,tall,150,"[-0.12729846,-1.542435,1.3909804,-1.4857217,-1.6227335,-0.026384989]","[0.51812732,0.067049488,0.56555796]",0.47413564405055775,1.8263228394335684,0.07197108205321476,false,nan,22.090935945510864,
storm_mppi_tuned,0,tuned_tall_pilot_00,tall,151,"[-0.1308088,-1.5416883,1.4012399,-1.4822903,-1.6257553,-0.028135275]","[0.5181483,0.064944945,0.55967748]",0.46883398330049675,1.8181273837501002,0.06961300886821459,false,nan,22.10037875175476,
storm_mppi_tuned,0,tuned_tall_pilot_00,tall,152,"[-0.1308088,-1.5416883,1.4012399,-1.4822903,-1.6257553,-0.028135277]","[0.5181483,0.064944945,0.55967748]",0.46883398330049675,1.8181273811126306,0.06961300886821459,false,nan,22.110592365264893,
storm_mppi_tuned,0,tuned_tall_pilot_00,tall,153,"[-0.1308088,-1.5416883,1.4012399,-1.4822903,-1.6257553,-0.028135279]","[0.5181483,0.064944945,0.55967748]",0.46883398330049675,1.818127379447662,0.06961300886821459,false,nan,22.12065315246582,
storm_mppi_tuned,0,tuned_tall_pilot_00,tall,154,"[-0.1308088,-1.5416883,1.4012399,-1.4822903,-1.6257553,-0.02813528]","[0.51801401,0.062873758,0.55386943]",0.46354521004550114,1.818127378461325,0.06961300886821459,false,nan,22.13032054901123,
storm_mppi_tuned,0,tuned_tall_pilot_00,tall,155,"[-0.13432119,-1.5409299,1.4115551,-1.4788318,-1.6288402,-0.0300442]","[0.51801401,0.062873758,0.55386943]",0.46354521004550114,1.809807456747335,0.0675085978275689,false,nan,22.14056396484375,
storm_mppi_tuned,0,tuned_tall_pilot_00,tall,156,"[-0.13432119,-1.5409299,1.4115551,-1.4788318,-1.6288402,-0.030044201]","[0.51801401,0.062873758,0.55386943]",0.46354521004550114,1.8098074543639877,0.06750859783888857,false,nan,22.15053677558899,
storm_mppi_tuned,0,tuned_tall_pilot_00,tall,157,"[-0.13432119,-1.5409299,1.4115551,-1.4788318,-1.6288402,-0.030044203]","[0.51801401,0.062873758,0.55386943]",0.46354521004550114,1.8098074528593104,0.06750859788030678,false,nan,22.160730600357056,
storm_mppi_tuned,0,tuned_tall_pilot_00,tall,158,"[-0.13768115,-1.5401969,1.4218175,-1.4754494,-1.6320136,-0.032048689]","[0.51779151,0.060809724,0.54808378]",0.4582527559854774,1.8015116615715578,0.06565797451805055,false,nan,22.1703360080719,
storm_mppi_tuned,0,tuned_tall_pilot_00,tall,159,"[-0.13768115,-1.5401969,1.4218175,-1.4754494,-1.6320136,-0.032048691]","[0.51779151,0.060809724,0.54808378]",0.4582527559854774,1.8015116590964464,0.06565797451805055,false,nan,22.180468320846558,
storm_mppi_tuned,0,tuned_tall_pilot_00,tall,160,"[-0.13768115,-1.5401969,1.4218175,-1.4754494,-1.6320136,-0.032048692]","[0.51779151,0.060809724,0.54808378]",0.4582527559854774,1.8015116575508268,0.06565797451805055,false,nan,22.190433740615845,
storm_mppi_tuned,0,tuned_tall_pilot_00,tall,161,"[-0.13768115,-1.5401969,1.4218175,-1.4754494,-1.6320136,-0.032048693]","[0.51749176,0.058750052,0.54227602]",0.452927561074349,1.8015116566390579,0.06565797451805055,false,nan,22.200600147247314,
storm_mppi_tuned,0,tuned_tall_pilot_00,tall,162,"[-0.14097674,-1.5395145,1.4320544,-1.4721773,-1.6352063,-0.034166588]","[0.51749176,0.058750052,0.54227602]",0.452927561074349,1.7931984403243595,0.06409567147901102,false,nan,22.21040916442871,
storm_mppi_tuned,0,tuned_tall_pilot_00,tall,163,"[-0.14097674,-1.5395145,1.4320544,-1.4721773,-1.6352063,-0.034166589]","[0.51749176,0.058750052,0.54227602]",0.452927561074349,1.7931984381791721,0.06409567147901102,false,nan,22.220449924468994,
storm_mppi_tuned,0,tuned_tall_pilot_00,tall,164,"[-0.14097674,-1.5395145,1.4320544,-1.4721773,-1.6352063,-0.034166591]","[0.51749176,0.058750052,0.54227602]",0.452927561074349,1.7931984368373943,0.06409567147901102,false,nan,22.230440616607666,
storm_mppi_tuned,0,tuned_tall_pilot_00,tall,165,"[-0.14097674,-1.5395145,1.4320544,-1.4721773,-1.6352063,-0.034166591]","[0.51710624,0.056772821,0.53653014]",0.44766063898273784,1.7931984360469688,0.06409567149151027,false,nan,22.240324020385742,
storm_mppi_tuned,0,tuned_tall_pilot_00,tall,166,"[-0.14437336,-1.5388958,1.4424277,-1.4689566,-1.6383615,-0.036384159]","[0.51710624,0.056772821,0.53653014]",0.44766063898273784,1.7847586513228448,0.06285385847726646,false,nan,22.250539541244507,
storm_mppi_tuned,0,tuned_tall_pilot_00,tall,167,"[-0.14437337,-1.5388958,1.4424277,-1.4689566,-1.6383615,-0.03638416]","[0.51710624,0.056772821,0.53653014]",0.44766063898273784,1.7847586493438046,0.06285386509990193,false,nan,22.260316848754883,
storm_mppi_tuned,0,tuned_tall_pilot_00,tall,168,"[-0.14437337,-1.5388958,1.4424277,-1.4689566,-1.6383615,-0.036384162]","[0.51663619,0.054840654,0.53084874]",0.4424367187494833,1.784758648105426,0.06285386509990193,false,nan,22.270302534103394,
storm_mppi_tuned,0,tuned_tall_pilot_00,tall,169,"[-0.14774011,-1.5382903,1.4527893,-1.4656996,-1.641486,-0.038686206]","[0.51663619,0.054840654,0.53084874]",0.4424367187494833,1.7763144022811832,0.061905717001669684,false,nan,22.280674934387207,
storm_mppi_tuned,0,tuned_tall_pilot_00,tall,170,"[-0.14774011,-1.5382903,1.4527893,-1.4656996,-1.641486,-0.038686207]","[0.51663619,0.054840654,0.53084874]",0.4424367187494833,1.7763144002153346,0.06190571695469945,false,nan,22.290385007858276,
storm_mppi_tuned,0,tuned_tall_pilot_00,tall,171,"[-0.14774011,-1.5382903,1.4527893,-1.4656996,-1.641486,-0.038686208]","[0.51663619,0.054840654,0.53084874]",0.4424367187494833,1.7763143989347574,0.06190571695469945,false,nan,22.30035161972046,
storm_mppi_tuned,0,tuned_tall_pilot_00,tall,172,"[-0.14774011,-1.5382903,1.4527893,-1.4656996,-1.641486,-0.038686209]","[0.51607335,0.052877121,0.52515292]",0.4371593302523298,1.7763143981831921,0.06190571695469945,false,nan,22.31048011779785,
storm_mppi_tuned,0,tuned_tall_pilot_00,tall,173,"[-0.15109457,-1.5377316,1.4630662,-1.4624967,-1.6445261,-0.041148782]","[0.51607335,0.052877121,0.52515292]",0.4371593302523298,1.7678451264490225,0.06128203749279224,false,nan,22.32049870491028,
storm_mppi_tuned,0,tuned_tall_pilot_00,tall,174,"[-0.15109457,-1.5377316,1.4630662,-1.4624967,-1.6445261,-0.041148783]","[0.51607335,0.052877121,0.52515292]",0.4371593302523298,1.767845124672903,0.06128203749279224,false,nan,22.330456256866455,
storm_mppi_tuned,0,tuned_tall_pilot_00,tall,175,"[-0.15109457,-1.5377316,1.4630662,-1.4624967,-1.6445261,-0.041148784]","[0.51607335,0.052877121,0.52515292]",0.4371593302523298,1.7678451235688737,0.06128203749279224,false,nan,22.340646743774414,
storm_mppi_tuned,0,tuned_tall_pilot_00,tall,176,"[-0.15440738,-1.5372621,1.4734295,-1.4593309,-1.6475978,-0.043674845]","[0.5154286,0.050947487,0.51948237]",0.4318912375624155,1.7593321592588689,0.060942842472916973,false,nan,22.35066556930542,
storm_mppi_tuned,0,tuned_tall_pilot_00,tall,177,"[-0.15440738,-1.5372621,1.4734295,-1.4593309,-1.6475978,-0.043674846]","[0.5154286,0.050947487,0.51948237]",0.4318912375624155,1.759332157528978,0.060942842472916973,false,nan,22.360453844070435,
storm_mppi_tuned,0,tuned_tall_pilot_00,tall,178,"[-0.15440738,-1.5372621,1.4734295,-1.4593309,-1.6475978,-0.043674847]","[0.5154286,0.050947487,0.51948237]",0.4318912375624155,1.759332156456927,0.060942842472916973,false,nan,22.370469331741333,
storm_mppi_tuned,0,tuned_tall_pilot_00,tall,179,"[-0.15440739,-1.5372621,1.4734295,-1.4593309,-1.6475978,-0.043674848]","[0.51470745,0.049048115,0.51389837]",0.42667652736241,1.7593321558294095,0.060942842472916973,false,nan,22.38046669960022,
storm_mppi_tuned,0,tuned_tall_pilot_00,tall,180,"[-0.15767511,-1.5369184,1.483946,-1.4560755,-1.6507459,-0.046216149]","[0.51470745,0.049048115,0.51389837]",0.42667652736241,1.7507729401724075,0.060875289113810245,false,nan,22.390501976013184,
storm_mppi_tuned,0,tuned_tall_pilot_00,tall,181,"[-0.15767511,-1.5369184,1.483946,-1.4560755,-1.6507459,-0.04621615]","[0.51470745,0.049048115,0.51389837]",0.42667652736241,1.750772938825274,0.060875289113810245,false,nan,22.40050768852234,
storm_mppi_tuned,0,tuned_tall_pilot_00,tall,182,"[-0.15767511,-1.5369184,1.483946,-1.4560755,-1.6507459,-0.046216151]","[0.51470745,0.049048115,0.51389837]",0.42667652736241,1.7507729379776682,0.060875289113810245,false,nan,22.410502433776855,
storm_mppi_tuned,0,tuned_tall_pilot_00,tall,183,"[-0.16083631,-1.536566,1.4944786,-1.4527655,-1.6539111,-0.048796211]","[0.51388001,0.047187623,0.50833827]",0.42145701384187995,1.742250021541824,0.06105279521289784,false,nan,22.420544862747192,
storm_mppi_tuned,0,tuned_tall_pilot_00,tall,184,"[-0.16083631,-1.536566,1.4944786,-1.4527655,-1.6539111,-0.048796212]","[0.51388001,0.047187623,0.50833827]",0.42145701384187995,1.7422500201556066,0.06105279521289784,false,nan,22.43067216873169,
storm_mppi_tuned,0,tuned_tall_pilot_00,tall,185,"[-0.16083631,-1.536566,1.4944786,-1.4527655,-1.6539111,-0.048796212]","[0.51388001,0.047187623,0.50833827]",0.42145701384187995,1.7422500192928716,0.06105279521289784,false,nan,22.440576553344727,
storm_mppi_tuned,0,tuned_tall_pilot_00,tall,186,"[-0.16083632,-1.536566,1.4944786,-1.4527655,-1.6539111,-0.048796213]","[0.51291519,0.045369092,0.50277716]",0.41619837112859787,1.7422500187888565,0.06105279521289784,false,nan,22.4506196975708,
storm_mppi_tuned,0,tuned_tall_pilot_00,tall,187,"[-0.16403901,-1.5362824,1.5050189,-1.4494394,-1.657014,-0.051393721]","[0.51291519,0.045369092,0.50277716]",0.41619837112859787,1.733751175754387,0.06154681649338586,false,nan,22.4606876373291,
storm_mppi_tuned,0,tuned_tall_pilot_00,tall,188,"[-0.16403901,-1.5362824,1.5050189,-1.4494394,-1.657014,-0.051393721]","[0.51291519,0.045369092,0.50277716]",0.41619837112859787,1.733751174632289,0.06154681649338586,false,nan,22.470531702041626,
storm_mppi_tuned,0,tuned_tall_pilot_00,tall,189,"[-0.16403901,-1.5362824,1.5050189,-1.4494394,-1.657014,-0.051393722]","[0.51291519,0.045369092,0.50277716]",0.41619837112859787,1.7337511739253395,0.06154681649338586,false,nan,22.480509757995605,
storm_mppi_tuned,0,tuned_tall_pilot_00,tall,190,"[-0.16728702,-1.5360319,1.5154722,-1.446146,-1.6600317,-0.053947931]","[0.51187181,0.043621283,0.49721846]",0.4109477471780646,1.7253722058382506,0.06235526178955401,false,nan,22.490646600723267,
storm_mppi_tuned,0,tuned_tall_pilot_00,tall,191,"[-0.16728702,-1.5360319,1.5154722,-1.446146,-1.6600317,-0.053947931]","[0.51187181,0.043621283,0.49721846]",0.4109477471780646,1.725372204746152,0.06235526178242718,false,nan,22.500579833984375,
storm_mppi_tuned,0,tuned_tall_pilot_00,tall,192,"[-0.16728702,-1.5360319,1.5154722,-1.446146,-1.6600317,-0.053947932]","[0.51187181,0.043621283,0.49721846]",0.4109477471780646,1.725372204060117,0.06235526178242718,false,nan,22.510693073272705,
storm_mppi_tuned,0,tuned_tall_pilot_00,tall,193,"[-0.16728702,-1.5360319,1.5154722,-1.446146,-1.6600317,-0.053947932]","[0.510737,0.041880067,0.49170876]",0.40570097200328653,1.7253722036600025,0.06235526178242718,false,nan,22.52114772796631,
storm_mppi_tuned,0,tuned_tall_pilot_00,tall,194,"[-0.17049535,-1.5358304,1.5259213,-1.4427794,-1.6629893,-0.056439898]","[0.510737,0.041880067,0.49170876]",0.40570097200328653,1.7171140406929515,0.06341102628560957,false,nan,22.530599117279053,
storm_mppi_tuned,0,tuned_tall_pilot_00,tall,195,"[-0.17049535,-1.5358304,1.5259213,-1.4427794,-1.6629893,-0.056439898]","[0.510737,0.041880067,0.49170876]",0.40570097200328653,1.7171140398248772,0.06341102628560957,false,nan,22.540387868881226,
storm_mppi_tuned,0,tuned_tall_pilot_00,tall,196,"[-0.17049535,-1.5358304,1.5259213,-1.4427794,-1.6629893,-0.056439899]","[0.510737,0.041880067,0.49170876]",0.40570097200328653,1.7171140392713173,0.06341102628560957,false,nan,22.55046010017395,
storm_mppi_tuned,0,tuned_tall_pilot_00,tall,197,"[-0.17364582,-1.5357128,1.5363367,-1.4393348,-1.6660124,-0.058875684]","[0.50953889,0.040142156,0.4862802]",0.4004934138145095,1.708962704527344,0.0646988365867279,false,nan,22.56033229827881,
storm_mppi_tuned,0,tuned_tall_pilot_00,tall,198,"[-0.17364582,-1.5357128,1.5363367,-1.4393348,-1.6660124,-0.058875684]","[0.50953889,0.040142156,0.4862802]",0.4004934138145095,1.7089627037757928,0.0646988365867279,false,nan,22.57052969932556,
storm_mppi_tuned,0,tuned_tall_pilot_00,tall,199,"[-0.17364582,-1.5357128,1.5363367,-1.4393348,-1.6660124,-0.058875685]","[0.50953889,0.040142156,0.4862802]",0.4004934138145095,1.708962703290363,0.0646988365867279,false,nan,22.580400228500366,
storm_mppi_tuned,0,tuned_tall_pilot_00,tall,200,"[-0.17364582,-1.5357128,1.5363367,-1.4393348,-1.6660124,-0.058875685]","[0.50825083,0.038452998,0.48089233]",0.3953017002570976,1.708962703007234,0.06469883669095333,false,nan,22.590545654296875,
storm_mppi_tuned,0,tuned_tall_pilot_00,tall,201,"[-0.17669641,-1.5356372,1.5466735,-1.4358805,-1.6691083,-0.061244835]","[0.50825083,0.038452998,0.48089233]",0.3953017002570976,1.7009608867844936,0.06547242868970155,false,nan,22.600664854049683,
storm_mppi_tuned,0,tuned_tall_pilot_00,tall,202,"[-0.17669641,-1.5356372,1.5466735,-1.4358805,-1.6691083,-0.061244835]","[0.50825083,0.038452998,0.48089233]",0.3953017002570976,1.7009608862351242,0.06547242868970155,false,nan,22.610801696777344,
storm_mppi_tuned,0,tuned_tall_pilot_00,tall,203,"[-0.17669641,-1.5356372,1.5466735,-1.4358805,-1.6691083,-0.061244835]","[0.50686336,0.036811382,0.47557789]",0.3901412346263395,1.7009608858697547,0.06547242868970155,false,nan,22.620733499526978,
storm_mppi_tuned,0,tuned_tall_pilot_00,tall,204,"[-0.17967516,-1.5356277,1.5569539,-1.4323937,-1.6722191,-0.063637091]","[0.50686336,0.036811382,0.47557789]",0.3901412346263395,1.6930289268901353,0.06376812331404969,false,nan,22.631014585494995,
storm_mppi_tuned,0,tuned_tall_pilot_00,tall,205,"[-0.17967516,-1.5356277,1.5569539,-1.4323937,-1.6722191,-0.063637091]","[0.50686336,0.036811382,0.47557789]",0.3901412346263395,1.6930289264537823,0.06376812331404969,false,nan,22.64107847213745,
storm_mppi_tuned,0,tuned_tall_pilot_00,tall,206,"[-0.17967516,-1.5356277,1.5569539,-1.4323937,-1.6722191,-0.063637091]","[0.50686336,0.036811382,0.47557789]",0.3901412346263395,1.69302892615471,0.06376812331404969,false,nan,22.651042938232422,
storm_mppi_tuned,0,tuned_tall_pilot_00,tall,207,"[-0.17967516,-1.5356277,1.5569539,-1.4323937,-1.6722191,-0.063637091]","[0.5054028,0.035233676,0.47034395]",0.3850382340351689,1.693028925980006,0.06376812331404969,false,nan,22.66106152534485,
storm_mppi_tuned,0,tuned_tall_pilot_00,tall,208,"[-0.18255209,-1.5355746,1.5672082,-1.4288116,-1.6753645,-0.066003805]","[0.5054028,0.035233676,0.47034395]",0.3850382340351689,1.685203168657931,0.0621393462995583,false,nan,22.671016454696655,
storm_mppi_tuned,0,tuned_tall_pilot_00,tall,209,"[-0.18255209,-1.5355746,1.5672082,-1.4288116,-1.6753645,-0.066003805]","[0.5054028,0.035233676,0.47034395]",0.3850382340351689,1.685203168273659,0.0621393462995583,false,nan,22.681069374084473,
storm_mppi_tuned,0,tuned_tall_pilot_00,tall,210,"[-0.18255209,-1.5355746,1.5672082,-1.4288116,-1.6753645,-0.066003805]","[0.5054028,0.035233676,0.47034395]",0.3850382340351689,1.6852031680103,0.0621393462995583,false,nan,22.693207025527954,
storm_mppi_tuned,0,tuned_tall_pilot_00,tall,211,"[-0.18538665,-1.5355009,1.5775301,-1.425218,-1.6785649,-0.06840631]","[0.50386143,0.033713348,0.46518958]",0.3799835832343368,1.6773714906149473,0.06058973982103628,false,nan,22.701416492462158,
storm_mppi_tuned,0,tuned_tall_pilot_00,tall,212,"[-0.18538665,-1.5355009,1.5775301,-1.425218,-1.6785649,-0.06840631]","[0.50386143,0.033713348,0.46518958]",0.3799835832343368,1.6773714902165198,0.06058973982103628,false,nan,22.71120858192444,
storm_mppi_tuned,0,tuned_tall_pilot_00,tall,213,"[-0.18538665,-1.5355009,1.5775301,-1.425218,-1.6785649,-0.06840631]","[0.50386143,0.033713348,0.46518958]",0.3799835832343368,1.6773714899495942,0.06058973982103628,false,nan,22.72142004966736,
storm_mppi_tuned,0,tuned_tall_pilot_00,tall,214,"[-0.18538665,-1.5355009,1.5775301,-1.425218,-1.6785649,-0.06840631]","[0.50226152,0.03225961,0.46004209]",0.37494532920878,1.677371489794572,0.06058973982103628,false,nan,22.73155188560486,
storm_mppi_tuned,0,tuned_tall_pilot_00,tall,215,"[-0.18821042,-1.535424,1.5880419,-1.4216329,-1.6818638,-0.070917708]","[0.50226152,0.03225961,0.46004209]",0.37494532920878,1.669405477261483,0.059110545426912166,false,nan,22.74160361289978,
storm_mppi_tuned,0,tuned_tall_pilot_00,tall,216,"[-0.18821042,-1.535424,1.5880419,-1.4216329,-1.6818638,-0.070917708]","[0.50226152,0.03225961,0.46004209]",0.37494532920878,1.6694054769393554,0.059110545426912166,false,nan,22.75207757949829,
storm_mppi_tuned,0,tuned_tall_pilot_00,tall,217,"[-0.18821042,-1.535424,1.5880419,-1.4216329,-1.6818638,-0.070917708]","[0.50226152,0.03225961,0.46004209]",0.37494532920878,1.669405476720148,0.059110545426912166,false,nan,22.76139211654663,
storm_mppi_tuned,0,tuned_tall_pilot_00,tall,218,"[-0.19099395,-1.5353245,1.5986598,-1.418037,-1.685139,-0.073456428]","[0.50059593,0.030842412,0.45487678]",0.36988929829035866,1.6614454109000376,0.05771640858638307,false,nan,22.771392822265625,
storm_mppi_tuned,0,tuned_tall_pilot_00,tall,219,"[-0.19099395,-1.5353245,1.5986598,-1.418037,-1.685139,-0.073456428]","[0.50059593,0.030842412,0.45487678]",0.36988929829035866,1.6614454105728664,0.05771640858638307,false,nan,22.781532526016235,
storm_mppi_tuned,0,tuned_tall_pilot_00,tall,220,"[-0.19099395,-1.5353245,1.5986598,-1.418037,-1.685139,-0.073456428]","[0.50059593,0.030842412,0.45487678]",0.36988929829035866,1.6614454103553702,0.05771640858638307,false,nan,22.79149031639099,
storm_mppi_tuned,0,tuned_tall_pilot_00,tall,221,"[-0.19099395,-1.5353245,1.5986598,-1.418037,-1.685139,-0.073456428]","[0.4988448,0.029445983,0.44964758]",0.36476667021731135,1.6614454102298617,0.05771640858638307,false,nan,22.801390647888184,
storm_mppi_tuned,0,tuned_tall_pilot_00,tall,222,"[-0.19385094,-1.5352563,1.6093707,-1.414535,-1.6882899,-0.075996929]","[0.4988448,0.029445983,0.44964758]",0.36476667021731135,1.6535007372766701,0.0564643580383249,false,nan,22.81140160560608,
storm_mppi_tuned,0,tuned_tall_pilot_00,tall,223,"[-0.19385094,-1.5352563,1.6093707,-1.414535,-1.6882899,-0.075996928]","[0.4988448,0.029445983,0.44964758]",0.36476667021731135,1.6535007370746484,0.0564643580383249,false,nan,22.821509838104248,
storm_mppi_tuned,0,tuned_tall_pilot_00,tall,224,"[-0.19385094,-1.5352563,1.6093707,-1.414535,-1.6882899,-0.075996928]","[0.4988448,0.029445983,0.44964758]",0.36476667021731135,1.653500736930102,0.0564643580383249,false,nan,22.83154296875,
storm_mppi_tuned,0,tuned_tall_pilot_00,tall,225,"[-0.19669836,-1.5351772,1.6201325,-1.4111534,-1.6915281,-0.078645373]","[0.497022,0.028095096,0.44438356]",0.3596172375068242,1.6454844385541734,0.055334488369089115,false,nan,22.841517448425293,
storm_mppi_tuned,0,tuned_tall_pilot_00,tall,226,"[-0.19669836,-1.5351772,1.6201325,-1.4111534,-1.6915281,-0.078645372]","[0.497022,0.028095096,0.44438356]",0.3596172375068242,1.6454844383825356,0.055334459520695135,false,nan,22.85137391090393,
storm_mppi_tuned,0,tuned_tall_pilot_00,tall,227,"[-0.19669836,-1.5351772,1.6201325,-1.4111534,-1.6915281,-0.078645372]","[0.497022,0.028095096,0.44438356]",0.3596172375068242,1.6454844382595162,0.055334459520695135,false,nan,22.86145305633545,
storm_mppi_tuned,0,tuned_tall_pilot_00,tall,228,"[-0.19669836,-1.5351772,1.6201325,-1.4111534,-1.6915281,-0.078645372]","[0.49513033,0.026744056,0.43912461]",0.35444756076241185,1.645484438189201,0.055334459520695135,false,nan,22.87144422531128,
storm_mppi_tuned,0,tuned_tall_pilot_00,tall,229,"[-0.19943821,-1.5351321,1.6309035,-1.4078428,-1.6947534,-0.08127394]","[0.49513033,0.026744056,0.43912461]",0.35444756076241185,1.6375722443950462,0.054309187709094646,false,nan,22.88145637512207,
storm_mppi_tuned,0,tuned_tall_pilot_00,tall,230,"[-0.19943821,-1.5351321,1.6309035,-1.4078428,-1.6947534,-0.081273939]","[0.49513033,0.026744056,0.43912461]",0.35444756076241185,1.6375722443463703,0.054309187709094646,false,nan,22.891315698623657,
storm_mppi_tuned,0,tuned_tall_pilot_00,tall,231,"[-0.19943821,-1.5351321,1.6309035,-1.4078428,-1.6947534,-0.081273939]","[0.49513033,0.026744056,0.43912461]",0.35444756076241185,1.6375722442964884,0.054309187709094646,false,nan,22.90133810043335,
storm_mppi_tuned,0,tuned_tall_pilot_00,tall,232,"[-0.19943821,-1.5351321,1.6309035,-1.4078428,-1.6947534,-0.081273939]","[0.49318454,0.025410084,0.43387508]",0.34927755300213176,1.637572244268527,0.054309187709094646,false,nan,22.911508560180664,
storm_mppi_tuned,0,tuned_tall_pilot_00,tall,233,"[-0.20212303,-1.5350873,1.6415972,-1.4045785,-1.6980219,-0.083880507]","[0.49318454,0.025410084,0.43387508]",0.34927755300213176,1.6297711370008319,0.05341950173722713,false,nan,22.921432495117188,
storm_mppi_tuned,0,tuned_tall_pilot_00,tall,234,"[-0.20212303,-1.5350873,1.6415972,-1.4045785,-1.6980219,-0.083880506]","[0.49318454,0.025410084,0.43387508]",0.34927755300213176,1.6297711370198305,0.05341950173722713,false,nan,22.931373834609985,
storm_mppi_tuned,0,tuned_tall_pilot_00,tall,235,"[-0.20212303,-1.5350873,1.6415972,-1.4045785,-1.6980219,-0.083880506]","[0.49117282,0.02415378,0.42867127]",0.34415251074093256,1.6297711370111982,0.05341950173722713,false,nan,22.941343545913696,
storm_mppi_tuned,0,tuned_tall_pilot_00,tall,236,"[-0.20473077,-1.5350805,1.6522916,-1.4012446,-1.7014797,-0.086509054]","[0.49117282,0.02415378,0.42867127]",0.34415251074093256,1.6219916094378866,0.05264719209108431,false,nan,22.95133328437805,
storm_mppi_tuned,0,tuned_tall_pilot_00,tall,237,"[-0.20473077,-1.5350805,1.6522916,-1.4012446,-1.7014797,-0.086509053]","[0.49117282,0.02415378,0.42867127]",0.34415251074093256,1.6219916095702662,0.05264719209108431,false,nan,22.961397647857666,
storm_mppi_tuned,0,tuned_tall_pilot_00,tall,238,"[-0.20473077,-1.5350805,1.6522916,-1.4012446,-1.7014797,-0.086509053]","[0.49117282,0.02415378,0.42867127]",0.34415251074093256,1.6219916096266767,0.05264719209108431,false,nan,22.971376657485962,
storm_mppi_tuned,0,tuned_tall_pilot_00,tall,239,"[-0.20473077,-1.5350805,1.6522916,-1.4012446,-1.7014797,-0.086509053]","[0.48911655,0.022939589,0.42353609]",0.3390827722581113,1.6219916096601013,0.05264719209108431,false,nan,22.981342554092407,
storm_mppi_tuned,0,tuned_tall_pilot_00,tall,240,"[-0.2073131,-1.5351532,1.6629815,-1.3978936,-1.7049842,-0.089252368]","[0.48911655,0.022939589,0.42353609]",0.3390827722581113,1.6141696509380645,0.052014497850856996,false,nan,22.991395235061646,
storm_mppi_tuned,0,tuned_tall_pilot_00,tall,241,"[-0.2073131,-1.5351532,1.6629815,-1.3978936,-1.7049842,-0.089252367]","[0.48911655,0.022939589,0.42353609]",0.3390827722581113,1.6141696512468546,0.052014497850856996,false,nan,23.001248359680176,
storm_mppi_tuned,0,tuned_tall_pilot_00,tall,242,"[-0.2073131,-1.5351532,1.6629815,-1.3978936,-1.7049842,-0.089252367]","[0.48911655,0.022939589,0.42353609]",0.3390827722581113,1.6141696514015247,0.052014497850856996,false,nan,23.01146101951599,
storm_mppi_tuned,0,tuned_tall_pilot_00,tall,243,"[-0.20985313,-1.5352477,1.6736248,-1.3945677,-1.7085017,-0.092039432]","[0.48697847,0.021771226,0.41844574]",0.33403228873595564,1.6063945175627428,0.051514554897071956,false,nan,23.021347761154175,
storm_mppi_tuned,0,tuned_tall_pilot_00,tall,244,"[-0.20985313,-1.5352477,1.6736248,-1.3945677,-1.7085017,-0.092039431]","[0.48697847,0.021771226,0.41844574]",0.33403228873595564,1.606394517994208,0.051514554897071956,false,nan,23.03144145011902,
storm_mppi_tuned,0,tuned_tall_pilot_00,tall,245,"[-0.20985313,-1.5352477,1.6736248,-1.3945677,-1.7085017,-0.09203943]","[0.48697847,0.021771226,0.41844574]",0.33403228873595564,1.6063945182195165,0.051514554897071956,false,nan,23.041309595108032,
storm_mppi_tuned,0,tuned_tall_pilot_00,tall,246,"[-0.20985313,-1.5352477,1.6736248,-1.3945677,-1.7085017,-0.09203943]","[0.4847604,0.020638075,0.41342446]",0.3290117645809248,1.6063945183498416,0.051514554897071956,false,nan,23.051424980163574,
storm_mppi_tuned,0,tuned_tall_pilot_00,tall,247,"[-0.2123439,-1.5353364,1.6842778,-1.3912881,-1.7121161,-0.094710463]","[0.4847604,0.020638075,0.41342446]",0.3290117645809248,1.5987663403737746,0.051134146918800534,false,nan,23.061552047729492,
storm_mppi_tuned,0,tuned_tall_pilot_00,tall,248,"[-0.2123439,-1.5353364,1.6842778,-1.3912881,-1.7121161,-0.094710462]","[0.4847604,0.020638075,0.41342446]",0.3290117645809248,1.5987663408417983,0.051134146918800534,false,nan,23.07141637802124,
storm_mppi_tuned,0,tuned_tall_pilot_00,tall,249,"[-0.2123439,-1.5353364,1.6842778,-1.3912881,-1.7121161,-0.094710462]","[0.4847604,0.020638075,0.41342446]",0.3290117645809248,1.5987663410894841,0.051134146918800534,false,nan,23.081308841705322,
storm_mppi_tuned,0,tuned_tall_pilot_00,tall,250,"[-0.21482171,-1.5354868,1.6949815,-1.3880872,-1.7157835,-0.097309957]","[0.48249075,0.019546051,0.40846682]",0.3240378055971489,1.5912286569830352,0.05088533908206117,false,nan,23.091471195220947,
storm_mppi_tuned,0,tuned_tall_pilot_00,tall,251,"[-0.21482171,-1.5354868,1.6949815,-1.3880872,-1.7157835,-0.097309955]","[0.48249075,0.019546051,0.40846682]",0.3240378055971489,1.5912286576296937,0.05088533908206117,false,nan,23.101459980010986,
storm_mppi_tuned,0,tuned_tall_pilot_00,tall,252,"[-0.21482171,-1.5354868,1.6949815,-1.3880872,-1.7157835,-0.097309955]","[0.48249075,0.019546051,0.40846682]",0.3240378055971489,1.5912286579779273,0.05088533908206117,false,nan,23.11141848564148,
storm_mppi_tuned,0,tuned_tall_pilot_00,tall,253,"[-0.21482171,-1.5354868,1.6949815,-1.3880872,-1.7157835,-0.097309955]","[0.48249075,0.019546051,0.40846682]",0.3240378055971489,1.5912286581788162,0.05088533908206117,false,nan,23.121623754501343,
storm_mppi_tuned,0,tuned_tall_pilot_00,tall,254,"[-0.21482171,-1.5354868,1.6949815,-1.3880872,-1.7157835,-0.097309955]","[0.47777748,0.017461861,0.39864993]",0.3141501209057239,1.5912286582951796,0.05088533908206117,false,nan,23.131564378738403,
storm_mppi_tuned,0,tuned_tall_pilot_00,tall,255,"[-0.21752624,-1.5357093,1.7066618,-1.3846437,-1.7198121,-0.10020822]","[0.47777748,0.017461861,0.39864993]",0.3141501209057239,1.5830099890481022,0.05077444477968391,false,nan,23.141580820083618,
storm_mppi_tuned,0,tuned_tall_pilot_00,tall,256,"[-0.21752624,-1.5357093,1.7066618,-1.3846437,-1.7198121,-0.10020822]","[0.47777748,0.017461861,0.39864993]",0.3141501209057239,1.5830099898443075,0.05077444477968391,false,nan,23.151455879211426,
storm_mppi_tuned,0,tuned_tall_pilot_00,tall,257,"[-0.21752624,-1.5357093,1.7066618,-1.3846437,-1.7198121,-0.10020822]","[0.47777748,0.017461861,0.39864993]",0.3141501209057239,1.5830099902727564,0.05077444477968391,false,nan,23.161461114883423,
storm_mppi_tuned,0,tuned_tall_pilot_00,tall,258,"[-0.21989807,-1.535941,1.7170793,-1.3815846,-1.723453,-0.10281121]","[0.47777748,0.017461861,0.39864993]",0.3141501209057239,1.5757271873333276,0.0507975229911227,false,nan,23.171377658843994,
storm_mppi_tuned,0,tuned_tall_pilot_00,tall,259,"[-0.21989807,-1.535941,1.7170793,-1.3815846,-1.723453,-0.10281121]","[0.47777748,0.017461861,0.39864993]",0.3141501209057239,1.575727188250605,0.0507975229911227,false,nan,23.181337118148804,
storm_mppi_tuned,0,tuned_tall_pilot_00,tall,260,"[-0.21989807,-1.535941,1.7170793,-1.3815846,-1.723453,-0.1028112]","[0.47777748,0.017461861,0.39864993]",0.3141501209057239,1.5757271887504902,0.0507975229911227,false,nan,23.191499948501587,
storm_mppi_tuned,0,tuned_tall_pilot_00,tall,261,"[-0.21989807,-1.535941,1.7170793,-1.3815846,-1.723453,-0.1028112]","[0.47509924,0.016365143,0.39338318]",0.30879663917454764,1.5757271890380937,0.0507975229911227,false,nan,23.20165777206421,
storm_mppi_tuned,0,tuned_tall_pilot_00,tall,262,"[-0.22226461,-1.5362033,1.7276038,-1.3784752,-1.727174,-0.10541346]","[0.47509924,0.016365143,0.39338318]",0.30879663917454764,1.5684525945399774,0.05093840327858958,false,nan,23.211636543273926,
storm_mppi_tuned,0,tuned_tall_pilot_00,tall,263,"[-0.22226461,-1.5362033,1.7276038,-1.3784752,-1.727174,-0.10541346]","[0.47509924,0.016365143,0.39338318]",0.30879663917454764,1.5684525955096333,0.05093840327858958,false,nan,23.221850395202637,
storm_mppi_tuned,0,tuned_tall_pilot_00,tall,264,"[-0.22226461,-1.5362033,1.7276038,-1.3784752,-1.727174,-0.10541346]","[0.47509924,0.016365143,0.39338318]",0.30879663917454764,1.5684525960369002,0.05093840327858958,false,nan,23.23181176185608,
storm_mppi_tuned,0,tuned_tall_pilot_00,tall,265,"[-0.22462258,-1.5365096,1.7381042,-1.375427,-1.7309426,-0.10796425]","[0.47265062,0.015426546,0.38873428]",0.3040539104900725,1.5612802434904907,0.05120385191675595,false,nan,23.2419536113739,
storm_mppi_tuned,0,tuned_tall_pilot_00,tall,266,"[-0.22462258,-1.5365096,1.7381042,-1.375427,-1.7309426,-0.10796424]","[0.47265062,0.015426546,0.38873428]",0.3040539104900725,1.5612802446506742,0.05120385191675595,false,nan,23.25198745727539,
storm_mppi_tuned,0,tuned_tall_pilot_00,tall,267,"[-0.22462258,-1.5365096,1.7381042,-1.375427,-1.7309426,-0.10796424]","[0.47265062,0.015426546,0.38873428]",0.3040539104900725,1.5612802452847039,0.05120385191675595,false,nan,23.262051343917847,
storm_mppi_tuned,0,tuned_tall_pilot_00,tall,268,"[-0.22462258,-1.5365096,1.7381042,-1.375427,-1.7309426,-0.10796424]","[0.47011775,0.014512917,0.38408095]",0.2992888692031382,1.5612802456488386,0.05120385191675595,false,nan,23.272173404693604,
storm_mppi_tuned,0,tuned_tall_pilot_00,tall,269,"[-0.22694119,-1.5369131,1.7486165,-1.3724606,-1.734779,-0.11041052]","[0.47011775,0.014512917,0.38408095]",0.2992888692031382,1.5542483746101214,0.05157222771193757,false,nan,23.2820405960083,
storm_mppi_tuned,0,tuned_tall_pilot_00,tall,270,"[-0.22694119,-1.5369131,1.7486165,-1.3724606,-1.734779,-0.11041052]","[0.47011775,0.014512917,0.38408095]",0.2992888692031382,1.5542483758991847,0.05157222771193757,false,nan,23.29217290878296,
storm_mppi_tuned,0,tuned_tall_pilot_00,tall,271,"[-0.22694119,-1.5369131,1.7486165,-1.3724606,-1.734779,-0.11041052]","[0.47011775,0.014512917,0.38408095]",0.2992888692031382,1.5542483766023352,0.05157222771193757,false,nan,23.30204176902771,
storm_mppi_tuned,0,tuned_tall_pilot_00,tall,272,"[-0.22694119,-1.5369131,1.7486165,-1.3724606,-1.734779,-0.11041052]","[0.46753824,0.013621021,0.37949365]",0.29456479213039916,1.554248377005643,0.05157222771193757,false,nan,23.312135219573975,
storm_mppi_tuned,0,tuned_tall_pilot_00,tall,273,"[-0.22924929,-1.5374231,1.7591712,-1.3695587,-1.7387133,-0.11276526]","[0.46753824,0.013621021,0.37949365]",0.29456479213039916,1.5473223391895612,0.052047643610992005,false,nan,23.322201013565063,
storm_mppi_tuned,0,tuned_tall_pilot_00,tall,274,"[-0.22924929,-1.5374231,1.7591712,-1.3695587,-1.7387133,-0.11276525]","[0.46753824,0.013621021,0.37949365]",0.29456479213039916,1.5473223406885017,0.052047643610992005,false,nan,23.332117319107056,
storm_mppi_tuned,0,tuned_tall_pilot_00,tall,275,"[-0.22924929,-1.5374231,1.7591712,-1.3695587,-1.7387133,-0.11276525]","[0.46753824,0.013621021,0.37949365]",0.29456479213039916,1.547322341506558,0.052047643610992005,false,nan,23.342467069625854,
storm_mppi_tuned,0,tuned_tall_pilot_00,tall,276,"[-0.23158566,-1.5380442,1.7697939,-1.3667142,-1.7427438,-0.115119]","[0.4648973,0.012766778,0.37498155]",0.2898859548389857,1.5404055074011216,0.05263944760024169,false,nan,23.352434158325195,
storm_mppi_tuned,0,tuned_tall_pilot_00,tall,277,"[-0.23158566,-1.5380442,1.7697939,-1.3667142,-1.7427438,-0.115119]","[0.4648973,0.012766778,0.37498155]",0.2898859548389857,1.5404055092413775,0.05263944760024169,false,nan,23.362440824508667,
storm_mppi_tuned,0,tuned_tall_pilot_00,tall,278,"[-0.23158566,-1.5380442,1.7697939,-1.3667142,-1.7427438,-0.115119]","[0.4648973,0.012766778,0.37498155]",0.2898859548389857,1.5404055102495344,0.05263944760024169,false,nan,23.372361421585083,
storm_mppi_tuned,0,tuned_tall_pilot_00,tall,279,"[-0.23158566,-1.5380442,1.7697939,-1.3667142,-1.7427438,-0.115119]","[0.46218616,0.011936102,0.37053478]",0.2852337349671988,1.5404055108274324,0.05263944760024169,false,nan,23.382431983947754,
storm_mppi_tuned,0,tuned_tall_pilot_00,tall,280,"[-0.23381379,-1.538772,1.7804066,-1.3639339,-1.7468796,-0.11745169]","[0.46218616,0.011936102,0.37053478]",0.2852337349671988,1.533585611069394,0.053266322565078746,false,nan,23.392521619796753,
storm_mppi_tuned,0,tuned_tall_pilot_00,tall,281,"[-0.23381379,-1.538772,1.7804066,-1.3639339,-1.7468796,-0.11745168]","[0.46218616,0.011936102,0.37053478]",0.2852337349671988,1.5335856130195116,0.053266322565078746,false,nan,23.40231227874756,
storm_mppi_tuned,0,tuned_tall_pilot_00,tall,282,"[-0.23381379,-1.538772,1.7804066,-1.3639339,-1.7468796,-0.11745168]","[0.46218616,0.011936102,0.37053478]",0.2852337349671988,1.533585614086619,0.053266322565078746,false,nan,23.41245675086975,
storm_mppi_tuned,0,tuned_tall_pilot_00,tall,283,"[-0.23595659,-1.5396043,1.7909275,-1.361217,-1.7511261,-0.11978797]","[0.45939949,0.011113137,0.36614358]",0.28059080314187107,1.5268588148055124,0.053848304164409645,false,nan,23.422398328781128,
storm_mppi_tuned,0,tuned_tall_pilot_00,tall,284,"[-0.23595658,-1.5396043,1.7909275,-1.361217,-1.7511261,-0.11978797]","[0.45939949,0.011113137,0.36614358]",0.28059080314187107,1.5268588170934216,0.053848304164409645,false,nan,23.432329654693604,
storm_mppi_tuned,0,tuned_tall_pilot_00,tall,285,"[-0.23595658,-1.5396043,1.7909275,-1.361217,-1.7511261,-0.11978797]","[0.45939949,0.011113137,0.36614358]",0.28059080314187107,1.5268588183509009,0.053848304164409645,false,nan,23.442506790161133,
storm_mppi_tuned,0,tuned_tall_pilot_00,tall,286,"[-0.23595658,-1.5396043,1.7909275,-1.361217,-1.7511261,-0.11978796]","[0.4536761,0.0096463896,0.35765615]",0.27153752659274166,1.5268588190717491,0.053848304164409645,false,nan,23.452241897583008,
storm_mppi_tuned,0,tuned_tall_pilot_00,tall,287,"[-0.23824351,-1.5405683,1.8024443,-1.358294,-1.755841,-0.12222185]","[0.4536761,0.0096463896,0.35765615]",0.27153752659274166,1.519682791065537,0.054442649406194706,false,nan,23.462414741516113,
storm_mppi_tuned,0,tuned_tall_pilot_00,tall,288,"[-0.2382435,-1.5405683,1.8024443,-1.358294,-1.755841,-0.12222184]","[0.4536761,0.0096463896,0.35765615]",0.27153752659274166,1.5196827935477226,0.054442649406194706,false,nan,23.472508430480957,
storm_mppi_tuned,0,tuned_tall_pilot_00,tall,289,"[-0.2382435,-1.5405683,1.8024443,-1.3582941,-1.755841,-0.12222184]","[0.4536761,0.0096463896,0.35765615]",0.27153752659274166,1.5196827949084921,0.054442649406194706,false,nan,23.482497453689575,
storm_mppi_tuned,0,tuned_tall_pilot_00,tall,290,"[-0.2382435,-1.5405683,1.8024443,-1.3582941,-1.755841,-0.12222184]","[0.4536761,0.0096463896,0.35765615]",0.27153752659274166,1.5196827956882346,0.054442649406194706,false,nan,23.49252700805664,
storm_mppi_tuned,0,tuned_tall_pilot_00,tall,291,"[-0.2402447,-1.5415496,1.8127295,-1.3556958,-1.760103,-0.12427873]","[0.4536761,0.0096463896,0.35765615]",0.27153752659274166,1.5134452527651239,0.05493433366417886,false,nan,23.502500295639038,
storm_mppi_tuned,0,tuned_tall_pilot_00,tall,292,"[-0.2402447,-1.5415496,1.8127295,-1.3556958,-1.760103,-0.12427873]","[0.4536761,0.0096463896,0.35765615]",0.27153752659274166,1.5134452552294535,0.05493433366417886,false,nan,23.512394428253174,
storm_mppi_tuned,0,tuned_tall_pilot_00,tall,293,"[-0.2402447,-1.5415496,1.8127295,-1.3556958,-1.760103,-0.12427873]","[0.45047325,0.008916514,0.35313728]",0.26668641563748013,1.5134452565823138,0.05493433366417886,false,nan,23.522480010986328,
storm_mppi_tuned,0,tuned_tall_pilot_00,tall,294,"[-0.24224447,-1.5425796,1.8230711,-1.3531096,-1.7643768,-0.12628139]","[0.45047325,0.008916514,0.35313728]",0.26668641563748013,1.5073022138845822,0.05540770916342736,false,nan,23.532477855682373,
storm_mppi_tuned,0,tuned_tall_pilot_00,tall,295,"[-0.24224447,-1.5425796,1.8230711,-1.3531096,-1.7643768,-0.12628138]","[0.45047325,0.008916514,0.35313728]",0.26668641563748013,1.507302216648967,0.05540770916342736,false,nan,23.542562246322632,
storm_mppi_tuned,0,tuned_tall_pilot_00,tall,296,"[-0.24224447,-1.5425796,1.8230711,-1.3531096,-1.7643768,-0.12628138]","[0.45047325,0.008916514,0.35313728]",0.26668641563748013,1.50730221817249,0.05540770916342736,false,nan,23.552493572235107,
storm_mppi_tuned,0,tuned_tall_pilot_00,tall,297,"[-0.24417624,-1.5437357,1.8332281,-1.3506216,-1.7686592,-0.1283122]","[0.44755223,0.0083053308,0.34918535]",0.26240793360054804,1.5012679955968251,0.0558361553966999,false,nan,23.56227731704712,
storm_mppi_tuned,0,tuned_tall_pilot_00,tall,298,"[-0.24417624,-1.5437357,1.8332281,-1.3506216,-1.7686592,-0.1283122]","[0.44755223,0.0083053308,0.34918535]",0.26240793360054804,1.5012679986011863,0.0558361553966999,false,nan,23.572232007980347,
storm_mppi_tuned,0,tuned_tall_pilot_00,tall,299,"[-0.24417624,-1.5437357,1.8332281,-1.3506216,-1.7686592,-0.1283122]","[0.44755223,0.0083053308,0.34918535]",0.26240793360054804,1.5012680002600718,0.0558361553966999,false,nan,23.582545280456543,
storm_mppi_tuned,1,tuned_tall_pilot_01,tall,0,"[-6.2071989e-05,-1.5700032,1.100029,-1.5700209,-1.5699973,1.0829615e-06]","[0.48398483,0.13334961,0.721358]",0.284868078345791,3.539149676282544,0.0878999940395355,false,nan,10.231551170349121,
storm_mppi_tuned,1,tuned_tall_pilot_01,tall,1,"[-6.2071989e-05,-1.5700032,1.100029,-1.5700209,-1.5699973,1.0829615e-06]","[0.48398483,0.13334961,0.721358]",0.284868078345791,3.539149676282544,0.0878999940395355,false,nan,10.2359619140625,
storm_mppi_tuned,1,tuned_tall_pilot_01,tall,2,"[-0.00088161749,-1.5699398,1.1034638,-1.5718491,-1.5697734,-0.00026939245]","[0.48398483,0.13334961,0.721358]",0.284868078345791,3.5422244467470274,0.0878999940395355,false,nan,10.245969533920288,
storm_mppi_tuned,1,tuned_tall_pilot_01,tall,3,"[-0.00088161876,-1.5699398,1.1034638,-1.5718491,-1.5697734,-0.00026939315]","[0.48398483,0.13334961,0.721358]",0.284868078345791,3.542224447567064,0.0878999940395355,false,nan,10.25588321685791,
storm_mppi_tuned,1,tuned_tall_pilot_01,tall,4,"[-0.00088161947,-1.5699398,1.1034638,-1.5718491,-1.5697734,-0.00026939371]","[0.48398483,0.13334961,0.721358]",0.284868078345791,3.542224448164608,0.0878999940395355,false,nan,10.268774509429932,
storm_mppi_tuned,1,tuned_tall_pilot_01,tall,5,"[-0.0011571676,-1.5699446,1.1039587,-1.5720629,-1.5698102,-0.00028998672]","[0.48398483,0.13334961,0.721358]",0.284868078345791,3.5426281495897505,0.0878999940395355,false,nan,10.276019811630249,
storm_mppi_tuned,1,tuned_tall_pilot_01,tall,6,"[-0.0011571681,-1.5699446,1.1039587,-1.5720629,-1.5698102,-0.00028998704]","[0.48398483,0.13334961,0.721358]",0.284868078345791,3.542628149877677,0.0878999940395355,false,nan,10.285937070846558,
storm_mppi_tuned,1,tuned_tall_pilot_01,tall,7,"[-0.0011571683,-1.5699446,1.1039587,-1.5720629,-1.5698102,-0.00028998726]","[0.48466679,0.1329747,0.71991009]",0.2857440153142599,3.5426281500972463,0.0878999940395355,false,nan,10.295839071273804,
storm_mppi_tuned,1,tuned_tall_pilot_01,tall,8,"[-0.0014892377,-1.5699311,1.1047524,-1.5724219,-1.569833,-0.00030839157]","[0.48466679,0.1329747,0.71991009]",0.2857440153142599,3.5432813281731037,0.0878999940395355,false,nan,10.305893898010254,
storm_mppi_tuned,1,tuned_tall_pilot_01,tall,9,"[-0.0014892382,-1.5699311,1.1047524,-1.5724219,-1.569833,-0.00030839181]","[0.48466679,0.1329747,0.71991009]",0.2857440153142599,3.5432813284048006,0.0878999940395355,false,nan,10.31594967842102,
storm_mppi_tuned,1,tuned_tall_pilot_01,tall,10,"[-0.0014892384,-1.5699311,1.1047524,-1.5724219,-1.569833,-0.000308392]","[0.48466679,0.1329747,0.71991009]",0.2857440153142599,3.5432813285936167,0.0878999940395355,false,nan,10.326127052307129,
storm_mppi_tuned,1,tuned_tall_pilot_01,tall,11,"[-0.0014892386,-1.5699311,1.1047524,-1.5724219,-1.569833,-0.00030839212]","[0.48477563,0.13283741,0.71970141]",0.2858466253756618,3.5432813287153513,0.0878999940395355,false,nan,10.335944175720215,
storm_mppi_tuned,1,tuned_tall_pilot_01,tall,12,"[-0.0018032347,-1.5699658,1.1054758,-1.5727053,-1.5698183,-0.00032895111]","[0.48477563,0.13283741,0.71970141]",0.2858466253756618,3.5438813470402493,0.0878999940395355,false,nan,10.345995903015137,
storm_mppi_tuned,1,tuned_tall_pilot_01,tall,13,"[-0.0018032349,-1.5699658,1.1054758,-1.5727053,-1.5698183,-0.00032895126]","[0.48477563,0.13283741,0.71970141]",0.2858466253756618,3.543881347150985,0.0878999940395355,false,nan,10.355850219726562,
storm_mppi_tuned,1,tuned_tall_pilot_01,tall,14,"[-0.0018032351,-1.5699658,1.1054758,-1.5727053,-1.5698183,-0.00032895138]","[0.48477563,0.13283741,0.71970141]",0.2858466253756618,3.543881347263456,0.0878999940395355,false,nan,10.366050481796265,
storm_mppi_tuned,1,tuned_tall_pilot_01,tall,15,"[-0.00214888,-1.5701927,1.1061786,-1.5729745,-1.5697727,-0.00030695372]","[0.48494786,0.13267398,0.71935856]",0.2860347851966469,3.5444884788742703,0.0878999940395355,false,nan,10.375844478607178,
storm_mppi_tuned,1,tuned_tall_pilot_01,tall,16,"[-0.0021488798,-1.5701927,1.1061786,-1.5729745,-1.5697727,-0.0003069537]","[0.48494786,0.13267398,0.71935856]",0.2860347851966469,3.5444884787070152,0.0878999940395355,false,nan,10.385926723480225,
storm_mppi_tuned,1,tuned_tall_pilot_01,tall,17,"[-0.0021488798,-1.5701927,1.1061786,-1.5729745,-1.5697727,-0.00030695367]","[0.48494786,0.13267398,0.71935856]",0.2860347851966469,3.544488478654282,0.0878999940395355,false,nan,10.396054029464722,
storm_mppi_tuned,1,tuned_tall_pilot_01,tall,18,"[-0.0021488797,-1.5701927,1.1061786,-1.5729745,-1.5697727,-0.00030695364]","[0.48507792,0.132523,0.71906286]",0.28617748580532276,3.544488478627084,0.0878999940395355,false,nan,10.405964851379395,
storm_mppi_tuned,1,tuned_tall_pilot_01,tall,19,"[-0.0025309554,-1.5704877,1.1068396,-1.5731972,-1.5697311,-0.00024709202]","[0.48507792,0.132523,0.71906286]",0.28617748580532276,3.5450468693022246,0.0878999940395355,false,nan,10.41584849357605,
storm_mppi_tuned,1,tuned_tall_pilot_01,tall,20,"[-0.002530955,-1.5704877,1.1068396,-1.5731972,-1.5697311,-0.00024709189]","[0.48507792,0.132523,0.71906286]",0.28617748580532276,3.5450468689650916,0.0878999940395355,false,nan,10.426235437393188,
storm_mppi_tuned,1,tuned_tall_pilot_01,tall,21,"[-0.0025309548,-1.5704877,1.1068396,-1.5731972,-1.5697311,-0.00024709176]","[0.48507792,0.132523,0.71906286]",0.28617748580532276,3.5450468688146333,0.0878999940395355,false,nan,10.436053037643433,
storm_mppi_tuned,1,tuned_tall_pilot_01,tall,22,"[-0.0029178638,-1.5708145,1.1074025,-1.5734232,-1.5697183,-0.0002281141]","[0.48510173,0.13235989,0.71886837]",0.28619279221992944,3.5455586264388086,0.0878999940395355,false,nan,10.44588851928711,
storm_mppi_tuned,1,tuned_tall_pilot_01,tall,23,"[-0.0029178632,-1.5708145,1.1074025,-1.5734232,-1.5697183,-0.00022811388]","[0.48510173,0.13235989,0.71886837]",0.28619279221992944,3.5455586259880856,0.0878999940395355,false,nan,10.45596194267273,
storm_mppi_tuned,1,tuned_tall_pilot_01,tall,24,"[-0.0029178629,-1.5708145,1.1074025,-1.5734232,-1.5697183,-0.00022811369]","[0.48510173,0.13235989,0.71886837]",0.28619279221992944,3.545558625769099,0.0878999940395355,false,nan,10.466163396835327,
storm_mppi_tuned,1,tuned_tall_pilot_01,tall,25,"[-0.0029178627,-1.5708145,1.1074025,-1.5734232,-1.5697183,-0.00022811356]","[0.48510173,0.13235989,0.71886837]",0.28619279221992944,3.545558625639773,0.0878999940395355,false,nan,10.475868225097656,
storm_mppi_tuned,1,tuned_tall_pilot_01,tall,26,"[-0.0033178166,-1.571306,1.1079346,-1.5736802,-1.5697435,-0.00021595483]","[0.48508483,0.13217886,0.71872079]",0.2861515728901863,3.546097860420854,0.0878999940395355,false,nan,10.486081838607788,
storm_mppi_tuned,1,tuned_tall_pilot_01,tall,27,"[-0.0033178156,-1.571306,1.1079346,-1.5736802,-1.5697435,-0.00021595447]","[0.48508483,0.13217886,0.71872079]",0.2861515728901863,3.5460978597399126,0.0878999940395355,false,nan,10.496184587478638,
storm_mppi_tuned,1,tuned_tall_pilot_01,tall,28,"[-0.0033178151,-1.571306,1.1079346,-1.5736802,-1.5697435,-0.00021595415]","[0.48508483,0.13217886,0.71872079]",0.2861515728901863,3.54609785938104,0.0878999940395355,false,nan,10.508991718292236,
storm_mppi_tuned,1,tuned_tall_pilot_01,tall,29,"[-0.0033178148,-1.571306,1.1079346,-1.5736802,-1.5697435,-0.00021595394]","[0.48503798,0.13199273,0.71863669]",0.2860630603164383,3.5460978591653505,0.0878999940395355,false,nan,10.517875671386719,
storm_mppi_tuned,1,tuned_tall_pilot_01,tall,30,"[-0.0037460555,-1.5720332,1.1084545,-1.5739091,-1.5698075,-0.00025346219]","[0.48503798,0.13199273,0.71863669]",0.2860630603164383,3.5467050009400363,0.0878999940395355,false,nan,10.525970697402954,
storm_mppi_tuned,1,tuned_tall_pilot_01,tall,31,"[-0.0037460539,-1.5720332,1.1084545,-1.5739091,-1.5698075,-0.0002534616]","[0.48503798,0.13199273,0.71863669]",0.2860630603164383,3.5467049998989455,0.0878999940395355,false,nan,10.536050796508789,
storm_mppi_tuned,1,tuned_tall_pilot_01,tall,32,"[-0.0037460531,-1.5720332,1.1084545,-1.5739091,-1.5698075,-0.00025346108]","[0.48503798,0.13199273,0.71863669]",0.2860630603164383,3.5467049993226696,0.0878999940395355,false,nan,10.545843124389648,
storm_mppi_tuned,1,tuned_tall_pilot_01,tall,33,"[-0.0042559196,-1.5730032,1.109004,-1.5740774,-1.5699414,-0.00038079308]","[0.48489857,0.13179687,0.71865135]",0.28586031503252235,3.5474199696043964,0.0878999940395355,false,nan,10.555974006652832,
storm_mppi_tuned,1,tuned_tall_pilot_01,tall,34,"[-0.0042559172,-1.5730032,1.109004,-1.5740774,-1.5699414,-0.00038079217]","[0.48489857,0.13179687,0.71865135]",0.28586031503252235,3.5474199680939025,0.0878999940395355,false,nan,10.565855741500854,
storm_mppi_tuned,1,tuned_tall_pilot_01,tall,35,"[-0.0042559161,-1.5730032,1.109004,-1.5740774,-1.5699414,-0.00038079139]","[0.48489857,0.13179687,0.71865135]",0.28586031503252235,3.5474199672407094,0.0878999940395355,false,nan,10.575732946395874,
storm_mppi_tuned,1,tuned_tall_pilot_01,tall,36,"[-0.0042559153,-1.5730032,1.109004,-1.5740774,-1.5699414,-0.00038079087]","[0.48462874,0.13158402,0.71878225]",0.2855022705802075,3.547419966719811,0.0878999940395355,false,nan,10.586161851882935,
storm_mppi_tuned,1,tuned_tall_pilot_01,tall,37,"[-0.0048681612,-1.574222,1.1096265,-1.5741042,-1.5700811,-0.00057761077]","[0.48462874,0.13158402,0.71878225]",0.2855022705802075,3.548249279246214,0.0878999940395355,false,nan,10.59598970413208,
storm_mppi_tuned,1,tuned_tall_pilot_01,tall,38,"[-0.0048681583,-1.574222,1.1096265,-1.5741042,-1.5700811,-0.00057760967]","[0.48462874,0.13158402,0.71878225]",0.2855022705802075,3.5482492774186687,0.0878999940395355,false,nan,10.60593581199646,
storm_mppi_tuned,1,tuned_tall_pilot_01,tall,39,"[-0.0048681569,-1.574222,1.1096265,-1.5741042,-1.5700811,-0.00057760873]","[0.48462874,0.13158402,0.71878225]",0.2855022705802075,3.548249276386824,0.0878999940395355,false,nan,10.616075277328491,
storm_mppi_tuned,1,tuned_tall_pilot_01,tall,40,"[-0.005646938,-1.5756431,1.110263,-1.5740518,-1.5702038,-0.00084859073]","[0.48423558,0.13132554,0.71900773]",0.2849903677243502,3.549144461217413,0.0878999940395355,false,nan,10.625976324081421,
storm_mppi_tuned,1,tuned_tall_pilot_01,tall,41,"[-0.0056469344,-1.5756431,1.110263,-1.5740518,-1.5702038,-0.0008485893]","[0.48423558,0.13132554,0.71900773]",0.2849903677243502,3.5491444589023513,0.0878999940395355,false,nan,10.635979175567627,
storm_mppi_tuned,1,tuned_tall_pilot_01,tall,42,"[-0.0056469325,-1.5756431,1.110263,-1.5740518,-1.5702038,-0.0008485881]","[0.48423558,0.13132554,0.71900773]",0.2849903677243502,3.5491444575951774,0.0878999940395355,false,nan,10.645873785018921,
storm_mppi_tuned,1,tuned_tall_pilot_01,tall,43,"[-0.0056469314,-1.5756431,1.110263,-1.5740518,-1.5702038,-0.00084858732]","[0.4837206,0.13101804,0.71929884]",0.28433348985064766,3.5491444567952244,0.0878999940395355,false,nan,10.655871152877808,
storm_mppi_tuned,1,tuned_tall_pilot_01,tall,44,"[-0.006575113,-1.5773218,1.1108725,-1.5739039,-1.5702973,-0.0011200421]","[0.4837206,0.13101804,0.71929884]",0.28433348985064766,3.550049880851594,0.0878999940395355,false,nan,10.665841579437256,
storm_mppi_tuned,1,tuned_tall_pilot_01,tall,45,"[-0.006575109,-1.5773218,1.1108725,-1.5739039,-1.5702973,-0.0011200405]","[0.4837206,0.13101804,0.71929884]",0.28433348985064766,3.550049878244698,0.0878999940395355,false,nan,10.675807237625122,
storm_mppi_tuned,1,tuned_tall_pilot_01,tall,46,"[-0.0065751069,-1.5773218,1.1108725,-1.5739039,-1.5702973,-0.0011200392]","[0.4837206,0.13101804,0.71929884]",0.28433348985064766,3.550049876781076,0.0878999940395355,false,nan,10.685917615890503,
storm_mppi_tuned,1,tuned_tall_pilot_01,tall,47,"[-0.0065751056,-1.5773218,1.1108725,-1.5739039,-1.5702973,-0.0011200383]","[0.48311254,0.1306331,0.71966946]",0.28354104290556836,3.550049875885438,0.0878999940395355,false,nan,10.695948600769043,
storm_mppi_tuned,1,tuned_tall_pilot_01,tall,48,"[-0.0076508891,-1.5792043,1.1114707,-1.5736998,-1.5704581,-0.0014295407]","[0.48311254,0.1306331,0.71966946]",0.28354104290556836,3.5509883540538594,0.0878999940395355,false,nan,10.705799341201782,
storm_mppi_tuned,1,tuned_tall_pilot_01,tall,49,"[-0.0076508845,-1.5792043,1.1114707,-1.5736998,-1.5704581,-0.001429539]","[0.48311254,0.1306331,0.71966946]",0.28354104290556836,3.550988351117035,0.0878999940395355,false,nan,10.715914011001587,
storm_mppi_tuned,1,tuned_tall_pilot_01,tall,50,"[-0.0076508822,-1.5792043,1.1114707,-1.5736998,-1.5704581,-0.0014295375]","[0.48237213,0.13018097,0.72016346]",0.2825697078812436,3.5509883494704386,0.0878999940395355,false,nan,10.725788116455078,
storm_mppi_tuned,1,tuned_tall_pilot_01,tall,51,"[-0.0087814715,-1.5812683,1.1120629,-1.5734255,-1.5706983,-0.0018511159]","[0.48237213,0.13018097,0.72016346]",0.2825697078812436,3.552004933922688,0.0878999940395355,false,nan,10.736941814422607,
storm_mppi_tuned,1,tuned_tall_pilot_01,tall,52,"[-0.0087814661,-1.5812683,1.1120629,-1.5734255,-1.5706983,-0.0018511137]","[0.48237213,0.13018097,0.72016346]",0.2825697078812436,3.552004930477409,0.0878999940395355,false,nan,10.746629238128662,
storm_mppi_tuned,1,tuned_tall_pilot_01,tall,53,"[-0.0087814634,-1.5812683,1.1120629,-1.5734255,-1.5706983,-0.0018511119]","[0.48237213,0.13018097,0.72016346]",0.2825697078812436,3.5520049285171043,0.0878999940395355,false,nan,10.755929708480835,
storm_mppi_tuned,1,tuned_tall_pilot_01,tall,54,"[-0.0087814617,-1.5812683,1.1120629,-1.5734255,-1.5706983,-0.0018511107]","[0.48153204,0.12965344,0.720752]",0.2814535215922312,3.5520049273096412,0.0878999940395355,false,nan,10.765692472457886,
storm_mppi_tuned,1,tuned_tall_pilot_01,tall,55,"[-0.0099839595,-1.5835198,1.1126746,-1.5730212,-1.5709564,-0.0023686253]","[0.48153204,0.12965344,0.720752]",0.2814535215922312,3.5530997824687964,0.0878999940395355,false,nan,10.776146650314331,
storm_mppi_tuned,1,tuned_tall_pilot_01,tall,56,"[-0.009983954,-1.5835198,1.1126746,-1.5730212,-1.5709564,-0.0023686232]","[0.48153204,0.12965344,0.720752]",0.2814535215922312,3.55309977894817,0.0878999940395355,false,nan,10.785932779312134,
storm_mppi_tuned,1,tuned_tall_pilot_01,tall,57,"[-0.0099839511,-1.5835198,1.1126746,-1.5730212,-1.5709564,-0.0023686213]","[0.48153204,0.12965344,0.720752]",0.2814535215922312,3.5530997769486254,0.0878999940395355,false,nan,10.795764684677124,
storm_mppi_tuned,1,tuned_tall_pilot_01,tall,58,"[-0.0099839494,-1.5835198,1.1126746,-1.5730212,-1.5709564,-0.0023686201]","[0.4805924,0.12909456,0.72141927]",0.2802149918185905,3.5530997757154097,0.0878999940395355,false,nan,10.805837154388428,
storm_mppi_tuned,1,tuned_tall_pilot_01,tall,59,"[-0.011278704,-1.5858602,1.1132324,-1.5723795,-1.5711736,-0.0029610978]","[0.4805924,0.12909456,0.72141927]",0.2802149918185905,3.5541553506805785,0.0878999940395355,false,nan,10.815715074539185,
storm_mppi_tuned,1,tuned_tall_pilot_01,tall,60,"[-0.011278698,-1.5858602,1.1132324,-1.5723795,-1.5711736,-0.0029610957]","[0.4805924,0.12909456,0.72141927]",0.2802149918185905,3.554155347025561,0.0878999940395355,false,nan,10.825744867324829,
storm_mppi_tuned,1,tuned_tall_pilot_01,tall,61,"[-0.011278695,-1.5858602,1.1132324,-1.5723795,-1.5711736,-0.0029610938]","[0.4805924,0.12909456,0.72141927]",0.2802149918185905,3.554155344954671,0.0878999940395355,false,nan,10.83572506904602,
storm_mppi_tuned,1,tuned_tall_pilot_01,tall,62,"[-0.012693959,-1.5883998,1.113776,-1.5715742,-1.5713461,-0.0035712427]","[0.47955251,0.12850279,0.72214723]",0.2788585013902274,3.5552156924630847,0.0878999940395355,false,nan,10.845811367034912,
storm_mppi_tuned,1,tuned_tall_pilot_01,tall,63,"[-0.012693952,-1.5883998,1.113776,-1.5715742,-1.5713461,-0.0035712401]","[0.47955251,0.12850279,0.72214723]",0.2788585013902274,3.555215688240895,0.0878999940395355,false,nan,10.85583233833313,
storm_mppi_tuned,1,tuned_tall_pilot_01,tall,64,"[-0.012693949,-1.5883997,1.113776,-1.5715742,-1.5713461,-0.0035712379]","[0.47955251,0.12850279,0.72214723]",0.2788585013902274,3.5552156858268535,0.0878999940395355,false,nan,10.86587119102478,
storm_mppi_tuned,1,tuned_tall_pilot_01,tall,65,"[-0.012693947,-1.5883997,1.113776,-1.5715742,-1.5713461,-0.0035712364]","[0.47845536,0.1278744,0.72290927]",0.27742802324964044,3.5552156843289873,0.0878999940395355,false,nan,10.87594985961914,
storm_mppi_tuned,1,tuned_tall_pilot_01,tall,66,"[-0.014209169,-1.5910446,1.1141778,-1.5706011,-1.5714778,-0.0041946693]","[0.47845536,0.1278744,0.72290927]",0.27742802324964044,3.556156963920773,0.0878999940395355,false,nan,10.885856866836548,
storm_mppi_tuned,1,tuned_tall_pilot_01,tall,67,"[-0.014209162,-1.5910446,1.1141777,-1.5706011,-1.5714778,-0.0041946668]","[0.47845536,0.1278744,0.72290927]",0.27742802324964044,3.556156959742589,0.0878999940395355,false,nan,10.895874977111816,
storm_mppi_tuned,1,tuned_tall_pilot_01,tall,68,"[-0.014209159,-1.5910446,1.1141777,-1.5706011,-1.5714778,-0.0041946647]","[0.47725067,0.12719753,0.72374803]",0.27586242956594714,3.556156957368941,0.0878999940395355,false,nan,10.905871868133545,
storm_mppi_tuned,1,tuned_tall_pilot_01,tall,69,"[-0.015769221,-1.5938667,1.1144844,-1.5694956,-1.5715836,-0.0048215514]","[0.47725067,0.12719753,0.72374803]",0.27586242956594714,3.55704410696606,0.0878999940395355,false,nan,10.915769815444946,
storm_mppi_tuned,1,tuned_tall_pilot_01,tall,70,"[-0.015769214,-1.5938667,1.1144844,-1.5694956,-1.5715836,-0.0048215485]","[0.47725067,0.12719753,0.72374803]",0.27586242956594714,3.5570441022441672,0.0878999940395355,false,nan,10.92605185508728,
storm_mppi_tuned,1,tuned_tall_pilot_01,tall,71,"[-0.01576921,-1.5938667,1.1144844,-1.5694956,-1.5715836,-0.004821546]","[0.47725067,0.12719753,0.72374803]",0.27586242956594714,3.5570440995237194,0.0878999940395355,false,nan,10.935956001281738,
storm_mppi_tuned,1,tuned_tall_pilot_01,tall,72,"[-0.015769207,-1.5938667,1.1144844,-1.5694956,-1.5715836,-0.0048215444]","[0.47597045,0.12648204,0.72467935]",0.2741888678501242,3.557044097824954,0.0878999940395355,false,nan,10.946113109588623,
storm_mppi_tuned,1,tuned_tall_pilot_01,tall,73,"[-0.017351871,-1.5968531,1.1146814,-1.5682801,-1.5716366,-0.0055035949]","[0.47597045,0.12648204,0.72467935]",0.2741888678501242,3.557898537553864,0.0878999940395355,false,nan,10.95596194267273,
storm_mppi_tuned,1,tuned_tall_pilot_01,tall,74,"[-0.017351864,-1.5968531,1.1146814,-1.5682801,-1.5716366,-0.0055035922]","[0.47597045,0.12648204,0.72467935]",0.2741888678501242,3.5578985328866337,0.0878999940395355,false,nan,10.965965509414673,
storm_mppi_tuned,1,tuned_tall_pilot_01,tall,75,"[-0.01735186,-1.5968531,1.1146814,-1.5682801,-1.5716367,-0.0055035897]","[0.47597045,0.12648204,0.72467935]",0.2741888678501242,3.557898530194273,0.0878999940395355,false,nan,10.976035594940186,
storm_mppi_tuned,1,tuned_tall_pilot_01,tall,76,"[-0.017351857,-1.5968531,1.1146814,-1.5682801,-1.5716367,-0.0055035881]","[0.4745743,0.12575394,0.72571868]",0.27237816773909396,3.557898528508817,0.0878999940395355,false,nan,10.98588228225708,
storm_mppi_tuned,1,tuned_tall_pilot_01,tall,77,"[-0.01896847,-1.6000075,1.1147411,-1.567013,-1.5716371,-0.0062556864]","[0.4745743,0.12575394,0.72571868]",0.27237816773909396,3.5587198255595016,0.0878999940395355,false,nan,10.995948076248169,
storm_mppi_tuned,1,tuned_tall_pilot_01,tall,78,"[-0.018968462,-1.6000075,1.1147411,-1.567013,-1.5716371,-0.0062556836]","[0.4745743,0.12575394,0.72571868]",0.27237816773909396,3.5587198206993387,0.0878999940395355,false,nan,11.005872011184692,
storm_mppi_tuned,1,tuned_tall_pilot_01,tall,79,"[-0.018968458,-1.6000075,1.1147411,-1.5670129,-1.5716371,-0.0062556811]","[0.4745743,0.12575394,0.72571868]",0.27237816773909396,3.558719817876501,0.0878999940395355,false,nan,11.015774726867676,
storm_mppi_tuned,1,tuned_tall_pilot_01,tall,80,"[-0.020701751,-1.6032863,1.1146531,-1.5655932,-1.5716292,-0.0070440852]","[0.47306493,0.12502705,0.72686899]",0.27043763817958205,3.5594374281573327,0.0878999940395355,false,nan,11.025939702987671,
storm_mppi_tuned,1,tuned_tall_pilot_01,tall,81,"[-0.020701743,-1.6032862,1.1146531,-1.5655932,-1.5716292,-0.0070440819]","[0.47306493,0.12502705,0.72686899]",0.27043763817958205,3.5594374226921364,0.0878999940395355,false,nan,11.035697221755981,
storm_mppi_tuned,1,tuned_tall_pilot_01,tall,82,"[-0.020701738,-1.6032862,1.1146531,-1.5655932,-1.5716292,-0.007044079]","[0.47306493,0.12502705,0.72686899]",0.27043763817958205,3.5594374194889906,0.0878999940395355,false,nan,11.045730113983154,
storm_mppi_tuned,1,tuned_tall_pilot_01,tall,83,"[-0.020701735,-1.6032862,1.1146531,-1.5655932,-1.5716292,-0.0070440771]","[0.47143945,0.12429676,0.72815216]",0.26835705230330803,3.5594374174651375,0.0878999940395355,false,nan,11.05562162399292,
storm_mppi_tuned,1,tuned_tall_pilot_01,tall,84,"[-0.022489491,-1.6066157,1.1144452,-1.5640227,-1.5715991,-0.0079172406]","[0.47143945,0.12429676,0.72815216]",0.26835705230330803,3.5600867008436032,0.0878999940395355,false,nan,11.065904378890991,
storm_mppi_tuned,1,tuned_tall_pilot_01,tall,85,"[-0.022489483,-1.6066156,1.1144452,-1.5640227,-1.5715991,-0.0079172377]","[0.47143945,0.12429676,0.72815216]",0.26835705230330803,3.5600866956157353,0.0878999940395355,false,nan,11.075803756713867,
storm_mppi_tuned,1,tuned_tall_pilot_01,tall,86,"[-0.022489479,-1.6066156,1.1144452,-1.5640227,-1.5715991,-0.0079172349]","[0.47143945,0.12429676,0.72815216]",0.26835705230330803,3.560086692564217,0.0878999940395355,false,nan,11.085605382919312,
storm_mppi_tuned,1,tuned_tall_pilot_01,tall,87,"[-0.022489476,-1.6066156,1.1144452,-1.5640227,-1.5715991,-0.0079172331]","[0.46972561,0.12352015,0.72953808]",0.2661531770858606,3.5600866906327644,0.0878999940395355,false,nan,11.095718145370483,
storm_mppi_tuned,1,tuned_tall_pilot_01,tall,88,"[-0.024300236,-1.6101188,1.1141838,-1.5624447,-1.5715565,-0.0088715581]","[0.46972561,0.12352015,0.72953808]",0.2661531770858606,3.560785911843676,0.0878999940395355,false,nan,11.105771541595459,
storm_mppi_tuned,1,tuned_tall_pilot_01,tall,89,"[-0.024300228,-1.6101188,1.1141838,-1.5624447,-1.5715565,-0.0088715551]","[0.46972561,0.12352015,0.72953808]",0.2661531770858606,3.5607859064963314,0.0878999940395355,false,nan,11.115638256072998,
storm_mppi_tuned,1,tuned_tall_pilot_01,tall,90,"[-0.024300223,-1.6101188,1.1141838,-1.5624447,-1.5715565,-0.0088715523]","[0.4679606,0.12272785,0.73097825]",0.2638851607791337,3.5607859033528766,0.0878999940395355,false,nan,11.125932216644287,
storm_mppi_tuned,1,tuned_tall_pilot_01,tall,91,"[-0.026197703,-1.6137646,1.1138548,-1.5607679,-1.57151,-0.0098488875]","[0.4679606,0.12272785,0.73097825]",0.2638851607791337,3.5614582190026702,0.0878999940395355,false,nan,11.135783910751343,
storm_mppi_tuned,1,tuned_tall_pilot_01,tall,92,"[-0.026197693,-1.6137646,1.1138548,-1.5607679,-1.57151,-0.009848884]","[0.4679606,0.12272785,0.73097825]",0.2638851607791337,3.561458213043174,0.0878999940395355,false,nan,11.14568042755127,
storm_mppi_tuned,1,tuned_tall_pilot_01,tall,93,"[-0.026197688,-1.6137646,1.1138548,-1.5607679,-1.57151,-0.0098488808]","[0.46608552,0.12193549,0.73251688]",0.26149559428595687,3.5614582094988756,0.0878999940395355,false,nan,11.15571117401123,
storm_mppi_tuned,1,tuned_tall_pilot_01,tall,94,"[-0.028175645,-1.6174678,1.1134752,-1.5590257,-1.5714685,-0.010882678]","[0.46608552,0.12193549,0.73251688]",0.26149559428595687,3.5621187829137275,0.0878999940395355,false,nan,11.165815114974976,
storm_mppi_tuned,1,tuned_tall_pilot_01,tall,95,"[-0.028175635,-1.6174678,1.1134751,-1.5590257,-1.5714685,-0.010882674]","[0.46608552,0.12193549,0.73251688]",0.26149559428595687,3.562118776751978,0.0878999940395355,false,nan,11.175760984420776,
storm_mppi_tuned,1,tuned_tall_pilot_01,tall,96,"[-0.02817563,-1.6174678,1.1134751,-1.5590257,-1.5714685,-0.010882671]","[0.46608552,0.12193549,0.73251688]",0.26149559428595687,3.562118773071011,0.0878999940395355,false,nan,11.185703039169312,
storm_mppi_tuned,1,tuned_tall_pilot_01,tall,97,"[-0.028175627,-1.6174678,1.1134751,-1.5590257,-1.5714685,-0.010882669]","[0.46411872,0.12111311,0.73413253]",0.25899542790664665,3.5621187707066424,0.0878999940395355,false,nan,11.195902585983276,
storm_mppi_tuned,1,tuned_tall_pilot_01,tall,98,"[-0.030266485,-1.6212517,1.1130879,-1.5571816,-1.5714829,-0.011951903]","[0.46411872,0.12111311,0.73413253]",0.25899542790664665,3.562783038095341,0.0878999940395355,false,nan,11.205855369567871,
storm_mppi_tuned,1,tuned_tall_pilot_01,tall,99,"[-0.030266476,-1.6212517,1.1130879,-1.5571816,-1.5714829,-0.0119519]","[0.46411872,0.12111311,0.73413253]",0.25899542790664665,3.562783032347103,0.0878999940395355,false,nan,11.215691804885864,
storm_mppi_tuned,1,tuned_tall_pilot_01,tall,100,"[-0.030266471,-1.6212517,1.1130879,-1.5571816,-1.5714829,-0.011951897]","[0.46211123,0.1202623,0.73578143]",0.2564426992594434,3.5627830289397915,0.0878999940395355,false,nan,11.225774049758911,
storm_mppi_tuned,1,tuned_tall_pilot_01,tall,101,"[-0.032438668,-1.6251034,1.112655,-1.555184,-1.5715217,-0.013012576]","[0.46211123,0.1202623,0.73578143]",0.2564426992594434,3.5633894531966916,0.0878999940395355,false,nan,11.235666036605835,
storm_mppi_tuned,1,tuned_tall_pilot_01,tall,102,"[-0.032438658,-1.6251034,1.112655,-1.555184,-1.5715217,-0.013012573]","[0.46211123,0.1202623,0.73578143]",0.2564426992594434,3.5633894470063985,0.0878999940395355,false,nan,11.245661497116089,
storm_mppi_tuned,1,tuned_tall_pilot_01,tall,103,"[-0.032438653,-1.6251034,1.112655,-1.555184,-1.5715217,-0.01301257]","[0.46005768,0.11936416,0.73744833]",0.2538296439113973,3.563389443304708,0.0878999940395355,false,nan,11.255568265914917,
storm_mppi_tuned,1,tuned_tall_pilot_01,tall,104,"[-0.034747203,-1.6290289,1.1121861,-1.5530276,-1.5716215,-0.014051271]","[0.46005768,0.11936416,0.73744833]",0.2538296439113973,3.5639320192351875,0.0878999940395355,false,nan,11.265665292739868,
storm_mppi_tuned,1,tuned_tall_pilot_01,tall,105,"[-0.034747193,-1.6290289,1.1121861,-1.5530276,-1.5716215,-0.014051268]","[0.46005768,0.11936416,0.73744833]",0.2538296439113973,3.5639320128675087,0.0878999940395355,false,nan,11.275753736495972,
storm_mppi_tuned,1,tuned_tall_pilot_01,tall,106,"[-0.034747188,-1.6290289,1.1121861,-1.5530276,-1.5716215,-0.014051265]","[0.46005768,0.11936416,0.73744833]",0.2538296439113973,3.5639320090557267,0.0878999940395355,false,nan,11.285770654678345,
storm_mppi_tuned,1,tuned_tall_pilot_01,tall,107,"[-0.037157571,-1.6329895,1.1116956,-1.5507325,-1.5717496,-0.015065415]","[0.45795339,0.11843735,0.73913777]",0.2511585097910099,3.5644198710344126,0.0878999940395355,false,nan,11.295712947845459,
storm_mppi_tuned,1,tuned_tall_pilot_01,tall,108,"[-0.037157561,-1.6329895,1.1116956,-1.5507325,-1.5717496,-0.015065411]","[0.45795339,0.11843735,0.73913777]",0.2511585097910099,3.5644198646269123,0.0878999940395355,false,nan,11.305826663970947,
storm_mppi_tuned,1,tuned_tall_pilot_01,tall,109,"[-0.037157556,-1.6329895,1.1116956,-1.5507325,-1.5717496,-0.015065408]","[0.45795339,0.11843735,0.73913777]",0.2511585097910099,3.564419860789426,0.0878999940395355,false,nan,11.315927982330322,
storm_mppi_tuned,1,tuned_tall_pilot_01,tall,110,"[-0.037157552,-1.6329895,1.1116956,-1.5507325,-1.5717496,-0.015065406]","[0.45362401,0.11643379,0.74255282]",0.24565306565822234,3.5644198582890056,0.0878999940395355,false,nan,11.325754404067993,
storm_mppi_tuned,1,tuned_tall_pilot_01,tall,111,"[-0.039914094,-1.6374361,1.111123,-1.5481412,-1.571909,-0.016189917]","[0.45362401,0.11643379,0.74255282]",0.24565306565822234,3.564943146981663,0.0878999940395355,false,nan,11.335887432098389,
storm_mppi_tuned,1,tuned_tall_pilot_01,tall,112,"[-0.039914084,-1.6374361,1.111123,-1.5481412,-1.571909,-0.016189914]","[0.45362401,0.11643379,0.74255282]",0.24565306565822234,3.564943140602687,0.0878999940395355,false,nan,11.345674753189087,
storm_mppi_tuned,1,tuned_tall_pilot_01,tall,113,"[-0.039914079,-1.6374361,1.111123,-1.5481412,-1.571909,-0.016189911]","[0.45362401,0.11643379,0.74255282]",0.24565306565822234,3.5649431368239397,0.0878999940395355,false,nan,11.355682849884033,
storm_mppi_tuned,1,tuned_tall_pilot_01,tall,114,"[-0.042579616,-1.6415543,1.1105535,-1.5457039,-1.572099,-0.017140839]","[0.45362401,0.1164338,0.74255282]",0.24565306862847214,3.5653369573104707,0.0878999940395355,false,nan,11.365772724151611,
storm_mppi_tuned,1,tuned_tall_pilot_01,tall,115,"[-0.042579606,-1.6415543,1.1105535,-1.5457039,-1.572099,-0.017140836]","[0.45362401,0.1164338,0.74255282]",0.24565306862847214,3.5653369508504813,0.0878999940395355,false,nan,11.37563967704773,
storm_mppi_tuned,1,tuned_tall_pilot_01,tall,116,"[-0.042579601,-1.6415543,1.1105535,-1.5457039,-1.572099,-0.017140833]","[0.45362401,0.1164338,0.74255282]",0.24565306862847214,3.5653369469837166,0.0878999940395355,false,nan,11.388195753097534,
storm_mppi_tuned,1,tuned_tall_pilot_01,tall,117,"[-0.042579598,-1.6415543,1.1105535,-1.5457039,-1.572099,-0.01714083]","[0.45116973,0.11527782,0.7444644]",0.24253782207670174,3.5653369444458067,0.0878999940395355,false,nan,11.39834475517273,
storm_mppi_tuned,1,tuned_tall_pilot_01,tall,118,"[-0.045423356,-1.6457885,1.1099596,-1.5431903,-1.5723449,-0.017994855]","[0.45116973,0.11527782,0.7444644]",0.24253782207670174,3.5656647010713103,0.0878999940395355,false,nan,11.4082772731781,
storm_mppi_tuned,1,tuned_tall_pilot_01,tall,119,"[-0.045423347,-1.6457885,1.1099596,-1.5431903,-1.5723449,-0.017994852]","[0.45116973,0.11527782,0.7444644]",0.24253782207670174,3.5656646950405415,0.0878999940395355,false,nan,11.416335582733154,
storm_mppi_tuned,1,tuned_tall_pilot_01,tall,120,"[-0.045423342,-1.6457885,1.1099596,-1.5431903,-1.5723449,-0.017994849]","[0.44889119,0.11416597,0.7462365]",0.239635763640043,3.565664691477151,0.0878999940395355,false,nan,11.425715923309326,
storm_mppi_tuned,1,tuned_tall_pilot_01,tall,121,"[-0.048411029,-1.6501481,1.1092999,-1.5406375,-1.5726417,-0.018786349]","[0.44889119,0.11416597,0.7462365]",0.239635763640043,3.5659281425683136,0.0878999940395355,false,nan,11.435736656188965,
storm_mppi_tuned,1,tuned_tall_pilot_01,tall,122,"[-0.048411019,-1.6501481,1.1092999,-1.5406375,-1.5726417,-0.018786345]","[0.44889119,0.11416597,0.7462365]",0.239635763640043,3.5659281360542643,0.0878999940395355,false,nan,11.445943117141724,
storm_mppi_tuned,1,tuned_tall_pilot_01,tall,123,"[-0.048411014,-1.6501481,1.1092999,-1.5406375,-1.5726417,-0.018786342]","[0.44889119,0.11416597,0.7462365]",0.239635763640043,3.565928132169481,0.0878999940395355,false,nan,11.455556392669678,
storm_mppi_tuned,1,tuned_tall_pilot_01,tall,124,"[-0.0515746,-1.6546204,1.1085897,-1.5380563,-1.5730293,-0.019467731]","[0.4465476,0.11298568,0.74804974]",0.2366435927157087,3.5661086592214346,0.0878999940395355,false,nan,11.465584754943848,
storm_mppi_tuned,1,tuned_tall_pilot_01,tall,125,"[-0.051574589,-1.6546204,1.1085897,-1.5380563,-1.5730293,-0.019467728]","[0.4465476,0.11298568,0.74804974]",0.2366435927157087,3.5661086525044143,0.0878999940395355,false,nan,11.475938081741333,
storm_mppi_tuned,1,tuned_tall_pilot_01,tall,126,"[-0.051574584,-1.6546204,1.1085897,-1.5380563,-1.5730293,-0.019467724]","[0.4465476,0.11298568,0.74804974]",0.2366435927157087,3.5661086484932136,0.0878999940395355,false,nan,11.485819339752197,
storm_mppi_tuned,1,tuned_tall_pilot_01,tall,127,"[-0.05157458,-1.6546204,1.1085896,-1.5380563,-1.5730293,-0.019467722]","[0.44412285,0.11175516,0.74993157]",0.23354815732415446,3.5661086458322857,0.0878999940395355,false,nan,11.495680332183838,
storm_mppi_tuned,1,tuned_tall_pilot_01,tall,128,"[-0.054868884,-1.6592033,1.1079074,-1.5354155,-1.5735598,-0.020075929]","[0.44412285,0.11175516,0.74993157]",0.23354815732415446,3.566282398609582,0.0878999940395355,false,nan,11.505789995193481,
storm_mppi_tuned,1,tuned_tall_pilot_01,tall,129,"[-0.054868874,-1.6592033,1.1079074,-1.5354155,-1.5735598,-0.020075927]","[0.44412285,0.11175516,0.74993157]",0.23354815732415446,3.5662823923901428,0.0878999940395355,false,nan,11.515716552734375,
storm_mppi_tuned,1,tuned_tall_pilot_01,tall,130,"[-0.054868869,-1.6592033,1.1079074,-1.5354155,-1.5735598,-0.020075924]","[0.44412285,0.11175516,0.74993157]",0.23354815732415446,3.566282388720471,0.0878999940395355,false,nan,11.525697708129883,
storm_mppi_tuned,1,tuned_tall_pilot_01,tall,131,"[-0.058155519,-1.6638131,1.1072285,-1.5327143,-1.574174,-0.020617034]","[0.44162923,0.11045779,0.75186962]",0.23035753782503926,3.566427652811551,0.0878999940395355,false,nan,11.535659074783325,
storm_mppi_tuned,1,tuned_tall_pilot_01,tall,132,"[-0.058155509,-1.6638131,1.1072285,-1.5327143,-1.574174,-0.020617031]","[0.44162923,0.11045779,0.75186962]",0.23035753782503926,3.5664276462916833,0.0878999940395355,false,nan,11.545692205429077,
storm_mppi_tuned,1,tuned_tall_pilot_01,tall,133,"[-0.058155504,-1.6638131,1.1072285,-1.5327143,-1.574174,-0.020617028]","[0.44162923,0.11045779,0.75186962]",0.23035753782503926,3.566427642389489,0.0878999940395355,false,nan,11.55558443069458,
storm_mppi_tuned,1,tuned_tall_pilot_01,tall,134,"[-0.0581555,-1.6638131,1.1072285,-1.5327143,-1.574174,-0.020617025]","[0.43907341,0.10910965,0.75382048]",0.22709501231281604,3.5664276397802235,0.0878999940395355,false,nan,11.565696477890015,
storm_mppi_tuned,1,tuned_tall_pilot_01,tall,135,"[-0.061460851,-1.6684415,1.1065177,-1.5299789,-1.5749253,-0.02101951]","[0.43907341,0.10910965,0.75382048]",0.22709501231281604,3.5664784288649005,0.0878999940395355,false,nan,11.57579231262207,
storm_mppi_tuned,1,tuned_tall_pilot_01,tall,136,"[-0.061460842,-1.6684415,1.1065177,-1.5299789,-1.5749253,-0.021019508]","[0.43907341,0.10910965,0.75382048]",0.22709501231281604,3.5664784228793205,0.0878999940395355,false,nan,11.585724592208862,
storm_mppi_tuned,1,tuned_tall_pilot_01,tall,137,"[-0.061460837,-1.6684415,1.1065177,-1.5299789,-1.5749253,-0.021019505]","[0.43648517,0.10777614,0.75575888]",0.22381911333685828,3.5664784193247807,0.0878999940395355,false,nan,11.595751762390137,
storm_mppi_tuned,1,tuned_tall_pilot_01,tall,138,"[-0.064750797,-1.6730526,1.1057555,-1.5271712,-1.5757152,-0.021290775]","[0.43648517,0.10777614,0.75575888]",0.22381911333685828,3.566412783825781,0.0878999940395355,false,nan,11.605934858322144,
storm_mppi_tuned,1,tuned_tall_pilot_01,tall,139,"[-0.064750787,-1.6730526,1.1057555,-1.5271712,-1.5757152,-0.021290773]","[0.43648517,0.10777614,0.75575888]",0.22381911333685828,3.56641277758932,0.0878999940395355,false,nan,11.615684032440186,
storm_mppi_tuned,1,tuned_tall_pilot_01,tall,140,"[-0.064750782,-1.6730526,1.1057555,-1.5271712,-1.5757152,-0.02129077]","[0.43648517,0.10777614,0.75575888]",0.22381911333685828,3.5664127738361797,0.0878999940395355,false,nan,11.625641345977783,
storm_mppi_tuned,1,tuned_tall_pilot_01,tall,141,"[-0.068062089,-1.677721,1.105009,-1.5243536,-1.5765395,-0.021521741]","[0.43386695,0.10644077,0.75770104]",0.22052177541842272,3.5663608391010637,0.0878999940395355,false,nan,11.635655879974365,
storm_mppi_tuned,1,tuned_tall_pilot_01,tall,142,"[-0.068062079,-1.677721,1.105009,-1.5243536,-1.5765395,-0.021521739]","[0.43386695,0.10644077,0.75770104]",0.22052177541842272,3.5663608328609033,0.0878999940395355,false,nan,11.645699977874756,
storm_mppi_tuned,1,tuned_tall_pilot_01,tall,143,"[-0.068062075,-1.677721,1.105009,-1.5243536,-1.5765395,-0.021521736]","[0.43386695,0.10644077,0.75770104]",0.22052177541842272,3.5663608290828224,0.0878999940395355,false,nan,11.655681610107422,
storm_mppi_tuned,1,tuned_tall_pilot_01,tall,144,"[-0.068062071,-1.677721,1.105009,-1.5243536,-1.5765395,-0.021521734]","[0.43123195,0.10512736,0.75963527]",0.21722704320792213,3.5663608265221516,0.0878999940395355,false,nan,11.665802478790283,
storm_mppi_tuned,1,tuned_tall_pilot_01,tall,145,"[-0.071395391,-1.6824033,1.1042026,-1.5214997,-1.5773977,-0.021629312]","[0.43123195,0.10512736,0.75963527]",0.21722704320792213,3.5662032907527013,0.0878999940395355,false,nan,11.675808906555176,
storm_mppi_tuned,1,tuned_tall_pilot_01,tall,146,"[-0.071395382,-1.6824033,1.1042026,-1.5214997,-1.5773977,-0.02162931]","[0.43123195,0.10512736,0.75963527]",0.21722704320792213,3.566203285131896,0.0878999940395355,false,nan,11.685796022415161,
storm_mppi_tuned,1,tuned_tall_pilot_01,tall,147,"[-0.071395377,-1.6824033,1.1042026,-1.5214997,-1.5773977,-0.021629307]","[0.4285537,0.1038227,0.76157016]",0.21390433998079741,3.5662032817680585,0.0878999940395355,false,nan,11.695686101913452,
storm_mppi_tuned,1,tuned_tall_pilot_01,tall,148,"[-0.074765646,-1.6870502,1.1032755,-1.5185453,-1.5782958,-0.021565149]","[0.4285537,0.1038227,0.76157016]",0.21390433998079741,3.565839106980268,0.0878999940395355,false,nan,11.705768823623657,
storm_mppi_tuned,1,tuned_tall_pilot_01,tall,149,"[-0.074765636,-1.6870502,1.1032755,-1.5185453,-1.5782958,-0.021565147]","[0.4285537,0.1038227,0.76157016]",0.21390433998079741,3.5658391011485984,0.0878999940395355,false,nan,11.715682983398438,
storm_mppi_tuned,1,tuned_tall_pilot_01,tall,150,"[-0.074765632,-1.6870502,1.1032755,-1.5185453,-1.5782958,-0.021565144]","[0.4285537,0.1038227,0.76157016]",0.21390433998079741,3.565839097628124,0.0878999940395355,false,nan,11.725664854049683,
storm_mppi_tuned,1,tuned_tall_pilot_01,tall,151,"[-0.0781973,-1.6916682,1.1023037,-1.5154794,-1.5792005,-0.021439912]","[0.42584366,0.10252632,0.76351875]",0.21056120293156697,3.5653827085860548,0.0878999940395355,false,nan,11.735833406448364,
storm_mppi_tuned,1,tuned_tall_pilot_01,tall,152,"[-0.078197291,-1.6916681,1.1023037,-1.5154794,-1.5792005,-0.02143991]","[0.42584366,0.10252632,0.76351875]",0.21056120293156697,3.5653827028015748,0.0878999940395355,false,nan,11.745803117752075,
storm_mppi_tuned,1,tuned_tall_pilot_01,tall,153,"[-0.078197286,-1.6916681,1.1023037,-1.5154794,-1.5792005,-0.021439907]","[0.42584366,0.10252632,0.76351875]",0.21056120293156697,3.5653826993121376,0.0878999940395355,false,nan,11.755651950836182,
storm_mppi_tuned,1,tuned_tall_pilot_01,tall,154,"[-0.078197283,-1.6916681,1.1023037,-1.5154794,-1.5792005,-0.021439905]","[0.4231194,0.10123061,0.76547951]",0.20721112638250308,3.5653826969228035,0.0878999940395355,false,nan,11.765970706939697,
storm_mppi_tuned,1,tuned_tall_pilot_01,tall,155,"[-0.081642439,-1.6962549,1.1012691,-1.5122856,-1.5800736,-0.021234812]","[0.4231194,0.10123061,0.76547951]",0.20721112638250308,3.564813272226787,0.0878999940395355,false,nan,11.775824069976807,
storm_mppi_tuned,1,tuned_tall_pilot_01,tall,156,"[-0.08164243,-1.6962549,1.1012691,-1.5122856,-1.5800736,-0.021234811]","[0.4231194,0.10123061,0.76547951]",0.20721112638250308,3.564813267077132,0.0878999940395355,false,nan,11.785672903060913,
storm_mppi_tuned,1,tuned_tall_pilot_01,tall,157,"[-0.081642426,-1.6962549,1.1012691,-1.5122856,-1.5800736,-0.021234809]","[0.42039272,0.099928297,0.76741815]",0.20386896470816285,3.564813264024372,0.0878999940395355,false,nan,11.795689344406128,
storm_mppi_tuned,1,tuned_tall_pilot_01,tall,158,"[-0.085082161,-1.700856,1.1001741,-1.5089775,-1.5808881,-0.02087899]","[0.42039272,0.099928297,0.76741815]",0.20386896470816285,3.5641149850446725,0.0878999940395355,false,nan,11.805748462677002,
storm_mppi_tuned,1,tuned_tall_pilot_01,tall,159,"[-0.085082152,-1.700856,1.1001741,-1.5089775,-1.5808881,-0.020878988]","[0.42039272,0.099928297,0.76741815]",0.20386896470816285,3.5641149797532155,0.0878999940395355,false,nan,11.815698862075806,
storm_mppi_tuned,1,tuned_tall_pilot_01,tall,160,"[-0.085082148,-1.700856,1.1001741,-1.5089775,-1.5808881,-0.020878986]","[0.41765663,0.098644003,0.7693401]",0.20053723485576908,3.56411497657647,0.0878999940395355,false,nan,11.825756549835205,
storm_mppi_tuned,1,tuned_tall_pilot_01,tall,161,"[-0.088533713,-1.7054348,1.0990578,-1.5055747,-1.5815747,-0.020392913]","[0.41765663,0.098644003,0.7693401]",0.20053723485576908,3.5633222690811017,0.0878999940395355,false,nan,11.835845232009888,
storm_mppi_tuned,1,tuned_tall_pilot_01,tall,162,"[-0.088533704,-1.7054348,1.0990578,-1.5055747,-1.5815747,-0.020392911]","[0.41765663,0.098644003,0.7693401]",0.20053723485576908,3.563322263864584,0.0878999940395355,false,nan,11.845789909362793,
storm_mppi_tuned,1,tuned_tall_pilot_01,tall,163,"[-0.088533701,-1.7054348,1.0990578,-1.5055746,-1.5815747,-0.020392909]","[0.41488284,0.097390689,0.77126449]",0.19719234291448448,3.5633222607264146,0.0878999940395355,false,nan,11.855799198150635,
storm_mppi_tuned,1,tuned_tall_pilot_01,tall,164,"[-0.092041329,-1.710006,1.0979115,-1.5020764,-1.582178,-0.019787185]","[0.41488284,0.097390689,0.77126449]",0.19719234291448448,3.5624326836598774,0.0878999940395355,false,nan,11.865995645523071,
storm_mppi_tuned,1,tuned_tall_pilot_01,tall,165,"[-0.092041321,-1.710006,1.0979115,-1.5020764,-1.582178,-0.019787183]","[0.41488284,0.097390689,0.77126449]",0.19719234291448448,3.562432678583771,0.0878999940395355,false,nan,11.875757217407227,
storm_mppi_tuned,1,tuned_tall_pilot_01,tall,166,"[-0.092041318,-1.710006,1.0979115,-1.5020764,-1.582178,-0.019787181]","[0.41488284,0.097390689,0.77126449]",0.19719234291448448,3.5624326755484086,0.0878999940395355,false,nan,11.885723352432251,
storm_mppi_tuned,1,tuned_tall_pilot_01,tall,167,"[-0.095624186,-1.7145324,1.0967195,-1.498417,-1.5827389,-0.019063501]","[0.41210392,0.096165769,0.7731607]",0.19386827565627104,3.561407566347902,0.0878999940395355,false,nan,11.895857095718384,
storm_mppi_tuned,1,tuned_tall_pilot_01,tall,168,"[-0.095624179,-1.7145323,1.0967195,-1.498417,-1.5827389,-0.0190635]","[0.41210392,0.096165769,0.7731607]",0.19386827565627104,3.561407561449468,0.0878999940395355,false,nan,11.90601634979248,
storm_mppi_tuned,1,tuned_tall_pilot_01,tall,169,"[-0.095624175,-1.7145323,1.0967195,-1.498417,-1.5827388,-0.019063497]","[0.41210392,0.096165769,0.7731607]",0.19386827565627104,3.5614075585519362,0.0878999940395355,false,nan,11.91577935218811,
storm_mppi_tuned,1,tuned_tall_pilot_01,tall,170,"[-0.095624173,-1.7145323,1.0967195,-1.498417,-1.5827388,-0.019063496]","[0.40931344,0.0949478,0.77503872]",0.19054888948258705,3.561407556540506,0.0878999940395355,false,nan,11.925900936126709,
storm_mppi_tuned,1,tuned_tall_pilot_01,tall,171,"[-0.099255548,-1.7190051,1.0955278,-1.4945643,-1.5831721,-0.018298601]","[0.40931344,0.0949478,0.77503872]",0.19054888948258705,3.560319242749905,0.0878999940395355,false,nan,11.935923337936401,
storm_mppi_tuned,1,tuned_tall_pilot_01,tall,172,"[-0.099255541,-1.7190051,1.0955278,-1.4945643,-1.5831721,-0.0182986]","[0.40931344,0.0949478,0.77503872]",0.19054888948258705,3.5603192384607563,0.0878999940395355,false,nan,11.945851564407349,
storm_mppi_tuned,1,tuned_tall_pilot_01,tall,173,"[-0.099255538,-1.7190051,1.0955278,-1.4945643,-1.583172,-0.018298598]","[0.40653035,0.093723886,0.77688164]",0.1872488776219899,3.5603192360100855,0.0878999940395355,false,nan,11.955971002578735,
storm_mppi_tuned,1,tuned_tall_pilot_01,tall,174,"[-0.10288208,-1.7234832,1.0943361,-1.4907308,-1.583618,-0.017537833]","[0.40653035,0.093723886,0.77688164]",0.1872488776219899,3.559252362099642,0.0878999940395355,false,nan,11.965996503829956,
storm_mppi_tuned,1,tuned_tall_pilot_01,tall,175,"[-0.10288207,-1.7234831,1.0943361,-1.4907308,-1.583618,-0.017537832]","[0.40653035,0.093723886,0.77688164]",0.1872488776219899,3.5592523577957396,0.0878999940395355,false,nan,11.976027488708496,
storm_mppi_tuned,1,tuned_tall_pilot_01,tall,176,"[-0.10288207,-1.7234831,1.0943361,-1.4907308,-1.583618,-0.017537831]","[0.40376645,0.092512526,0.77866089]",0.18399046281662973,3.559252355318309,0.0878999940395355,false,nan,11.98617696762085,
storm_mppi_tuned,1,tuned_tall_pilot_01,tall,177,"[-0.10649807,-1.7279279,1.0931463,-1.4868738,-1.5840579,-0.016795651]","[0.40376645,0.092512526,0.77866089]",0.18399046281662973,3.558196727093702,0.0878999940395355,false,nan,11.996276140213013,
storm_mppi_tuned,1,tuned_tall_pilot_01,tall,178,"[-0.10649806,-1.7279279,1.0931463,-1.4868738,-1.5840579,-0.016795651]","[0.40376645,0.092512526,0.77866089]",0.18399046281662973,3.5581967229359543,0.0878999940395355,false,nan,12.006253004074097,
storm_mppi_tuned,1,tuned_tall_pilot_01,tall,179,"[-0.10649806,-1.7279279,1.0931463,-1.4868738,-1.5840579,-0.016795649]","[0.40098655,0.091324352,0.7804293]",0.1807376639904638,3.5581967205511824,0.0878999940395355,false,nan,12.016504526138306,
storm_mppi_tuned,1,tuned_tall_pilot_01,tall,180,"[-0.11013878,-1.7323835,1.0919644,-1.483007,-1.5844588,-0.016078458]","[0.40098655,0.091324352,0.7804293]",0.1807376639904638,3.557174369112273,0.0878999940395355,false,nan,12.026702165603638,
storm_mppi_tuned,1,tuned_tall_pilot_01,tall,181,"[-0.11013878,-1.7323835,1.0919644,-1.483007,-1.5844588,-0.016078458]","[0.40098655,0.091324352,0.7804293]",0.1807376639904638,3.557174365138393,0.0878999940395355,false,nan,12.03654408454895,
storm_mppi_tuned,1,tuned_tall_pilot_01,tall,182,"[-0.11013877,-1.7323835,1.0919644,-1.483007,-1.5844588,-0.016078456]","[0.40098655,0.091324352,0.7804293]",0.1807376639904638,3.5571743628808865,0.0878999940395355,false,nan,12.046632528305054,
storm_mppi_tuned,1,tuned_tall_pilot_01,tall,183,"[-0.11382474,-1.7369306,1.0908481,-1.4791335,-1.5848836,-0.015415606]","[0.39821339,0.090161234,0.78216505]",0.17751509158851753,3.556266308901735,0.0878999940395355,false,nan,12.056670665740967,
storm_mppi_tuned,1,tuned_tall_pilot_01,tall,184,"[-0.11382473,-1.7369306,1.0908481,-1.4791335,-1.5848836,-0.015415606]","[0.39821339,0.090161234,0.78216505]",0.17751509158851753,3.5562663051207135,0.0878999940395355,false,nan,12.06664776802063,
storm_mppi_tuned,1,tuned_tall_pilot_01,tall,185,"[-0.11382473,-1.7369306,1.0908481,-1.4791335,-1.5848836,-0.015415604]","[0.39821339,0.090161234,0.78216505]",0.17751509158851753,3.5562663029965713,0.0878999940395355,false,nan,12.076734781265259,
storm_mppi_tuned,1,tuned_tall_pilot_01,tall,186,"[-0.11382473,-1.7369306,1.0908481,-1.4791335,-1.5848836,-0.015415603]","[0.39542502,0.089015044,0.78388435]",0.17429735534324484,3.5562663015166858,0.0878999940395355,false,nan,12.086745262145996,
storm_mppi_tuned,1,tuned_tall_pilot_01,tall,187,"[-0.11754331,-1.7415406,1.0898542,-1.4751851,-1.5853889,-0.014789344]","[0.39542502,0.089015044,0.78388435]",0.17429735534324484,3.5554840959917127,0.0878999940395355,false,nan,12.096676588058472,
storm_mppi_tuned,1,tuned_tall_pilot_01,tall,188,"[-0.1175433,-1.7415406,1.0898542,-1.4751851,-1.5853889,-0.014789344]","[0.39542502,0.089015044,0.78388435]",0.17429735534324484,3.555484092712581,0.0878999940395355,false,nan,12.106584787368774,
storm_mppi_tuned,1,tuned_tall_pilot_01,tall,189,"[-0.1175433,-1.7415406,1.0898542,-1.4751851,-1.5853889,-0.014789343]","[0.39258486,0.087876253,0.78559244]",0.17104697698283433,3.5554840909518464,0.0878999940395355,false,nan,12.116686344146729,
storm_mppi_tuned,1,tuned_tall_pilot_01,tall,190,"[-0.12126475,-1.7462087,1.0889679,-1.4711656,-1.5859889,-0.014208392]","[0.39258486,0.087876253,0.78559244]",0.17104697698283433,3.5548231444642844,0.0878999940395355,false,nan,12.126687288284302,
storm_mppi_tuned,1,tuned_tall_pilot_01,tall,191,"[-0.12126474,-1.7462087,1.0889679,-1.4711656,-1.5859889,-0.014208393]","[0.39258486,0.087876253,0.78559244]",0.17104697698283433,3.5548231412714526,0.0878999940395355,false,nan,12.1365807056427,
storm_mppi_tuned,1,tuned_tall_pilot_01,tall,192,"[-0.12126474,-1.7462087,1.0889679,-1.4711656,-1.5859889,-0.014208392]","[0.38971823,0.086741887,0.78724295]",0.16779132761981838,3.5548231395612144,0.0878999940395355,false,nan,12.146775007247925,
storm_mppi_tuned,1,tuned_tall_pilot_01,tall,193,"[-0.12502122,-1.7509421,1.0881319,-1.4671149,-1.5866579,-0.01370477]","[0.38971823,0.086741887,0.78724295]",0.16779132761981838,3.554264956154547,0.0878999940395355,false,nan,12.156689167022705,
storm_mppi_tuned,1,tuned_tall_pilot_01,tall,194,"[-0.12502122,-1.7509421,1.0881319,-1.4671149,-1.5866579,-0.01370477]","[0.38971823,0.086741887,0.78724295]",0.16779132761981838,3.554264953138783,0.0878999940395355,false,nan,12.166771173477173,
storm_mppi_tuned,1,tuned_tall_pilot_01,tall,195,"[-0.12502122,-1.7509421,1.0881319,-1.4671149,-1.5866579,-0.013704769]","[0.38682285,0.085622616,0.78884101]",0.1645313671710998,3.5542649515532347,0.0878999940395355,false,nan,12.176652669906616,
storm_mppi_tuned,1,tuned_tall_pilot_01,tall,196,"[-0.12886953,-1.7557432,1.0873315,-1.4629783,-1.5873761,-0.013274734]","[0.38682285,0.085622616,0.78884101]",0.1645313671710998,3.5537826980268545,0.0878999940395355,false,nan,12.186682224273682,
storm_mppi_tuned,1,tuned_tall_pilot_01,tall,197,"[-0.12886952,-1.7557432,1.0873315,-1.4629783,-1.5873761,-0.013274735]","[0.38682285,0.085622616,0.78884101]",0.1645313671710998,3.5537826952073854,0.0878999940395355,false,nan,12.19659686088562,
storm_mppi_tuned,1,tuned_tall_pilot_01,tall,198,"[-0.12886952,-1.7557432,1.0873315,-1.4629783,-1.5873761,-0.013274734]","[0.38682285,0.085622616,0.78884101]",0.1645313671710998,3.5537826937800068,0.0878999940395355,false,nan,12.206499814987183,
storm_mppi_tuned,1,tuned_tall_pilot_01,tall,199,"[-0.12886952,-1.7557432,1.0873315,-1.4629783,-1.5873761,-0.013274734]","[0.38388714,0.084510818,0.79042023]",0.1612494966612773,3.5537826928011427,0.0878999940395355,false,nan,12.216753721237183,
storm_mppi_tuned,1,tuned_tall_pilot_01,tall,200,"[-0.13279503,-1.7606295,1.0866113,-1.4587712,-1.5881554,-0.012903346]","[0.38388714,0.084510818,0.79042023]",0.1612494966612773,3.5534128431740513,0.0878999940395355,false,nan,12.226662158966064,
storm_mppi_tuned,1,tuned_tall_pilot_01,tall,201,"[-0.13279503,-1.7606295,1.0866113,-1.4587712,-1.5881554,-0.012903347]","[0.38388714,0.084510818,0.79042023]",0.1612494966612773,3.553412840766366,0.0878999940395355,false,nan,12.23656678199768,
storm_mppi_tuned,1,tuned_tall_pilot_01,tall,202,"[-0.13279502,-1.7606295,1.0866113,-1.4587712,-1.5881554,-0.012903347]","[0.38091019,0.083388329,0.79197991]",0.15793764149343806,3.5534128396531512,0.0878999940395355,false,nan,12.246466636657715,
storm_mppi_tuned,1,tuned_tall_pilot_01,tall,203,"[-0.13673298,-1.7655376,1.0860001,-1.4545084,-1.5889893,-0.012595132]","[0.38091019,0.083388329,0.79197991]",0.15793764149343806,3.553168920541176,0.0878999940395355,false,nan,12.256590366363525,
storm_mppi_tuned,1,tuned_tall_pilot_01,tall,204,"[-0.13673297,-1.7655376,1.0860001,-1.4545084,-1.5889893,-0.012595134]","[0.38091019,0.083388329,0.79197991]",0.15793764149343806,3.553168918311709,0.0878999940395355,false,nan,12.266596555709839,
storm_mppi_tuned,1,tuned_tall_pilot_01,tall,205,"[-0.13673297,-1.7655376,1.0860001,-1.4545084,-1.5889893,-0.012595133]","[0.37788898,0.082261026,0.79350847]",0.15459658301913173,3.5531689173288235,0.0878999940395355,false,nan,12.276649475097656,
storm_mppi_tuned,1,tuned_tall_pilot_01,tall,206,"[-0.14059757,-1.7703683,1.0854888,-1.4501491,-1.5899227,-0.012361537]","[0.37788898,0.082261026,0.79350847]",0.15459658301913173,3.5530167931935854,0.0878999940395355,false,nan,12.286778450012207,
storm_mppi_tuned,1,tuned_tall_pilot_01,tall,207,"[-0.14059757,-1.7703683,1.0854888,-1.4501491,-1.5899227,-0.012361539]","[0.37788898,0.082261026,0.79350847]",0.15459658301913173,3.5530167912440977,0.0878999940395355,false,nan,12.296557903289795,
storm_mppi_tuned,1,tuned_tall_pilot_01,tall,208,"[-0.14059757,-1.7703683,1.0854888,-1.4501491,-1.5899227,-0.012361539]","[0.37486511,0.081148699,0.79497129]",0.15127482098905104,3.553016790453503,0.0878999940395355,false,nan,12.308490514755249,
storm_mppi_tuned,1,tuned_tall_pilot_01,tall,209,"[-0.14445387,-1.7751603,1.0851243,-1.4457163,-1.5909076,-0.012198348]","[0.37486511,0.081148699,0.79497129]",0.15127482098905104,3.5530026193776205,0.0878999940395355,false,nan,12.316833734512329,
storm_mppi_tuned,1,tuned_tall_pilot_01,tall,210,"[-0.14445387,-1.7751603,1.0851243,-1.4457163,-1.5909076,-0.01219835]","[0.37486511,0.081148699,0.79497129]",0.15127482098905104,3.553002617709666,0.0878999940395355,false,nan,12.32664179801941,
storm_mppi_tuned,1,tuned_tall_pilot_01,tall,211,"[-0.14445387,-1.7751603,1.0851243,-1.4457163,-1.5909076,-0.01219835]","[0.37486511,0.081148699,0.79497129]",0.15127482098905104,3.5530026171320306,0.0878999940395355,false,nan,12.336571455001831,
storm_mppi_tuned,1,tuned_tall_pilot_01,tall,212,"[-0.14831134,-1.7799071,1.084759,-1.4412767,-1.5919582,-0.01208625]","[0.37189066,0.080070466,0.79633188]",0.1480292513855504,3.553012879632718,0.0878999940395355,false,nan,12.346869945526123,
storm_mppi_tuned,1,tuned_tall_pilot_01,tall,213,"[-0.14831134,-1.7799071,1.084759,-1.4412767,-1.5919582,-0.012086252]","[0.37189066,0.080070466,0.79633188]",0.1480292513855504,3.5530128782292505,0.0878999940395355,false,nan,12.356624841690063,
storm_mppi_tuned,1,tuned_tall_pilot_01,tall,214,"[-0.14831134,-1.7799071,1.084759,-1.4412767,-1.5919582,-0.012086252]","[0.37189066,0.080070466,0.79633188]",0.1480292513855504,3.5530128778522267,0.0878999940395355,false,nan,12.369010210037231,
storm_mppi_tuned,1,tuned_tall_pilot_01,tall,215,"[-0.14831134,-1.7799071,1.084759,-1.4412767,-1.5919582,-0.012086252]","[0.36895922,0.079007603,0.79758745]",0.1448448576769915,3.553012877655813,0.0878999940395355,false,nan,12.378084182739258,
storm_mppi_tuned,1,tuned_tall_pilot_01,tall,216,"[-0.15217684,-1.7845761,1.0843979,-1.4367558,-1.593137,-0.012021963]","[0.36895922,0.079007603,0.79758745]",0.1448448576769915,3.55302282111896,0.0878999940395355,false,nan,12.386686325073242,
storm_mppi_tuned,1,tuned_tall_pilot_01,tall,217,"[-0.15217683,-1.7845761,1.0843979,-1.4367558,-1.593137,-0.012021965]","[0.36895922,0.079007603,0.79758745]",0.1448448576769915,3.553022819990307,0.0878999940395355,false,nan,12.396667957305908,
storm_mppi_tuned,1,tuned_tall_pilot_01,tall,218,"[-0.15217683,-1.7845761,1.0843979,-1.4367558,-1.593137,-0.012021965]","[0.36604604,0.077958353,0.79881084]",0.14169270965485717,3.553022819829907,0.0878999940395355,false,nan,12.40661096572876,
storm_mppi_tuned,1,tuned_tall_pilot_01,tall,219,"[-0.15609685,-1.7892093,1.0840668,-1.4321972,-1.5943962,-0.012007987]","[0.36604604,0.077958353,0.79881084]",0.14169270965485717,3.553072790446487,0.0878999940395355,false,nan,12.416761875152588,
storm_mppi_tuned,1,tuned_tall_pilot_01,tall,220,"[-0.15609685,-1.7892093,1.0840668,-1.4321972,-1.5943962,-0.012007989]","[0.36604604,0.077958353,0.79881084]",0.14169270965485717,3.55307278951548,0.0878999940395355,false,nan,12.426903247833252,
storm_mppi_tuned,1,tuned_tall_pilot_01,tall,221,"[-0.15609685,-1.7892093,1.0840668,-1.4321972,-1.5943962,-0.01200799]","[0.36317053,0.076910868,0.79997826]",0.13858642870708024,3.553072789527199,0.0878999940395355,false,nan,12.436976432800293,
storm_mppi_tuned,1,tuned_tall_pilot_01,tall,222,"[-0.15998673,-1.7938122,1.0837305,-1.4276191,-1.5957009,-0.012008496]","[0.36317053,0.076910868,0.79997826]",0.13858642870708024,3.5531307670596584,0.0878999940395355,false,nan,12.447305679321289,
storm_mppi_tuned,1,tuned_tall_pilot_01,tall,223,"[-0.15998673,-1.7938122,1.0837305,-1.4276191,-1.5957009,-0.012008498]","[0.36317053,0.076910868,0.79997826]",0.13858642870708024,3.553130766367404,0.0878999940395355,false,nan,12.456727981567383,
storm_mppi_tuned,1,tuned_tall_pilot_01,tall,224,"[-0.15998673,-1.7938122,1.0837305,-1.4276191,-1.5957009,-0.012008499]","[0.36317053,0.076910868,0.79997826]",0.13858642870708024,3.553130766551719,0.0878999940395355,false,nan,12.466796875,
storm_mppi_tuned,1,tuned_tall_pilot_01,tall,225,"[-0.1638918,-1.7983692,1.0834315,-1.4229774,-1.5970115,-0.012023964]","[0.36031756,0.075855717,0.80110013]",0.13550715379333902,3.5532135582514717,0.0878999940395355,false,nan,12.477080345153809,
storm_mppi_tuned,1,tuned_tall_pilot_01,tall,226,"[-0.1638918,-1.7983692,1.0834315,-1.4229774,-1.5970115,-0.012023967]","[0.36031756,0.075855717,0.80110013]",0.13550715379333902,3.553213557767074,0.0878999940395355,false,nan,12.486829042434692,
storm_mppi_tuned,1,tuned_tall_pilot_01,tall,227,"[-0.1638918,-1.7983692,1.0834315,-1.4229774,-1.5970115,-0.012023967]","[0.36031756,0.075855717,0.80110013]",0.13550715379333902,3.5532135581209547,0.0878999940395355,false,nan,12.496949672698975,
storm_mppi_tuned,1,tuned_tall_pilot_01,tall,228,"[-0.1638918,-1.7983692,1.0834315,-1.4229774,-1.5970115,-0.012023967]","[0.35747093,0.074828468,0.8021962]",0.1324541428336284,3.5532135584878786,0.0878999940395355,false,nan,12.50696349143982,
storm_mppi_tuned,1,tuned_tall_pilot_01,tall,229,"[-0.16786152,-1.8028468,1.0831289,-1.4182482,-1.5983079,-0.011972763]","[0.35747093,0.074828468,0.8021962]",0.1324541428336284,3.55322894847057,0.0878999940395355,false,nan,12.516739845275879,
storm_mppi_tuned,1,tuned_tall_pilot_01,tall,230,"[-0.16786152,-1.8028468,1.0831289,-1.4182482,-1.5983079,-0.011972766]","[0.35747093,0.074828468,0.8021962]",0.1324541428336284,3.5532289480869843,0.0878999940395355,false,nan,12.52666687965393,
storm_mppi_tuned,1,tuned_tall_pilot_01,tall,231,"[-0.16786152,-1.8028468,1.0831289,-1.4182482,-1.5983079,-0.011972767]","[0.354653,0.073813602,0.80323702]",0.12944187716361985,3.5532289485480155,0.0878999940395355,false,nan,12.536747455596924,
storm_mppi_tuned,1,tuned_tall_pilot_01,tall,232,"[-0.17185617,-1.8072301,1.0828636,-1.4134355,-1.5996774,-0.011916447]","[0.354653,0.073813602,0.80323702]",0.12944187716361985,3.5532367055877394,0.0878999940395355,false,nan,12.546858310699463,
storm_mppi_tuned,1,tuned_tall_pilot_01,tall,233,"[-0.17185617,-1.8072301,1.0828636,-1.4134355,-1.5996774,-0.01191645]","[0.354653,0.073813602,0.80323702]",0.12944187716361985,3.553236705403818,0.0878999940395355,false,nan,12.556634187698364,
storm_mppi_tuned,1,tuned_tall_pilot_01,tall,234,"[-0.17185617,-1.8072301,1.0828636,-1.4134355,-1.5996774,-0.011916451]","[0.35187927,0.072793439,0.80422634]",0.12647601427954064,3.5532367060412584,0.0878999940395355,false,nan,12.5669527053833,
storm_mppi_tuned,1,tuned_tall_pilot_01,tall,235,"[-0.17589687,-1.8115281,1.0826432,-1.4085742,-1.6010842,-0.011839235]","[0.35187927,0.072793439,0.80422634]",0.12647601427954064,3.5532431737761274,0.0878999940395355,false,nan,12.576873302459717,
storm_mppi_tuned,1,tuned_tall_pilot_01,tall,236,"[-0.17589687,-1.8115281,1.0826432,-1.4085742,-1.6010842,-0.011839237]","[0.35187927,0.072793439,0.80422634]",0.12647601427954064,3.5532431737523353,0.0878999940395355,false,nan,12.58678150177002,
storm_mppi_tuned,1,tuned_tall_pilot_01,tall,237,"[-0.17589687,-1.8115281,1.0826432,-1.4085742,-1.6010842,-0.011839238]","[0.34916437,0.071770057,0.80514288]",0.12357018681016911,3.553243174542447,0.0878999940395355,false,nan,12.596815824508667,
storm_mppi_tuned,1,tuned_tall_pilot_01,tall,238,"[-0.17994261,-1.815757,1.0824395,-1.4036315,-1.6025574,-0.011712692]","[0.34916437,0.071770057,0.80514288]",0.12357018681016911,3.553213902418643,0.0878999940395355,false,nan,12.606708526611328,
storm_mppi_tuned,1,tuned_tall_pilot_01,tall,239,"[-0.17994261,-1.815757,1.0824395,-1.4036315,-1.6025574,-0.011712695]","[0.34916437,0.071770057,0.80514288]",0.12357018681016911,3.553213902542386,0.0878999940395355,false,nan,12.616724491119385,
storm_mppi_tuned,1,tuned_tall_pilot_01,tall,240,"[-0.17994261,-1.815757,1.0824395,-1.4036315,-1.6025574,-0.011712696]","[0.34916437,0.071770057,0.80514288]",0.12357018681016911,3.5532139034641417,0.0878999940395355,false,nan,12.626714944839478,
storm_mppi_tuned,1,tuned_tall_pilot_01,tall,241,"[-0.18407019,-1.8199504,1.0822703,-1.3986032,-1.6041104,-0.011576941]","[0.34650788,0.070739508,0.80599201]",0.12072106642168874,3.5531880860103104,0.0878999940395355,false,nan,12.636758804321289,
storm_mppi_tuned,1,tuned_tall_pilot_01,tall,242,"[-0.18407018,-1.8199504,1.0822703,-1.3986032,-1.6041104,-0.011576944]","[0.34650788,0.070739508,0.80599201]",0.12072106642168874,3.5531880862444987,0.0878999940395355,false,nan,12.646575689315796,
storm_mppi_tuned,1,tuned_tall_pilot_01,tall,243,"[-0.18407018,-1.8199504,1.0822703,-1.3986032,-1.6041104,-0.011576945]","[0.34650788,0.070739508,0.80599201]",0.12072106642168874,3.5531880872869612,0.0878999940395355,false,nan,12.658740758895874,
storm_mppi_tuned,1,tuned_tall_pilot_01,tall,244,"[-0.18407018,-1.8199504,1.0822703,-1.3986032,-1.6041104,-0.011576945]","[0.343889,0.069715947,0.80678767]",0.11791495981865464,3.5531880882076683,0.0878999940395355,false,nan,12.668829917907715,
storm_mppi_tuned,1,tuned_tall_pilot_01,tall,245,"[-0.18828909,-1.8240957,1.0821587,-1.3934826,-1.6057464,-0.011434778]","[0.343889,0.069715947,0.80678767]",0.11791495981865464,3.5531791747044155,0.0878999940395355,false,nan,12.67782187461853,
storm_mppi_tuned,1,tuned_tall_pilot_01,tall,246,"[-0.18828909,-1.8240956,1.0821587,-1.3934826,-1.6057464,-0.011434781]","[0.343889,0.069715947,0.80678767]",0.11791495981865464,3.553179174874945,0.0878999940395355,false,nan,12.686636924743652,
storm_mppi_tuned,1,tuned_tall_pilot_01,tall,247,"[-0.18828909,-1.8240957,1.0821587,-1.3934826,-1.6057464,-0.011434782]","[0.34129533,0.068674579,0.80753326]",0.11512920854431472,3.553179175907179,0.0878999940395355,false,nan,12.696698427200317,
storm_mppi_tuned,1,tuned_tall_pilot_01,tall,248,"[-0.19254513,-1.8281687,1.0820904,-1.3882887,-1.6073975,-0.011255016]","[0.34129533,0.068674579,0.80753326]",0.11512920854431472,3.5531616719798613,0.0878999940395355,false,nan,12.706549882888794,
storm_mppi_tuned,1,tuned_tall_pilot_01,tall,249,"[-0.19254513,-1.8281687,1.0820904,-1.3882887,-1.6073975,-0.011255018]","[0.34129533,0.068674579,0.80753326]",0.11512920854431472,3.553161672323913,0.0878999940395355,false,nan,12.716593027114868,
storm_mppi_tuned,1,tuned_tall_pilot_01,tall,250,"[-0.19254513,-1.8281687,1.0820904,-1.3882887,-1.6073975,-0.011255019]","[0.33874068,0.06760972,0.80821431]",0.11237281455839962,3.5531616735189036,0.0878999940395355,false,nan,12.726605653762817,
storm_mppi_tuned,1,tuned_tall_pilot_01,tall,251,"[-0.19684693,-1.8321765,1.0820262,-1.3830799,-1.6090484,-0.011031552]","[0.33874068,0.06760972,0.80821431]",0.11237281455839962,3.5531147066389854,0.0878999940395355,false,nan,12.736726760864258,
storm_mppi_tuned,1,tuned_tall_pilot_01,tall,252,"[-0.19684693,-1.8321765,1.0820262,-1.3830799,-1.6090485,-0.011031554]","[0.33874068,0.06760972,0.80821431]",0.11237281455839962,3.5531147070954003,0.0878999940395355,false,nan,12.746751070022583,
storm_mppi_tuned,1,tuned_tall_pilot_01,tall,253,"[-0.19684693,-1.8321765,1.0820262,-1.3830799,-1.6090485,-0.011031555]","[0.33874068,0.06760972,0.80821431]",0.11237281455839962,3.553114708403895,0.0878999940395355,false,nan,12.75699758529663,
storm_mppi_tuned,1,tuned_tall_pilot_01,tall,254,"[-0.20113559,-1.8360958,1.0819676,-1.3778651,-1.6106899,-0.010787462]","[0.33623531,0.066543914,0.80883253]",0.10966389579658767,3.553049538101274,0.0878999940395355,false,nan,12.766831398010254,
storm_mppi_tuned,1,tuned_tall_pilot_01,tall,255,"[-0.20113559,-1.8360958,1.0819676,-1.3778651,-1.6106899,-0.010787464]","[0.33623531,0.066543914,0.80883253]",0.10966389579658767,3.5530495386514658,0.0878999940395355,false,nan,12.776732683181763,
storm_mppi_tuned,1,tuned_tall_pilot_01,tall,256,"[-0.20113559,-1.8360958,1.0819676,-1.3778651,-1.6106899,-0.010787465]","[0.33623531,0.066543914,0.80883253]",0.10966389579658767,3.5530495400419486,0.0878999940395355,false,nan,12.786664009094238,
storm_mppi_tuned,1,tuned_tall_pilot_01,tall,257,"[-0.20542529,-1.8399733,1.0819554,-1.3726043,-1.6123339,-0.010496305]","[0.33376864,0.065477706,0.80941504]",0.1069929164441007,3.552990855494678,0.0878999940395355,false,nan,12.796669960021973,
storm_mppi_tuned,1,tuned_tall_pilot_01,tall,258,"[-0.20542529,-1.8399733,1.0819554,-1.3726043,-1.612334,-0.010496307]","[0.33376864,0.065477706,0.80941504]",0.1069929164441007,3.552990856121172,0.0878999940395355,false,nan,12.806668281555176,
storm_mppi_tuned,1,tuned_tall_pilot_01,tall,259,"[-0.20542529,-1.8399733,1.0819554,-1.3726043,-1.612334,-0.010496308]","[0.33376864,0.065477706,0.80941504]",0.1069929164441007,3.5529908575806957,0.0878999940395355,false,nan,12.816662788391113,
storm_mppi_tuned,1,tuned_tall_pilot_01,tall,260,"[-0.20542529,-1.8399733,1.0819554,-1.3726043,-1.612334,-0.010496308]","[0.33135241,0.064428255,0.80995631]",0.10437740502323019,3.5529908588480246,0.0878999940395355,false,nan,12.826727151870728,
storm_mppi_tuned,1,tuned_tall_pilot_01,tall,261,"[-0.2097401,-1.8437838,1.0819668,-1.3672922,-1.6139476,-0.010144881]","[0.33135241,0.064428255,0.80995631]",0.10437740502323019,3.5529045255077603,0.0878999940395355,false,nan,12.836702346801758,
storm_mppi_tuned,1,tuned_tall_pilot_01,tall,262,"[-0.2097401,-1.8437838,1.0819668,-1.3672922,-1.6139476,-0.010144883]","[0.33135241,0.064428255,0.80995631]",0.10437740502323019,3.5529045259762313,0.0878999940395355,false,nan,12.846635103225708,
storm_mppi_tuned,1,tuned_tall_pilot_01,tall,263,"[-0.2097401,-1.8437838,1.0819668,-1.3672922,-1.6139476,-0.010144884]","[0.32896626,0.063393287,0.81044829]",0.10179729274079383,3.5529045273286535,0.0878999940395355,false,nan,12.858760833740234,
storm_mppi_tuned,1,tuned_tall_pilot_01,tall,264,"[-0.214103,-1.8474929,1.0819625,-1.3619271,-1.6155375,-0.0097028671]","[0.32896626,0.063393287,0.81044829]",0.10179729274079383,3.552730972331899,0.0878999940395355,false,nan,12.868770122528076,
storm_mppi_tuned,1,tuned_tall_pilot_01,tall,265,"[-0.214103,-1.8474929,1.0819625,-1.3619271,-1.6155375,-0.0097028693]","[0.32896626,0.063393287,0.81044829]",0.10179729274079383,3.5527309729076584,0.0878999940395355,false,nan,12.877838611602783,
storm_mppi_tuned,1,tuned_tall_pilot_01,tall,266,"[-0.214103,-1.8474929,1.0819625,-1.3619271,-1.6155375,-0.00970287]","[0.32662317,0.062365443,0.81089276]",0.09926044984895178,3.552730974376981,0.0878999940395355,false,nan,12.886741876602173,
storm_mppi_tuned,1,tuned_tall_pilot_01,tall,267,"[-0.21849302,-1.8510906,1.0819179,-1.3565062,-1.6171473,-0.0091697617]","[0.32662317,0.062365443,0.81089276]",0.09926044984895178,3.552447730013337,0.0878999940395355,false,nan,12.896793365478516,
storm_mppi_tuned,1,tuned_tall_pilot_01,tall,268,"[-0.21849301,-1.8510906,1.0819179,-1.3565062,-1.6171474,-0.0091697639]","[0.32662317,0.062365443,0.81089276]",0.09926044984895178,3.552447730630259,0.0878999940395355,false,nan,12.90682315826416,
storm_mppi_tuned,1,tuned_tall_pilot_01,tall,269,"[-0.21849301,-1.8510906,1.0819179,-1.3565062,-1.6171474,-0.0091697645]","[0.32433707,0.061333522,0.81129611]",0.09677407438107875,3.5524477321557395,0.0878999940395355,false,nan,12.916841983795166,
storm_mppi_tuned,1,tuned_tall_pilot_01,tall,270,"[-0.22286678,-1.8545732,1.0818558,-1.3510643,-1.6187614,-0.008556807]","[0.32433707,0.061333522,0.81129611]",0.09677407438107875,3.552085503825418,0.0878999940395355,false,nan,12.926910161972046,
storm_mppi_tuned,1,tuned_tall_pilot_01,tall,271,"[-0.22286678,-1.8545731,1.0818558,-1.3510643,-1.6187615,-0.008556809]","[0.32433707,0.061333522,0.81129611]",0.09677407438107875,3.552085504458753,0.0878999940395355,false,nan,12.93709421157837,
storm_mppi_tuned,1,tuned_tall_pilot_01,tall,272,"[-0.22286678,-1.8545731,1.0818558,-1.3510643,-1.6187615,-0.0085568096]","[0.32210588,0.060299493,0.81166613]",0.09433705784615973,3.552085506006812,0.0878999940395355,false,nan,12.946932315826416,
storm_mppi_tuned,1,tuned_tall_pilot_01,tall,273,"[-0.22719073,-1.8580112,1.0818274,-1.3456607,-1.6203639,-0.0079069453]","[0.32210588,0.060299493,0.81166613]",0.09433705784615973,3.5517416142838036,0.0878999940395355,false,nan,12.95726227760315,
storm_mppi_tuned,1,tuned_tall_pilot_01,tall,274,"[-0.22719073,-1.8580112,1.0818274,-1.3456607,-1.6203639,-0.0079069472]","[0.32210588,0.060299493,0.81166613]",0.09433705784615973,3.551741614954497,0.0878999940395355,false,nan,12.967218399047852,
storm_mppi_tuned,1,tuned_tall_pilot_01,tall,275,"[-0.22719073,-1.8580112,1.0818274,-1.3456607,-1.6203639,-0.0079069478]","[0.32210588,0.060299493,0.81166613]",0.09433705784615973,3.551741616521153,0.0878999940395355,false,nan,12.978100061416626,
storm_mppi_tuned,1,tuned_tall_pilot_01,tall,276,"[-0.23149588,-1.8614021,1.0818015,-1.3402307,-1.6219583,-0.0072101602]","[0.31993654,0.059276178,0.81199765]",0.09196056912953214,3.5513735855164645,0.0878999940395355,false,nan,12.989603281021118,
storm_mppi_tuned,1,tuned_tall_pilot_01,tall,277,"[-0.23149588,-1.8614021,1.0818015,-1.3402307,-1.6219584,-0.0072101619]","[0.31993654,0.059276178,0.81199765]",0.09196056912953214,3.551373586201475,0.0878999940395355,false,nan,12.99980902671814,
storm_mppi_tuned,1,tuned_tall_pilot_01,tall,278,"[-0.23149588,-1.8614021,1.0818015,-1.3402307,-1.6219584,-0.0072101624]","[0.31993654,0.059276178,0.81199765]",0.09196056912953214,3.551373587778458,0.0878999940395355,false,nan,13.009444952011108,
storm_mppi_tuned,1,tuned_tall_pilot_01,tall,279,"[-0.23149588,-1.8614021,1.0818015,-1.3402307,-1.6219584,-0.0072101627]","[0.31779635,0.058281936,0.81229901]",0.0896235713024021,3.5513735891535823,0.0878999940395355,false,nan,13.018160343170166,
storm_mppi_tuned,1,tuned_tall_pilot_01,tall,280,"[-0.23578647,-1.8647128,1.0817801,-1.3347947,-1.6235392,-0.0064511567]","[0.31779635,0.058281936,0.81229901]",0.0896235713024021,3.5509664906241247,0.0878999940395355,false,nan,13.027511358261108,
storm_mppi_tuned,1,tuned_tall_pilot_01,tall,281,"[-0.23578647,-1.8647128,1.0817801,-1.3347947,-1.6235393,-0.0064511583]","[0.31779635,0.058281936,0.81229901]",0.0896235713024021,3.5509664910807888,0.0878999940395355,false,nan,13.037535905838013,
storm_mppi_tuned,1,tuned_tall_pilot_01,tall,282,"[-0.23578647,-1.8647128,1.0817801,-1.3347947,-1.6235393,-0.0064511587]","[0.31567997,0.057307623,0.81257409]",0.0873172162505233,3.5509664924791906,0.0878999940395355,false,nan,13.047604084014893,
storm_mppi_tuned,1,tuned_tall_pilot_01,tall,283,"[-0.24003964,-1.8679666,1.0817925,-1.3294096,-1.6251245,-0.0056141705]","[0.31567997,0.057307623,0.81257409]",0.0873172162505233,3.55055183353268,0.0878999940395355,false,nan,13.05770492553711,
storm_mppi_tuned,1,tuned_tall_pilot_01,tall,284,"[-0.24003963,-1.8679666,1.0817925,-1.3294096,-1.6251245,-0.005614172]","[0.31567997,0.057307623,0.81257409]",0.0873172162505233,3.550551834095784,0.0878999940395355,false,nan,13.06756067276001,
storm_mppi_tuned,1,tuned_tall_pilot_01,tall,285,"[-0.24003963,-1.8679666,1.0817925,-1.3294096,-1.6251245,-0.0056141723]","[0.31360972,0.056346696,0.81281561]",0.08505777398106686,3.550551835575379,0.0878999940395355,false,nan,13.077752113342285,
storm_mppi_tuned,1,tuned_tall_pilot_01,tall,286,"[-0.24428683,-1.8710923,1.0818133,-1.3240531,-1.6267243,-0.0047430879]","[0.31360972,0.056346696,0.81281561]",0.08505777398106686,3.5501025779210997,0.0878999940395355,false,nan,13.087775230407715,
storm_mppi_tuned,1,tuned_tall_pilot_01,tall,287,"[-0.24428683,-1.8710923,1.0818133,-1.3240531,-1.6267243,-0.0047430893]","[0.31360972,0.056346696,0.81281561]",0.08505777398106686,3.5501025784796747,0.0878999940395355,false,nan,13.097697734832764,
storm_mppi_tuned,1,tuned_tall_pilot_01,tall,288,"[-0.24428683,-1.8710923,1.0818133,-1.3240531,-1.6267243,-0.0047430895]","[0.31157821,0.055405222,0.81302631]",0.08284118215166576,3.550102579971065,0.0878999940395355,false,nan,13.109706163406372,
storm_mppi_tuned,1,tuned_tall_pilot_01,tall,289,"[-0.24852372,-1.8741521,1.0818292,-1.3186124,-1.6283532,-0.0038584008]","[0.31157821,0.055405222,0.81302631]",0.08284118215166576,3.5496234312154513,0.0878999940395355,false,nan,13.119698286056519,
storm_mppi_tuned,1,tuned_tall_pilot_01,tall,290,"[-0.24852372,-1.8741521,1.0818292,-1.3186124,-1.6283533,-0.003858402]","[0.31157821,0.055405222,0.81302631]",0.08284118215166576,3.549623431759346,0.0878999940395355,false,nan,13.128140449523926,
storm_mppi_tuned,1,tuned_tall_pilot_01,tall,291,"[-0.24852372,-1.8741521,1.0818292,-1.3186124,-1.6283533,-0.0038584022]","[0.30962515,0.054462213,0.81319398]",0.08069218012896971,3.549623433243256,0.0878999940395355,false,nan,13.137691259384155,
storm_mppi_tuned,1,tuned_tall_pilot_01,tall,292,"[-0.25271603,-1.8771364,1.0818309,-1.3130522,-1.6299765,-0.0029323877]","[0.30962515,0.054462213,0.81319398]",0.08069218012896971,3.549087136677119,0.0878999940395355,false,nan,13.147764682769775,
storm_mppi_tuned,1,tuned_tall_pilot_01,tall,293,"[-0.25271603,-1.8771364,1.0818309,-1.3130522,-1.6299765,-0.0029323887]","[0.30962515,0.054462213,0.81319398]",0.08069218012896971,3.5490871372036366,0.0878999940395355,false,nan,13.157549619674683,
storm_mppi_tuned,1,tuned_tall_pilot_01,tall,294,"[-0.25271603,-1.8771364,1.0818309,-1.3130522,-1.6299766,-0.0029323888]","[0.30770403,0.053528149,0.81332731]",0.07857420297694444,3.549087138666946,0.0878999940395355,false,nan,13.167738199234009,
storm_mppi_tuned,1,tuned_tall_pilot_01,tall,295,"[-0.25690386,-1.8800233,1.0818223,-1.3074884,-1.6315888,-0.0019192163]","[0.30770403,0.053528149,0.81332731]",0.07857420297694444,3.548480247889303,0.0878999940395355,false,nan,13.177831172943115,
storm_mppi_tuned,1,tuned_tall_pilot_01,tall,296,"[-0.25690386,-1.8800233,1.0818223,-1.3074884,-1.6315889,-0.0019192172]","[0.30770403,0.053528149,0.81332731]",0.07857420297694444,3.548480248357777,0.0878999940395355,false,nan,13.187771320343018,
storm_mppi_tuned,1,tuned_tall_pilot_01,tall,297,"[-0.25690386,-1.8800233,1.0818223,-1.3074884,-1.6315889,-0.0019192172]","[0.30770403,0.053528149,0.81332731]",0.07857420297694444,3.548480249784353,0.0878999940395355,false,nan,13.19770336151123,
storm_mppi_tuned,1,tuned_tall_pilot_01,tall,298,"[-0.25690386,-1.8800233,1.0818223,-1.3074884,-1.6315889,-0.0019192171]","[0.30581638,0.052615713,0.8134228]",0.07649361681549063,3.5484802510467848,0.0878999940395355,false,nan,13.207731008529663,
storm_mppi_tuned,1,tuned_tall_pilot_01,tall,299,"[-0.26107382,-1.8828213,1.0818494,-1.3019263,-1.6332494,-0.00083004469]","[0.30581638,0.052615713,0.8134228]",0.07649361681549063,3.547846715491479,0.0878999940395355,false,nan,13.217727661132812,
storm_mppi_tuned,2,tuned_tall_pilot_02,tall,0,"[-6.2071989e-05,-1.5700032,1.100029,-1.5700209,-1.5699973,1.0829615e-06]","[0.48398483,0.13334961,0.721358]",0.18483909143977303,3.7118145500712365,0.0878999940395355,false,nan,9.115181922912598,
storm_mppi_tuned,2,tuned_tall_pilot_02,tall,1,"[-0.00088161749,-1.5699398,1.1034638,-1.5718491,-1.5697734,-0.00026939245]","[0.48398483,0.13334961,0.721358]",0.18483909143977303,3.713968291933237,0.0878999940395355,false,nan,9.120540380477905,
storm_mppi_tuned,2,tuned_tall_pilot_02,tall,2,"[-0.00088161876,-1.5699398,1.1034638,-1.5718491,-1.5697734,-0.00026939315]","[0.48398483,0.13334961,0.721358]",0.18483909143977303,3.7139682918567902,0.0878999940395355,false,nan,9.130680799484253,
storm_mppi_tuned,2,tuned_tall_pilot_02,tall,3,"[-0.00088161947,-1.5699398,1.1034638,-1.5718491,-1.5697734,-0.00026939371]","[0.48398483,0.13334961,0.721358]",0.18483909143977303,3.713968291832954,0.0878999940395355,false,nan,9.140694856643677,
storm_mppi_tuned,2,tuned_tall_pilot_02,tall,4,"[-0.0008816199,-1.5699398,1.1034638,-1.5718491,-1.5697734,-0.00026939408]","[0.48398483,0.13334961,0.721358]",0.18483909143977303,3.7139682918219212,0.0878999940395355,false,nan,9.150594711303711,
storm_mppi_tuned,2,tuned_tall_pilot_02,tall,5,"[-0.0010926217,-1.5699119,1.1039917,-1.5719833,-1.5697562,-0.0003269942]","[0.48398483,0.13334961,0.721358]",0.18483909143977303,3.71423464306898,0.0878999940395355,false,nan,9.160637617111206,
storm_mppi_tuned,2,tuned_tall_pilot_02,tall,6,"[-0.0010926222,-1.5699119,1.1039917,-1.5719833,-1.5697562,-0.00032699446]","[0.48398483,0.13334961,0.721358]",0.18483909143977303,3.7142346430364013,0.0878999940395355,false,nan,9.170557260513306,
storm_mppi_tuned,2,tuned_tall_pilot_02,tall,7,"[-0.0010926224,-1.5699119,1.1039917,-1.5719833,-1.5697562,-0.00032699465]","[0.48466679,0.1329747,0.71991009]",0.18507347325680787,3.7142346430223037,0.0878999940395355,false,nan,9.18064260482788,
storm_mppi_tuned,2,tuned_tall_pilot_02,tall,8,"[-0.0013252269,-1.5699096,1.1046818,-1.5722723,-1.5697186,-0.00043498506]","[0.48466679,0.1329747,0.71991009]",0.18507347325680787,3.7146321455996034,0.0878999940395355,false,nan,9.19091248512268,
storm_mppi_tuned,2,tuned_tall_pilot_02,tall,9,"[-0.0013252272,-1.5699096,1.1046818,-1.5722723,-1.5697186,-0.00043498526]","[0.48466679,0.1329747,0.71991009]",0.18507347325680787,3.7146321455740168,0.0878999940395355,false,nan,9.200603008270264,
storm_mppi_tuned,2,tuned_tall_pilot_02,tall,10,"[-0.0013252274,-1.5699096,1.1046818,-1.5722723,-1.5697186,-0.00043498542]","[0.48466679,0.1329747,0.71991009]",0.18507347325680787,3.714632145559169,0.0878999940395355,false,nan,9.211049795150757,
storm_mppi_tuned,2,tuned_tall_pilot_02,tall,11,"[-0.0013252276,-1.5699096,1.1046818,-1.5722723,-1.5697186,-0.00043498552]","[0.48478609,0.13287406,0.71965903]",0.18514916979182347,3.7146321455503815,0.0878999940395355,false,nan,9.220588445663452,
storm_mppi_tuned,2,tuned_tall_pilot_02,tall,12,"[-0.0014790745,-1.5700036,1.1054263,-1.5725357,-1.5696549,-0.00055235537]","[0.48478609,0.13287406,0.71965903]",0.18514916979182347,3.7151167357036763,0.0878999940395355,false,nan,9.230584144592285,
storm_mppi_tuned,2,tuned_tall_pilot_02,tall,13,"[-0.0014790746,-1.5700036,1.1054263,-1.5725357,-1.5696549,-0.00055235546]","[0.48478609,0.13287406,0.71965903]",0.18514916979182347,3.7151167357223733,0.0878999940395355,false,nan,9.240693092346191,
storm_mppi_tuned,2,tuned_tall_pilot_02,tall,14,"[-0.0014790746,-1.5700036,1.1054263,-1.5725357,-1.5696549,-0.00055235552]","[0.48492217,0.13276491,0.71936226]",0.1852286141946699,3.715116735718643,0.0878999940395355,false,nan,9.250709295272827,
storm_mppi_tuned,2,tuned_tall_pilot_02,tall,15,"[-0.0015495069,-1.5701884,1.1062705,-1.5727724,-1.5695401,-0.00063159913]","[0.48492217,0.13276491,0.71936226]",0.1852286141946699,3.7157114884368236,0.0878999940395355,false,nan,9.26064682006836,
storm_mppi_tuned,2,tuned_tall_pilot_02,tall,16,"[-0.0015495069,-1.5701884,1.1062705,-1.5727724,-1.5695401,-0.00063159914]","[0.48492217,0.13276491,0.71936226]",0.1852286141946699,3.7157114884938363,0.0878999940395355,false,nan,9.27077031135559,
storm_mppi_tuned,2,tuned_tall_pilot_02,tall,17,"[-0.0015495069,-1.5701884,1.1062705,-1.5727724,-1.5695401,-0.00063159914]","[0.48499992,0.13269655,0.71908247]",0.1852571447336532,3.715711488500106,0.0878999940395355,false,nan,9.280949831008911,
storm_mppi_tuned,2,tuned_tall_pilot_02,tall,18,"[-0.0015082301,-1.5704755,1.1071048,-1.5729944,-1.5694092,-0.00068065744]","[0.48499992,0.13269655,0.71908247]",0.1852571447336532,3.7163572433636562,0.0878999940395355,false,nan,9.290907382965088,
storm_mppi_tuned,2,tuned_tall_pilot_02,tall,19,"[-0.0015082297,-1.5704755,1.1071048,-1.5729944,-1.5694092,-0.00068065733]","[0.48499992,0.13269655,0.71908247]",0.1852571447336532,3.716357243472433,0.0878999940395355,false,nan,9.300729036331177,
storm_mppi_tuned,2,tuned_tall_pilot_02,tall,20,"[-0.0015082296,-1.5704755,1.1071048,-1.5729944,-1.5694092,-0.00068065722]","[0.48499992,0.13269655,0.71908247]",0.1852571447336532,3.716357243493162,0.0878999940395355,false,nan,9.310674905776978,
storm_mppi_tuned,2,tuned_tall_pilot_02,tall,21,"[-0.0012985271,-1.5709168,1.1079683,-1.5731755,-1.5691926,-0.00070549389]","[0.48502785,0.13267379,0.7187947]",0.1852274677646161,3.7171224410722394,0.0878999940395355,false,nan,9.32056999206543,
storm_mppi_tuned,2,tuned_tall_pilot_02,tall,22,"[-0.0012985264,-1.5709168,1.1079683,-1.5731755,-1.5691926,-0.00070549361]","[0.48502785,0.13267379,0.7187947]",0.1852274677646161,3.7171224412480965,0.0878999940395355,false,nan,9.330435276031494,
storm_mppi_tuned,2,tuned_tall_pilot_02,tall,23,"[-0.001298526,-1.5709168,1.1079683,-1.5731755,-1.5691926,-0.00070549335]","[0.48502785,0.13267379,0.7187947]",0.1852274677646161,3.7171224412850172,0.0878999940395355,false,nan,9.340662002563477,
storm_mppi_tuned,2,tuned_tall_pilot_02,tall,24,"[-0.0012985258,-1.5709168,1.1079683,-1.5731755,-1.5691926,-0.00070549319]","[0.48498204,0.13270693,0.71855927]",0.185135226678911,3.717122441300381,0.0878999940395355,false,nan,9.350501537322998,
storm_mppi_tuned,2,tuned_tall_pilot_02,tall,25,"[-0.00086201856,-1.5713643,1.1088937,-1.5733562,-1.5688369,-0.00068690747]","[0.48498204,0.13270693,0.71855927]",0.185135226678911,3.7180770774137697,0.0878999940395355,false,nan,9.360553979873657,
storm_mppi_tuned,2,tuned_tall_pilot_02,tall,26,"[-0.00086201785,-1.5713643,1.1088937,-1.5733562,-1.5688369,-0.00068690717]","[0.48498204,0.13270693,0.71855927]",0.185135226678911,3.7180770775433585,0.0878999940395355,false,nan,9.370878458023071,
storm_mppi_tuned,2,tuned_tall_pilot_02,tall,27,"[-0.0008620175,-1.5713643,1.1088937,-1.5733562,-1.5688369,-0.0006869069]","[0.48482996,0.13283035,0.71837884]",0.18493918769823303,3.718077077562734,0.0878999940395355,false,nan,9.380620002746582,
storm_mppi_tuned,2,tuned_tall_pilot_02,tall,28,"[-0.00015644718,-1.5718472,1.109907,-1.573572,-1.5683779,-0.00065567777]","[0.48482996,0.13283035,0.71837884]",0.18493918769823303,3.7192735334908984,0.0878999940395355,false,nan,9.390572547912598,
storm_mppi_tuned,2,tuned_tall_pilot_02,tall,29,"[-0.00015644698,-1.5718472,1.109907,-1.573572,-1.5683779,-0.00065567741]","[0.48482996,0.13283035,0.71837884]",0.18493918769823303,3.7192735332209064,0.0878999940395355,false,nan,9.40051817893982,
storm_mppi_tuned,2,tuned_tall_pilot_02,tall,30,"[-0.00015644694,-1.5718472,1.109907,-1.573572,-1.5683779,-0.00065567708]","[0.48482996,0.13283035,0.71837884]",0.18493918769823303,3.7192735330038356,0.0878999940395355,false,nan,9.410558938980103,
storm_mppi_tuned,2,tuned_tall_pilot_02,tall,31,"[-0.00015644692,-1.5718472,1.109907,-1.573572,-1.5683779,-0.00065567687]","[0.48465225,0.13307752,0.71817142]",0.18461466293462236,3.719273532862637,0.0878999940395355,false,nan,9.420687198638916,
storm_mppi_tuned,2,tuned_tall_pilot_02,tall,32,"[0.00082812061,-1.572289,1.1110115,-1.5738342,-1.5677942,-0.00060036585]","[0.48465225,0.13307752,0.71817142]",0.18461466293462236,3.7207235966455263,0.0878999940395355,false,nan,9.430607318878174,
storm_mppi_tuned,2,tuned_tall_pilot_02,tall,33,"[0.00082812157,-1.572289,1.1110115,-1.5738342,-1.5677942,-0.00060036555]","[0.48465225,0.13307752,0.71817142]",0.18461466293462236,3.7207235968995787,0.0878999940395355,false,nan,9.440500736236572,
storm_mppi_tuned,2,tuned_tall_pilot_02,tall,34,"[0.00082812209,-1.572289,1.1110115,-1.5738342,-1.5677942,-0.00060036528]","[0.48443177,0.13346516,0.71794307]",0.1841422559961591,3.7207235970248416,0.0878999940395355,false,nan,9.450483798980713,
storm_mppi_tuned,2,tuned_tall_pilot_02,tall,35,"[0.0020544875,-1.5726777,1.1121936,-1.5741675,-1.5669554,-0.00049020992]","[0.48443177,0.13346516,0.71794307]",0.1841422559961591,3.7224035640195576,0.0878999940395355,false,nan,9.460588932037354,
storm_mppi_tuned,2,tuned_tall_pilot_02,tall,36,"[0.0020544882,-1.5726777,1.1121936,-1.5741675,-1.5669554,-0.00049020965]","[0.48443177,0.13346516,0.71794307]",0.1841422559961591,3.722403564161048,0.0878999940395355,false,nan,9.47102975845337,
storm_mppi_tuned,2,tuned_tall_pilot_02,tall,37,"[0.0020544887,-1.5726777,1.1121936,-1.5741675,-1.5669554,-0.00049020941]","[0.48443177,0.13346516,0.71794307]",0.1841422559961591,3.722403564242034,0.0878999940395355,false,nan,9.480745553970337,
storm_mppi_tuned,2,tuned_tall_pilot_02,tall,38,"[0.0035439877,-1.5730204,1.1133127,-1.5745876,-1.5658977,-0.00031507339]","[0.48421025,0.13400012,0.71765673]",0.1835201022390634,3.7242234086329695,0.0878999940395355,false,nan,9.490618467330933,
storm_mppi_tuned,2,tuned_tall_pilot_02,tall,39,"[0.0035439883,-1.5730204,1.1133127,-1.5745876,-1.5658977,-0.00031507315]","[0.48421025,0.13400012,0.71765673]",0.1835201022390634,3.7242234087143182,0.0878999940395355,false,nan,9.501068592071533,
storm_mppi_tuned,2,tuned_tall_pilot_02,tall,40,"[0.0035439887,-1.5730204,1.1133127,-1.5745876,-1.5658977,-0.00031507293]","[0.48421025,0.13400012,0.71765673]",0.1835201022390634,3.724223408778238,0.0878999940395355,false,nan,9.510926723480225,
storm_mppi_tuned,2,tuned_tall_pilot_02,tall,41,"[0.0035439889,-1.5730204,1.1133127,-1.5745876,-1.5658977,-0.00031507278]","[0.483998,0.13467726,0.71731651]",0.1827568578483772,3.724223408817813,0.0878999940395355,false,nan,9.52081823348999,
storm_mppi_tuned,2,tuned_tall_pilot_02,tall,42,"[0.0052327236,-1.5734045,1.1144097,-1.5750913,-1.564778,-0.00019065949]","[0.483998,0.13467726,0.71731651]",0.1827568578483772,3.7261841138866596,0.0878999940395355,false,nan,9.530718564987183,
storm_mppi_tuned,2,tuned_tall_pilot_02,tall,43,"[0.0052327243,-1.5734045,1.1144097,-1.5750913,-1.564778,-0.00019065926]","[0.483998,0.13467726,0.71731651]",0.1827568578483772,3.7261841139736096,0.0878999940395355,false,nan,9.54069185256958,
storm_mppi_tuned,2,tuned_tall_pilot_02,tall,44,"[0.0052327247,-1.5734045,1.1144097,-1.5750913,-1.564778,-0.00019065902]","[0.483998,0.13467726,0.71731651]",0.1827568578483772,3.7261841140396026,0.0878999940395355,false,nan,9.550585508346558,
storm_mppi_tuned,2,tuned_tall_pilot_02,tall,45,"[0.0052327249,-1.5734045,1.1144097,-1.5750913,-1.564778,-0.00019065886]","[0.48376995,0.13550331,0.71699619]",0.18185369603788057,3.7261841140801164,0.0878999940395355,false,nan,9.560696840286255,
storm_mppi_tuned,2,tuned_tall_pilot_02,tall,46,"[0.0071803814,-1.5736848,1.1155315,-1.5756986,-1.5635595,-1.2443282e-05]","[0.48376995,0.13550331,0.71699619]",0.18185369603788057,3.7283363038076263,0.0878999940395355,false,nan,9.570577621459961,
storm_mppi_tuned,2,tuned_tall_pilot_02,tall,47,"[0.0071803819,-1.5736848,1.1155315,-1.5756986,-1.5635595,-1.2443133e-05]","[0.48376995,0.13550331,0.71699619]",0.18185369603788057,3.7283363037997233,0.0878999940395355,false,nan,9.580495119094849,
storm_mppi_tuned,2,tuned_tall_pilot_02,tall,48,"[0.0071803822,-1.5736848,1.1155315,-1.5756986,-1.5635595,-1.2442963e-05]","[0.48376995,0.13550331,0.71699619]",0.18185369603788057,3.728336303841656,0.0878999940395355,false,nan,9.5904541015625,
storm_mppi_tuned,2,tuned_tall_pilot_02,tall,49,"[0.009382661,-1.5739674,1.1167095,-1.5764081,-1.5622516,0.00024005694]","[0.483491,0.13643132,0.71671766]",0.18084870830552702,3.7306876000626694,0.0878999940395355,false,nan,9.600576400756836,
storm_mppi_tuned,2,tuned_tall_pilot_02,tall,50,"[0.0093826615,-1.5739674,1.1167095,-1.5764081,-1.5622516,0.0002400571]","[0.483491,0.13643132,0.71671766]",0.18084870830552702,3.73068760003805,0.0878999940395355,false,nan,9.610581874847412,
storm_mppi_tuned,2,tuned_tall_pilot_02,tall,51,"[0.0093826618,-1.5739674,1.1167095,-1.5764081,-1.5622516,0.00024005728]","[0.483491,0.13643132,0.71671766]",0.18084870830552702,3.730687600080857,0.0878999940395355,false,nan,9.6204833984375,
storm_mppi_tuned,2,tuned_tall_pilot_02,tall,52,"[0.009382662,-1.5739674,1.1167095,-1.5764081,-1.5622516,0.0002400574]","[0.48323962,0.13749422,0.71639073]",0.1797157597577762,3.7306876001110156,0.0878999940395355,false,nan,9.630511999130249,
storm_mppi_tuned,2,tuned_tall_pilot_02,tall,53,"[0.011559484,-1.5742497,1.1178819,-1.5771073,-1.5609526,0.00048512613]","[0.48323962,0.13749422,0.71639073]",0.1797157597577762,3.7330198655811944,0.0878999940395355,false,nan,9.640535831451416,
storm_mppi_tuned,2,tuned_tall_pilot_02,tall,54,"[0.011559484,-1.5742497,1.1178819,-1.5771073,-1.5609526,0.00048512626]","[0.48323962,0.13749422,0.71639073]",0.1797157597577762,3.7330198655519466,0.0878999940395355,false,nan,9.650452375411987,
storm_mppi_tuned,2,tuned_tall_pilot_02,tall,55,"[0.011559485,-1.5742497,1.1178819,-1.5771073,-1.5609526,0.00048512642]","[0.48296079,0.13868862,0.71605146]",0.1784493362527835,3.733019865590627,0.0878999940395355,false,nan,9.660542726516724,
storm_mppi_tuned,2,tuned_tall_pilot_02,tall,56,"[0.013755367,-1.5745762,1.1190874,-1.5778032,-1.5596133,0.00072624305]","[0.48296079,0.13868862,0.71605146]",0.1784493362527835,3.735391968434183,0.0878999940395355,false,nan,9.67059326171875,
storm_mppi_tuned,2,tuned_tall_pilot_02,tall,57,"[0.013755367,-1.5745762,1.1190874,-1.5778032,-1.5596133,0.00072624323]","[0.48296079,0.13868862,0.71605146]",0.1784493362527835,3.7353919684375803,0.0878999940395355,false,nan,9.680624961853027,
storm_mppi_tuned,2,tuned_tall_pilot_02,tall,58,"[0.013755367,-1.5745762,1.1190874,-1.5778032,-1.5596133,0.00072624344]","[0.48268119,0.13986926,0.71571332]",0.1771958987026098,3.7353919684878503,0.0878999940395355,false,nan,9.690915584564209,
storm_mppi_tuned,2,tuned_tall_pilot_02,tall,59,"[0.01598466,-1.5749195,1.1203524,-1.5785019,-1.5582044,0.00097573131]","[0.48268119,0.13986926,0.71571332]",0.1771958987026098,3.7378328338340903,0.0878999940395355,false,nan,9.700588464736938,
storm_mppi_tuned,2,tuned_tall_pilot_02,tall,60,"[0.015984661,-1.5749195,1.1203524,-1.5785019,-1.5582044,0.00097573152]","[0.48268119,0.13986926,0.71571332]",0.1771958987026098,3.737832833845441,0.0878999940395355,false,nan,9.710538864135742,
storm_mppi_tuned,2,tuned_tall_pilot_02,tall,61,"[0.015984661,-1.5749195,1.1203524,-1.5785019,-1.5582044,0.00097573174]","[0.48268119,0.13986926,0.71571332]",0.1771958987026098,3.7378328338994384,0.0878999940395355,false,nan,9.720490455627441,
storm_mppi_tuned,2,tuned_tall_pilot_02,tall,62,"[0.015984662,-1.5749195,1.1203524,-1.5785019,-1.5582044,0.00097573189]","[0.48237532,0.14106226,0.71538013]",0.17592432262766208,3.7378328339354225,0.0878999940395355,false,nan,9.730695486068726,
storm_mppi_tuned,2,tuned_tall_pilot_02,tall,63,"[0.018298842,-1.5752684,1.1215949,-1.5792083,-1.5567274,0.0012827559]","[0.48237532,0.14106226,0.71538013]",0.17592432262766208,3.740304236644909,0.0878999940395355,false,nan,9.741078853607178,
storm_mppi_tuned,2,tuned_tall_pilot_02,tall,64,"[0.018298842,-1.5752684,1.1215949,-1.5792083,-1.5567274,0.0012827561]","[0.48237532,0.14106226,0.71538013]",0.17592432262766208,3.740304236649747,0.0878999940395355,false,nan,9.750723600387573,
storm_mppi_tuned,2,tuned_tall_pilot_02,tall,65,"[0.018298842,-1.5752684,1.1215949,-1.5792083,-1.5567274,0.0012827563]","[0.48237532,0.14106226,0.71538013]",0.17592432262766208,3.7403042367017187,0.0878999940395355,false,nan,9.76105785369873,
storm_mppi_tuned,2,tuned_tall_pilot_02,tall,66,"[0.02074695,-1.575684,1.1228677,-1.5798691,-1.5552226,0.0015659205]","[0.48205957,0.14227761,0.7150265]",0.17462500582315602,3.742885850149244,0.0878999940395355,false,nan,9.770603656768799,
storm_mppi_tuned,2,tuned_tall_pilot_02,tall,67,"[0.020746951,-1.575684,1.1228677,-1.5798691,-1.5552226,0.0015659208]","[0.48205957,0.14227761,0.7150265]",0.17462500582315602,3.742885850196682,0.0878999940395355,false,nan,9.78048586845398,
storm_mppi_tuned,2,tuned_tall_pilot_02,tall,68,"[0.020746952,-1.575684,1.1228677,-1.5798691,-1.5552226,0.0015659211]","[0.48205957,0.14227761,0.7150265]",0.17462500582315602,3.7428858502670734,0.0878999940395355,false,nan,9.790966749191284,
storm_mppi_tuned,2,tuned_tall_pilot_02,tall,69,"[0.020746952,-1.575684,1.1228677,-1.5798691,-1.5552226,0.0015659213]","[0.48172262,0.14353979,0.71468759]",0.17327861750896306,3.742885850312438,0.0878999940395355,false,nan,9.800691843032837,
storm_mppi_tuned,2,tuned_tall_pilot_02,tall,70,"[0.023299777,-1.576027,1.1241067,-1.5804944,-1.5537184,0.0017929977]","[0.48172262,0.14353979,0.71468759]",0.17327861750896306,3.745527659364683,0.0878999940395355,false,nan,9.810678005218506,
storm_mppi_tuned,2,tuned_tall_pilot_02,tall,71,"[0.023299777,-1.576027,1.1241067,-1.5804944,-1.5537184,0.0017929979]","[0.48172262,0.14353979,0.71468759]",0.17327861750896306,3.7455276593517555,0.0878999940395355,false,nan,9.820733547210693,
storm_mppi_tuned,2,tuned_tall_pilot_02,tall,72,"[0.023299778,-1.576027,1.1241067,-1.5804944,-1.5537184,0.0017929982]","[0.48132753,0.14486769,0.7143603]",0.17185606557614305,3.745527659405455,0.0878999940395355,false,nan,9.830554246902466,
storm_mppi_tuned,2,tuned_tall_pilot_02,tall,73,"[0.026051374,-1.5762969,1.125288,-1.5811744,-1.5522278,0.0020487734]","[0.48132753,0.14486769,0.7143603]",0.17185606557614305,3.7482546501630436,0.0878999940395355,false,nan,9.840764284133911,
storm_mppi_tuned,2,tuned_tall_pilot_02,tall,74,"[0.026051375,-1.5762969,1.125288,-1.5811744,-1.5522278,0.0020487736]","[0.48132753,0.14486769,0.7143603]",0.17185606557614305,3.748254650098157,0.0878999940395355,false,nan,9.850720167160034,
storm_mppi_tuned,2,tuned_tall_pilot_02,tall,75,"[0.026051375,-1.5762969,1.125288,-1.5811744,-1.5522278,0.0020487738]","[0.48132753,0.14486769,0.7143603]",0.17185606557614305,3.7482546501429646,0.0878999940395355,false,nan,9.860738515853882,
storm_mppi_tuned,2,tuned_tall_pilot_02,tall,76,"[0.026051375,-1.5762969,1.125288,-1.5811744,-1.5522278,0.0020487739]","[0.48094717,0.14624561,0.71400952]",0.17038638070936835,3.748254650176562,0.0878999940395355,false,nan,9.870618104934692,
storm_mppi_tuned,2,tuned_tall_pilot_02,tall,77,"[0.028979516,-1.5764927,1.1264561,-1.5818558,-1.5506543,0.002345703]","[0.48094717,0.14624561,0.71400952]",0.17038638070936835,3.751086489314566,0.0878999940395355,false,nan,9.880889654159546,
storm_mppi_tuned,2,tuned_tall_pilot_02,tall,78,"[0.028979516,-1.5764927,1.1264561,-1.5818558,-1.5506543,0.0023457031]","[0.48094717,0.14624561,0.71400952]",0.17038638070936835,3.751086489176766,0.0878999940395355,false,nan,9.890725374221802,
storm_mppi_tuned,2,tuned_tall_pilot_02,tall,79,"[0.028979516,-1.5764927,1.1264561,-1.5818558,-1.5506543,0.0023457032]","[0.48056883,0.14771755,0.71365869]",0.16882923573079067,3.751086489200775,0.0878999940395355,false,nan,9.900761604309082,
storm_mppi_tuned,2,tuned_tall_pilot_02,tall,80,"[0.032069405,-1.5766367,1.1275966,-1.5824972,-1.5489523,0.0026498249]","[0.48056883,0.14771755,0.71365869]",0.16882923573079067,3.754014866760106,0.0878999940395355,false,nan,9.910669565200806,
storm_mppi_tuned,2,tuned_tall_pilot_02,tall,81,"[0.032069405,-1.5766367,1.1275966,-1.5824972,-1.5489523,0.0026498249]","[0.48056883,0.14771755,0.71365869]",0.16882923573079067,3.754014866578213,0.0878999940395355,false,nan,9.920506000518799,
storm_mppi_tuned,2,tuned_tall_pilot_02,tall,82,"[0.032069405,-1.5766367,1.1275966,-1.5824972,-1.5489523,0.002649825]","[0.48056883,0.14771755,0.71365869]",0.16882923573079067,3.754014866593378,0.0878999940395355,false,nan,9.93049693107605,
storm_mppi_tuned,2,tuned_tall_pilot_02,tall,83,"[0.035276988,-1.5766888,1.1286588,-1.583185,-1.5471347,0.0029583794]","[0.4801982,0.14928274,0.71327877]",0.16718141019313182,3.756986540159098,0.0878999940395355,false,nan,9.940635919570923,
storm_mppi_tuned,2,tuned_tall_pilot_02,tall,84,"[0.035276988,-1.5766888,1.1286588,-1.583185,-1.5471347,0.0029583794]","[0.4801982,0.14928274,0.71327877]",0.16718141019313182,3.756986539910911,0.0878999940395355,false,nan,9.950531721115112,
storm_mppi_tuned,2,tuned_tall_pilot_02,tall,85,"[0.035276988,-1.5766888,1.1286588,-1.583185,-1.5471347,0.0029583795]","[0.4801982,0.14928274,0.71327877]",0.16718141019313182,3.7569865399084477,0.0878999940395355,false,nan,9.960378170013428,
storm_mppi_tuned,2,tuned_tall_pilot_02,tall,86,"[0.035276988,-1.5766888,1.1286588,-1.583185,-1.5471347,0.0029583795]","[0.47982025,0.15093811,0.71288222]",0.16544386593833058,3.7569865399188287,0.0878999940395355,false,nan,9.970756769180298,
storm_mppi_tuned,2,tuned_tall_pilot_02,tall,87,"[0.038550311,-1.57673,1.1297738,-1.5838576,-1.5452355,0.0032505673]","[0.47982025,0.15093811,0.71288222]",0.16544386593833058,3.7600521319845446,0.0878999940395355,false,nan,9.981060266494751,
storm_mppi_tuned,2,tuned_tall_pilot_02,tall,88,"[0.038550311,-1.57673,1.1297738,-1.5838576,-1.5452355,0.0032505673]","[0.47982025,0.15093811,0.71288222]",0.16544386593833058,3.7600521317111446,0.0878999940395355,false,nan,9.99061393737793,
storm_mppi_tuned,2,tuned_tall_pilot_02,tall,89,"[0.038550311,-1.57673,1.1297738,-1.5838576,-1.5452355,0.0032505673]","[0.47946048,0.15266195,0.71248579]",0.16364769906818472,3.7600521316997315,0.0878999940395355,false,nan,10.000977277755737,
storm_mppi_tuned,2,tuned_tall_pilot_02,tall,90,"[0.041950586,-1.5767656,1.1308657,-1.5845041,-1.5432281,0.003566554]","[0.47946048,0.15266195,0.71248579]",0.16364769906818472,3.7631881172990527,0.0878999940395355,false,nan,10.010692119598389,
storm_mppi_tuned,2,tuned_tall_pilot_02,tall,91,"[0.041950586,-1.5767656,1.1308657,-1.5845041,-1.5432281,0.0035665539]","[0.47946048,0.15266195,0.71248579]",0.16364769906818472,3.7631881170151513,0.0878999940395355,false,nan,10.020614862442017,
storm_mppi_tuned,2,tuned_tall_pilot_02,tall,92,"[0.041950586,-1.5767656,1.1308657,-1.5845041,-1.5432281,0.0035665539]","[0.47909543,0.1544251,0.71205652]",0.16180706090004246,3.7631881170035717,0.0878999940395355,false,nan,10.030621767044067,
storm_mppi_tuned,2,tuned_tall_pilot_02,tall,93,"[0.045397536,-1.5769547,1.1318988,-1.5851407,-1.541091,0.0038399365]","[0.47909543,0.1544251,0.71205652]",0.16180706090004246,3.766337391206678,0.0878999940395355,false,nan,10.042728185653687,
storm_mppi_tuned,2,tuned_tall_pilot_02,tall,94,"[0.045397536,-1.5769547,1.1318988,-1.5851407,-1.541091,0.0038399366]","[0.47909543,0.1544251,0.71205652]",0.16180706090004246,3.766337391035035,0.0878999940395355,false,nan,10.051113843917847,
storm_mppi_tuned,2,tuned_tall_pilot_02,tall,95,"[0.045397536,-1.5769547,1.1318988,-1.5851407,-1.541091,0.0038399367]","[0.47870207,0.15625893,0.71163285]",0.15989322679979912,3.766337391058991,0.0878999940395355,false,nan,10.060686349868774,
storm_mppi_tuned,2,tuned_tall_pilot_02,tall,96,"[0.048951743,-1.5771713,1.1329124,-1.5857791,-1.5387956,0.004171013]","[0.47870207,0.15625893,0.71163285]",0.15989322679979912,3.7695453020152243,0.0878999940395355,false,nan,10.070690155029297,
storm_mppi_tuned,2,tuned_tall_pilot_02,tall,97,"[0.048951743,-1.5771713,1.1329124,-1.5857791,-1.5387956,0.0041710132]","[0.47870207,0.15625893,0.71163285]",0.15989322679979912,3.7695453018699956,0.0878999940395355,false,nan,10.080487251281738,
storm_mppi_tuned,2,tuned_tall_pilot_02,tall,98,"[0.048951743,-1.5771713,1.1329124,-1.5857791,-1.5387956,0.0041710134]","[0.47870207,0.15625893,0.71163285]",0.15989322679979912,3.7695453019081997,0.0878999940395355,false,nan,10.090711832046509,
storm_mppi_tuned,2,tuned_tall_pilot_02,tall,99,"[0.052556168,-1.5773371,1.1339497,-1.5864212,-1.5363345,0.0045818059]","[0.47820106,0.1581229,0.71131146]",0.15793912834515578,3.7728033379126695,0.0878999940395355,false,nan,10.100765943527222,
storm_mppi_tuned,2,tuned_tall_pilot_02,tall,100,"[0.052556169,-1.5773371,1.1339497,-1.5864212,-1.5363345,0.0045818061]","[0.47820106,0.1581229,0.71131146]",0.15793912834515578,3.7728033377317383,0.0878999940395355,false,nan,10.110829830169678,
storm_mppi_tuned,2,tuned_tall_pilot_02,tall,101,"[0.052556169,-1.5773371,1.1339497,-1.5864212,-1.5363345,0.0045818062]","[0.47820106,0.1581229,0.71131146]",0.15793912834515578,3.7728033377615966,0.0878999940395355,false,nan,10.120661973953247,
storm_mppi_tuned,2,tuned_tall_pilot_02,tall,102,"[0.052556169,-1.5773371,1.1339497,-1.5864212,-1.5363345,0.0045818063]","[0.47765696,0.16005133,0.71101379]",0.15591659295781868,3.7728033377907644,0.0878999940395355,false,nan,10.130910158157349,
storm_mppi_tuned,2,tuned_tall_pilot_02,tall,103,"[0.056309217,-1.5775046,1.1351088,-1.5870689,-1.5337553,0.0050080181]","[0.47765696,0.16005133,0.71101379]",0.15591659295781868,3.7762536144935064,0.0878999940395355,false,nan,10.140969276428223,
storm_mppi_tuned,2,tuned_tall_pilot_02,tall,104,"[0.056309218,-1.5775046,1.1351088,-1.5870689,-1.5337553,0.0050080182]","[0.47765696,0.16005133,0.71101379]",0.15591659295781868,3.7762536142842826,0.0878999940395355,false,nan,10.150988101959229,
storm_mppi_tuned,2,tuned_tall_pilot_02,tall,105,"[0.056309218,-1.5775046,1.1351088,-1.5870689,-1.5337553,0.0050080184]","[0.47712639,0.16201989,0.71068126]",0.15385389103502656,3.7762536143052956,0.0878999940395355,false,nan,10.160845279693604,
storm_mppi_tuned,2,tuned_tall_pilot_02,tall,106,"[0.060189485,-1.5776535,1.1363791,-1.5876888,-1.5310634,0.0054510011]","[0.47712639,0.16201989,0.71068126]",0.15385389103502656,3.7798718730797494,0.0878999940395355,false,nan,10.171067953109741,
storm_mppi_tuned,2,tuned_tall_pilot_02,tall,107,"[0.060189485,-1.5776535,1.1363791,-1.5876888,-1.5310634,0.0054510012]","[0.47712639,0.16201989,0.71068126]",0.15385389103502656,3.7798718728430445,0.0878999940395355,false,nan,10.180801391601562,
storm_mppi_tuned,2,tuned_tall_pilot_02,tall,108,"[0.060189485,-1.5776535,1.1363791,-1.5876888,-1.5310634,0.0054510013]","[0.47657633,0.16407001,0.71029192]",0.15169823055265952,3.779871872859027,0.0878999940395355,false,nan,10.190829277038574,
storm_mppi_tuned,2,tuned_tall_pilot_02,tall,109,"[0.064218835,-1.577804,1.1377441,-1.5882943,-1.5282089,0.0058889312]","[0.47657633,0.16407001,0.71029192]",0.15169823055265952,3.7836742891232107,0.0878999940395355,false,nan,10.20096206665039,
storm_mppi_tuned,2,tuned_tall_pilot_02,tall,110,"[0.064218835,-1.577804,1.1377441,-1.5882943,-1.5282089,0.0058889313]","[0.47657633,0.16407001,0.71029192]",0.15169823055265952,3.783674288868402,0.0878999940395355,false,nan,10.211175441741943,
storm_mppi_tuned,2,tuned_tall_pilot_02,tall,111,"[0.064218835,-1.577804,1.1377441,-1.5882943,-1.5282089,0.0058889314]","[0.47601736,0.16619132,0.70983613]",0.14946057284318592,3.783674288881166,0.0878999940395355,false,nan,10.221190452575684,
storm_mppi_tuned,2,tuned_tall_pilot_02,tall,112,"[0.068267965,-1.5779286,1.1391371,-1.5889194,-1.5252392,0.0063479515]","[0.47601736,0.16619132,0.70983613]",0.14946057284318592,3.7875233785445723,0.0878999940395355,false,nan,10.231289625167847,
storm_mppi_tuned,2,tuned_tall_pilot_02,tall,113,"[0.068267965,-1.5779287,1.1391371,-1.5889194,-1.5252392,0.0063479515]","[0.47601736,0.16619132,0.70983613]",0.14946057284318592,3.7875233782678657,0.0878999940395355,false,nan,10.241351127624512,
storm_mppi_tuned,2,tuned_tall_pilot_02,tall,114,"[0.068267965,-1.5779287,1.1391371,-1.5889194,-1.5252392,0.0063479516]","[0.47601736,0.16619132,0.70983613]",0.14946057284318592,3.7875233782735105,0.0878999940395355,false,nan,10.251304149627686,
storm_mppi_tuned,2,tuned_tall_pilot_02,tall,115,"[0.072381836,-1.5779871,1.140549,-1.5895861,-1.5221576,0.006771787]","[0.47543195,0.16839831,0.70933408]",0.14712611056188826,3.7914619443232582,0.0878999940395355,false,nan,10.261421203613281,
storm_mppi_tuned,2,tuned_tall_pilot_02,tall,116,"[0.072381836,-1.5779871,1.140549,-1.5895861,-1.5221576,0.006771787]","[0.47543195,0.16839831,0.70933408]",0.14712611056188826,3.7914619439930286,0.0878999940395355,false,nan,10.271336078643799,
storm_mppi_tuned,2,tuned_tall_pilot_02,tall,117,"[0.072381836,-1.5779871,1.140549,-1.5895861,-1.5221576,0.006771787]","[0.47543195,0.16839831,0.70933408]",0.14712611056188826,3.791461943982618,0.0878999940395355,false,nan,10.28119444847107,
storm_mppi_tuned,2,tuned_tall_pilot_02,tall,118,"[0.072381836,-1.5779871,1.140549,-1.5895861,-1.5221576,0.006771787]","[0.47484952,0.17062528,0.70880938]",0.1447696049231233,3.791461943991495,0.0878999940395355,false,nan,10.291559934616089,
storm_mppi_tuned,2,tuned_tall_pilot_02,tall,119,"[0.076567185,-1.5779784,1.1419669,-1.5903153,-1.5189525,0.0071785928]","[0.47484952,0.17062528,0.70880938]",0.1447696049231233,3.7954839473041977,0.0878999940395355,false,nan,10.303282260894775,
storm_mppi_tuned,2,tuned_tall_pilot_02,tall,120,"[0.076567184,-1.5779784,1.1419669,-1.5903153,-1.5189525,0.0071785927]","[0.47484952,0.17062528,0.70880938]",0.1447696049231233,3.7954839469159625,0.0878999940395355,false,nan,10.31349492073059,
storm_mppi_tuned,2,tuned_tall_pilot_02,tall,121,"[0.076567184,-1.5779784,1.1419669,-1.5903153,-1.5189525,0.0071785927]","[0.47428381,0.17289487,0.70824993]",0.14237181178631603,3.7954839468869426,0.0878999940395355,false,nan,10.323702096939087,
storm_mppi_tuned,2,tuned_tall_pilot_02,tall,122,"[0.080835703,-1.5779463,1.1433602,-1.5910709,-1.5156932,0.007597751]","[0.47428381,0.17289487,0.70824993]",0.14237181178631603,3.7995530106662074,0.0878999940395355,false,nan,10.333593845367432,
storm_mppi_tuned,2,tuned_tall_pilot_02,tall,123,"[0.080835702,-1.5779463,1.1433602,-1.5910709,-1.5156932,0.0075977509]","[0.47428381,0.17289487,0.70824993]",0.14237181178631603,3.7995530102570285,0.0878999940395355,false,nan,10.343323230743408,
storm_mppi_tuned,2,tuned_tall_pilot_02,tall,124,"[0.080835702,-1.5779463,1.1433602,-1.5910709,-1.5156932,0.0075977509]","[0.47373271,0.1752117,0.70766425]",0.13992954233084576,3.799553010222271,0.0878999940395355,false,nan,10.351444959640503,
storm_mppi_tuned,2,tuned_tall_pilot_02,tall,125,"[0.085193621,-1.5779641,1.1447595,-1.5919087,-1.5124057,0.0079859692]","[0.47373271,0.1752117,0.70766425]",0.13992954233084576,3.8037069285896514,0.0878999940395355,false,nan,10.361496925354004,
storm_mppi_tuned,2,tuned_tall_pilot_02,tall,126,"[0.085193621,-1.5779641,1.1447595,-1.5919087,-1.5124057,0.0079859691]","[0.47373271,0.1752117,0.70766425]",0.13992954233084576,3.8037069282116436,0.0878999940395355,false,nan,10.371394634246826,
storm_mppi_tuned,2,tuned_tall_pilot_02,tall,127,"[0.085193621,-1.5779641,1.1447595,-1.5919087,-1.5124057,0.0079859691]","[0.47316492,0.1775724,0.70708382]",0.13744260860316118,3.8037069281875033,0.0878999940395355,false,nan,10.381489992141724,
storm_mppi_tuned,2,tuned_tall_pilot_02,tall,128,"[0.08955616,-1.5780616,1.1462135,-1.592828,-1.5091013,0.0083583544]","[0.47316492,0.1775724,0.70708382]",0.13744260860316118,3.807917656198359,0.0878999940395355,false,nan,10.39139437675476,
storm_mppi_tuned,2,tuned_tall_pilot_02,tall,129,"[0.08955616,-1.5780616,1.1462135,-1.592828,-1.5091013,0.0083583544]","[0.47316492,0.1775724,0.70708382]",0.13744260860316118,3.8079176558792183,0.0878999940395355,false,nan,10.40138578414917,
storm_mppi_tuned,2,tuned_tall_pilot_02,tall,130,"[0.08955616,-1.5780616,1.1462135,-1.592828,-1.5091013,0.0083583544]","[0.47316492,0.1775724,0.70708382]",0.13744260860316118,3.8079176558733923,0.0878999940395355,false,nan,10.41135287284851,
storm_mppi_tuned,2,tuned_tall_pilot_02,tall,131,"[0.093950136,-1.5783082,1.1477947,-1.5937755,-1.5058361,0.008672738]","[0.47254539,0.17997439,0.70653647]",0.13490798330710457,3.8122492635872893,0.0878999940395355,false,nan,10.421323299407959,
storm_mppi_tuned,2,tuned_tall_pilot_02,tall,132,"[0.093950136,-1.5783082,1.1477947,-1.5937755,-1.5058361,0.0086727381]","[0.47254539,0.17997439,0.70653647]",0.13490798330710457,3.812249263369301,0.0878999940395355,false,nan,10.431449174880981,
storm_mppi_tuned,2,tuned_tall_pilot_02,tall,133,"[0.093950136,-1.5783082,1.1477947,-1.5937755,-1.5058361,0.0086727382]","[0.47254539,0.17997439,0.70653647]",0.13490798330710457,3.8122492633958207,0.0878999940395355,false,nan,10.441520690917969,
storm_mppi_tuned,2,tuned_tall_pilot_02,tall,134,"[0.093950136,-1.5783082,1.1477947,-1.5937755,-1.5058361,0.0086727383]","[0.47187868,0.18237504,0.70601267]",0.13236485538067352,3.8122492634241185,0.0878999940395355,false,nan,10.451326847076416,
storm_mppi_tuned,2,tuned_tall_pilot_02,tall,135,"[0.098381794,-1.578576,1.1494573,-1.5948148,-1.5025065,0.0088961021]","[0.47187868,0.18237504,0.70601267]",0.13236485538067352,3.816708956342311,0.0878999940395355,false,nan,10.461257934570312,
storm_mppi_tuned,2,tuned_tall_pilot_02,tall,136,"[0.098381794,-1.578576,1.1494573,-1.5948148,-1.5025065,0.0088961022]","[0.47187868,0.18237504,0.70601267]",0.13236485538067352,3.8167089561370338,0.0878999940395355,false,nan,10.471314668655396,
storm_mppi_tuned,2,tuned_tall_pilot_02,tall,137,"[0.098381794,-1.578576,1.1494573,-1.5948148,-1.5025065,0.0088961024]","[0.47112918,0.18477802,0.7055034]",0.12979706765367818,3.816708956168601,0.0878999940395355,false,nan,10.481481313705444,
storm_mppi_tuned,2,tuned_tall_pilot_02,tall,138,"[0.10280594,-1.5787918,1.1512297,-1.5959594,-1.4990825,0.0091033479]","[0.47112918,0.18477802,0.7055034]",0.12979706765367818,3.821273181262142,0.0878999940395355,false,nan,10.491940975189209,
storm_mppi_tuned,2,tuned_tall_pilot_02,tall,139,"[0.10280634,-1.5787943,1.1512304,-1.5959594,-1.4990836,0.0091036797]","[0.47112918,0.18477802,0.7055034]",0.12979706765367818,3.821273550644083,0.0878999940395355,false,nan,10.501365661621094,
storm_mppi_tuned,2,tuned_tall_pilot_02,tall,140,"[0.10280586,-1.5787911,1.1512296,-1.5959594,-1.4990823,0.0091032094]","[0.47036102,0.18720204,0.70497751]",0.12720080661379476,3.82127312898116,0.0878999940395355,false,nan,10.511595249176025,
storm_mppi_tuned,2,tuned_tall_pilot_02,tall,141,"[0.10727744,-1.5789492,1.1530642,-1.597189,-1.495603,0.0092170084]","[0.47036102,0.18720204,0.70497751]",0.12720080661379476,3.8259602728206796,0.0878999940395355,false,nan,10.52159857749939,
storm_mppi_tuned,2,tuned_tall_pilot_02,tall,142,"[0.10727752,-1.5789496,1.1530643,-1.597189,-1.4956032,0.0092170621]","[0.47036102,0.18720204,0.70497751]",0.12720080661379476,3.825960341255083,0.0878999940395355,false,nan,10.531434535980225,
storm_mppi_tuned,2,tuned_tall_pilot_02,tall,143,"[0.1072779,-1.5789521,1.153065,-1.597189,-1.4956043,0.0092173894]","[0.46962386,0.1896331,0.70438904]",0.12459568658026542,3.8259607038015035,0.0878999940395355,false,nan,10.541426420211792,
storm_mppi_tuned,2,tuned_tall_pilot_02,tall,144,"[0.11171554,-1.5790149,1.1548526,-1.5984303,-1.4920487,0.0092611988]","[0.46962386,0.1896331,0.70438904]",0.12459568658026542,3.830633350717861,0.0878999940395355,false,nan,10.551380634307861,
storm_mppi_tuned,2,tuned_tall_pilot_02,tall,145,"[0.11171554,-1.5790146,1.1548526,-1.5984303,-1.4920487,0.0092611147]","[0.46962386,0.1896331,0.70438904]",0.12459568658026542,3.8306333660959306,0.0878999940395355,false,nan,10.561357021331787,
storm_mppi_tuned,2,tuned_tall_pilot_02,tall,146,"[0.11171599,-1.5790177,1.1548533,-1.5984303,-1.4920499,0.0092615759]","[0.46962386,0.1896331,0.70438904]",0.12459568658026542,3.8306337679004567,0.0878999940395355,false,nan,10.571314096450806,
storm_mppi_tuned,2,tuned_tall_pilot_02,tall,147,"[0.11616778,-1.5790792,1.1566154,-1.5997185,-1.4884885,0.0092020354]","[0.46890679,0.19209336,0.70375329]",0.12196075766747455,3.8353380461305067,0.0878999940395355,false,nan,10.58138370513916,
storm_mppi_tuned,2,tuned_tall_pilot_02,tall,148,"[0.11616778,-1.5790789,1.1566154,-1.5997185,-1.4884885,0.0092019526]","[0.46890679,0.19209336,0.70375329]",0.12196075766747455,3.83533806148765,0.0878999940395355,false,nan,10.59151029586792,
storm_mppi_tuned,2,tuned_tall_pilot_02,tall,149,"[0.11616822,-1.579082,1.1566161,-1.5997186,-1.4884898,0.0092024069]","[0.46890679,0.19209336,0.70375329]",0.12196075766747455,3.8353384550236753,0.0878999940395355,false,nan,10.601319551467896,
storm_mppi_tuned,2,tuned_tall_pilot_02,tall,150,"[0.11616778,-1.5790792,1.1566154,-1.5997185,-1.4884885,0.0092020353]","[0.46822572,0.19454743,0.70309788]",0.11933928009398838,3.835338045804027,0.0878999940395355,false,nan,10.611421346664429,
storm_mppi_tuned,2,tuned_tall_pilot_02,tall,151,"[0.12067118,-1.5791543,1.1584038,-1.6010321,-1.4849136,0.009056586]","[0.46822572,0.19454743,0.70309788]",0.11933928009398838,3.840126725405005,0.0878999940395355,false,nan,10.621355295181274,
storm_mppi_tuned,2,tuned_tall_pilot_02,tall,152,"[0.12067162,-1.5791574,1.1584045,-1.6010321,-1.4849148,0.0090570332]","[0.46822572,0.19454743,0.70309788]",0.11933928009398838,3.840127110326331,0.0878999940395355,false,nan,10.631283521652222,
storm_mppi_tuned,2,tuned_tall_pilot_02,tall,153,"[0.12067118,-1.5791546,1.1584038,-1.6010321,-1.4849136,0.0090566674]","[0.46752757,0.19700615,0.70246142]",0.11671205061404276,3.8401267095199856,0.0878999940395355,false,nan,10.641535758972168,
storm_mppi_tuned,2,tuned_tall_pilot_02,tall,154,"[0.12518737,-1.5792965,1.1601759,-1.6024353,-1.4812813,0.008917249]","[0.46752757,0.19700615,0.70246142]",0.11671205061404276,3.8449294618497905,0.0878999940395355,false,nan,10.651633024215698,
storm_mppi_tuned,2,tuned_tall_pilot_02,tall,155,"[0.12518779,-1.5792995,1.1601767,-1.6024353,-1.4812825,0.0089176893]","[0.46752757,0.19700615,0.70246142]",0.11671205061404276,3.8449298385891675,0.0878999940395355,false,nan,10.66153335571289,
storm_mppi_tuned,2,tuned_tall_pilot_02,tall,156,"[0.12518737,-1.5792968,1.160176,-1.6024353,-1.4812813,0.0089173292]","[0.46680298,0.19948728,0.70182186]",0.11405545502290158,3.8449294461335675,0.0878999940395355,false,nan,10.671509265899658,
storm_mppi_tuned,2,tuned_tall_pilot_02,tall,157,"[0.12963011,-1.5794812,1.1619515,-1.6039262,-1.4776792,0.0087624267]","[0.46680298,0.19948728,0.70182186]",0.11405545502290158,3.849699223179205,0.0878999940395355,false,nan,10.681477785110474,
storm_mppi_tuned,2,tuned_tall_pilot_02,tall,158,"[0.12963052,-1.5794841,1.1619522,-1.6039262,-1.4776804,0.0087628602]","[0.46680298,0.19948728,0.70182186]",0.11405545502290158,3.849699591948506,0.0878999940395355,false,nan,10.691488027572632,
storm_mppi_tuned,2,tuned_tall_pilot_02,tall,159,"[0.12963011,-1.5794815,1.1619515,-1.6039262,-1.4776792,0.0087625058]","[0.4660269,0.20197298,0.70123589]",0.11138864027528048,3.8496992076057808,0.0878999940395355,false,nan,10.701464414596558,
storm_mppi_tuned,2,tuned_tall_pilot_02,tall,160,"[0.13400173,-1.5796625,1.1637992,-1.6054969,-1.4740828,0.0084965368]","[0.4660269,0.20197298,0.70123589]",0.11138864027528048,3.8545165528596215,0.0878999940395355,false,nan,10.711479663848877,
storm_mppi_tuned,2,tuned_tall_pilot_02,tall,161,"[0.13400214,-1.5796654,1.1637999,-1.605497,-1.474084,0.0084969637]","[0.4660269,0.20197298,0.70123589]",0.11138864027528048,3.8545169137777506,0.0878999940395355,false,nan,10.721464157104492,
storm_mppi_tuned,2,tuned_tall_pilot_02,tall,162,"[0.13400173,-1.5796628,1.1637992,-1.6054969,-1.4740828,0.0084966148]","[0.4660269,0.20197298,0.70123589]",0.11138864027528048,3.854516537382702,0.0878999940395355,false,nan,10.731371402740479,
storm_mppi_tuned,2,tuned_tall_pilot_02,tall,163,"[0.13832737,-1.5798475,1.1656771,-1.6070981,-1.4704572,0.008105994]","[0.46523511,0.20441595,0.70068038]",0.10876243662593964,3.859372236477654,0.0878999940395355,false,nan,10.741414546966553,
storm_mppi_tuned,2,tuned_tall_pilot_02,tall,164,"[0.13832777,-1.5798504,1.1656778,-1.6070981,-1.4704583,0.0081064143]","[0.46523511,0.20441595,0.70068038]",0.10876243662593964,3.85937258965661,0.0878999940395355,false,nan,10.75138235092163,
storm_mppi_tuned,2,tuned_tall_pilot_02,tall,165,"[0.13832737,-1.5798478,1.1656772,-1.6070981,-1.4704572,0.0081060709]","[0.46523511,0.20441595,0.70068038]",0.10876243662593964,3.859372221102372,0.0878999940395355,false,nan,10.761438131332397,
storm_mppi_tuned,2,tuned_tall_pilot_02,tall,166,"[0.13832737,-1.5798475,1.1656771,-1.6070981,-1.4704572,0.0081059942]","[0.46445623,0.20682369,0.70009983]",0.10616865454897394,3.859372236286433,0.0878999940395355,false,nan,10.771299839019775,
storm_mppi_tuned,2,tuned_tall_pilot_02,tall,167,"[0.14260624,-1.58004,1.1675294,-1.6087556,-1.4667377,0.0075387392]","[0.46445623,0.20682369,0.70009983]",0.10616865454897394,3.864254409909764,0.0878999940395355,false,nan,10.781404733657837,
storm_mppi_tuned,2,tuned_tall_pilot_02,tall,168,"[0.14260585,-1.5800375,1.1675287,-1.6087556,-1.4667366,0.0075384012]","[0.46445623,0.20682369,0.70009983]",0.10616865454897394,3.8642540489355444,0.0878999940395355,false,nan,10.791393280029297,
storm_mppi_tuned,2,tuned_tall_pilot_02,tall,169,"[0.14260585,-1.5800372,1.1675287,-1.6087555,-1.4667366,0.0075383256]","[0.46367547,0.20921011,0.69951129]",0.10359288096235234,3.8642540640313987,0.0878999940395355,false,nan,10.801443576812744,
storm_mppi_tuned,2,tuned_tall_pilot_02,tall,170,"[0.14688361,-1.5802507,1.1694086,-1.6104851,-1.4629116,0.0068796813]","[0.46367547,0.20921011,0.69951129]",0.10359288096235234,3.869206712475599,0.0878999940395355,false,nan,10.81150770187378,
storm_mppi_tuned,2,tuned_tall_pilot_02,tall,171,"[0.14688322,-1.5802482,1.169408,-1.6104851,-1.4629105,0.0068793487]","[0.46367547,0.20921011,0.69951129]",0.10359288096235234,3.86920635923262,0.0878999940395355,false,nan,10.821517944335938,
storm_mppi_tuned,2,tuned_tall_pilot_02,tall,172,"[0.14688322,-1.580248,1.169408,-1.610485,-1.4629105,0.0068792741]","[0.46288657,0.21158029,0.69894719]",0.1010342497788991,3.869206374268829,0.0878999940395355,false,nan,10.831443071365356,
storm_mppi_tuned,2,tuned_tall_pilot_02,tall,173,"[0.15121828,-1.580464,1.1712354,-1.6123031,-1.4590121,0.006209103]","[0.46288657,0.21158029,0.69894719]",0.1010342497788991,3.8741873310524513,0.0878999940395355,false,nan,10.841501235961914,
storm_mppi_tuned,2,tuned_tall_pilot_02,tall,174,"[0.15121828,-1.580464,1.1712354,-1.6123031,-1.4590121,0.0062091028]","[0.46288657,0.21158029,0.69894719]",0.1010342497788991,3.8741873308249897,0.0878999940395355,false,nan,10.851416826248169,
storm_mppi_tuned,2,tuned_tall_pilot_02,tall,175,"[0.15121828,-1.580464,1.1712354,-1.6123031,-1.4590121,0.0062091028]","[0.46207783,0.21395625,0.69839096]",0.0984655524067802,3.8741873308020085,0.0878999940395355,false,nan,10.861480712890625,
storm_mppi_tuned,2,tuned_tall_pilot_02,tall,176,"[0.155549,-1.5807081,1.1730338,-1.6141918,-1.455092,0.0054402135]","[0.46207783,0.21395625,0.69839096]",0.0984655524067802,3.879188294683705,0.0878999940395355,false,nan,10.871470928192139,
storm_mppi_tuned,2,tuned_tall_pilot_02,tall,177,"[0.15554903,-1.5807083,1.1730338,-1.6141918,-1.455092,0.0054402395]","[0.46207783,0.21395625,0.69839096]",0.0984655524067802,3.8791883189511602,0.0878999940395355,false,nan,10.881553411483765,
storm_mppi_tuned,2,tuned_tall_pilot_02,tall,178,"[0.15554902,-1.5807085,1.1730338,-1.6141918,-1.455092,0.0054403036]","[0.4612371,0.21636164,0.69787627]",0.09586686440346788,3.8791882896003456,0.0878999940395355,false,nan,10.891380310058594,
storm_mppi_tuned,2,tuned_tall_pilot_02,tall,179,"[0.15985878,-1.5809741,1.1747953,-1.6161177,-1.4510986,0.0045150778]","[0.4612371,0.21636164,0.69787627]",0.09586686440346788,3.884214051357403,0.0878999940395355,false,nan,10.9019136428833,
storm_mppi_tuned,2,tuned_tall_pilot_02,tall,180,"[0.1598584,-1.5809714,1.1747946,-1.6161176,-1.4510976,0.0045146648]","[0.4612371,0.21636164,0.69787627]",0.09586686440346788,3.884213723432612,0.0878999940395355,false,nan,10.911462783813477,
storm_mppi_tuned,2,tuned_tall_pilot_02,tall,181,"[0.15985878,-1.5809741,1.1747953,-1.6161177,-1.4510986,0.0045150773]","[0.4612371,0.21636164,0.69787627]",0.09586686440346788,3.884214050476688,0.0878999940395355,false,nan,10.921464920043945,
storm_mppi_tuned,2,tuned_tall_pilot_02,tall,182,"[0.1598584,-1.5809714,1.1747946,-1.6161176,-1.4510976,0.0045146646]","[0.46036825,0.21876112,0.69740021]",0.09327182461780767,3.884213723365043,0.0878999940395355,false,nan,10.932016134262085,
storm_mppi_tuned,2,tuned_tall_pilot_02,tall,183,"[0.16411609,-1.5812283,1.1766218,-1.6180636,-1.4471268,0.003531139]","[0.46036825,0.21876112,0.69740021]",0.09327182461780767,3.889271075818381,0.0878999940395355,false,nan,10.941548824310303,
storm_mppi_tuned,2,tuned_tall_pilot_02,tall,184,"[0.16411572,-1.5812256,1.1766212,-1.6180635,-1.4471258,0.0035307331]","[0.46036825,0.21876112,0.69740021]",0.09327182461780767,3.8892707564951623,0.0878999940395355,false,nan,10.953424453735352,
storm_mppi_tuned,2,tuned_tall_pilot_02,tall,185,"[0.16411609,-1.5812283,1.1766218,-1.6180636,-1.4471268,0.0035311391]","[0.45947528,0.22115198,0.69695956]",0.0906836729136846,3.8892710757967284,0.0878999940395355,false,nan,10.963585376739502,
storm_mppi_tuned,2,tuned_tall_pilot_02,tall,186,"[0.16833152,-1.5814649,1.1784653,-1.6200654,-1.443108,0.0025027689]","[0.45947528,0.22115198,0.69695956]",0.0906836729136846,3.8943431115363167,0.0878999940395355,false,nan,10.972070455551147,
storm_mppi_tuned,2,tuned_tall_pilot_02,tall,187,"[0.16833188,-1.5814676,1.1784659,-1.6200655,-1.443109,0.0025031684]","[0.45947528,0.22115198,0.69695956]",0.0906836729136846,3.894343423102535,0.0878999940395355,false,nan,10.981609106063843,
storm_mppi_tuned,2,tuned_tall_pilot_02,tall,188,"[0.16833152,-1.5814649,1.1784653,-1.6200654,-1.443108,0.0025027693]","[0.45859629,0.22351509,0.69648343]",0.08811960351676851,3.894343111563007,0.0878999940395355,false,nan,10.991564273834229,
storm_mppi_tuned,2,tuned_tall_pilot_02,tall,189,"[0.17245391,-1.5816738,1.1803048,-1.6221014,-1.4390682,0.0013899222]","[0.45859629,0.22351509,0.69648343]",0.08811960351676851,3.8993888670297006,0.0878999940395355,false,nan,11.0013906955719,
storm_mppi_tuned,2,tuned_tall_pilot_02,tall,190,"[0.17245356,-1.5816712,1.1803042,-1.6221013,-1.4390672,0.0013895295]","[0.45859629,0.22351509,0.69648343]",0.08811960351676851,3.8993885629172946,0.0878999940395355,false,nan,11.013490438461304,
storm_mppi_tuned,2,tuned_tall_pilot_02,tall,191,"[0.17245391,-1.5816738,1.1803048,-1.6221014,-1.4390682,0.0013899225]","[0.45772171,0.22586142,0.69600242]",0.08557184034764793,3.8993888670055803,0.0878999940395355,false,nan,11.02325987815857,
storm_mppi_tuned,2,tuned_tall_pilot_02,tall,192,"[0.17655983,-1.5818188,1.1821004,-1.6242738,-1.4350088,0.00017778006]","[0.45772171,0.22586142,0.69600242]",0.08557184034764793,3.9044470923046917,0.0878999940395355,false,nan,11.031866312026978,
storm_mppi_tuned,2,tuned_tall_pilot_02,tall,193,"[0.17656018,-1.5818214,1.182101,-1.6242738,-1.4350098,0.00017816653]","[0.45772171,0.22586142,0.69600242]",0.08557184034764793,3.9044473888203233,0.0878999940395355,false,nan,11.041336059570312,
storm_mppi_tuned,2,tuned_tall_pilot_02,tall,194,"[0.17655983,-1.5818188,1.1821004,-1.6242738,-1.4350088,0.00017778032]","[0.45687452,0.22816658,0.69551265]",0.08306955977286459,3.904447092263053,0.0878999940395355,false,nan,11.05126690864563,
storm_mppi_tuned,2,tuned_tall_pilot_02,tall,195,"[0.18060465,-1.5819274,1.1838841,-1.6265145,-1.4309457,-0.0011284362]","[0.45687452,0.22816658,0.69551265]",0.08306955977286459,3.909498767888917,0.0878999940395355,false,nan,11.06139588356018,
storm_mppi_tuned,2,tuned_tall_pilot_02,tall,196,"[0.18060431,-1.5819249,1.1838835,-1.6265144,-1.4309447,-0.0011288159]","[0.45687452,0.22816658,0.69551265]",0.08306955977286459,3.9094984785339846,0.0878999940395355,false,nan,11.071332931518555,
storm_mppi_tuned,2,tuned_tall_pilot_02,tall,197,"[0.18060465,-1.5819274,1.1838841,-1.6265145,-1.4309457,-0.0011284361]","[0.45687452,0.22816658,0.69551265]",0.08306955977286459,3.909498767772479,0.0878999940395355,false,nan,11.081462860107422,
storm_mppi_tuned,2,tuned_tall_pilot_02,tall,198,"[0.18462052,-1.5820097,1.1857112,-1.6286691,-1.4268168,-0.0024402183]","[0.45605117,0.23046854,0.69503379]",0.08057959629068323,3.9145683831773255,0.0878999940395355,false,nan,11.091449499130249,
storm_mppi_tuned,2,tuned_tall_pilot_02,tall,199,"[0.18462085,-1.5820121,1.1857117,-1.6286692,-1.4268177,-0.0024398449]","[0.45605117,0.23046854,0.69503379]",0.08057959629068323,3.9145686650419385,0.0878999940395355,false,nan,11.101540088653564,
storm_mppi_tuned,2,tuned_tall_pilot_02,tall,200,"[0.18462052,-1.5820097,1.1857112,-1.6286691,-1.4268168,-0.0024402182]","[0.45605117,0.23046854,0.69503379]",0.08057959629068323,3.914568383063649,0.0878999940395355,false,nan,11.111435651779175,
storm_mppi_tuned,2,tuned_tall_pilot_02,tall,201,"[0.18462085,-1.5820121,1.1857117,-1.6286692,-1.4268177,-0.0024398449]","[0.45524997,0.23274335,0.6945529]",0.07812153298312478,3.9145686650515756,0.0878999940395355,false,nan,11.121482610702515,
storm_mppi_tuned,2,tuned_tall_pilot_02,tall,202,"[0.18858033,-1.5820522,1.1874561,-1.6308749,-1.4226363,-0.003816262]","[0.45524997,0.23274335,0.6945529]",0.07812153298312478,3.9195838150131372,0.0878999940395355,false,nan,11.131534337997437,
storm_mppi_tuned,2,tuned_tall_pilot_02,tall,203,"[0.18858065,-1.5820546,1.1874566,-1.630875,-1.4226372,-0.0038158951]","[0.45524997,0.23274335,0.6945529]",0.07812153298312478,3.919584089708677,0.0878999940395355,false,nan,11.141451835632324,
storm_mppi_tuned,2,tuned_tall_pilot_02,tall,204,"[0.18858033,-1.5820522,1.1874561,-1.6308749,-1.4226363,-0.003816262]","[0.45445576,0.23501074,0.69402826]",0.0756650440375441,3.9195838148655966,0.0878999940395355,false,nan,11.151447534561157,
storm_mppi_tuned,2,tuned_tall_pilot_02,tall,205,"[0.19247242,-1.5820986,1.1891445,-1.6330653,-1.4184366,-0.005293951]","[0.45445576,0.23501074,0.69402826]",0.0756650440375441,3.924552223189305,0.0878999940395355,false,nan,11.161474227905273,
storm_mppi_tuned,2,tuned_tall_pilot_02,tall,206,"[0.19247211,-1.5820963,1.189144,-1.6330652,-1.4184357,-0.0052943116]","[0.45445576,0.23501074,0.69402826]",0.0756650440375441,3.9245519551731403,0.0878999940395355,false,nan,11.171460390090942,
storm_mppi_tuned,2,tuned_tall_pilot_02,tall,207,"[0.19247242,-1.5820986,1.1891445,-1.6330653,-1.4184366,-0.0052939511]","[0.45367396,0.237257,0.69353414]",0.07323754314105355,3.9245522230098664,0.0878999940395355,false,nan,11.181623458862305,
storm_mppi_tuned,2,tuned_tall_pilot_02,tall,208,"[0.19628241,-1.5820955,1.1908146,-1.6352507,-1.4142487,-0.0067738794]","[0.45367396,0.237257,0.69353414]",0.07323754314105355,3.929459492385168,0.0878999940395355,false,nan,11.191741466522217,
storm_mppi_tuned,2,tuned_tall_pilot_02,tall,209,"[0.19628272,-1.5820979,1.1908151,-1.6352508,-1.4142495,-0.006773525]","[0.45367396,0.237257,0.69353414]",0.07323754314105355,3.929459753266049,0.0878999940395355,false,nan,11.201654195785522,
storm_mppi_tuned,2,tuned_tall_pilot_02,tall,210,"[0.19628241,-1.5820956,1.1908146,-1.6352507,-1.4142487,-0.0067738794]","[0.4528895,0.23946998,0.69306737]",0.0708452443573029,3.9294594922059676,0.0878999940395355,false,nan,11.211568593978882,
storm_mppi_tuned,2,tuned_tall_pilot_02,tall,211,"[0.19999209,-1.5821121,1.1924806,-1.6375021,-1.4101106,-0.0082601081]","[0.4528895,0.23946998,0.69306737]",0.0708452443573029,3.9343043236849367,0.0878999940395355,false,nan,11.22181487083435,
storm_mppi_tuned,2,tuned_tall_pilot_02,tall,212,"[0.19999178,-1.5821098,1.19248,-1.637502,-1.4101097,-0.0082604564]","[0.4528895,0.23946998,0.69306737]",0.0708452443573029,3.934304069037814,0.0878999940395355,false,nan,11.231629133224487,
storm_mppi_tuned,2,tuned_tall_pilot_02,tall,213,"[0.19999209,-1.5821121,1.1924806,-1.6375021,-1.4101106,-0.0082601082]","[0.4528895,0.23946998,0.69306737]",0.0708452443573029,3.934304323480641,0.0878999940395355,false,nan,11.241613626480103,
storm_mppi_tuned,2,tuned_tall_pilot_02,tall,214,"[0.20365343,-1.5821509,1.1942221,-1.639718,-1.405948,-0.0097630558]","[0.45213535,0.24164608,0.6925866]",0.06849440641336853,3.9391772235441747,0.0878999940395355,false,nan,11.251627445220947,
storm_mppi_tuned,2,tuned_tall_pilot_02,tall,215,"[0.20365343,-1.5821509,1.1942221,-1.639718,-1.405948,-0.0097630562]","[0.45213535,0.24164608,0.6925866]",0.06849440641336853,3.9391772231725257,0.0878999940395355,false,nan,11.262043476104736,
storm_mppi_tuned,2,tuned_tall_pilot_02,tall,216,"[0.20365343,-1.5821509,1.1942221,-1.639718,-1.405948,-0.0097630565]","[0.45213535,0.24164608,0.6925866]",0.06849440641336853,3.9391772230840556,0.0878999940395355,false,nan,11.271613836288452,
storm_mppi_tuned,2,tuned_tall_pilot_02,tall,217,"[0.20365343,-1.5821509,1.1942221,-1.639718,-1.405948,-0.0097630566]","[0.45138747,0.24376768,0.69212669]",0.0662002617569379,3.9391772230405024,0.0878999940395355,false,nan,11.28151535987854,
storm_mppi_tuned,2,tuned_tall_pilot_02,tall,218,"[0.20725532,-1.5821736,1.1959644,-1.6420203,-1.4017264,-0.011332962]","[0.45138747,0.24376768,0.69212669]",0.0662002617569379,3.9440551846577283,0.0878999940395355,false,nan,11.291674137115479,
storm_mppi_tuned,2,tuned_tall_pilot_02,tall,219,"[0.20725496,-1.582171,1.1959638,-1.6420202,-1.4017255,-0.011333367]","[0.45138747,0.24376768,0.69212669]",0.0662002617569379,3.944054887378591,0.0878999940395355,false,nan,11.301609992980957,
storm_mppi_tuned,2,tuned_tall_pilot_02,tall,220,"[0.20725537,-1.5821736,1.1959645,-1.6420203,-1.4017266,-0.011332995]","[0.45063421,0.24586587,0.69163698]",0.06392162226747378,3.9440552435658254,0.0878999940395355,false,nan,11.311758995056152,
storm_mppi_tuned,2,tuned_tall_pilot_02,tall,221,"[0.21081376,-1.5821854,1.1976499,-1.6443653,-1.3974594,-0.013005848]","[0.45063421,0.24586587,0.69163698]",0.06392162226747378,3.9489132807696037,0.0878999940395355,false,nan,11.321736812591553,
storm_mppi_tuned,2,tuned_tall_pilot_02,tall,222,"[0.21081341,-1.5821828,1.1976493,-1.6443652,-1.3974585,-0.013006246]","[0.45063421,0.24586587,0.69163698]",0.06392162226747378,3.9489129918206816,0.0878999940395355,false,nan,11.331672668457031,
storm_mppi_tuned,2,tuned_tall_pilot_02,tall,223,"[0.21081381,-1.5821854,1.19765,-1.6443653,-1.3974595,-0.01300588]","[0.4498964,0.24794269,0.69115156]",0.06166867831122261,3.9489133395636773,0.0878999940395355,false,nan,11.341648817062378,
storm_mppi_tuned,2,tuned_tall_pilot_02,tall,224,"[0.21431965,-1.582135,1.1992977,-1.6466389,-1.3932367,-0.014697815]","[0.4498964,0.24794269,0.69115156]",0.06166867831122261,3.9537092092102077,0.0878999940395355,false,nan,11.351696014404297,
storm_mppi_tuned,2,tuned_tall_pilot_02,tall,225,"[0.21431931,-1.5821325,1.1992972,-1.6466388,-1.3932357,-0.014698205]","[0.4498964,0.24794269,0.69115156]",0.06166867831122261,3.9537089276135653,0.0878999940395355,false,nan,11.36180067062378,
storm_mppi_tuned,2,tuned_tall_pilot_02,tall,226,"[0.2143197,-1.5821351,1.1992978,-1.6466388,-1.3932368,-0.014697846]","[0.44915617,0.2500014,0.69069821]",0.0594375910892731,3.9537092669708094,0.0878999940395355,false,nan,11.371593952178955,
storm_mppi_tuned,2,tuned_tall_pilot_02,tall,227,"[0.2177893,-1.5820126,1.2008378,-1.6488854,-1.3890906,-0.016381598]","[0.44915617,0.2500014,0.69069821]",0.0594375910892731,3.958398412337946,0.0878999940395355,false,nan,11.38163137435913,
storm_mppi_tuned,2,tuned_tall_pilot_02,tall,228,"[0.21778897,-1.5820102,1.2008372,-1.6488853,-1.3890897,-0.016381981]","[0.44915617,0.2500014,0.69069821]",0.0594375910892731,3.9583981379509203,0.0878999940395355,false,nan,11.391685485839844,
storm_mppi_tuned,2,tuned_tall_pilot_02,tall,229,"[0.21778935,-1.5820127,1.2008378,-1.6488854,-1.3890908,-0.016381629]","[0.44915617,0.2500014,0.69069821]",0.0594375910892731,3.958398469022282,0.0878999940395355,false,nan,11.401588201522827,
storm_mppi_tuned,2,tuned_tall_pilot_02,tall,230,"[0.22116238,-1.5819148,1.2023139,-1.6511624,-1.3849745,-0.018031306]","[0.44844633,0.25203526,0.69022316]",0.05723564490243077,3.9629741785233494,0.0878999940395355,false,nan,11.41195297241211,
storm_mppi_tuned,2,tuned_tall_pilot_02,tall,231,"[0.22116205,-1.5819124,1.2023133,-1.6511623,-1.3849736,-0.018031682]","[0.44844633,0.25203526,0.69022316]",0.05723564490243077,3.962973911152145,0.0878999940395355,false,nan,11.421816110610962,
storm_mppi_tuned,2,tuned_tall_pilot_02,tall,232,"[0.22116243,-1.5819149,1.2023139,-1.6511624,-1.3849746,-0.018031336]","[0.44844633,0.25203526,0.69022316]",0.05723564490243077,3.962974234251351,0.0878999940395355,false,nan,11.431743621826172,
storm_mppi_tuned,2,tuned_tall_pilot_02,tall,233,"[0.22116238,-1.5819148,1.2023139,-1.6511624,-1.3849745,-0.018031306]","[0.44776249,0.25404859,0.68976235]",0.05506334299213341,3.9629741782587007,0.0878999940395355,false,nan,11.441634178161621,
storm_mppi_tuned,2,tuned_tall_pilot_02,tall,234,"[0.22442903,-1.5818245,1.2037316,-1.6534068,-1.380841,-0.019750275]","[0.44776249,0.25404859,0.68976235]",0.05506334299213341,3.967464817260666,0.0878999940395355,false,nan,11.453251838684082,
storm_mppi_tuned,2,tuned_tall_pilot_02,tall,235,"[0.2244294,-1.5818269,1.2037322,-1.6534068,-1.380842,-0.019749935]","[0.44776249,0.25404859,0.68976235]",0.05506334299213341,3.9674651327067694,0.0878999940395355,false,nan,11.461838483810425,
storm_mppi_tuned,2,tuned_tall_pilot_02,tall,236,"[0.22442935,-1.5818269,1.2037321,-1.6534069,-1.3808419,-0.019749905]","[0.44707614,0.25600955,0.68935019]",0.05294761409909278,3.9674650776436424,0.0878999940395355,false,nan,11.471668481826782,
storm_mppi_tuned,2,tuned_tall_pilot_02,tall,237,"[0.22769022,-1.5816715,1.2051241,-1.6557031,-1.3767365,-0.021551533]","[0.44707614,0.25600955,0.68935019]",0.05294761409909278,3.9719668054417863,0.0878999940395355,false,nan,11.481638431549072,
storm_mppi_tuned,2,tuned_tall_pilot_02,tall,238,"[0.22769057,-1.5816738,1.2051247,-1.6557032,-1.3767375,-0.021551198]","[0.44707614,0.25600955,0.68935019]",0.05294761409909278,3.9719671131721457,0.0878999940395355,false,nan,11.491865396499634,
storm_mppi_tuned,2,tuned_tall_pilot_02,tall,239,"[0.22769052,-1.5816738,1.2051246,-1.6557032,-1.3767374,-0.021551169]","[0.44639474,0.25791946,0.68896866]",0.05088649060819806,3.9719670590662455,0.0878999940395355,false,nan,11.501636743545532,
storm_mppi_tuned,2,tuned_tall_pilot_02,tall,240,"[0.23088732,-1.5815476,1.2065053,-1.6580321,-1.3726462,-0.023325467]","[0.44639474,0.25791946,0.68896866]",0.05088649060819806,3.9764165573728145,0.0878999940395355,false,nan,11.511964321136475,
storm_mppi_tuned,2,tuned_tall_pilot_02,tall,241,"[0.23088767,-1.5815499,1.2065059,-1.6580321,-1.3726471,-0.023325139]","[0.44639474,0.25791946,0.68896866]",0.05088649060819806,3.976416857661087,0.0878999940395355,false,nan,11.522229194641113,
storm_mppi_tuned,2,tuned_tall_pilot_02,tall,242,"[0.23088763,-1.5815498,1.2065058,-1.6580322,-1.372647,-0.02332511]","[0.44639474,0.25791946,0.68896866]",0.05088649060819806,3.976416804505836,0.0878999940395355,false,nan,11.532156705856323,
storm_mppi_tuned,2,tuned_tall_pilot_02,tall,243,"[0.23088732,-1.5815476,1.2065053,-1.6580321,-1.3726462,-0.023325467]","[0.44573939,0.25982934,0.68857545]",0.04883139113635047,3.976416557289371,0.0878999940395355,false,nan,11.542091608047485,
sage_mppi_tuned,3,tuned_tall_pilot_00,tall,0,"[-6.2071989e-05,-1.5700032,1.100029,-1.5700209,-1.5699973,1.0829615e-06]","[0.48398483,0.13334961,0.721358]",0.6137627545824946,2.058399891860235,0.0878999940395355,false,nan,9.34482479095459,
sage_mppi_tuned,3,tuned_tall_pilot_00,tall,1,"[-6.2071989e-05,-1.5700032,1.100029,-1.5700209,-1.5699973,1.0829615e-06]","[0.48398483,0.13334961,0.721358]",0.6137627545824946,2.058399891860234,0.0878999940395355,false,nan,9.348180532455444,
sage_mppi_tuned,3,tuned_tall_pilot_00,tall,2,"[-0.0038615768,-1.5675825,1.1048637,-1.5667406,-1.5688548,0.0020537165]","[0.48398483,0.13334961,0.721358]",0.6137627545824946,2.055808101951014,0.0878999940395355,false,nan,9.354384183883667,
sage_mppi_tuned,3,tuned_tall_pilot_00,tall,3,"[-0.0038615849,-1.5675825,1.1048637,-1.5667406,-1.5688548,0.0020537135]","[0.48398483,0.13334961,0.721358]",0.6137627545824946,2.0558080967481724,0.0878999940395355,false,nan,9.364564895629883,
sage_mppi_tuned,3,tuned_tall_pilot_00,tall,4,"[-0.0038615892,-1.5675825,1.1048637,-1.5667406,-1.5688548,0.0020537107]","[0.48398483,0.13334961,0.721358]",0.6137627545824946,2.0558080932298917,0.0878999940395355,false,nan,9.374359369277954,
sage_mppi_tuned,3,tuned_tall_pilot_00,tall,5,"[-0.0038615918,-1.5675825,1.1048637,-1.5667406,-1.5688548,0.0020537089]","[0.48398483,0.13334961,0.721358]",0.6137627545824946,2.05580809101647,0.0878999940395355,false,nan,9.384695053100586,
sage_mppi_tuned,3,tuned_tall_pilot_00,tall,6,"[-0.0038615934,-1.5675825,1.1048637,-1.5667406,-1.5688548,0.0020537077]","[0.48398483,0.13334961,0.721358]",0.6137627545824946,2.05580808963778,0.0878999940395355,false,nan,9.394559621810913,
sage_mppi_tuned,3,tuned_tall_pilot_00,tall,7,"[-0.0038615943,-1.5675825,1.1048637,-1.5667406,-1.5688547,0.002053707]","[0.48398483,0.13334961,0.721358]",0.6137627545824946,2.055808088780028,0.0878999940395355,false,nan,9.404425382614136,
sage_mppi_tuned,3,tuned_tall_pilot_00,tall,8,"[-0.003861595,-1.5675825,1.1048637,-1.5667406,-1.5688547,0.0020537065]","[0.48398483,0.13334961,0.721358]",0.6137627545824946,2.0558080882463967,0.0878999940395355,false,nan,9.414553880691528,
sage_mppi_tuned,3,tuned_tall_pilot_00,tall,9,"[-0.0038615953,-1.5675825,1.1048637,-1.5667406,-1.5688547,0.0020537062]","[0.48398483,0.13334961,0.721358]",0.6137627545824946,2.0558080879143863,0.0878999940395355,false,nan,9.424755811691284,
sage_mppi_tuned,3,tuned_tall_pilot_00,tall,10,"[-0.0038615956,-1.5675825,1.1048637,-1.5667406,-1.5688547,0.0020537061]","[0.48398483,0.13334961,0.721358]",0.6137627545824946,2.0558080877078084,0.0878999940395355,false,nan,9.434515953063965,
sage_mppi_tuned,3,tuned_tall_pilot_00,tall,11,"[-0.0038615957,-1.5675825,1.1048637,-1.5667406,-1.5688547,0.0020537059]","[0.48398483,0.13334961,0.721358]",0.6137627545824946,2.0558080875792735,0.0878999940395355,false,nan,9.444486141204834,
sage_mppi_tuned,3,tuned_tall_pilot_00,tall,12,"[-0.0060348782,-1.5661809,1.1076695,-1.5645227,-1.5695664,0.00345849]","[0.48398483,0.13334961,0.721358]",0.6137627545824946,2.0541386558320167,0.0878999940395355,false,nan,9.454471111297607,
sage_mppi_tuned,3,tuned_tall_pilot_00,tall,13,"[-0.0060348829,-1.5661809,1.1076695,-1.5645227,-1.5695664,0.0034584883]","[0.48398483,0.13334961,0.721358]",0.6137627545824946,2.0541386527981134,0.0878999940395355,false,nan,9.464415073394775,
sage_mppi_tuned,3,tuned_tall_pilot_00,tall,14,"[-0.0060348854,-1.5661809,1.1076695,-1.5645227,-1.5695664,0.0034584867]","[0.48398483,0.13334961,0.721358]",0.6137627545824946,2.0541386507486843,0.0878999940395355,false,nan,9.474449634552002,
sage_mppi_tuned,3,tuned_tall_pilot_00,tall,15,"[-0.0060348869,-1.5661809,1.1076695,-1.5645227,-1.5695664,0.0034584856]","[0.48398483,0.13334961,0.721358]",0.6137627545824946,2.0541386494616605,0.0878999940395355,false,nan,9.484541654586792,
sage_mppi_tuned,3,tuned_tall_pilot_00,tall,16,"[-0.0060348879,-1.5661809,1.1076695,-1.5645227,-1.5695664,0.0034584849]","[0.48398483,0.13334961,0.721358]",0.6137627545824946,2.0541386486615583,0.0878999940395355,false,nan,9.494575262069702,
sage_mppi_tuned,3,tuned_tall_pilot_00,tall,17,"[-0.0060348885,-1.5661809,1.1076695,-1.5645227,-1.5695664,0.0034584845]","[0.48398483,0.13334961,0.721358]",0.6137627545824946,2.054138648164763,0.0878999940395355,false,nan,9.504599571228027,
sage_mppi_tuned,3,tuned_tall_pilot_00,tall,18,"[-0.0060348888,-1.5661809,1.1076695,-1.5645228,-1.5695664,0.0034584842]","[0.48398483,0.13334961,0.721358]",0.6137627545824946,2.054138647856308,0.0878999940395355,false,nan,9.514711856842041,
sage_mppi_tuned,3,tuned_tall_pilot_00,tall,19,"[-0.006034889,-1.5661809,1.1076695,-1.5645228,-1.5695664,0.0034584841]","[0.48398483,0.13334961,0.721358]",0.6137627545824946,2.054138647664781,0.0878999940395355,false,nan,9.525861501693726,
sage_mppi_tuned,3,tuned_tall_pilot_00,tall,20,"[-0.0060348892,-1.5661809,1.1076695,-1.5645228,-1.5695664,0.003458484]","[0.48398483,0.13334961,0.721358]",0.6137627545824946,2.0541386475458525,0.0878999940395355,false,nan,9.534740447998047,
sage_mppi_tuned,3,tuned_tall_pilot_00,tall,21,"[-0.0060348893,-1.5661809,1.1076695,-1.5645228,-1.5695664,0.0034584839]","[0.48632818,0.13161643,0.7174055]",0.6104796600637357,2.0541386474720027,0.0878999940395355,false,nan,9.544594287872314,
sage_mppi_tuned,3,tuned_tall_pilot_00,tall,22,"[-0.0089005672,-1.5639726,1.1111829,-1.5619228,-1.5707837,0.0053579951]","[0.48632818,0.13161643,0.7174055]",0.6104796600637357,2.0520512724374633,0.0878999940395355,false,nan,9.554582834243774,
sage_mppi_tuned,3,tuned_tall_pilot_00,tall,23,"[-0.0089005742,-1.5639726,1.1111829,-1.5619228,-1.5707837,0.0053579925]","[0.48632818,0.13161643,0.7174055]",0.6104796600637357,2.0520512679462826,0.0878999940395355,false,nan,9.564627647399902,
sage_mppi_tuned,3,tuned_tall_pilot_00,tall,24,"[-0.0089005779,-1.5639726,1.1111829,-1.5619228,-1.5707837,0.0053579901]","[0.48632818,0.13161643,0.7174055]",0.6104796600637357,2.052051264953678,0.0878999940395355,false,nan,9.574554443359375,
sage_mppi_tuned,3,tuned_tall_pilot_00,tall,25,"[-0.0089005801,-1.5639726,1.1111829,-1.5619228,-1.5707837,0.0053579886]","[0.48632818,0.13161643,0.7174055]",0.6104796600637357,2.0520512630829044,0.0878999940395355,false,nan,9.584612369537354,
sage_mppi_tuned,3,tuned_tall_pilot_00,tall,26,"[-0.0089005815,-1.5639726,1.1111829,-1.5619228,-1.5707837,0.0053579876]","[0.48632818,0.13161643,0.7174055]",0.6104796600637357,2.052051261923639,0.0878999940395355,false,nan,9.594581604003906,
sage_mppi_tuned,3,tuned_tall_pilot_00,tall,27,"[-0.0089005823,-1.5639726,1.1111829,-1.5619228,-1.5707837,0.005357987]","[0.48632818,0.13161643,0.7174055]",0.6104796600637357,2.05205126120601,0.0878999940395355,false,nan,9.60472846031189,
sage_mppi_tuned,3,tuned_tall_pilot_00,tall,28,"[-0.0089005828,-1.5639726,1.1111829,-1.5619228,-1.5707837,0.0053579866]","[0.48632818,0.13161643,0.7174055]",0.6104796600637357,2.0520512607617825,0.0878999940395355,false,nan,9.614492416381836,
sage_mppi_tuned,3,tuned_tall_pilot_00,tall,29,"[-0.0089005831,-1.5639726,1.1111829,-1.5619228,-1.5707837,0.0053579864]","[0.48632818,0.13161643,0.7174055]",0.6104796600637357,2.0520512604867824,0.0878999940395355,false,nan,9.624506950378418,
sage_mppi_tuned,3,tuned_tall_pilot_00,tall,30,"[-0.0089005833,-1.5639726,1.1111829,-1.5619228,-1.5707837,0.0053579862]","[0.4876489,0.13048206,0.71506804]",0.6084774796693515,2.052051260316535,0.0878999940395355,false,nan,9.634496212005615,
sage_mppi_tuned,3,tuned_tall_pilot_00,tall,31,"[-0.012201317,-1.5625317,1.1153902,-1.5592549,-1.5715254,0.0072671721]","[0.4876489,0.13048206,0.71506804]",0.6084774796693515,2.049538707009189,0.0878999940395355,false,nan,9.644836664199829,
sage_mppi_tuned,3,tuned_tall_pilot_00,tall,32,"[-0.012201323,-1.5625317,1.1153902,-1.5592549,-1.5715254,0.0072671701]","[0.4876489,0.13048206,0.71506804]",0.6084774796693515,2.04953870349191,0.0878999940395355,false,nan,9.654851913452148,
sage_mppi_tuned,3,tuned_tall_pilot_00,tall,33,"[-0.012201326,-1.5625317,1.1153902,-1.5592549,-1.5715254,0.0072671682]","[0.4876489,0.13048206,0.71506804]",0.6084774796693515,2.0495387011081423,0.0878999940395355,false,nan,9.664729118347168,
sage_mppi_tuned,3,tuned_tall_pilot_00,tall,34,"[-0.012201328,-1.5625317,1.1153902,-1.5592549,-1.5715254,0.0072671669]","[0.4876489,0.13048206,0.71506804]",0.6084774796693515,2.049538699617681,0.0878999940395355,false,nan,9.67472767829895,
sage_mppi_tuned,3,tuned_tall_pilot_00,tall,35,"[-0.012201329,-1.5625317,1.1153902,-1.5592549,-1.5715254,0.0072671661]","[0.4876489,0.13048206,0.71506804]",0.6084774796693515,2.049538698696041,0.0878999940395355,false,nan,9.684731245040894,
sage_mppi_tuned,3,tuned_tall_pilot_00,tall,36,"[-0.012201329,-1.5625317,1.1153902,-1.5592549,-1.5715254,0.0072671656]","[0.4876489,0.13048206,0.71506804]",0.6084774796693515,2.0495386981268537,0.0878999940395355,false,nan,9.694659948348999,
sage_mppi_tuned,3,tuned_tall_pilot_00,tall,37,"[-0.01220133,-1.5625317,1.1153902,-1.5592549,-1.5715254,0.0072671653]","[0.4876489,0.13048206,0.71506804]",0.6084774796693515,2.049538697775335,0.0878999940395355,false,nan,9.704548597335815,
sage_mppi_tuned,3,tuned_tall_pilot_00,tall,38,"[-0.01220133,-1.5625317,1.1153902,-1.5592549,-1.5715254,0.0072671651]","[0.4876489,0.13048206,0.71506804]",0.6084774796693515,2.0495386975582193,0.0878999940395355,false,nan,9.714933633804321,
sage_mppi_tuned,3,tuned_tall_pilot_00,tall,39,"[-0.01220133,-1.5625317,1.1153902,-1.5592549,-1.5715254,0.007267165]","[0.4895581,0.12894914,0.71194071]",0.6058520596416883,2.0495386974241123,0.0878999940395355,false,nan,9.72473430633545,
sage_mppi_tuned,3,tuned_tall_pilot_00,tall,40,"[-0.0150677,-1.56077,1.1195827,-1.5566212,-1.5727938,0.0096654957]","[0.4895581,0.12894914,0.71194071]",0.6058520596416883,2.0474405146313903,0.0878999940395355,false,nan,9.734647274017334,
sage_mppi_tuned,3,tuned_tall_pilot_00,tall,41,"[-0.015067706,-1.56077,1.1195827,-1.5566212,-1.5727938,0.0096654933]","[0.4895581,0.12894914,0.71194071]",0.6058520596416883,2.0474405106849862,0.0878999940395355,false,nan,9.747114658355713,
sage_mppi_tuned,3,tuned_tall_pilot_00,tall,42,"[-0.015067709,-1.56077,1.1195827,-1.5566212,-1.5727938,0.0096654912]","[0.4895581,0.12894914,0.71194071]",0.6058520596416883,2.047440508040355,0.0878999940395355,false,nan,9.756939172744751,
sage_mppi_tuned,3,tuned_tall_pilot_00,tall,43,"[-0.015067711,-1.56077,1.1195827,-1.5566212,-1.5727938,0.0096654898]","[0.4895581,0.12894914,0.71194071]",0.6058520596416883,2.047440506392632,0.0878999940395355,false,nan,9.765834093093872,
sage_mppi_tuned,3,tuned_tall_pilot_00,tall,44,"[-0.015067713,-1.56077,1.1195827,-1.5566212,-1.5727938,0.0096654889]","[0.4895581,0.12894914,0.71194071]",0.6058520596416883,2.0474405053763274,0.0878999940395355,false,nan,9.774480104446411,
sage_mppi_tuned,3,tuned_tall_pilot_00,tall,45,"[-0.015067713,-1.56077,1.1195827,-1.5566212,-1.5727938,0.0096654884]","[0.4895581,0.12894914,0.71194071]",0.6058520596416883,2.0474405047502247,0.0878999940395355,false,nan,9.784599542617798,
sage_mppi_tuned,3,tuned_tall_pilot_00,tall,46,"[-0.015067714,-1.56077,1.1195827,-1.5566212,-1.5727938,0.0096654881]","[0.4895581,0.12894914,0.71194071]",0.6058520596416883,2.0474405043645207,0.0878999940395355,false,nan,9.794701337814331,
sage_mppi_tuned,3,tuned_tall_pilot_00,tall,47,"[-0.015067714,-1.56077,1.1195827,-1.5566212,-1.5727938,0.0096654879]","[0.49115941,0.12724428,0.7088387]",0.6030789525947224,2.047440504126899,0.0878999940395355,false,nan,9.807068824768066,
sage_mppi_tuned,3,tuned_tall_pilot_00,tall,48,"[-0.018118365,-1.5585261,1.1253311,-1.5544567,-1.5756119,0.011695325]","[0.49115941,0.12724428,0.7088387]",0.6030789525947224,2.043852882285545,0.0878999940395355,false,nan,9.81720757484436,
sage_mppi_tuned,3,tuned_tall_pilot_00,tall,49,"[-0.018118373,-1.5585261,1.1253311,-1.5544567,-1.5756119,0.011695322]","[0.49115941,0.12724428,0.7088387]",0.6030789525947224,2.0438528772274234,0.0878999940395355,false,nan,9.826993227005005,
sage_mppi_tuned,3,tuned_tall_pilot_00,tall,50,"[-0.018118377,-1.5585261,1.1253311,-1.5544567,-1.5756119,0.011695319]","[0.49115941,0.12724428,0.7088387]",0.6030789525947224,2.043852873865688,0.0878999940395355,false,nan,9.835819244384766,
sage_mppi_tuned,3,tuned_tall_pilot_00,tall,51,"[-0.01811838,-1.5585261,1.1253311,-1.5544567,-1.5756119,0.011695318]","[0.49115941,0.12724428,0.7088387]",0.6030789525947224,2.0438528717793165,0.0878999940395355,false,nan,9.844527006149292,
sage_mppi_tuned,3,tuned_tall_pilot_00,tall,52,"[-0.018118381,-1.5585261,1.1253311,-1.5544567,-1.5756119,0.011695316]","[0.49115941,0.12724428,0.7088387]",0.6030789525947224,2.043852870496699,0.0878999940395355,false,nan,9.854479312896729,
sage_mppi_tuned,3,tuned_tall_pilot_00,tall,53,"[-0.018118382,-1.5585261,1.1253311,-1.5544567,-1.5756119,0.011695316]","[0.49115941,0.12724428,0.7088387]",0.6030789525947224,2.0438528697091045,0.0878999940395355,false,nan,9.864641189575195,
sage_mppi_tuned,3,tuned_tall_pilot_00,tall,54,"[-0.018118383,-1.5585261,1.1253311,-1.5544567,-1.5756119,0.011695315]","[0.49115941,0.12724428,0.7088387]",0.6030789525947224,2.0438528692255056,0.0878999940395355,false,nan,9.874903678894043,
sage_mppi_tuned,3,tuned_tall_pilot_00,tall,55,"[-0.018118383,-1.5585261,1.1253311,-1.5544567,-1.5756119,0.011695315]","[0.49115941,0.12724428,0.7088387]",0.6030789525947224,2.043852868928553,0.0878999940395355,false,nan,9.884626388549805,
sage_mppi_tuned,3,tuned_tall_pilot_00,tall,56,"[-0.018118383,-1.5585261,1.1253311,-1.5544567,-1.5756119,0.011695315]","[0.49285305,0.12568951,0.70558786]",0.6002947752390745,2.043852868746205,0.0878999940395355,false,nan,9.894803285598755,
sage_mppi_tuned,3,tuned_tall_pilot_00,tall,57,"[-0.021479221,-1.5572828,1.1320332,-1.5514007,-1.5783994,0.014618175]","[0.49285305,0.12568951,0.70558786]",0.6002947752390745,2.0402275447932916,0.0878999940395355,false,nan,9.90493392944336,
sage_mppi_tuned,3,tuned_tall_pilot_00,tall,58,"[-0.021479226,-1.5572828,1.1320332,-1.5514007,-1.5783994,0.014618173]","[0.49285305,0.12568951,0.70558786]",0.6002947752390745,2.0402275411388775,0.0878999940395355,false,nan,9.914942741394043,
sage_mppi_tuned,3,tuned_tall_pilot_00,tall,59,"[-0.021479229,-1.5572828,1.1320332,-1.5514007,-1.5783994,0.014618171]","[0.49285305,0.12568951,0.70558786]",0.6002947752390745,2.040227538631988,0.0878999940395355,false,nan,9.924910545349121,
sage_mppi_tuned,3,tuned_tall_pilot_00,tall,60,"[-0.021479231,-1.5572828,1.1320332,-1.5514007,-1.5783994,0.014618169]","[0.49285305,0.12568951,0.70558786]",0.6002947752390745,2.0402275370724983,0.0878999940395355,false,nan,9.93496584892273,
sage_mppi_tuned,3,tuned_tall_pilot_00,tall,61,"[-0.021479232,-1.5572828,1.1320332,-1.5514007,-1.5783994,0.014618169]","[0.49285305,0.12568951,0.70558786]",0.6002947752390745,2.0402275361155056,0.0878999940395355,false,nan,9.945191144943237,
sage_mppi_tuned,3,tuned_tall_pilot_00,tall,62,"[-0.021479233,-1.5572828,1.1320332,-1.5514007,-1.5783994,0.014618168]","[0.49285305,0.12568951,0.70558786]",0.6002947752390745,2.0402275355292327,0.0878999940395355,false,nan,9.955122470855713,
sage_mppi_tuned,3,tuned_tall_pilot_00,tall,63,"[-0.021479233,-1.5572828,1.1320332,-1.5514007,-1.5783994,0.014618168]","[0.49285305,0.12568951,0.70558786]",0.6002947752390745,2.0402275351700943,0.0878999940395355,false,nan,9.965276718139648,
sage_mppi_tuned,3,tuned_tall_pilot_00,tall,64,"[-0.021479234,-1.5572828,1.1320332,-1.5514007,-1.5783994,0.014618168]","[0.49500096,0.12387265,0.70140028]",0.5967990757373802,2.04022753495008,0.0878999940395355,false,nan,9.975211381912231,
sage_mppi_tuned,3,tuned_tall_pilot_00,tall,65,"[-0.024242053,-1.557055,1.1383762,-1.5476525,-1.5832654,0.018123767]","[0.49500096,0.12387265,0.70140028]",0.5967990757373802,2.0369355042631927,0.0878999940395355,false,nan,9.985403776168823,
sage_mppi_tuned,3,tuned_tall_pilot_00,tall,66,"[-0.024242056,-1.557055,1.1383762,-1.5476525,-1.5832654,0.018123766]","[0.49500096,0.12387265,0.70140028]",0.5967990757373802,2.0369355023798588,0.0878999940395355,false,nan,9.995336294174194,
sage_mppi_tuned,3,tuned_tall_pilot_00,tall,67,"[-0.024242057,-1.557055,1.1383762,-1.5476525,-1.5832654,0.018123765]","[0.49500096,0.12387265,0.70140028]",0.5967990757373802,2.0369355009870644,0.0878999940395355,false,nan,10.005378723144531,
sage_mppi_tuned,3,tuned_tall_pilot_00,tall,68,"[-0.024242058,-1.557055,1.1383762,-1.5476526,-1.5832654,0.018123764]","[0.49500096,0.12387265,0.70140028]",0.5967990757373802,2.0369355001127465,0.0878999940395355,false,nan,10.015513181686401,
sage_mppi_tuned,3,tuned_tall_pilot_00,tall,69,"[-0.024242059,-1.557055,1.1383762,-1.5476526,-1.5832654,0.018123763]","[0.49500096,0.12387265,0.70140028]",0.5967990757373802,2.0369354995761073,0.0878999940395355,false,nan,10.02580451965332,
sage_mppi_tuned,3,tuned_tall_pilot_00,tall,70,"[-0.024242059,-1.557055,1.1383762,-1.5476526,-1.5832654,0.018123763]","[0.49500096,0.12387265,0.70140028]",0.5967990757373802,2.036935499247695,0.0878999940395355,false,nan,10.035617113113403,
sage_mppi_tuned,3,tuned_tall_pilot_00,tall,71,"[-0.02424206,-1.557055,1.1383762,-1.5476526,-1.5832654,0.018123763]","[0.49500096,0.12387265,0.70140028]",0.5967990757373802,2.036935499046747,0.0878999940395355,false,nan,10.045553207397461,
sage_mppi_tuned,3,tuned_tall_pilot_00,tall,72,"[-0.02424206,-1.557055,1.1383762,-1.5476526,-1.5832654,0.018123763]","[0.49666706,0.12190374,0.6971181]",0.5930063847935358,2.0369354989237833,0.0878999940395355,false,nan,10.055491924285889,
sage_mppi_tuned,3,tuned_tall_pilot_00,tall,73,"[-0.027897362,-1.5572116,1.144836,-1.5445119,-1.5878307,0.021657372]","[0.49666706,0.12190374,0.6971181]",0.5930063847935358,2.033424281300014,0.0878999940395355,false,nan,10.065638542175293,
sage_mppi_tuned,3,tuned_tall_pilot_00,tall,74,"[-0.027897364,-1.5572116,1.144836,-1.5445119,-1.5878307,0.021657371]","[0.49666706,0.12190374,0.6971181]",0.5930063847935358,2.0334242799715523,0.0878999940395355,false,nan,10.075552225112915,
sage_mppi_tuned,3,tuned_tall_pilot_00,tall,75,"[-0.027897366,-1.5572116,1.144836,-1.5445119,-1.5878307,0.021657371]","[0.49666706,0.12190374,0.6971181]",0.5930063847935358,2.0334242789347385,0.0878999940395355,false,nan,10.085395812988281,
sage_mppi_tuned,3,tuned_tall_pilot_00,tall,76,"[-0.027897366,-1.5572116,1.144836,-1.5445119,-1.5878307,0.02165737]","[0.49666706,0.12190374,0.6971181]",0.5930063847935358,2.0334242782808407,0.0878999940395355,false,nan,10.095479249954224,
sage_mppi_tuned,3,tuned_tall_pilot_00,tall,77,"[-0.027897367,-1.5572116,1.144836,-1.5445119,-1.5878307,0.02165737]","[0.49666706,0.12190374,0.6971181]",0.5930063847935358,2.0334242778797997,0.0878999940395355,false,nan,10.105369091033936,
sage_mppi_tuned,3,tuned_tall_pilot_00,tall,78,"[-0.027897367,-1.5572116,1.144836,-1.5445119,-1.5878307,0.021657369]","[0.49666706,0.12190374,0.6971181]",0.5930063847935358,2.0334242776346527,0.0878999940395355,false,nan,10.115704774856567,
sage_mppi_tuned,3,tuned_tall_pilot_00,tall,79,"[-0.027897367,-1.5572116,1.144836,-1.5445119,-1.5878307,0.021657369]","[0.49666706,0.12190374,0.6971181]",0.5930063847935358,2.0334242774847993,0.0878999940395355,false,nan,10.125681638717651,
sage_mppi_tuned,3,tuned_tall_pilot_00,tall,80,"[-0.027897367,-1.5572116,1.144836,-1.5445119,-1.5878307,0.021657369]","[0.49666706,0.12190374,0.6971181]",0.5930063847935358,2.033424277393173,0.0878999940395355,false,nan,10.13556981086731,
sage_mppi_tuned,3,tuned_tall_pilot_00,tall,81,"[-0.027897367,-1.5572116,1.144836,-1.5445119,-1.5878307,0.021657369]","[0.49759534,0.12003189,0.69342208]",0.5894845064717456,2.0334242773371374,0.0878999940395355,false,nan,10.145399332046509,
sage_mppi_tuned,3,tuned_tall_pilot_00,tall,82,"[-0.032536162,-1.5574101,1.1512998,-1.5409357,-1.5917445,0.025016839]","[0.49759534,0.12003189,0.69342208]",0.5894845064717456,2.0295991586547055,0.0878999940395355,false,nan,10.155490636825562,
sage_mppi_tuned,3,tuned_tall_pilot_00,tall,83,"[-0.032536164,-1.5574101,1.1512998,-1.5409357,-1.5917445,0.025016839]","[0.49759534,0.12003189,0.69342208]",0.5894845064717456,2.02959915734472,0.0878999940395355,false,nan,10.165457010269165,
sage_mppi_tuned,3,tuned_tall_pilot_00,tall,84,"[-0.032536165,-1.5574101,1.1512998,-1.5409357,-1.5917445,0.025016838]","[0.49759534,0.12003189,0.69342208]",0.5894845064717456,2.0295991563141618,0.0878999940395355,false,nan,10.175591707229614,
sage_mppi_tuned,3,tuned_tall_pilot_00,tall,85,"[-0.032536166,-1.5574101,1.1512998,-1.5409357,-1.5917445,0.025016837]","[0.49759534,0.12003189,0.69342208]",0.5894845064717456,2.029599155664614,0.0878999940395355,false,nan,10.185614824295044,
sage_mppi_tuned,3,tuned_tall_pilot_00,tall,86,"[-0.032536167,-1.5574101,1.1512998,-1.5409357,-1.5917445,0.025016837]","[0.49759534,0.12003189,0.69342208]",0.5894845064717456,2.029599155266715,0.0878999940395355,false,nan,10.195483446121216,
sage_mppi_tuned,3,tuned_tall_pilot_00,tall,87,"[-0.032536167,-1.5574101,1.1512998,-1.5409357,-1.5917445,0.025016837]","[0.49759534,0.12003189,0.69342208]",0.5894845064717456,2.0295991550237247,0.0878999940395355,false,nan,10.205551862716675,
sage_mppi_tuned,3,tuned_tall_pilot_00,tall,88,"[-0.032536167,-1.5574101,1.1512998,-1.5409357,-1.5917445,0.025016837]","[0.49759534,0.12003189,0.69342208]",0.5894845064717456,2.0295991548753043,0.0878999940395355,false,nan,10.215580701828003,
sage_mppi_tuned,3,tuned_tall_pilot_00,tall,89,"[-0.032536167,-1.5574101,1.1512998,-1.5409357,-1.5917445,0.025016837]","[0.49843585,0.1177461,0.6899386]",0.5859299943438421,2.029599154784617,0.0878999940395355,false,nan,10.225510358810425,
sage_mppi_tuned,3,tuned_tall_pilot_00,tall,90,"[-0.03690304,-1.5579004,1.1593243,-1.5368222,-1.595944,0.027710947]","[0.49843585,0.1177461,0.6899386]",0.5859299943438421,2.024483394224439,0.0878999940395355,false,nan,10.235615253448486,
sage_mppi_tuned,3,tuned_tall_pilot_00,tall,91,"[-0.036903042,-1.5579004,1.1593243,-1.5368222,-1.595944,0.027710946]","[0.49843585,0.1177461,0.6899386]",0.5859299943438421,2.0244833930795387,0.0878999940395355,false,nan,10.24552297592163,
sage_mppi_tuned,3,tuned_tall_pilot_00,tall,92,"[-0.036903043,-1.5579004,1.1593243,-1.5368222,-1.595944,0.027710945]","[0.49843585,0.1177461,0.6899386]",0.5859299943438421,2.0244833921146577,0.0878999940395355,false,nan,10.255522012710571,
sage_mppi_tuned,3,tuned_tall_pilot_00,tall,93,"[-0.036903044,-1.5579004,1.1593243,-1.5368222,-1.595944,0.027710944]","[0.49843585,0.1177461,0.6899386]",0.5859299943438421,2.0244833915016263,0.0878999940395355,false,nan,10.265522241592407,
sage_mppi_tuned,3,tuned_tall_pilot_00,tall,94,"[-0.036903045,-1.5579004,1.1593243,-1.5368222,-1.595944,0.027710944]","[0.49843585,0.1177461,0.6899386]",0.5859299943438421,2.024483391125737,0.0878999940395355,false,nan,10.275504350662231,
sage_mppi_tuned,3,tuned_tall_pilot_00,tall,95,"[-0.036903045,-1.5579004,1.1593243,-1.5368222,-1.595944,0.027710944]","[0.49843585,0.1177461,0.6899386]",0.5859299943438421,2.024483390896224,0.0878999940395355,false,nan,10.285438299179077,
sage_mppi_tuned,3,tuned_tall_pilot_00,tall,96,"[-0.036903045,-1.5579004,1.1593243,-1.5368222,-1.595944,0.027710944]","[0.49843585,0.1177461,0.6899386]",0.5859299943438421,2.024483390756089,0.0878999940395355,false,nan,10.297794818878174,
sage_mppi_tuned,3,tuned_tall_pilot_00,tall,97,"[-0.036903045,-1.5579004,1.1593243,-1.5368222,-1.595944,0.027710944]","[0.49930981,0.11503191,0.68641704]",0.5821770020361524,2.0244833906704947,0.0878999940395355,false,nan,10.307740688323975,
sage_mppi_tuned,3,tuned_tall_pilot_00,tall,98,"[-0.04094896,-1.5584928,1.1693921,-1.5332684,-1.5994676,0.030851451]","[0.49930981,0.11503191,0.68641704]",0.5821770020361524,2.0189311032466914,0.0878999940395355,false,nan,10.317886590957642,
sage_mppi_tuned,3,tuned_tall_pilot_00,tall,99,"[-0.040948962,-1.5584928,1.1693921,-1.5332684,-1.5994676,0.03085145]","[0.49930981,0.11503191,0.68641704]",0.5821770020361524,2.0189311018726106,0.0878999940395355,false,nan,10.32576584815979,
sage_mppi_tuned,3,tuned_tall_pilot_00,tall,100,"[-0.040948963,-1.5584928,1.1693921,-1.5332684,-1.5994676,0.030851449]","[0.49930981,0.11503191,0.68641704]",0.5821770020361524,2.0189311007368436,0.0878999940395355,false,nan,10.335622787475586,
sage_mppi_tuned,3,tuned_tall_pilot_00,tall,101,"[-0.040948964,-1.5584928,1.1693921,-1.5332684,-1.5994676,0.030851449]","[0.49930981,0.11503191,0.68641704]",0.5821770020361524,2.0189311000164976,0.0878999940395355,false,nan,10.345433473587036,
sage_mppi_tuned,3,tuned_tall_pilot_00,tall,102,"[-0.040948965,-1.5584928,1.1693921,-1.5332684,-1.5994676,0.030851448]","[0.49930981,0.11503191,0.68641704]",0.5821770020361524,2.018931099574854,0.0878999940395355,false,nan,10.355499744415283,
sage_mppi_tuned,3,tuned_tall_pilot_00,tall,103,"[-0.040948965,-1.5584928,1.1693921,-1.5332684,-1.5994676,0.030851448]","[0.49930981,0.11503191,0.68641704]",0.5821770020361524,2.0189310993052305,0.0878999940395355,false,nan,10.36540961265564,
sage_mppi_tuned,3,tuned_tall_pilot_00,tall,104,"[-0.040948965,-1.5584928,1.1693921,-1.5332684,-1.5994676,0.030851448]","[0.49930981,0.11503191,0.68641704]",0.5821770020361524,2.0189310991406515,0.0878999940395355,false,nan,10.375425577163696,
sage_mppi_tuned,3,tuned_tall_pilot_00,tall,105,"[-0.040948965,-1.5584928,1.1693921,-1.5332684,-1.5994676,0.030851448]","[0.50007623,0.11242202,0.68220735]",0.5778794007376874,2.0189310990401657,0.0878999940395355,false,nan,10.385577201843262,
sage_mppi_tuned,3,tuned_tall_pilot_00,tall,106,"[-0.04485104,-1.5598214,1.179941,-1.5296106,-1.6029372,0.034838493]","[0.50007623,0.11242202,0.68220735]",0.5778794007376874,2.013850152481017,0.0878999940395355,false,nan,10.39575481414795,
sage_mppi_tuned,3,tuned_tall_pilot_00,tall,107,"[-0.04485104,-1.5598214,1.179941,-1.5296106,-1.6029371,0.034838493]","[0.50007623,0.11242202,0.68220735]",0.5778794007376874,2.013850152184641,0.0878999940395355,false,nan,10.405469179153442,
sage_mppi_tuned,3,tuned_tall_pilot_00,tall,108,"[-0.044851041,-1.5598214,1.179941,-1.5296106,-1.6029371,0.034838493]","[0.50007623,0.11242202,0.68220735]",0.5778794007376874,2.0138501517138785,0.0878999940395355,false,nan,10.415477752685547,
sage_mppi_tuned,3,tuned_tall_pilot_00,tall,109,"[-0.044851041,-1.5598214,1.179941,-1.5296106,-1.6029371,0.034838492]","[0.50007623,0.11242202,0.68220735]",0.5778794007376874,2.0138501513998377,0.0878999940395355,false,nan,10.42545461654663,
sage_mppi_tuned,3,tuned_tall_pilot_00,tall,110,"[-0.044851041,-1.5598214,1.179941,-1.5296106,-1.6029371,0.034838492]","[0.50007623,0.11242202,0.68220735]",0.5778794007376874,2.013850151206291,0.0878999940395355,false,nan,10.435476541519165,
sage_mppi_tuned,3,tuned_tall_pilot_00,tall,111,"[-0.044851042,-1.5598214,1.179941,-1.5296106,-1.6029371,0.034838492]","[0.50007623,0.11242202,0.68220735]",0.5778794007376874,2.013850151088175,0.0878999940395355,false,nan,10.445446252822876,
sage_mppi_tuned,3,tuned_tall_pilot_00,tall,112,"[-0.044851042,-1.5598214,1.179941,-1.5296106,-1.6029371,0.034838492]","[0.50007623,0.11242202,0.68220735]",0.5778794007376874,2.0138501510161184,0.0878999940395355,false,nan,10.45548391342163,
sage_mppi_tuned,3,tuned_tall_pilot_00,tall,113,"[-0.044851042,-1.5598214,1.179941,-1.5296106,-1.6029371,0.034838492]","[0.50092369,0.11003046,0.67711633]",0.5730030668063183,2.0138501509721336,0.0878999940395355,false,nan,10.46544861793518,
sage_mppi_tuned,3,tuned_tall_pilot_00,tall,114,"[-0.04987241,-1.5607926,1.1900725,-1.525427,-1.60766,0.038568755]","[0.50092369,0.11003046,0.67711633]",0.5730030668063183,2.008189390147035,0.0878999940395355,false,nan,10.475568771362305,
sage_mppi_tuned,3,tuned_tall_pilot_00,tall,115,"[-0.049872411,-1.5607926,1.1900725,-1.525427,-1.60766,0.038568754]","[0.50092369,0.11003046,0.67711633]",0.5730030668063183,2.008189389359427,0.0878999940395355,false,nan,10.485578536987305,
sage_mppi_tuned,3,tuned_tall_pilot_00,tall,116,"[-0.049872412,-1.5607926,1.1900725,-1.525427,-1.60766,0.038568754]","[0.50092369,0.11003046,0.67711633]",0.5730030668063183,2.0081893885862163,0.0878999940395355,false,nan,10.495643138885498,
sage_mppi_tuned,3,tuned_tall_pilot_00,tall,117,"[-0.049872413,-1.5607926,1.1900725,-1.525427,-1.60766,0.038568753]","[0.50092369,0.11003046,0.67711633]",0.5730030668063183,2.0081893880882284,0.0878999940395355,false,nan,10.505664587020874,
sage_mppi_tuned,3,tuned_tall_pilot_00,tall,118,"[-0.049872413,-1.5607926,1.1900725,-1.525427,-1.60766,0.038568753]","[0.50092369,0.11003046,0.67711633]",0.5730030668063183,2.0081893877826738,0.0878999940395355,false,nan,10.5176842212677,
sage_mppi_tuned,3,tuned_tall_pilot_00,tall,119,"[-0.049872413,-1.5607926,1.1900725,-1.525427,-1.60766,0.038568753]","[0.50092369,0.11003046,0.67711633]",0.5730030668063183,2.0081893875962504,0.0878999940395355,false,nan,10.525927782058716,
sage_mppi_tuned,3,tuned_tall_pilot_00,tall,120,"[-0.049872413,-1.5607926,1.1900725,-1.525427,-1.60766,0.038568753]","[0.50092369,0.11003046,0.67711633]",0.5730030668063183,2.0081893874825063,0.0878999940395355,false,nan,10.535718441009521,
sage_mppi_tuned,3,tuned_tall_pilot_00,tall,121,"[-0.049872413,-1.5607926,1.1900725,-1.525427,-1.60766,0.038568753]","[0.50092369,0.11003046,0.67711633]",0.5730030668063183,2.0081893874130707,0.0878999940395355,false,nan,10.545714378356934,
sage_mppi_tuned,3,tuned_tall_pilot_00,tall,122,"[-0.049872413,-1.5607926,1.1900725,-1.525427,-1.60766,0.038568753]","[0.50134981,0.10772921,0.67213869]",0.5681110312875916,2.0081893873706678,0.0878999940395355,false,nan,10.555652856826782,
sage_mppi_tuned,3,tuned_tall_pilot_00,tall,123,"[-0.054396016,-1.5632358,1.2025798,-1.5197733,-1.6107268,0.043745168]","[0.50134981,0.10772921,0.67213869]",0.5681110312875916,2.002864227794122,0.0878999940395355,false,nan,10.565663576126099,
sage_mppi_tuned,3,tuned_tall_pilot_00,tall,124,"[-0.054396015,-1.5632358,1.2025798,-1.5197733,-1.6107268,0.043745168]","[0.50134981,0.10772921,0.67213869]",0.5681110312875916,2.0028642288295364,0.0878999940395355,false,nan,10.575569152832031,
sage_mppi_tuned,3,tuned_tall_pilot_00,tall,125,"[-0.054396015,-1.5632358,1.2025798,-1.5197733,-1.6107268,0.043745169]","[0.50134981,0.10772921,0.67213869]",0.5681110312875916,2.0028642291305343,0.0878999940395355,false,nan,10.585730791091919,
sage_mppi_tuned,3,tuned_tall_pilot_00,tall,126,"[-0.054396014,-1.5632358,1.2025798,-1.5197733,-1.6107268,0.043745169]","[0.50134981,0.10772921,0.67213869]",0.5681110312875916,2.0028642292839067,0.0878999940395355,false,nan,10.595606565475464,
sage_mppi_tuned,3,tuned_tall_pilot_00,tall,127,"[-0.054396014,-1.5632358,1.2025798,-1.5197733,-1.6107268,0.043745169]","[0.50134981,0.10772921,0.67213869]",0.5681110312875916,2.0028642293757466,0.0878999940395355,false,nan,10.6055428981781,
sage_mppi_tuned,3,tuned_tall_pilot_00,tall,128,"[-0.054396014,-1.5632358,1.2025798,-1.5197733,-1.6107268,0.043745169]","[0.50134981,0.10772921,0.67213869]",0.5681110312875916,2.0028642294320913,0.0878999940395355,false,nan,10.615644216537476,
sage_mppi_tuned,3,tuned_tall_pilot_00,tall,129,"[-0.054396014,-1.5632358,1.2025798,-1.5197733,-1.6107268,0.043745169]","[0.50134981,0.10772921,0.67213869]",0.5681110312875916,2.0028642294666894,0.0878999940395355,false,nan,10.62554383277893,
sage_mppi_tuned,3,tuned_tall_pilot_00,tall,130,"[-0.054396014,-1.5632358,1.2025798,-1.5197733,-1.6107268,0.043745169]","[0.50193775,0.10473704,0.66712511]",0.5629611477815024,2.0028642294879058,0.0878999940395355,false,nan,10.635552406311035,
sage_mppi_tuned,3,tuned_tall_pilot_00,tall,131,"[-0.05933526,-1.5666929,1.2141923,-1.5134142,-1.6144617,0.049361385]","[0.50193775,0.10473704,0.66712511]",0.5629611477815024,1.9981161193589165,0.0878999940395355,false,nan,10.645628690719604,
sage_mppi_tuned,3,tuned_tall_pilot_00,tall,132,"[-0.059335257,-1.5666929,1.2141923,-1.5134142,-1.6144617,0.049361386]","[0.50193775,0.10473704,0.66712511]",0.5629611477815024,1.9981161220890198,0.0878999940395355,false,nan,10.655534744262695,
sage_mppi_tuned,3,tuned_tall_pilot_00,tall,133,"[-0.059335255,-1.5666929,1.2141923,-1.5134142,-1.6144617,0.049361388]","[0.50193775,0.10473704,0.66712511]",0.5629611477815024,1.9981161234630431,0.0878999940395355,false,nan,10.665501356124878,
sage_mppi_tuned,3,tuned_tall_pilot_00,tall,134,"[-0.059335254,-1.5666929,1.2141923,-1.5134142,-1.6144617,0.049361388]","[0.50193775,0.10473704,0.66712511]",0.5629611477815024,1.9981161242778116,0.0878999940395355,false,nan,10.675988674163818,
sage_mppi_tuned,3,tuned_tall_pilot_00,tall,135,"[-0.059335254,-1.5666929,1.2141923,-1.5134142,-1.6144617,0.049361389]","[0.50193775,0.10473704,0.66712511]",0.5629611477815024,1.9981161247757961,0.0878999940395355,false,nan,10.685665369033813,
sage_mppi_tuned,3,tuned_tall_pilot_00,tall,136,"[-0.059335254,-1.5666929,1.2141923,-1.5134142,-1.6144617,0.049361389]","[0.50193775,0.10473704,0.66712511]",0.5629611477815024,1.9981161250813868,0.0878999940395355,false,nan,10.695544719696045,
sage_mppi_tuned,3,tuned_tall_pilot_00,tall,137,"[-0.059335253,-1.5666929,1.2141923,-1.5134142,-1.6144617,0.049361389]","[0.50193775,0.10473704,0.66712511]",0.5629611477815024,1.9981161252689168,0.0878999940395355,false,nan,10.705662250518799,
sage_mppi_tuned,3,tuned_tall_pilot_00,tall,138,"[-0.059335253,-1.5666929,1.2141923,-1.5134142,-1.6144617,0.049361389]","[0.50193775,0.10473704,0.66712511]",0.5629611477815024,1.9981161253839574,0.0878999940395355,false,nan,10.715540885925293,
sage_mppi_tuned,3,tuned_tall_pilot_00,tall,139,"[-0.059335253,-1.5666929,1.2141923,-1.5134142,-1.6144617,0.049361389]","[0.50176322,0.10219475,0.66148216]",0.5572130512021445,1.998116125454514,0.0878999940395355,false,nan,10.725439548492432,
sage_mppi_tuned,3,tuned_tall_pilot_00,tall,140,"[-0.064398826,-1.5698962,1.226638,-1.5077304,-1.6188248,0.0552018]","[0.50176322,0.10219475,0.66148216]",0.5572130512021445,1.9930783175174591,0.0878999940395355,false,nan,10.735459804534912,
sage_mppi_tuned,3,tuned_tall_pilot_00,tall,141,"[-0.064398824,-1.5698962,1.226638,-1.5077304,-1.6188248,0.055201801]","[0.50176322,0.10219475,0.66148216]",0.5572130512021445,1.993078319664101,0.0878999940395355,false,nan,10.74539828300476,
sage_mppi_tuned,3,tuned_tall_pilot_00,tall,142,"[-0.064398823,-1.5698962,1.226638,-1.5077304,-1.6188248,0.055201802]","[0.50176322,0.10219475,0.66148216]",0.5572130512021445,1.9930783206768756,0.0878999940395355,false,nan,10.755616664886475,
sage_mppi_tuned,3,tuned_tall_pilot_00,tall,143,"[-0.064398822,-1.5698962,1.226638,-1.5077304,-1.6188248,0.055201802]","[0.50176322,0.10219475,0.66148216]",0.5572130512021445,1.9930783212711876,0.0878999940395355,false,nan,10.765524864196777,
sage_mppi_tuned,3,tuned_tall_pilot_00,tall,144,"[-0.064398822,-1.5698962,1.226638,-1.5077304,-1.6188248,0.055201802]","[0.50176322,0.10219475,0.66148216]",0.5572130512021445,1.993078321634761,0.0878999940395355,false,nan,10.775577306747437,
sage_mppi_tuned,3,tuned_tall_pilot_00,tall,145,"[-0.064398821,-1.5698962,1.2266379,-1.5077304,-1.6188248,0.055201803]","[0.50176322,0.10219475,0.66148216]",0.5572130512021445,1.9930783218583954,0.0878999940395355,false,nan,10.78554630279541,
sage_mppi_tuned,3,tuned_tall_pilot_00,tall,146,"[-0.064398821,-1.5698962,1.2266379,-1.5077304,-1.6188248,0.055201803]","[0.50176322,0.10219475,0.66148216]",0.5572130512021445,1.9930783219959554,0.0878999940395355,false,nan,10.79549789428711,
sage_mppi_tuned,3,tuned_tall_pilot_00,tall,147,"[-0.064398821,-1.5698962,1.2266379,-1.5077304,-1.6188248,0.055201803]","[0.50093687,0.099421546,0.65669662]",0.5518069692209959,1.9930783220805306,0.0878999940395355,false,nan,10.805644512176514,
sage_mppi_tuned,3,tuned_tall_pilot_00,tall,148,"[-0.06890507,-1.5723515,1.2403463,-1.501765,-1.6220079,0.06035842]","[0.50093687,0.099421546,0.65669662]",0.5518069692209959,1.9874366344866796,0.0878999940395355,false,nan,10.815627336502075,
sage_mppi_tuned,3,tuned_tall_pilot_00,tall,149,"[-0.068905069,-1.5723515,1.2403463,-1.501765,-1.6220079,0.06035842]","[0.50093687,0.099421546,0.65669662]",0.5518069692209959,1.987436635292795,0.0878999940395355,false,nan,10.825475692749023,
sage_mppi_tuned,3,tuned_tall_pilot_00,tall,150,"[-0.068905069,-1.5723515,1.2403463,-1.501765,-1.6220079,0.06035842]","[0.50093687,0.099421546,0.65669662]",0.5518069692209959,1.9874366354466997,0.0878999940395355,false,nan,10.835785627365112,
sage_mppi_tuned,3,tuned_tall_pilot_00,tall,151,"[-0.068905068,-1.5723515,1.2403463,-1.501765,-1.6220079,0.06035842]","[0.50093687,0.099421546,0.65669662]",0.5518069692209959,1.9874366355098632,0.0878999940395355,false,nan,10.845642566680908,
sage_mppi_tuned,3,tuned_tall_pilot_00,tall,152,"[-0.068905068,-1.5723515,1.2403463,-1.501765,-1.6220079,0.06035842]","[0.50093687,0.099421546,0.65669662]",0.5518069692209959,1.9874366355466642,0.0878999940395355,false,nan,10.855602741241455,
sage_mppi_tuned,3,tuned_tall_pilot_00,tall,153,"[-0.068905068,-1.5723515,1.2403463,-1.501765,-1.6220079,0.06035842]","[0.50093687,0.099421546,0.65669662]",0.5518069692209959,1.9874366355694573,0.0878999940395355,false,nan,10.865610599517822,
sage_mppi_tuned,3,tuned_tall_pilot_00,tall,154,"[-0.068905068,-1.5723515,1.2403463,-1.501765,-1.6220079,0.06035842]","[0.50093687,0.099421546,0.65669662]",0.5518069692209959,1.9874366355836113,0.0878999940395355,false,nan,10.875524520874023,
sage_mppi_tuned,3,tuned_tall_pilot_00,tall,155,"[-0.068905068,-1.5723515,1.2403463,-1.501765,-1.6220079,0.06035842]","[0.50027514,0.096523508,0.65146321]",0.5460544911062896,1.9874366355923687,0.0878999940395355,false,nan,10.885716438293457,
sage_mppi_tuned,3,tuned_tall_pilot_00,tall,156,"[-0.073053615,-1.5736377,1.2549174,-1.4950235,-1.6257642,0.066319759]","[0.50027514,0.096523508,0.65146321]",0.5460544911062896,1.9820821879343709,0.0878999940395355,false,nan,10.895670413970947,
sage_mppi_tuned,3,tuned_tall_pilot_00,tall,157,"[-0.073053616,-1.5736377,1.2549174,-1.4950235,-1.6257642,0.066319758]","[0.50027514,0.096523508,0.65146321]",0.5460544911062896,1.982082186905982,0.0878999940395355,false,nan,10.90571904182434,
sage_mppi_tuned,3,tuned_tall_pilot_00,tall,158,"[-0.073053617,-1.5736377,1.2549174,-1.4950235,-1.6257642,0.066319757]","[0.50027514,0.096523508,0.65146321]",0.5460544911062896,1.9820821858937028,0.0878999940395355,false,nan,10.915864706039429,
sage_mppi_tuned,3,tuned_tall_pilot_00,tall,159,"[-0.073053618,-1.5736377,1.2549174,-1.4950235,-1.6257642,0.066319756]","[0.50027514,0.096523508,0.65146321]",0.5460544911062896,1.98208218523621,0.0878999940395355,false,nan,10.925763607025146,
sage_mppi_tuned,3,tuned_tall_pilot_00,tall,160,"[-0.073053618,-1.5736377,1.2549174,-1.4950235,-1.6257642,0.066319756]","[0.50027514,0.096523508,0.65146321]",0.5460544911062896,1.98208218482943,0.0878999940395355,false,nan,10.935745239257812,
sage_mppi_tuned,3,tuned_tall_pilot_00,tall,161,"[-0.073053619,-1.5736377,1.2549174,-1.4950235,-1.6257642,0.066319756]","[0.50027514,0.096523508,0.65146321]",0.5460544911062896,1.9820821845793763,0.0878999940395355,false,nan,10.945777416229248,
sage_mppi_tuned,3,tuned_tall_pilot_00,tall,162,"[-0.073053619,-1.5736377,1.2549174,-1.4950235,-1.6257642,0.066319756]","[0.50027514,0.096523508,0.65146321]",0.5460544911062896,1.9820821844257286,0.0878999940395355,false,nan,10.955678224563599,
sage_mppi_tuned,3,tuned_tall_pilot_00,tall,163,"[-0.073053619,-1.5736377,1.2549174,-1.4950235,-1.6257642,0.066319756]","[0.50027514,0.096523508,0.65146321]",0.5460544911062896,1.9820821843312992,0.0878999940395355,false,nan,10.965532779693604,
sage_mppi_tuned,3,tuned_tall_pilot_00,tall,164,"[-0.073053619,-1.5736377,1.2549174,-1.4950235,-1.6257642,0.066319756]","[0.49990976,0.094005644,0.64520043]",0.5397644985262198,1.9820821842732506,0.0878999940395355,false,nan,10.975533246994019,
sage_mppi_tuned,3,tuned_tall_pilot_00,tall,165,"[-0.077335074,-1.5752069,1.2699545,-1.4871663,-1.6293028,0.072690202]","[0.49990976,0.094005644,0.64520043]",0.5397644985262198,1.976921555764232,0.0878999940395355,false,nan,10.985671520233154,
sage_mppi_tuned,3,tuned_tall_pilot_00,tall,166,"[-0.077335075,-1.5752069,1.2699545,-1.4871663,-1.6293028,0.072690201]","[0.49990976,0.094005644,0.64520043]",0.5397644985262198,1.9769215550899801,0.0878999940395355,false,nan,10.99570608139038,
sage_mppi_tuned,3,tuned_tall_pilot_00,tall,167,"[-0.077335076,-1.5752069,1.2699545,-1.4871663,-1.6293028,0.072690201]","[0.49990976,0.094005644,0.64520043]",0.5397644985262198,1.9769215542890568,0.0878999940395355,false,nan,11.005759239196777,
sage_mppi_tuned,3,tuned_tall_pilot_00,tall,168,"[-0.077335077,-1.5752069,1.2699545,-1.4871663,-1.6293028,0.0726902]","[0.49990976,0.094005644,0.64520043]",0.5397644985262198,1.9769215537608864,0.0878999940395355,false,nan,11.01576042175293,
sage_mppi_tuned,3,tuned_tall_pilot_00,tall,169,"[-0.077335077,-1.5752069,1.2699545,-1.4871663,-1.6293028,0.0726902]","[0.49990976,0.094005644,0.64520043]",0.5397644985262198,1.9769215534335887,0.0878999940395355,false,nan,11.028177261352539,
sage_mppi_tuned,3,tuned_tall_pilot_00,tall,170,"[-0.077335077,-1.5752069,1.2699545,-1.4871663,-1.6293028,0.0726902]","[0.49990976,0.094005644,0.64520043]",0.5397644985262198,1.9769215532324156,0.0878999940395355,false,nan,11.035858154296875,
sage_mppi_tuned,3,tuned_tall_pilot_00,tall,171,"[-0.077335077,-1.5752069,1.2699545,-1.4871663,-1.6293028,0.0726902]","[0.49990976,0.094005644,0.64520043]",0.5397644985262198,1.9769215531088327,0.0878999940395355,false,nan,11.04584288597107,
sage_mppi_tuned,3,tuned_tall_pilot_00,tall,172,"[-0.077335077,-1.5752069,1.2699545,-1.4871663,-1.6293028,0.0726902]","[0.49995413,0.091581307,0.63785005]",0.5328222209412341,1.9769215530328905,0.0878999940395355,false,nan,11.05601167678833,
sage_mppi_tuned,3,tuned_tall_pilot_00,tall,173,"[-0.081951768,-1.5765269,1.2847482,-1.4790717,-1.6327949,0.078985521]","[0.49995413,0.091581307,0.63785005]",0.5328222209412341,1.971884112986175,0.0878999940395355,false,nan,11.066173315048218,
sage_mppi_tuned,3,tuned_tall_pilot_00,tall,174,"[-0.08195177,-1.5765269,1.2847482,-1.4790717,-1.6327949,0.07898552]","[0.49995413,0.091581307,0.63785005]",0.5328222209412341,1.9718841120212924,0.0878999940395355,false,nan,11.075937509536743,
sage_mppi_tuned,3,tuned_tall_pilot_00,tall,175,"[-0.081951771,-1.5765269,1.2847482,-1.4790717,-1.6327949,0.078985519]","[0.49995413,0.091581307,0.63785005]",0.5328222209412341,1.971884111053426,0.0878999940395355,false,nan,11.08620834350586,
sage_mppi_tuned,3,tuned_tall_pilot_00,tall,176,"[-0.081951771,-1.5765269,1.2847482,-1.4790717,-1.6327949,0.078985518]","[0.49995413,0.091581307,0.63785005]",0.5328222209412341,1.971884110424306,0.0878999940395355,false,nan,11.09611988067627,
sage_mppi_tuned,3,tuned_tall_pilot_00,tall,177,"[-0.081951772,-1.5765269,1.2847482,-1.4790717,-1.6327949,0.078985518]","[0.49995413,0.091581307,0.63785005]",0.5328222209412341,1.9718841100352484,0.0878999940395355,false,nan,11.106212377548218,
sage_mppi_tuned,3,tuned_tall_pilot_00,tall,178,"[-0.081951772,-1.5765269,1.2847482,-1.4790717,-1.6327949,0.078985518]","[0.49995413,0.091581307,0.63785005]",0.5328222209412341,1.9718841097961954,0.0878999940395355,false,nan,11.116227626800537,
sage_mppi_tuned,3,tuned_tall_pilot_00,tall,179,"[-0.081951772,-1.5765269,1.2847482,-1.4790717,-1.6327949,0.078985518]","[0.49995413,0.091581307,0.63785005]",0.5328222209412341,1.9718841096493631,0.0878999940395355,false,nan,11.12627100944519,
sage_mppi_tuned,3,tuned_tall_pilot_00,tall,180,"[-0.081951772,-1.5765269,1.2847482,-1.4790717,-1.6327949,0.078985518]","[0.49969202,0.089137368,0.63028288]",0.5255940173215955,1.9718841095591484,0.0878999940395355,false,nan,11.136221170425415,
sage_mppi_tuned,3,tuned_tall_pilot_00,tall,181,"[-0.086841165,-1.5780403,1.2992174,-1.4707457,-1.6372139,0.08611939]","[0.49969202,0.089137368,0.63028288]",0.5255940173215955,1.967537578017803,0.0878999940395355,false,nan,11.146358251571655,
sage_mppi_tuned,3,tuned_tall_pilot_00,tall,182,"[-0.086841166,-1.5780403,1.2992174,-1.4707457,-1.6372139,0.08611939]","[0.49969202,0.089137368,0.63028288]",0.5255940173215955,1.9675375774280688,0.0878999940395355,false,nan,11.156641960144043,
sage_mppi_tuned,3,tuned_tall_pilot_00,tall,183,"[-0.086841167,-1.5780403,1.2992174,-1.4707457,-1.6372139,0.086119389]","[0.49969202,0.089137368,0.63028288]",0.5255940173215955,1.9675375767108603,0.0878999940395355,false,nan,11.166270017623901,
sage_mppi_tuned,3,tuned_tall_pilot_00,tall,184,"[-0.086841167,-1.5780403,1.2992174,-1.4707457,-1.6372139,0.086119389]","[0.49969202,0.089137368,0.63028288]",0.5255940173215955,1.9675375762380205,0.0878999940395355,false,nan,11.176240682601929,
sage_mppi_tuned,3,tuned_tall_pilot_00,tall,185,"[-0.086841167,-1.5780403,1.2992174,-1.4707457,-1.6372139,0.086119388]","[0.49969202,0.089137368,0.63028288]",0.5255940173215955,1.9675375759453073,0.0878999940395355,false,nan,11.186307430267334,
sage_mppi_tuned,3,tuned_tall_pilot_00,tall,186,"[-0.086841168,-1.5780403,1.2992174,-1.4707457,-1.6372139,0.086119388]","[0.49969202,0.089137368,0.63028288]",0.5255940173215955,1.9675375757655291,0.0878999940395355,false,nan,11.1963369846344,
sage_mppi_tuned,3,tuned_tall_pilot_00,tall,187,"[-0.086841168,-1.5780403,1.2992174,-1.4707457,-1.6372139,0.086119388]","[0.49969202,0.089137368,0.63028288]",0.5255940173215955,1.9675375756551468,0.0878999940395355,false,nan,11.206467390060425,
sage_mppi_tuned,3,tuned_tall_pilot_00,tall,188,"[-0.086841168,-1.5780403,1.2992174,-1.4707457,-1.6372139,0.086119388]","[0.49941406,0.086537331,0.62269849]",0.5182980240272829,1.9675375755873405,0.0878999940395355,false,nan,11.216379880905151,
sage_mppi_tuned,3,tuned_tall_pilot_00,tall,189,"[-0.091110016,-1.5798041,1.3143227,-1.4620405,-1.6425764,0.094171277]","[0.49941406,0.086537331,0.62269849]",0.5182980240272829,1.9637926405391208,0.0878999940395355,false,nan,11.226431846618652,
sage_mppi_tuned,3,tuned_tall_pilot_00,tall,190,"[-0.091110016,-1.5798041,1.3143227,-1.4620405,-1.6425764,0.094171277]","[0.49941406,0.086537331,0.62269849]",0.5182980240272829,1.9637926403103,0.0878999940395355,false,nan,11.23634123802185,
sage_mppi_tuned,3,tuned_tall_pilot_00,tall,191,"[-0.091110017,-1.5798041,1.3143227,-1.4620405,-1.6425764,0.094171276]","[0.49941406,0.086537331,0.62269849]",0.5182980240272829,1.9637926398194758,0.0878999940395355,false,nan,11.246728897094727,
sage_mppi_tuned,3,tuned_tall_pilot_00,tall,192,"[-0.091110017,-1.5798041,1.3143227,-1.4620405,-1.6425764,0.094171276]","[0.49941406,0.086537331,0.62269849]",0.5182980240272829,1.9637926394857188,0.0878999940395355,false,nan,11.256705284118652,
sage_mppi_tuned,3,tuned_tall_pilot_00,tall,193,"[-0.091110017,-1.5798041,1.3143227,-1.4620405,-1.6425764,0.094171276]","[0.49941406,0.086537331,0.62269849]",0.5182980240272829,1.9637926392783267,0.0878999940395355,false,nan,11.266381740570068,
sage_mppi_tuned,3,tuned_tall_pilot_00,tall,194,"[-0.091110017,-1.5798041,1.3143227,-1.4620405,-1.6425764,0.094171276]","[0.49941406,0.086537331,0.62269849]",0.5182980240272829,1.9637926391509188,0.0878999940395355,false,nan,11.276667356491089,
sage_mppi_tuned,3,tuned_tall_pilot_00,tall,195,"[-0.091110018,-1.5798041,1.3143227,-1.4620405,-1.6425764,0.094171276]","[0.49941406,0.086537331,0.62269849]",0.5182980240272829,1.9637926390726972,0.0878999940395355,false,nan,11.286967754364014,
sage_mppi_tuned,3,tuned_tall_pilot_00,tall,196,"[-0.091110018,-1.5798041,1.3143227,-1.4620405,-1.6425764,0.094171276]","[0.49941406,0.086537331,0.62269849]",0.5182980240272829,1.963792639024647,0.0878999940395355,false,nan,11.296924829483032,
sage_mppi_tuned,3,tuned_tall_pilot_00,tall,197,"[-0.091110018,-1.5798041,1.3143227,-1.4620405,-1.6425764,0.094171276]","[0.49890012,0.083734639,0.61536402]",0.5110319831229247,1.9637926389951186,0.0878999940395355,false,nan,11.306328773498535,
sage_mppi_tuned,3,tuned_tall_pilot_00,tall,198,"[-0.094979802,-1.5819747,1.3302966,-1.4535864,-1.6474271,0.10308819]","[0.49890012,0.083734639,0.61536402]",0.5110319831229247,1.9607652998854048,0.0878999940395355,false,nan,11.316558837890625,
sage_mppi_tuned,3,tuned_tall_pilot_00,tall,199,"[-0.094979802,-1.5819747,1.3302966,-1.4535864,-1.6474271,0.10308819]","[0.49890012,0.083734639,0.61536402]",0.5110319831229247,1.9607653001575716,0.0878999940395355,false,nan,11.326511144638062,
sage_mppi_tuned,3,tuned_tall_pilot_00,tall,200,"[-0.094979802,-1.5819747,1.3302966,-1.4535864,-1.6474271,0.10308819]","[0.49890012,0.083734639,0.61536402]",0.5110319831229247,1.9607652999854723,0.0878999940395355,false,nan,11.336518287658691,
sage_mppi_tuned,3,tuned_tall_pilot_00,tall,201,"[-0.094979802,-1.5819747,1.3302966,-1.4535864,-1.6474271,0.10308819]","[0.49890012,0.083734639,0.61536402]",0.5110319831229247,1.9607652998484137,0.0878999940395355,false,nan,11.346652269363403,
sage_mppi_tuned,3,tuned_tall_pilot_00,tall,202,"[-0.094979802,-1.5819747,1.3302966,-1.4535864,-1.6474271,0.10308819]","[0.49890012,0.083734639,0.61536402]",0.5110319831229247,1.9607652997619278,0.0878999940395355,false,nan,11.356613159179688,
sage_mppi_tuned,3,tuned_tall_pilot_00,tall,203,"[-0.094979802,-1.5819747,1.3302966,-1.4535864,-1.6474271,0.10308819]","[0.49890012,0.083734639,0.61536402]",0.5110319831229247,1.9607652997088172,0.0878999940395355,false,nan,11.366436958312988,
sage_mppi_tuned,3,tuned_tall_pilot_00,tall,204,"[-0.094979802,-1.5819747,1.3302966,-1.4535864,-1.6474271,0.10308819]","[0.49890012,0.083734639,0.61536402]",0.5110319831229247,1.9607652996762521,0.0878999940395355,false,nan,11.376494884490967,
sage_mppi_tuned,3,tuned_tall_pilot_00,tall,205,"[-0.094979802,-1.5819747,1.3302966,-1.4535864,-1.6474271,0.10308819]","[0.49806714,0.081177458,0.60782146]",0.5035921299401581,1.9607652996562632,0.0878999940395355,false,nan,11.386459350585938,
sage_mppi_tuned,3,tuned_tall_pilot_00,tall,206,"[-0.09846618,-1.5845538,1.3461,-1.4443061,-1.6521518,0.11209899]","[0.49806714,0.081177458,0.60782146]",0.5035921299401581,1.9582586297285494,0.0878999940395355,false,nan,11.396456718444824,
sage_mppi_tuned,3,tuned_tall_pilot_00,tall,207,"[-0.098466178,-1.5845538,1.3461,-1.4443061,-1.6521518,0.11209899]","[0.49806714,0.081177458,0.60782146]",0.5035921299401581,1.9582586306715772,0.0878999940395355,false,nan,11.406326532363892,
sage_mppi_tuned,3,tuned_tall_pilot_00,tall,208,"[-0.098466178,-1.5845538,1.3461,-1.4443061,-1.6521518,0.11209899]","[0.49806714,0.081177458,0.60782146]",0.5035921299401581,1.9582586309249543,0.0878999940395355,false,nan,11.416531562805176,
sage_mppi_tuned,3,tuned_tall_pilot_00,tall,209,"[-0.098466178,-1.5845538,1.3461,-1.4443061,-1.6521518,0.11209899]","[0.49806714,0.081177458,0.60782146]",0.5035921299401581,1.9582586310506158,0.0878999940395355,false,nan,11.426451921463013,
sage_mppi_tuned,3,tuned_tall_pilot_00,tall,210,"[-0.098466178,-1.5845538,1.3461,-1.4443061,-1.6521518,0.11209899]","[0.49806714,0.081177458,0.60782146]",0.5035921299401581,1.9582586311258265,0.0878999940395355,false,nan,11.436393976211548,
sage_mppi_tuned,3,tuned_tall_pilot_00,tall,211,"[-0.098466178,-1.5845538,1.3461,-1.4443061,-1.6521518,0.11209899]","[0.49806714,0.081177458,0.60782146]",0.5035921299401581,1.9582586311722128,0.0878999940395355,false,nan,11.446452140808105,
sage_mppi_tuned,3,tuned_tall_pilot_00,tall,212,"[-0.098466178,-1.5845538,1.3461,-1.4443061,-1.6521518,0.11209899]","[0.49806714,0.081177458,0.60782146]",0.5035921299401581,1.958258631200878,0.0878999940395355,false,nan,11.4565908908844,
sage_mppi_tuned,3,tuned_tall_pilot_00,tall,213,"[-0.098466178,-1.5845538,1.3461,-1.4443061,-1.6521518,0.11209899]","[0.49692956,0.078903407,0.60009766]",0.496021958622394,1.958258631218568,0.0878999940395355,false,nan,11.466405868530273,
sage_mppi_tuned,3,tuned_tall_pilot_00,tall,214,"[-0.10264168,-1.5868013,1.3615171,-1.43623,-1.6568866,0.12079059]","[0.49692956,0.078903407,0.60009766]",0.496021958622394,1.9556832789855942,0.0878999940395355,false,nan,11.476330280303955,
sage_mppi_tuned,3,tuned_tall_pilot_00,tall,215,"[-0.10264168,-1.5868013,1.3615171,-1.43623,-1.6568866,0.12079059]","[0.49692956,0.078903407,0.60009766]",0.496021958622394,1.9556832795072774,0.0878999940395355,false,nan,11.486371755599976,
sage_mppi_tuned,3,tuned_tall_pilot_00,tall,216,"[-0.10264168,-1.5868013,1.3615171,-1.43623,-1.6568866,0.12079059]","[0.49692956,0.078903407,0.60009766]",0.496021958622394,1.9556832795319894,0.0878999940395355,false,nan,11.496389389038086,
sage_mppi_tuned,3,tuned_tall_pilot_00,tall,217,"[-0.10264168,-1.5868013,1.3615171,-1.43623,-1.6568866,0.12079059]","[0.49692956,0.078903407,0.60009766]",0.496021958622394,1.955683279520707,0.0878999940395355,false,nan,11.506433248519897,
sage_mppi_tuned,3,tuned_tall_pilot_00,tall,218,"[-0.10264168,-1.5868013,1.3615171,-1.43623,-1.6568866,0.12079059]","[0.49692956,0.078903407,0.60009766]",0.496021958622394,1.955683279512124,0.0878999940395355,false,nan,11.516364812850952,
sage_mppi_tuned,3,tuned_tall_pilot_00,tall,219,"[-0.10264168,-1.5868013,1.3615171,-1.43623,-1.6568866,0.12079059]","[0.49692956,0.078903407,0.60009766]",0.496021958622394,1.9556832795070054,0.0878999940395355,false,nan,11.526682376861572,
sage_mppi_tuned,3,tuned_tall_pilot_00,tall,220,"[-0.10264168,-1.5868013,1.3615171,-1.43623,-1.6568866,0.12079059]","[0.49692956,0.078903407,0.60009766]",0.496021958622394,1.9556832795039791,0.0878999940395355,false,nan,11.538891315460205,
sage_mppi_tuned,3,tuned_tall_pilot_00,tall,221,"[-0.10264168,-1.5868013,1.3615171,-1.43623,-1.6568866,0.12079059]","[0.49692956,0.078903407,0.60009766]",0.496021958622394,1.9556832795021626,0.0878999940395355,false,nan,11.546909093856812,
sage_mppi_tuned,3,tuned_tall_pilot_00,tall,222,"[-0.10264168,-1.5868013,1.3615171,-1.43623,-1.6568866,0.12079059]","[0.49538022,0.076878965,0.59258807]",0.48856919140113964,1.955683279501059,0.0878999940395355,false,nan,11.556374788284302,
sage_mppi_tuned,3,tuned_tall_pilot_00,tall,223,"[-0.10764005,-1.5896553,1.3774266,-1.4274928,-1.6621885,0.1301736]","[0.49538022,0.076878965,0.59258807]",0.48856919140113964,1.9532751983243204,0.08385611245504843,false,nan,11.566385746002197,
sage_mppi_tuned,3,tuned_tall_pilot_00,tall,224,"[-0.10764004,-1.5896552,1.3774266,-1.4274928,-1.6621885,0.1301736]","[0.49538022,0.076878965,0.59258807]",0.48856919140113964,1.9532751995604036,0.08385611245504843,false,nan,11.576472997665405,
sage_mppi_tuned,3,tuned_tall_pilot_00,tall,225,"[-0.10764004,-1.5896552,1.3774266,-1.4274928,-1.6621885,0.1301736]","[0.49538022,0.076878965,0.59258807]",0.48856919140113964,1.953275200031837,0.08385611245504843,false,nan,11.58648681640625,
sage_mppi_tuned,3,tuned_tall_pilot_00,tall,226,"[-0.10764004,-1.5896552,1.3774266,-1.4274928,-1.6621885,0.1301736]","[0.49538022,0.076878965,0.59258807]",0.48856919140113964,1.9532752002973208,0.08385611245504843,false,nan,11.596442461013794,
sage_mppi_tuned,3,tuned_tall_pilot_00,tall,227,"[-0.10764004,-1.5896552,1.3774266,-1.4274928,-1.6621885,0.1301736]","[0.49538022,0.076878965,0.59258807]",0.48856919140113964,1.9532752004597582,0.08385611245504843,false,nan,11.606446027755737,
sage_mppi_tuned,3,tuned_tall_pilot_00,tall,228,"[-0.10764004,-1.5896552,1.3774266,-1.4274928,-1.6621885,0.1301736]","[0.49538022,0.076878965,0.59258807]",0.48856919140113964,1.9532752005602245,0.08385611245504843,false,nan,11.616447448730469,
sage_mppi_tuned,3,tuned_tall_pilot_00,tall,229,"[-0.10764004,-1.5896552,1.3774266,-1.4274928,-1.6621885,0.1301736]","[0.49538022,0.076878965,0.59258807]",0.48856919140113964,1.9532752006223533,0.08385611245504843,false,nan,11.626465082168579,
sage_mppi_tuned,3,tuned_tall_pilot_00,tall,230,"[-0.10764004,-1.5896552,1.3774266,-1.4274928,-1.6621885,0.1301736]","[0.49400178,0.074512027,0.58526564]",0.4811981462113409,1.953275200660733,0.08385611245504843,false,nan,11.636426448822021,
sage_mppi_tuned,3,tuned_tall_pilot_00,tall,231,"[-0.11269681,-1.5928893,1.3943272,-1.4203169,-1.667522,0.13783267]","[0.49400178,0.074512027,0.58526564]",0.4811981462113409,1.9492423895302282,0.07968152468615819,false,nan,11.646465539932251,
sage_mppi_tuned,3,tuned_tall_pilot_00,tall,232,"[-0.11269681,-1.5928893,1.3943272,-1.4203169,-1.667522,0.13783267]","[0.49400178,0.074512027,0.58526564]",0.4811981462113409,1.94924239111687,0.07968152468615819,false,nan,11.656601905822754,
sage_mppi_tuned,3,tuned_tall_pilot_00,tall,233,"[-0.11269681,-1.5928893,1.3943272,-1.4203169,-1.667522,0.13783267]","[0.49400178,0.074512027,0.58526564]",0.4811981462113409,1.949242391832038,0.07968152468615819,false,nan,11.66658639907837,
sage_mppi_tuned,3,tuned_tall_pilot_00,tall,234,"[-0.11269681,-1.5928893,1.3943272,-1.4203169,-1.667522,0.13783267]","[0.49400178,0.074512027,0.58526564]",0.4811981462113409,1.9492423922513626,0.07968152468615819,false,nan,11.676926851272583,
sage_mppi_tuned,3,tuned_tall_pilot_00,tall,235,"[-0.11269681,-1.5928893,1.3943272,-1.4203169,-1.667522,0.13783267]","[0.49400178,0.074512027,0.58526564]",0.4811981462113409,1.9492423925093785,0.07968152468615819,false,nan,11.687785863876343,
sage_mppi_tuned,3,tuned_tall_pilot_00,tall,236,"[-0.11269681,-1.5928893,1.3943272,-1.4203169,-1.667522,0.13783267]","[0.49400178,0.074512027,0.58526564]",0.4811981462113409,1.9492423926690596,0.07968152461930167,false,nan,11.696601152420044,
sage_mppi_tuned,3,tuned_tall_pilot_00,tall,237,"[-0.11269681,-1.5928893,1.3943272,-1.4203169,-1.667522,0.13783267]","[0.49400178,0.074512027,0.58526564]",0.4811981462113409,1.9492423927678557,0.07968152461930167,false,nan,11.70637822151184,
sage_mppi_tuned,3,tuned_tall_pilot_00,tall,238,"[-0.11269681,-1.5928893,1.3943272,-1.4203169,-1.667522,0.13783267]","[0.49400178,0.074512027,0.58526564]",0.4811981462113409,1.9492423928289364,0.07968152461930167,false,nan,11.716327667236328,
sage_mppi_tuned,3,tuned_tall_pilot_00,tall,239,"[-0.11269681,-1.5928893,1.3943272,-1.4203169,-1.667522,0.13783267]","[0.49223652,0.071743183,0.57795459]",0.47349741087557445,1.9492423928666813,0.07968152461930167,false,nan,11.72651195526123,
sage_mppi_tuned,3,tuned_tall_pilot_00,tall,240,"[-0.11796319,-1.5970549,1.410755,-1.4136676,-1.673061,0.14566053]","[0.49223652,0.071743183,0.57795459]",0.47349741087557445,1.945675667139711,0.07645304667198055,false,nan,11.736620903015137,
sage_mppi_tuned,3,tuned_tall_pilot_00,tall,241,"[-0.11796318,-1.5970549,1.410755,-1.4136676,-1.673061,0.14566053]","[0.49223652,0.071743183,0.57795459]",0.47349741087557445,1.945675669960156,0.07645300777384131,false,nan,11.74656057357788,
sage_mppi_tuned,3,tuned_tall_pilot_00,tall,242,"[-0.11796318,-1.5970549,1.410755,-1.4136676,-1.673061,0.14566053]","[0.49223652,0.071743183,0.57795459]",0.47349741087557445,1.9456756714794587,0.07645300777384131,false,nan,11.756635665893555,
sage_mppi_tuned,3,tuned_tall_pilot_00,tall,243,"[-0.11796318,-1.5970549,1.410755,-1.4136676,-1.673061,0.14566053]","[0.49223652,0.071743183,0.57795459]",0.47349741087557445,1.9456756724016262,0.07645300777384131,false,nan,11.766656160354614,
sage_mppi_tuned,3,tuned_tall_pilot_00,tall,244,"[-0.11796318,-1.5970549,1.410755,-1.4136676,-1.673061,0.14566053]","[0.49223652,0.071743183,0.57795459]",0.47349741087557445,1.9456756729719804,0.07645300777384131,false,nan,11.776668787002563,
sage_mppi_tuned,3,tuned_tall_pilot_00,tall,245,"[-0.11796318,-1.5970549,1.410755,-1.4136676,-1.673061,0.14566053]","[0.49223652,0.071743183,0.57795459]",0.47349741087557445,1.9456756733254377,0.07645300777384131,false,nan,11.78654170036316,
sage_mppi_tuned,3,tuned_tall_pilot_00,tall,246,"[-0.11796318,-1.5970549,1.410755,-1.4136676,-1.673061,0.14566053]","[0.49223652,0.071743183,0.57795459]",0.47349741087557445,1.945675673544416,0.07645300777384131,false,nan,11.796541929244995,
sage_mppi_tuned,3,tuned_tall_pilot_00,tall,247,"[-0.11796318,-1.5970549,1.410755,-1.4136676,-1.673061,0.14566053]","[0.49032211,0.068977922,0.57053369]",0.4656575149357474,1.945675673680029,0.07645300777384131,false,nan,11.80659031867981,
sage_mppi_tuned,3,tuned_tall_pilot_00,tall,248,"[-0.12535549,-1.602066,1.4272423,-1.4062776,-1.6785266,0.15428928]","[0.49032211,0.068977922,0.57053369]",0.4656575149357474,1.9423124223279353,0.07446623433152286,false,nan,11.816405057907104,
sage_mppi_tuned,3,tuned_tall_pilot_00,tall,249,"[-0.12535548,-1.602066,1.4272423,-1.4062776,-1.6785266,0.15428928]","[0.49032211,0.068977922,0.57053369]",0.4656575149357474,1.9423124260088767,0.07446620359673892,false,nan,11.82819128036499,
sage_mppi_tuned,3,tuned_tall_pilot_00,tall,250,"[-0.12535548,-1.602066,1.4272423,-1.4062776,-1.6785266,0.15428928]","[0.49032211,0.068977922,0.57053369]",0.4656575149357474,1.942312428090502,0.07446620359673892,false,nan,11.836413860321045,
sage_mppi_tuned,3,tuned_tall_pilot_00,tall,251,"[-0.12535548,-1.602066,1.4272423,-1.4062776,-1.6785266,0.15428928]","[0.49032211,0.068977922,0.57053369]",0.4656575149357474,1.9423124293687246,0.07446620359673892,false,nan,11.84660792350769,
sage_mppi_tuned,3,tuned_tall_pilot_00,tall,252,"[-0.12535548,-1.602066,1.4272423,-1.4062776,-1.6785266,0.15428928]","[0.49032211,0.068977922,0.57053369]",0.4656575149357474,1.942312430162669,0.07446620359673892,false,nan,11.85648512840271,
sage_mppi_tuned,3,tuned_tall_pilot_00,tall,253,"[-0.12535548,-1.602066,1.4272423,-1.4062776,-1.6785266,0.15428928]","[0.49032211,0.068977922,0.57053369]",0.4656575149357474,1.942312430656204,0.0744662036058028,false,nan,11.866514444351196,
sage_mppi_tuned,3,tuned_tall_pilot_00,tall,254,"[-0.12535548,-1.602066,1.4272423,-1.4062776,-1.6785266,0.15428928]","[0.49032211,0.068977922,0.57053369]",0.4656575149357474,1.9423124309628503,0.0744662036058028,false,nan,11.876415491104126,
sage_mppi_tuned,3,tuned_tall_pilot_00,tall,255,"[-0.12535548,-1.602066,1.4272423,-1.4062776,-1.6785266,0.15428928]","[0.4879801,0.066161767,0.56386888]",0.45819495880373123,1.942312431153302,0.0744662036058028,false,nan,11.886610984802246,
sage_mppi_tuned,3,tuned_tall_pilot_00,tall,256,"[-0.1330567,-1.6072783,1.4438918,-1.3994238,-1.6835941,0.16261784]","[0.4879801,0.066161767,0.56386888]",0.45819495880373123,1.9388607548644898,0.07299200316877191,false,nan,11.896600723266602,
sage_mppi_tuned,3,tuned_tall_pilot_00,tall,257,"[-0.1330567,-1.6072783,1.4438918,-1.3994238,-1.6835941,0.16261784]","[0.4879801,0.066161767,0.56386888]",0.45819495880373123,1.938860758625254,0.07299200316877191,false,nan,11.906623363494873,
sage_mppi_tuned,3,tuned_tall_pilot_00,tall,258,"[-0.1330567,-1.6072783,1.4438918,-1.3994238,-1.6835941,0.16261784]","[0.4879801,0.066161767,0.56386888]",0.45819495880373123,1.938860760796141,0.07299200316877191,false,nan,11.916530132293701,
sage_mppi_tuned,3,tuned_tall_pilot_00,tall,259,"[-0.1330567,-1.6072783,1.4438918,-1.3994238,-1.6835941,0.16261784]","[0.4879801,0.066161767,0.56386888]",0.45819495880373123,1.9388607621376772,0.07299200332684841,false,nan,11.926637649536133,
sage_mppi_tuned,3,tuned_tall_pilot_00,tall,260,"[-0.1330567,-1.6072783,1.4438918,-1.3994238,-1.6835941,0.16261784]","[0.4879801,0.066161767,0.56386888]",0.45819495880373123,1.9388607629738717,0.07299200332684841,false,nan,11.93653130531311,
sage_mppi_tuned,3,tuned_tall_pilot_00,tall,261,"[-0.1330567,-1.6072783,1.4438918,-1.3994238,-1.6835941,0.16261784]","[0.4879801,0.066161767,0.56386888]",0.45819495880373123,1.9388607634952426,0.07299200332684841,false,nan,11.946525812149048,
sage_mppi_tuned,3,tuned_tall_pilot_00,tall,262,"[-0.1330567,-1.6072783,1.4438918,-1.3994238,-1.6835941,0.16261784]","[0.4879801,0.066161767,0.56386888]",0.45819495880373123,1.9388607638201427,0.07299200332684841,false,nan,11.958598613739014,
sage_mppi_tuned,3,tuned_tall_pilot_00,tall,263,"[-0.1330567,-1.6072783,1.4438918,-1.3994238,-1.6835941,0.16261784]","[0.48526007,0.062409751,0.55751938]",0.4503839636947885,1.9388607640225248,0.07299200332684841,false,nan,11.968438386917114,
sage_mppi_tuned,3,tuned_tall_pilot_00,tall,264,"[-0.14158351,-1.6130025,1.4611492,-1.3930813,-1.6875081,0.17056921]","[0.48526007,0.062409751,0.55751938]",0.4503839636947885,1.935050352389284,0.07212939034656171,false,nan,11.978541612625122,
sage_mppi_tuned,3,tuned_tall_pilot_00,tall,265,"[-0.1415835,-1.6130025,1.4611492,-1.3930813,-1.6875081,0.17056921]","[0.48526007,0.062409751,0.55751938]",0.4503839636947885,1.9350503564436812,0.07212939034656171,false,nan,11.988487243652344,
sage_mppi_tuned,3,tuned_tall_pilot_00,tall,266,"[-0.1415835,-1.6130025,1.4611492,-1.3930813,-1.6875081,0.17056921]","[0.48526007,0.062409751,0.55751938]",0.4503839636947885,1.9350503588442771,0.07212939034656171,false,nan,11.998690128326416,
sage_mppi_tuned,3,tuned_tall_pilot_00,tall,267,"[-0.1415835,-1.6130025,1.4611492,-1.3930813,-1.6875081,0.17056922]","[0.48526007,0.062409751,0.55751938]",0.4503839636947885,1.9350503603387403,0.07212939034656171,false,nan,12.008835315704346,
sage_mppi_tuned,3,tuned_tall_pilot_00,tall,268,"[-0.1415835,-1.6130025,1.4611492,-1.3930813,-1.6875081,0.17056922]","[0.48526007,0.062409751,0.55751938]",0.4503839636947885,1.9350503612738958,0.07212939034656171,false,nan,12.018565654754639,
sage_mppi_tuned,3,tuned_tall_pilot_00,tall,269,"[-0.1415835,-1.6130025,1.4611492,-1.3930813,-1.6875081,0.17056922]","[0.48526007,0.062409751,0.55751938]",0.4503839636947885,1.9350503618589177,0.07212939034656171,false,nan,12.027073860168457,
sage_mppi_tuned,3,tuned_tall_pilot_00,tall,270,"[-0.1415835,-1.6130025,1.4611492,-1.3930813,-1.6875081,0.17056922]","[0.48526007,0.062409751,0.55751938]",0.4503839636947885,1.9350503622246644,0.07212939034656171,false,nan,12.036611557006836,
sage_mppi_tuned,3,tuned_tall_pilot_00,tall,271,"[-0.1415835,-1.6130025,1.4611492,-1.3930813,-1.6875081,0.17056922]","[0.48242092,0.058607135,0.55125254]",0.4425615217095447,1.9350503624532276,0.07212939034656171,false,nan,12.046589136123657,
sage_mppi_tuned,3,tuned_tall_pilot_00,tall,272,"[-0.14999436,-1.6186466,1.4781011,-1.3869839,-1.6912448,0.17876141]","[0.48242092,0.058607135,0.55125254]",0.4425615217095447,1.93189100175564,0.07169997725814717,false,nan,12.056664943695068,
sage_mppi_tuned,3,tuned_tall_pilot_00,tall,273,"[-0.14999435,-1.6186466,1.4781011,-1.3869839,-1.6912448,0.17876142]","[0.48242092,0.058607135,0.55125254]",0.4425615217095447,1.9318910055937204,0.07169997743858705,false,nan,12.066605567932129,
sage_mppi_tuned,3,tuned_tall_pilot_00,tall,274,"[-0.14999435,-1.6186466,1.4781011,-1.3869839,-1.6912448,0.17876142]","[0.48242092,0.058607135,0.55125254]",0.4425615217095447,1.9318910079012495,0.07169997743858705,false,nan,12.076703548431396,
sage_mppi_tuned,3,tuned_tall_pilot_00,tall,275,"[-0.14999435,-1.6186466,1.4781011,-1.3869839,-1.6912448,0.17876142]","[0.48242092,0.058607135,0.55125254]",0.4425615217095447,1.9318910093457906,0.0716999618038873,false,nan,12.088374137878418,
sage_mppi_tuned,3,tuned_tall_pilot_00,tall,276,"[-0.14999435,-1.6186466,1.4781011,-1.3869839,-1.6912448,0.17876142]","[0.48242092,0.058607135,0.55125254]",0.4425615217095447,1.9318910102529219,0.0716999618038873,false,nan,12.098803997039795,
sage_mppi_tuned,3,tuned_tall_pilot_00,tall,277,"[-0.14999435,-1.6186466,1.4781011,-1.3869839,-1.6912448,0.17876142]","[0.48242092,0.058607135,0.55125254]",0.4425615217095447,1.9318910108222231,0.0716999618038873,false,nan,12.106778383255005,
sage_mppi_tuned,3,tuned_tall_pilot_00,tall,278,"[-0.14999435,-1.6186466,1.4781011,-1.3869839,-1.6912448,0.17876142]","[0.48242092,0.058607135,0.55125254]",0.4425615217095447,1.9318910111792533,0.0716999618038873,false,nan,12.11648416519165,
sage_mppi_tuned,3,tuned_tall_pilot_00,tall,279,"[-0.14999435,-1.6186466,1.4781011,-1.3869839,-1.6912448,0.17876142]","[0.48242092,0.058607135,0.55125254]",0.4425615217095447,1.9318910114030616,0.0716999618038873,false,nan,12.126523971557617,
sage_mppi_tuned,3,tuned_tall_pilot_00,tall,280,"[-0.14999435,-1.6186466,1.4781011,-1.3869839,-1.6912448,0.17876142]","[0.47936496,0.054604702,0.54498225]",0.43454919675235354,1.931891011543327,0.0716999618038873,false,nan,12.136937856674194,
sage_mppi_tuned,3,tuned_tall_pilot_00,tall,281,"[-0.15772749,-1.6243676,1.4951201,-1.3826006,-1.6949164,0.18786191]","[0.47936496,0.054604702,0.54498225]",0.43454919675235354,1.929916542152425,0.07148025849807196,false,nan,12.146708250045776,
sage_mppi_tuned,3,tuned_tall_pilot_00,tall,282,"[-0.15772749,-1.6243676,1.4951201,-1.3826006,-1.6949164,0.18786191]","[0.47936496,0.054604702,0.54498225]",0.43454919675235354,1.9299165458892327,0.07148025869084654,false,nan,12.156643629074097,
sage_mppi_tuned,3,tuned_tall_pilot_00,tall,283,"[-0.15772749,-1.6243676,1.4951201,-1.3826006,-1.6949164,0.18786191]","[0.47936496,0.054604702,0.54498225]",0.43454919675235354,1.9299165481892795,0.07148025870366675,false,nan,12.166877031326294,
sage_mppi_tuned,3,tuned_tall_pilot_00,tall,284,"[-0.15772749,-1.6243676,1.4951201,-1.3826006,-1.6949164,0.18786192]","[0.47936496,0.054604702,0.54498225]",0.43454919675235354,1.9299165496384092,0.07148025870366675,false,nan,12.176541805267334,
sage_mppi_tuned,3,tuned_tall_pilot_00,tall,285,"[-0.15772749,-1.6243676,1.4951201,-1.3826006,-1.6949164,0.18786192]","[0.47936496,0.054604702,0.54498225]",0.43454919675235354,1.929916550551583,0.07148025870366675,false,nan,12.186554193496704,
sage_mppi_tuned,3,tuned_tall_pilot_00,tall,286,"[-0.15772748,-1.6243676,1.4951201,-1.3826006,-1.6949164,0.18786192]","[0.47936496,0.054604702,0.54498225]",0.43454919675235354,1.9299165511264176,0.07148025870366675,false,nan,12.196675062179565,
sage_mppi_tuned,3,tuned_tall_pilot_00,tall,287,"[-0.15772748,-1.6243676,1.4951201,-1.3826006,-1.6949164,0.18786192]","[0.47936496,0.054604702,0.54498225]",0.43454919675235354,1.9299165514880046,0.07148025870366675,false,nan,12.206367015838623,
sage_mppi_tuned,3,tuned_tall_pilot_00,tall,288,"[-0.15772748,-1.6243676,1.4951201,-1.3826006,-1.6949164,0.18786192]","[0.47626269,0.05073287,0.53885591]",0.42668646456382175,1.929916551715352,0.07148025870366675,false,nan,12.216593265533447,
sage_mppi_tuned,3,tuned_tall_pilot_00,tall,289,"[-0.16507376,-1.6295672,1.5128701,-1.3783085,-1.6988172,0.19811881]","[0.47626269,0.05073287,0.53885591]",0.42668646456382175,1.9289644508003017,0.07122180137075157,false,nan,12.22646713256836,
sage_mppi_tuned,3,tuned_tall_pilot_00,tall,290,"[-0.16507376,-1.6295672,1.5128701,-1.3783085,-1.6988172,0.19811881]","[0.47626269,0.05073287,0.53885591]",0.42668646456382175,1.9289644538210984,0.07122178156916895,false,nan,12.236488819122314,
sage_mppi_tuned,3,tuned_tall_pilot_00,tall,291,"[-0.16507375,-1.6295672,1.5128701,-1.3783085,-1.6988172,0.19811881]","[0.47626269,0.05073287,0.53885591]",0.42668646456382175,1.928964455683809,0.07122178156916895,false,nan,12.24643588066101,
sage_mppi_tuned,3,tuned_tall_pilot_00,tall,292,"[-0.16507375,-1.6295672,1.5128701,-1.3783085,-1.6988172,0.19811881]","[0.47626269,0.05073287,0.53885591]",0.42668646456382175,1.9289644568615714,0.07122178156916895,false,nan,12.256442785263062,
sage_mppi_tuned,3,tuned_tall_pilot_00,tall,293,"[-0.16507375,-1.6295672,1.5128701,-1.3783085,-1.6988172,0.19811881]","[0.47626269,0.05073287,0.53885591]",0.42668646456382175,1.9289644576059564,0.07122178156916895,false,nan,12.266510248184204,
sage_mppi_tuned,3,tuned_tall_pilot_00,tall,294,"[-0.16507375,-1.6295672,1.5128701,-1.3783085,-1.6988172,0.19811881]","[0.47626269,0.05073287,0.53885591]",0.42668646456382175,1.9289644580758107,0.07122178156916895,false,nan,12.276484966278076,
sage_mppi_tuned,3,tuned_tall_pilot_00,tall,295,"[-0.16507375,-1.6295672,1.5128701,-1.3783085,-1.6988172,0.19811881]","[0.47626269,0.05073287,0.53885591]",0.42668646456382175,1.9289644583721235,0.07122178156916895,false,nan,12.286447048187256,
sage_mppi_tuned,3,tuned_tall_pilot_00,tall,296,"[-0.16507375,-1.6295672,1.5128701,-1.3783085,-1.6988172,0.19811881]","[0.47316855,0.047233105,0.53290427]",0.4191301189488714,1.9289644585589023,0.07122178156916895,false,nan,12.296341896057129,
sage_mppi_tuned,3,tuned_tall_pilot_00,tall,297,"[-0.17265924,-1.635483,1.5319067,-1.3749532,-1.7033892,0.20879385]","[0.47316855,0.047233105,0.53290427]",0.4191301189488714,1.9279675426324283,0.07139138324652727,false,nan,12.308617353439331,
sage_mppi_tuned,3,tuned_tall_pilot_00,tall,298,"[-0.17265923,-1.6354829,1.5319067,-1.3749532,-1.7033892,0.20879385]","[0.47316855,0.047233105,0.53290427]",0.4191301189488714,1.9279675460505301,0.07139138324652727,false,nan,12.318331480026245,
sage_mppi_tuned,3,tuned_tall_pilot_00,tall,299,"[-0.17265923,-1.6354829,1.5319067,-1.3749532,-1.7033892,0.20879385]","[0.47316855,0.047233105,0.53290427]",0.4191301189488714,1.9279675482260248,0.07139138324652727,false,nan,12.326513528823853,
sage_mppi_tuned,4,tuned_tall_pilot_01,tall,0,"[-6.2071989e-05,-1.5700032,1.100029,-1.5700209,-1.5699973,1.0829615e-06]","[0.48398483,0.13334961,0.721358]",0.284868078345791,3.539149676282544,0.0878999940395355,false,nan,11.50900936126709,
sage_mppi_tuned,4,tuned_tall_pilot_01,tall,1,"[-6.2071989e-05,-1.5700032,1.100029,-1.5700209,-1.5699973,1.0829615e-06]","[0.48398483,0.13334961,0.721358]",0.284868078345791,3.5391496762825447,0.0878999940395355,false,nan,11.516079187393188,
sage_mppi_tuned,4,tuned_tall_pilot_01,tall,2,"[-0.0040423276,-1.5679355,1.1046364,-1.5661649,-1.5672901,0.0018519898]","[0.48398483,0.13334961,0.721358]",0.284868078345791,3.5399279962701926,0.0878999940395355,false,nan,11.52587080001831,
sage_mppi_tuned,4,tuned_tall_pilot_01,tall,3,"[-0.0040423348,-1.5679355,1.1046364,-1.5661649,-1.5672901,0.0018519872]","[0.48398483,0.13334961,0.721358]",0.284868078345791,3.53992799935399,0.0878999940395355,false,nan,11.53595757484436,
sage_mppi_tuned,4,tuned_tall_pilot_01,tall,4,"[-0.0040423386,-1.5679355,1.1046364,-1.5661649,-1.5672901,0.0018519847]","[0.48398483,0.13334961,0.721358]",0.284868078345791,3.539928001946461,0.0878999940395355,false,nan,11.548638105392456,
sage_mppi_tuned,4,tuned_tall_pilot_01,tall,5,"[-0.004042341,-1.5679355,1.1046364,-1.5661649,-1.5672901,0.001851983]","[0.48398483,0.13334961,0.721358]",0.284868078345791,3.5399280036197935,0.0878999940395355,false,nan,11.557159662246704,
sage_mppi_tuned,4,tuned_tall_pilot_01,tall,6,"[-0.0040423424,-1.5679355,1.1046364,-1.5661649,-1.5672901,0.0018519819]","[0.48398483,0.13334961,0.721358]",0.284868078345791,3.5399280046656614,0.0878999940395355,false,nan,11.565860271453857,
sage_mppi_tuned,4,tuned_tall_pilot_01,tall,7,"[-0.0040423433,-1.5679355,1.1046364,-1.5661649,-1.5672901,0.0018519813]","[0.48398483,0.13334961,0.721358]",0.284868078345791,3.5399280053168902,0.0878999940395355,false,nan,11.575852394104004,
sage_mppi_tuned,4,tuned_tall_pilot_01,tall,8,"[-0.0040423439,-1.5679355,1.1046364,-1.5661649,-1.5672901,0.0018519809]","[0.48398483,0.13334961,0.721358]",0.284868078345791,3.539928005722263,0.0878999940395355,false,nan,11.58587646484375,
sage_mppi_tuned,4,tuned_tall_pilot_01,tall,9,"[-0.0040423442,-1.5679355,1.1046364,-1.5661649,-1.5672901,0.0018519806]","[0.48398483,0.13334961,0.721358]",0.284868078345791,3.5399280059746023,0.0878999940395355,false,nan,11.595754146575928,
sage_mppi_tuned,4,tuned_tall_pilot_01,tall,10,"[-0.0057012465,-1.5699418,1.1043401,-1.5635663,-1.5663037,0.0031234253]","[0.48398483,0.13334961,0.721358]",0.284868078345791,3.5388275813010672,0.0878999940395355,false,nan,11.60589051246643,
sage_mppi_tuned,4,tuned_tall_pilot_01,tall,11,"[-0.005701242,-1.5699418,1.1043401,-1.5635663,-1.5663037,0.003123427]","[0.48398483,0.13334961,0.721358]",0.284868078345791,3.538827578144863,0.0878999940395355,false,nan,11.615980625152588,
sage_mppi_tuned,4,tuned_tall_pilot_01,tall,12,"[-0.0057012397,-1.5699418,1.1043401,-1.5635663,-1.5663037,0.0031234284]","[0.48398483,0.13334961,0.721358]",0.284868078345791,3.538827576533451,0.0878999940395355,false,nan,11.625995874404907,
sage_mppi_tuned,4,tuned_tall_pilot_01,tall,13,"[-0.0057012384,-1.5699418,1.1043401,-1.5635663,-1.5663037,0.0031234294]","[0.48398483,0.13334961,0.721358]",0.284868078345791,3.5388275755741274,0.0878999940395355,false,nan,11.636106967926025,
sage_mppi_tuned,4,tuned_tall_pilot_01,tall,14,"[-0.0057012376,-1.5699418,1.1043401,-1.5635663,-1.5663037,0.00312343]","[0.48398483,0.13334961,0.721358]",0.284868078345791,3.5388275749813944,0.0878999940395355,false,nan,11.646059274673462,
sage_mppi_tuned,4,tuned_tall_pilot_01,tall,15,"[-0.0057012371,-1.5699418,1.1043401,-1.5635663,-1.5663037,0.0031234303]","[0.48398483,0.13334961,0.721358]",0.284868078345791,3.5388275746123568,0.0878999940395355,false,nan,11.656200408935547,
sage_mppi_tuned,4,tuned_tall_pilot_01,tall,16,"[-0.0057012367,-1.5699418,1.1043401,-1.5635663,-1.5663037,0.0031234306]","[0.48398483,0.13334961,0.721358]",0.284868078345791,3.538827574382219,0.0878999940395355,false,nan,11.665876150131226,
sage_mppi_tuned,4,tuned_tall_pilot_01,tall,17,"[-0.0057012365,-1.5699418,1.1043401,-1.5635663,-1.5663037,0.0031234307]","[0.48398483,0.13334961,0.721358]",0.284868078345791,3.538827574238646,0.0878999940395355,false,nan,11.675920486450195,
sage_mppi_tuned,4,tuned_tall_pilot_01,tall,18,"[-0.0057012364,-1.5699418,1.1043401,-1.5635663,-1.5663037,0.0031234308]","[0.48398483,0.13334961,0.721358]",0.284868078345791,3.5388275741490647,0.0878999940395355,false,nan,11.686191320419312,
sage_mppi_tuned,4,tuned_tall_pilot_01,tall,19,"[-0.0057012363,-1.5699418,1.1043401,-1.5635663,-1.5663037,0.0031234309]","[0.48398483,0.13334961,0.721358]",0.284868078345791,3.5388275740931703,0.0878999940395355,false,nan,11.695995569229126,
sage_mppi_tuned,4,tuned_tall_pilot_01,tall,20,"[-0.0057012363,-1.5699418,1.1043401,-1.5635663,-1.5663037,0.0031234309]","[0.48398483,0.13334961,0.721358]",0.284868078345791,3.538827574058294,0.0878999940395355,false,nan,11.70583438873291,
sage_mppi_tuned,4,tuned_tall_pilot_01,tall,21,"[-0.0057012363,-1.5699418,1.1043401,-1.5635663,-1.5663037,0.0031234309]","[0.48398483,0.13334961,0.721358]",0.284868078345791,3.538827574036533,0.0878999940395355,false,nan,11.717796325683594,
sage_mppi_tuned,4,tuned_tall_pilot_01,tall,22,"[-0.0057012362,-1.5699418,1.1043401,-1.5635663,-1.5663037,0.0031234309]","[0.48398483,0.13334961,0.721358]",0.284868078345791,3.538827574022955,0.0878999940395355,false,nan,11.72591495513916,
sage_mppi_tuned,4,tuned_tall_pilot_01,tall,23,"[-0.0057012362,-1.5699418,1.1043401,-1.5635663,-1.5663037,0.0031234309]","[0.48610091,0.13168539,0.7176106]",0.28717812568788215,3.5388275740144834,0.0878999940395355,false,nan,11.735990285873413,
sage_mppi_tuned,4,tuned_tall_pilot_01,tall,24,"[-0.0088228803,-1.572408,1.1048385,-1.5599485,-1.5658226,0.0046580443]","[0.48610091,0.13168539,0.7176106]",0.28717812568788215,3.5379027209555973,0.0878999940395355,false,nan,11.746113777160645,
sage_mppi_tuned,4,tuned_tall_pilot_01,tall,25,"[-0.008822875,-1.5724079,1.1048385,-1.5599485,-1.5658226,0.0046580463]","[0.48610091,0.13168539,0.7176106]",0.28717812568788215,3.537902716905483,0.0878999940395355,false,nan,11.755955219268799,
sage_mppi_tuned,4,tuned_tall_pilot_01,tall,26,"[-0.0088228724,-1.5724079,1.1048385,-1.5599485,-1.5658226,0.004658048]","[0.48610091,0.13168539,0.7176106]",0.28717812568788215,3.5379027149996647,0.0878999940395355,false,nan,11.768845558166504,
sage_mppi_tuned,4,tuned_tall_pilot_01,tall,27,"[-0.0088228709,-1.5724079,1.1048385,-1.5599485,-1.5658226,0.0046580491]","[0.48610091,0.13168539,0.7176106]",0.28717812568788215,3.537902713883328,0.0878999940395355,false,nan,11.776509523391724,
sage_mppi_tuned,4,tuned_tall_pilot_01,tall,28,"[-0.0088228699,-1.5724079,1.1048385,-1.5599485,-1.5658226,0.0046580498]","[0.48610091,0.13168539,0.7176106]",0.28717812568788215,3.5379027131938914,0.0878999940395355,false,nan,11.788846492767334,
sage_mppi_tuned,4,tuned_tall_pilot_01,tall,29,"[-0.0088228693,-1.5724079,1.1048385,-1.5599485,-1.5658226,0.0046580502]","[0.48610091,0.13168539,0.7176106]",0.28717812568788215,3.5379027127636915,0.0878999940395355,false,nan,11.796475172042847,
sage_mppi_tuned,4,tuned_tall_pilot_01,tall,30,"[-0.0088228689,-1.5724079,1.1048385,-1.5599485,-1.5658226,0.0046580505]","[0.48610091,0.13168539,0.7176106]",0.28717812568788215,3.5379027124946965,0.0878999940395355,false,nan,11.805973529815674,
sage_mppi_tuned,4,tuned_tall_pilot_01,tall,31,"[-0.0088228687,-1.5724079,1.1048385,-1.5599485,-1.5658226,0.0046580507]","[0.48610091,0.13168539,0.7176106]",0.28717812568788215,3.5379027123264217,0.0878999940395355,false,nan,11.815983057022095,
sage_mppi_tuned,4,tuned_tall_pilot_01,tall,32,"[-0.0088228685,-1.5724079,1.1048385,-1.5599485,-1.5658226,0.0046580508]","[0.48610091,0.13168539,0.7176106]",0.28717812568788215,3.5379027122211397,0.0878999940395355,false,nan,11.82643437385559,
sage_mppi_tuned,4,tuned_tall_pilot_01,tall,33,"[-0.0088228684,-1.5724079,1.1048385,-1.5599485,-1.5658226,0.0046580509]","[0.48504856,0.13098429,0.71838045]",0.28575278078385913,3.537902712155268,0.0878999940395355,false,nan,11.835874080657959,
sage_mppi_tuned,4,tuned_tall_pilot_01,tall,34,"[-0.011517867,-1.5746801,1.1052337,-1.5567857,-1.5645672,0.0061332825]","[0.48504856,0.13098429,0.71838045]",0.28575278078385913,3.537069173701843,0.0878999940395355,false,nan,11.846034526824951,
sage_mppi_tuned,4,tuned_tall_pilot_01,tall,35,"[-0.011517862,-1.5746801,1.1052337,-1.5567857,-1.5645672,0.0061332844]","[0.48504856,0.13098429,0.71838045]",0.28575278078385913,3.5370691700143806,0.0878999940395355,false,nan,11.85602879524231,
sage_mppi_tuned,4,tuned_tall_pilot_01,tall,36,"[-0.01151786,-1.5746801,1.1052337,-1.5567857,-1.5645672,0.006133286]","[0.48504856,0.13098429,0.71838045]",0.28575278078385913,3.5370691682489013,0.0878999940395355,false,nan,11.866363286972046,
sage_mppi_tuned,4,tuned_tall_pilot_01,tall,37,"[-0.011517858,-1.5746801,1.1052337,-1.5567857,-1.5645672,0.006133287]","[0.48504856,0.13098429,0.71838045]",0.28575278078385913,3.537069167208296,0.0878999940395355,false,nan,11.876160860061646,
sage_mppi_tuned,4,tuned_tall_pilot_01,tall,38,"[-0.011517857,-1.5746801,1.1052337,-1.5567857,-1.5645672,0.0061332876]","[0.48504856,0.13098429,0.71838045]",0.28575278078385913,3.537069166563548,0.0878999940395355,false,nan,11.88584280014038,
sage_mppi_tuned,4,tuned_tall_pilot_01,tall,39,"[-0.011517857,-1.5746801,1.1052337,-1.5567857,-1.5645672,0.0061332881]","[0.48504856,0.13098429,0.71838045]",0.28575278078385913,3.5370691661601503,0.0878999940395355,false,nan,11.89591121673584,
sage_mppi_tuned,4,tuned_tall_pilot_01,tall,40,"[-0.011517856,-1.5746801,1.1052337,-1.5567857,-1.5645672,0.0061332883]","[0.48504856,0.13098429,0.71838045]",0.28575278078385913,3.53706916590726,0.0878999940395355,false,nan,11.905803442001343,
sage_mppi_tuned,4,tuned_tall_pilot_01,tall,41,"[-0.011517856,-1.5746801,1.1052337,-1.5567857,-1.5645672,0.0061332885]","[0.48398539,0.1295304,0.7188493]",0.28411648881461454,3.537069165748654,0.0878999940395355,false,nan,11.918490886688232,
sage_mppi_tuned,4,tuned_tall_pilot_01,tall,42,"[-0.015725684,-1.5781081,1.1076695,-1.5549679,-1.5639333,0.0076934445]","[0.48398539,0.1295304,0.7188493]",0.28411648881461454,3.538162924427787,0.0878999940395355,false,nan,11.926335334777832,
sage_mppi_tuned,4,tuned_tall_pilot_01,tall,43,"[-0.015725677,-1.5781081,1.1076695,-1.5549679,-1.5639333,0.0076934469]","[0.48398539,0.1295304,0.7188493]",0.28411648881461454,3.5381629193259556,0.0878999940395355,false,nan,11.935953140258789,
sage_mppi_tuned,4,tuned_tall_pilot_01,tall,44,"[-0.015725674,-1.5781081,1.1076695,-1.5549679,-1.5639333,0.007693449]","[0.48398539,0.1295304,0.7188493]",0.28411648881461454,3.5381629169093376,0.0878999940395355,false,nan,11.945877313613892,
sage_mppi_tuned,4,tuned_tall_pilot_01,tall,45,"[-0.015725672,-1.5781081,1.1076695,-1.5549679,-1.5639333,0.0076934504]","[0.48398539,0.1295304,0.7188493]",0.28411648881461454,3.538162915483964,0.0878999940395355,false,nan,11.955815315246582,
sage_mppi_tuned,4,tuned_tall_pilot_01,tall,46,"[-0.01572567,-1.5781081,1.1076695,-1.5549679,-1.5639333,0.0076934513]","[0.48398539,0.1295304,0.7188493]",0.28411648881461454,3.5381629145979634,0.0878999940395355,false,nan,11.966127872467041,
sage_mppi_tuned,4,tuned_tall_pilot_01,tall,47,"[-0.01572567,-1.5781081,1.1076695,-1.5549679,-1.5639333,0.0076934519]","[0.48398539,0.1295304,0.7188493]",0.28411648881461454,3.538162914041657,0.0878999940395355,false,nan,11.975888013839722,
sage_mppi_tuned,4,tuned_tall_pilot_01,tall,48,"[-0.015725669,-1.5781081,1.1076695,-1.5549679,-1.5639333,0.0076934523]","[0.48398539,0.1295304,0.7188493]",0.28411648881461454,3.538162913691664,0.0878999940395355,false,nan,11.986048936843872,
sage_mppi_tuned,4,tuned_tall_pilot_01,tall,49,"[-0.015725669,-1.5781081,1.1076695,-1.5549679,-1.5639333,0.0076934525]","[0.48398539,0.1295304,0.7188493]",0.28411648881461454,3.5381629134713743,0.0878999940395355,false,nan,11.995811223983765,
sage_mppi_tuned,4,tuned_tall_pilot_01,tall,50,"[-0.015725669,-1.5781081,1.1076695,-1.5549679,-1.5639333,0.0076934526]","[0.48398539,0.1295304,0.7188493]",0.28411648881461454,3.538162913332704,0.0878999940395355,false,nan,12.005853176116943,
sage_mppi_tuned,4,tuned_tall_pilot_01,tall,51,"[-0.015725668,-1.5781081,1.1076695,-1.5549679,-1.5639333,0.0076934527]","[0.48297733,0.12836628,0.71933252]",0.28263888742000115,3.538162913245407,0.0878999940395355,false,nan,12.015882730484009,
sage_mppi_tuned,4,tuned_tall_pilot_01,tall,52,"[-0.02135627,-1.5812094,1.1103284,-1.5514288,-1.5628028,0.0096462299]","[0.48297733,0.12836628,0.71933252]",0.28263888742000115,3.5386230739053124,0.0878999940395355,false,nan,12.025879383087158,
sage_mppi_tuned,4,tuned_tall_pilot_01,tall,53,"[-0.021356264,-1.5812094,1.1103284,-1.5514288,-1.5628028,0.0096462319]","[0.48297733,0.12836628,0.71933252]",0.28263888742000115,3.5386230689851907,0.0878999940395355,false,nan,12.035885334014893,
sage_mppi_tuned,4,tuned_tall_pilot_01,tall,54,"[-0.021356261,-1.5812094,1.1103284,-1.5514288,-1.5628028,0.0096462336]","[0.48297733,0.12836628,0.71933252]",0.28263888742000115,3.538623066956027,0.0878999940395355,false,nan,12.046006441116333,
sage_mppi_tuned,4,tuned_tall_pilot_01,tall,55,"[-0.02135626,-1.5812094,1.1103284,-1.5514288,-1.5628028,0.0096462348]","[0.48297733,0.12836628,0.71933252]",0.28263888742000115,3.5386230657995554,0.0878999940395355,false,nan,12.055885314941406,
sage_mppi_tuned,4,tuned_tall_pilot_01,tall,56,"[-0.021356259,-1.5812094,1.1103284,-1.5514288,-1.5628028,0.0096462355]","[0.4818435,0.12642226,0.71956176]",0.28083155477917904,3.538623065083324,0.0878999940395355,false,nan,12.066283226013184,
sage_mppi_tuned,4,tuned_tall_pilot_01,tall,57,"[-0.026658485,-1.5854816,1.1118253,-1.5474742,-1.5612838,0.011618179]","[0.4818435,0.12642226,0.71956176]",0.28083155477917904,3.538476340224499,0.0878999940395355,false,nan,12.075805902481079,
sage_mppi_tuned,4,tuned_tall_pilot_01,tall,58,"[-0.026658476,-1.5854816,1.1118253,-1.5474742,-1.5612839,0.011618182]","[0.4818435,0.12642226,0.71956176]",0.28083155477917904,3.5384763333824543,0.0878999940395355,false,nan,12.085672616958618,
sage_mppi_tuned,4,tuned_tall_pilot_01,tall,59,"[-0.026658471,-1.5854816,1.1118253,-1.5474742,-1.5612839,0.011618185]","[0.4818435,0.12642226,0.71956176]",0.28083155477917904,3.5384763300999196,0.0878999940395355,false,nan,12.095874547958374,
sage_mppi_tuned,4,tuned_tall_pilot_01,tall,60,"[-0.026658469,-1.5854816,1.1118253,-1.5474742,-1.5612839,0.011618187]","[0.4818435,0.12642226,0.71956176]",0.28083155477917904,3.5384763281458578,0.0878999940395355,false,nan,12.105924129486084,
sage_mppi_tuned,4,tuned_tall_pilot_01,tall,61,"[-0.026658467,-1.5854816,1.1118253,-1.5474742,-1.5612839,0.011618188]","[0.4818435,0.12642226,0.71956176]",0.28083155477917904,3.5384763269214274,0.0878999940395355,false,nan,12.116103172302246,
sage_mppi_tuned,4,tuned_tall_pilot_01,tall,62,"[-0.026658466,-1.5854816,1.1118253,-1.5474742,-1.5612839,0.011618189]","[0.48101115,0.12385264,0.71929282]",0.2792123470509815,3.5384763261466037,0.0878999940395355,false,nan,12.12613320350647,
sage_mppi_tuned,4,tuned_tall_pilot_01,tall,63,"[-0.0311986,-1.5889274,1.1131445,-1.5437241,-1.5600826,0.013470833]","[0.48101115,0.12385264,0.71929282]",0.2792123470509815,3.5381705407664468,0.0878999940395355,false,nan,12.136123895645142,
sage_mppi_tuned,4,tuned_tall_pilot_01,tall,64,"[-0.031198593,-1.5889274,1.1131445,-1.5437241,-1.5600826,0.013470835]","[0.48101115,0.12385264,0.71929282]",0.2792123470509815,3.538170535181214,0.0878999940395355,false,nan,12.146222352981567,
sage_mppi_tuned,4,tuned_tall_pilot_01,tall,65,"[-0.031198589,-1.5889274,1.1131445,-1.5437241,-1.5600826,0.013470838]","[0.48101115,0.12385264,0.71929282]",0.2792123470509815,3.538170532538846,0.0878999940395355,false,nan,12.156166315078735,
sage_mppi_tuned,4,tuned_tall_pilot_01,tall,66,"[-0.031198587,-1.5889274,1.1131445,-1.5437241,-1.5600826,0.013470839]","[0.48101115,0.12385264,0.71929282]",0.2792123470509815,3.5381705309663314,0.0878999940395355,false,nan,12.166359663009644,
sage_mppi_tuned,4,tuned_tall_pilot_01,tall,67,"[-0.031198586,-1.5889274,1.1131445,-1.5437241,-1.5600826,0.01347084]","[0.47930029,0.12151478,0.72008353]",0.2765954229293619,3.538170529977989,0.0878999940395355,false,nan,12.176214933395386,
sage_mppi_tuned,4,tuned_tall_pilot_01,tall,68,"[-0.036556176,-1.5917239,1.1141514,-1.5391217,-1.5585714,0.015854048]","[0.47930029,0.12151478,0.72008353]",0.2765954229293619,3.5369229008502683,0.0878999940395355,false,nan,12.186212062835693,
sage_mppi_tuned,4,tuned_tall_pilot_01,tall,69,"[-0.03655617,-1.5917239,1.1141514,-1.5391217,-1.5585714,0.01585405]","[0.47930029,0.12151478,0.72008353]",0.2765954229293619,3.536922895711565,0.0878999940395355,false,nan,12.196364641189575,
sage_mppi_tuned,4,tuned_tall_pilot_01,tall,70,"[-0.036556167,-1.5917239,1.1141514,-1.5391217,-1.5585714,0.015854052]","[0.47930029,0.12151478,0.72008353]",0.2765954229293619,3.5369228935191135,0.0878999940395355,false,nan,12.206400156021118,
sage_mppi_tuned,4,tuned_tall_pilot_01,tall,71,"[-0.036556165,-1.5917239,1.1141514,-1.5391217,-1.5585714,0.015854053]","[0.47930029,0.12151478,0.72008353]",0.2765954229293619,3.5369228922459564,0.0878999940395355,false,nan,12.216514587402344,
sage_mppi_tuned,4,tuned_tall_pilot_01,tall,72,"[-0.036556164,-1.5917239,1.1141514,-1.5391217,-1.5585714,0.015854054]","[0.47930029,0.12151478,0.72008353]",0.2765954229293619,3.536922891447349,0.0878999940395355,false,nan,12.226454257965088,
sage_mppi_tuned,4,tuned_tall_pilot_01,tall,73,"[-0.036556164,-1.5917239,1.1141514,-1.5391217,-1.5585714,0.015854054]","[0.47793034,0.11951697,0.72058636]",0.27450020611403514,3.5369228909391457,0.0878999940395355,false,nan,12.237915754318237,
sage_mppi_tuned,4,tuned_tall_pilot_01,tall,74,"[-0.03954367,-1.5952827,1.1147543,-1.5347467,-1.5563786,0.017915332]","[0.47793034,0.11951697,0.72058636]",0.27450020611403514,3.5361064552619275,0.0878999940395355,false,nan,12.246408462524414,
sage_mppi_tuned,4,tuned_tall_pilot_01,tall,75,"[-0.039543662,-1.5952827,1.1147543,-1.5347467,-1.5563786,0.017915335]","[0.47793034,0.11951697,0.72058636]",0.27450020611403514,3.5361064499930785,0.0878999940395355,false,nan,12.256333351135254,
sage_mppi_tuned,4,tuned_tall_pilot_01,tall,76,"[-0.039543659,-1.5952827,1.1147543,-1.5347467,-1.5563786,0.017915337]","[0.47793034,0.11951697,0.72058636]",0.27450020611403514,3.5361064472610186,0.0878999940395355,false,nan,12.266381025314331,
sage_mppi_tuned,4,tuned_tall_pilot_01,tall,77,"[-0.039543656,-1.5952827,1.1147543,-1.5347467,-1.5563786,0.017915339]","[0.47793034,0.11951697,0.72058636]",0.27450020611403514,3.5361064455917592,0.0878999940395355,false,nan,12.276304721832275,
sage_mppi_tuned,4,tuned_tall_pilot_01,tall,78,"[-0.039543655,-1.5952827,1.1147543,-1.5347467,-1.5563786,0.01791534]","[0.476928,0.11716514,0.72081435]",0.2726919291630916,3.536106444531921,0.0878999940395355,false,nan,12.286491394042969,
sage_mppi_tuned,4,tuned_tall_pilot_01,tall,79,"[-0.04368568,-1.5994112,1.115389,-1.530246,-1.5532785,0.020100974]","[0.476928,0.11716514,0.72081435]",0.2726919291630916,3.5353009396922497,0.0878999940395355,false,nan,12.296672344207764,
sage_mppi_tuned,4,tuned_tall_pilot_01,tall,80,"[-0.043685671,-1.5994112,1.115389,-1.530246,-1.5532785,0.020100977]","[0.476928,0.11716514,0.72081435]",0.2726919291630916,3.5353009332582,0.0878999940395355,false,nan,12.3069167137146,
sage_mppi_tuned,4,tuned_tall_pilot_01,tall,81,"[-0.043685667,-1.5994112,1.115389,-1.530246,-1.5532785,0.02010098]","[0.476928,0.11716514,0.72081435]",0.2726919291630916,3.535300929993782,0.0878999940395355,false,nan,12.316948175430298,
sage_mppi_tuned,4,tuned_tall_pilot_01,tall,82,"[-0.043685664,-1.5994112,1.115389,-1.530246,-1.5532785,0.020100982]","[0.476928,0.11716514,0.72081435]",0.2726919291630916,3.535300928001344,0.0878999940395355,false,nan,12.327027082443237,
sage_mppi_tuned,4,tuned_tall_pilot_01,tall,83,"[-0.043685663,-1.5994112,1.115389,-1.530246,-1.5532785,0.020100983]","[0.476928,0.11716514,0.72081435]",0.2726919291630916,3.5353009267317757,0.0878999940395355,false,nan,12.336718797683716,
sage_mppi_tuned,4,tuned_tall_pilot_01,tall,84,"[-0.043685661,-1.5994112,1.115389,-1.530246,-1.5532785,0.020100984]","[0.47517189,0.11604161,0.72162294]",0.2704901262546322,3.5353009259160575,0.0878999940395355,false,nan,12.346652269363403,
sage_mppi_tuned,4,tuned_tall_pilot_01,tall,85,"[-0.047868325,-1.6037751,1.1157741,-1.5256221,-1.549926,0.022488725]","[0.47517189,0.11604161,0.72162294]",0.2704901262546322,3.534262840650528,0.0878999940395355,false,nan,12.35679292678833,
sage_mppi_tuned,4,tuned_tall_pilot_01,tall,86,"[-0.047868315,-1.603775,1.1157741,-1.5256221,-1.549926,0.022488729]","[0.47517189,0.11604161,0.72162294]",0.2704901262546322,3.5342628340400526,0.0878999940395355,false,nan,12.366743326187134,
sage_mppi_tuned,4,tuned_tall_pilot_01,tall,87,"[-0.047868311,-1.603775,1.1157741,-1.5256221,-1.549926,0.022488732]","[0.47517189,0.11604161,0.72162294]",0.2704901262546322,3.534262830658994,0.0878999940395355,false,nan,12.376895666122437,
sage_mppi_tuned,4,tuned_tall_pilot_01,tall,88,"[-0.047868308,-1.603775,1.1157741,-1.5256221,-1.549926,0.022488734]","[0.47517189,0.11604161,0.72162294]",0.2704901262546322,3.53426282858417,0.0878999940395355,false,nan,12.387024641036987,
sage_mppi_tuned,4,tuned_tall_pilot_01,tall,89,"[-0.047868306,-1.603775,1.1157741,-1.5256221,-1.549926,0.022488735]","[0.47322527,0.11448739,0.72266108]",0.2678947843122051,3.5342628272557013,0.0878999940395355,false,nan,12.396697759628296,
sage_mppi_tuned,4,tuned_tall_pilot_01,tall,90,"[-0.052001592,-1.6112364,1.1164571,-1.5207896,-1.5456102,0.026020725]","[0.47322527,0.11448739,0.72266108]",0.2678947843122051,3.533751061073667,0.0878999940395355,false,nan,12.407288074493408,
sage_mppi_tuned,4,tuned_tall_pilot_01,tall,91,"[-0.052001576,-1.6112364,1.1164571,-1.5207896,-1.5456103,0.026020731]","[0.47322527,0.11448739,0.72266108]",0.2678947843122051,3.5337510509574135,0.0878999940395355,false,nan,12.416856050491333,
sage_mppi_tuned,4,tuned_tall_pilot_01,tall,92,"[-0.052001568,-1.6112363,1.1164571,-1.5207896,-1.5456103,0.026020736]","[0.47322527,0.11448739,0.72266108]",0.2678947843122051,3.533751045243004,0.0878999940395355,false,nan,12.426784753799438,
sage_mppi_tuned,4,tuned_tall_pilot_01,tall,93,"[-0.052001563,-1.6112363,1.1164571,-1.5207896,-1.5456103,0.026020739]","[0.47322527,0.11448739,0.72266108]",0.2678947843122051,3.5337510416388236,0.0878999940395355,false,nan,12.436931848526001,
sage_mppi_tuned,4,tuned_tall_pilot_01,tall,94,"[-0.05200156,-1.6112363,1.1164571,-1.5207896,-1.5456103,0.026020742]","[0.47110304,0.1129657,0.72390378]",0.26509448491418364,3.533751039304831,0.0878999940395355,false,nan,12.44659972190857,
sage_mppi_tuned,4,tuned_tall_pilot_01,tall,95,"[-0.057908509,-1.6183033,1.1176738,-1.5150137,-1.5421324,0.029934682]","[0.47110304,0.1129657,0.72390378]",0.26509448491418364,3.5329509577828664,0.0878999940395355,false,nan,12.456589221954346,
sage_mppi_tuned,4,tuned_tall_pilot_01,tall,96,"[-0.057908494,-1.6183032,1.1176738,-1.5150137,-1.5421324,0.029934687]","[0.47110304,0.1129657,0.72390378]",0.26509448491418364,3.532950947572403,0.0878999940395355,false,nan,12.469209671020508,
sage_mppi_tuned,4,tuned_tall_pilot_01,tall,97,"[-0.057908486,-1.6183032,1.1176738,-1.5150137,-1.5421324,0.029934692]","[0.47110304,0.1129657,0.72390378]",0.26509448491418364,3.5329509421215355,0.0878999940395355,false,nan,12.478543519973755,
sage_mppi_tuned,4,tuned_tall_pilot_01,tall,98,"[-0.057908481,-1.6183032,1.1176738,-1.5150137,-1.5421324,0.029934695]","[0.47110304,0.1129657,0.72390378]",0.26509448491418364,3.5329509387016027,0.0878999940395355,false,nan,12.486862421035767,
sage_mppi_tuned,4,tuned_tall_pilot_01,tall,99,"[-0.057908478,-1.6183032,1.1176738,-1.5150137,-1.5421324,0.029934698]","[0.47110304,0.1129657,0.72390378]",0.26509448491418364,3.532950936475018,0.0878999940395355,false,nan,12.498679637908936,
sage_mppi_tuned,4,tuned_tall_pilot_01,tall,100,"[-0.057908476,-1.6183032,1.1176738,-1.5150137,-1.5421324,0.029934699]","[0.46725824,0.11167209,0.72639865]",0.2604707694646164,3.532950935014971,0.0878999940395355,false,nan,12.50685453414917,
sage_mppi_tuned,4,tuned_tall_pilot_01,tall,101,"[-0.063221177,-1.6268332,1.1186663,-1.5086553,-1.5393839,0.033500176]","[0.46725824,0.11167209,0.72639865]",0.2604707694646164,3.532520540764691,0.0878999940395355,false,nan,12.51701045036316,
sage_mppi_tuned,4,tuned_tall_pilot_01,tall,102,"[-0.063221159,-1.6268332,1.1186663,-1.5086553,-1.5393839,0.033500181]","[0.46725824,0.11167209,0.72639865]",0.2604707694646164,3.5325205298133113,0.0878999940395355,false,nan,12.527241230010986,
sage_mppi_tuned,4,tuned_tall_pilot_01,tall,103,"[-0.063221151,-1.6268332,1.1186663,-1.5086553,-1.5393839,0.033500186]","[0.46725824,0.11167209,0.72639865]",0.2604707694646164,3.532520523680646,0.0878999940395355,false,nan,12.5368971824646,
sage_mppi_tuned,4,tuned_tall_pilot_01,tall,104,"[-0.063221146,-1.6268332,1.1186663,-1.5086553,-1.5393839,0.03350019]","[0.46725824,0.11167209,0.72639865]",0.2604707694646164,3.5325205197684992,0.0878999940395355,false,nan,12.546807765960693,
sage_mppi_tuned,4,tuned_tall_pilot_01,tall,105,"[-0.063221142,-1.6268332,1.1186663,-1.5086553,-1.5393839,0.033500193]","[0.46384025,0.10949286,0.72830093]",0.2560934706467181,3.532520517195662,0.0878999940395355,false,nan,12.556719779968262,
sage_mppi_tuned,4,tuned_tall_pilot_01,tall,106,"[-0.069361551,-1.6345959,1.1192849,-1.5010104,-1.5362002,0.037784766]","[0.46384025,0.10949286,0.72830093]",0.2560934706467181,3.5309300866691804,0.0878999940395355,false,nan,12.566691637039185,
sage_mppi_tuned,4,tuned_tall_pilot_01,tall,107,"[-0.069361535,-1.6345959,1.1192849,-1.5010103,-1.5362002,0.037784772]","[0.46384025,0.10949286,0.72830093]",0.2560934706467181,3.5309300760411935,0.0878999940395355,false,nan,12.576644897460938,
sage_mppi_tuned,4,tuned_tall_pilot_01,tall,108,"[-0.069361527,-1.6345959,1.1192849,-1.5010103,-1.5362002,0.037784777]","[0.46384025,0.10949286,0.72830093]",0.2560934706467181,3.5309300702765496,0.0878999940395355,false,nan,12.586838006973267,
sage_mppi_tuned,4,tuned_tall_pilot_01,tall,109,"[-0.069361522,-1.6345959,1.1192849,-1.5010103,-1.5362002,0.03778478]","[0.46384025,0.10949286,0.72830093]",0.2560934706467181,3.530930066598203,0.0878999940395355,false,nan,12.596749544143677,
sage_mppi_tuned,4,tuned_tall_pilot_01,tall,110,"[-0.069361519,-1.6345959,1.1192849,-1.5010103,-1.5362002,0.037784783]","[0.46384025,0.10949286,0.72830093]",0.2560934706467181,3.530930064162664,0.0878999940395355,false,nan,12.606520652770996,
sage_mppi_tuned,4,tuned_tall_pilot_01,tall,111,"[-0.069361517,-1.6345959,1.1192849,-1.5010103,-1.5362002,0.037784784]","[0.45944533,0.10761592,0.73086548]",0.25076161473355907,3.5309300625385416,0.0878999940395355,false,nan,12.616866111755371,
sage_mppi_tuned,4,tuned_tall_pilot_01,tall,112,"[-0.076252053,-1.6433279,1.1194646,-1.493283,-1.5330615,0.041860124]","[0.45944533,0.10761592,0.73086548]",0.25076161473355907,3.529337950267232,0.0878999940395355,false,nan,12.626912355422974,
sage_mppi_tuned,4,tuned_tall_pilot_01,tall,113,"[-0.076252037,-1.6433278,1.1194646,-1.493283,-1.5330615,0.041860129]","[0.45944533,0.10761592,0.73086548]",0.25076161473355907,3.5293379391351616,0.0878999940395355,false,nan,12.636874198913574,
sage_mppi_tuned,4,tuned_tall_pilot_01,tall,114,"[-0.076252029,-1.6433278,1.1194646,-1.4932829,-1.5330615,0.041860134]","[0.45944533,0.10761592,0.73086548]",0.25076161473355907,3.5293379331281054,0.0878999940395355,false,nan,12.646887063980103,
sage_mppi_tuned,4,tuned_tall_pilot_01,tall,115,"[-0.076252024,-1.6433278,1.1194646,-1.4932829,-1.5330615,0.041860138]","[0.45944533,0.10761592,0.73086548]",0.25076161473355907,3.529337929273723,0.0878999940395355,false,nan,12.659435510635376,
sage_mppi_tuned,4,tuned_tall_pilot_01,tall,116,"[-0.07625202,-1.6433278,1.1194646,-1.4932829,-1.5330615,0.041860141]","[0.45543742,0.10543416,0.7330538]",0.2457811338350731,3.5293379267004568,0.0878999940395355,false,nan,12.667287111282349,
sage_mppi_tuned,4,tuned_tall_pilot_01,tall,117,"[-0.084581877,-1.6525679,1.1199375,-1.4842849,-1.5308938,0.045346309]","[0.45543742,0.10543416,0.7330538]",0.2457811338350731,3.52803045570426,0.0878999940395355,false,nan,12.676945447921753,
sage_mppi_tuned,4,tuned_tall_pilot_01,tall,118,"[-0.084581859,-1.6525679,1.1199375,-1.4842849,-1.5308938,0.045346313]","[0.45543742,0.10543416,0.7330538]",0.2457811338350731,3.5280304437519265,0.0878999940395355,false,nan,12.686891317367554,
sage_mppi_tuned,4,tuned_tall_pilot_01,tall,119,"[-0.084581851,-1.6525679,1.1199375,-1.4842849,-1.5308938,0.045346319]","[0.45543742,0.10543416,0.7330538]",0.2457811338350731,3.5280304374649982,0.0878999940395355,false,nan,12.696803569793701,
sage_mppi_tuned,4,tuned_tall_pilot_01,tall,120,"[-0.084581846,-1.6525679,1.1199375,-1.4842849,-1.5308938,0.045346323]","[0.45543742,0.10543416,0.7330538]",0.2457811338350731,3.528030433422409,0.0878999940395355,false,nan,12.706740140914917,
sage_mppi_tuned,4,tuned_tall_pilot_01,tall,121,"[-0.084581842,-1.6525678,1.1199375,-1.4842849,-1.5308938,0.045346325]","[0.45543742,0.10543416,0.7330538]",0.2457811338350731,3.5280304307015395,0.0878999940395355,false,nan,12.71670389175415,
sage_mppi_tuned,4,tuned_tall_pilot_01,tall,122,"[-0.08458184,-1.6525678,1.1199375,-1.4842849,-1.5308938,0.045346327]","[0.45085829,0.10301135,0.73583233]",0.24003714171658289,3.5280304288546183,0.0878999940395355,false,nan,12.726870775222778,
sage_mppi_tuned,4,tuned_tall_pilot_01,tall,123,"[-0.092311036,-1.6620779,1.1201682,-1.4761874,-1.5284533,0.048678596]","[0.45085829,0.10301135,0.73583233]",0.24003714171658289,3.5270145218807647,0.0878999940395355,false,nan,12.736992835998535,
sage_mppi_tuned,4,tuned_tall_pilot_01,tall,124,"[-0.092311019,-1.6620779,1.1201682,-1.4761873,-1.5284533,0.0486786]","[0.45085829,0.10301135,0.73583233]",0.24003714171658289,3.527014510699773,0.0878999940395355,false,nan,12.747077465057373,
sage_mppi_tuned,4,tuned_tall_pilot_01,tall,125,"[-0.092311011,-1.6620779,1.1201682,-1.4761873,-1.5284533,0.048678605]","[0.45085829,0.10301135,0.73583233]",0.24003714171658289,3.5270145047090753,0.0878999940395355,false,nan,12.756943702697754,
sage_mppi_tuned,4,tuned_tall_pilot_01,tall,126,"[-0.092311006,-1.6620779,1.1201682,-1.4761873,-1.5284533,0.048678609]","[0.45085829,0.10301135,0.73583233]",0.24003714171658289,3.5270145008142424,0.0878999940395355,false,nan,12.766753673553467,
sage_mppi_tuned,4,tuned_tall_pilot_01,tall,127,"[-0.092311003,-1.6620779,1.1201682,-1.4761873,-1.5284533,0.048678611]","[0.45085829,0.10301135,0.73583233]",0.24003714171658289,3.5270144981677025,0.0878999940395355,false,nan,12.776791334152222,
sage_mppi_tuned,4,tuned_tall_pilot_01,tall,128,"[-0.092311,-1.6620779,1.1201682,-1.4761873,-1.5284533,0.048678613]","[0.45085829,0.10301135,0.73583233]",0.24003714171658289,3.5270144963544157,0.0878999940395355,false,nan,12.787032127380371,
sage_mppi_tuned,4,tuned_tall_pilot_01,tall,129,"[-0.092310999,-1.6620779,1.1201682,-1.4761873,-1.5284533,0.048678614]","[0.44607633,0.099945597,0.7384764]",0.23393382046590927,3.527014495110032,0.0878999940395355,false,nan,12.796812772750854,
sage_mppi_tuned,4,tuned_tall_pilot_01,tall,130,"[-0.10029843,-1.6714128,1.1202603,-1.4675413,-1.5265316,0.052172654]","[0.44607633,0.099945597,0.7384764]",0.23393382046590927,3.525664140088349,0.0878999940395355,false,nan,12.806793689727783,
sage_mppi_tuned,4,tuned_tall_pilot_01,tall,131,"[-0.10029842,-1.6714127,1.1202603,-1.4675413,-1.5265316,0.052172658]","[0.44607633,0.099945597,0.7384764]",0.23393382046590927,3.525664129733926,0.0878999940395355,false,nan,12.816912174224854,
sage_mppi_tuned,4,tuned_tall_pilot_01,tall,132,"[-0.10029841,-1.6714127,1.1202603,-1.4675413,-1.5265316,0.052172662]","[0.44607633,0.099945597,0.7384764]",0.23393382046590927,3.5256641243287903,0.0878999940395355,false,nan,12.826809644699097,
sage_mppi_tuned,4,tuned_tall_pilot_01,tall,133,"[-0.10029841,-1.6714127,1.1202603,-1.4675413,-1.5265316,0.052172666]","[0.44607633,0.099945597,0.7384764]",0.23393382046590927,3.525664120811123,0.0878999940395355,false,nan,12.836785078048706,
sage_mppi_tuned,4,tuned_tall_pilot_01,tall,134,"[-0.1002984,-1.6714127,1.1202603,-1.4675413,-1.5265316,0.052172668]","[0.44607633,0.099945597,0.7384764]",0.23393382046590927,3.525664118402667,0.0878999940395355,false,nan,12.846766233444214,
sage_mppi_tuned,4,tuned_tall_pilot_01,tall,135,"[-0.1002984,-1.6714127,1.1202603,-1.4675413,-1.5265316,0.052172669]","[0.44607633,0.099945597,0.7384764]",0.23393382046590927,3.525664116738077,0.0878999940395355,false,nan,12.856850147247314,
sage_mppi_tuned,4,tuned_tall_pilot_01,tall,136,"[-0.1002984,-1.6714127,1.1202603,-1.4675413,-1.5265316,0.052172671]","[0.44104445,0.097274899,0.74141973]",0.22766625475499952,3.5256641155855375,0.0878999940395355,false,nan,12.866826057434082,
sage_mppi_tuned,4,tuned_tall_pilot_01,tall,137,"[-0.10839744,-1.6806629,1.120461,-1.4588632,-1.5246547,0.055602225]","[0.44104445,0.097274899,0.74141973]",0.22766625475499952,3.524454448324702,0.0878999940395355,false,nan,12.877329111099243,
sage_mppi_tuned,4,tuned_tall_pilot_01,tall,138,"[-0.10839742,-1.6806629,1.120461,-1.4588632,-1.5246547,0.055602227]","[0.44104445,0.097274899,0.74141973]",0.22766625475499952,3.5244544386189136,0.0878999940395355,false,nan,12.88700556755066,
sage_mppi_tuned,4,tuned_tall_pilot_01,tall,139,"[-0.10839742,-1.6806628,1.120461,-1.4588632,-1.5246547,0.055602231]","[0.44104445,0.097274899,0.74141973]",0.22766625475499952,3.524454433638798,0.0878999940395355,false,nan,12.896957874298096,
sage_mppi_tuned,4,tuned_tall_pilot_01,tall,140,"[-0.10839741,-1.6806628,1.120461,-1.4588632,-1.5246547,0.055602234]","[0.44104445,0.097274899,0.74141973]",0.22766625475499952,3.5244544303888716,0.0878999940395355,false,nan,12.906849384307861,
sage_mppi_tuned,4,tuned_tall_pilot_01,tall,141,"[-0.10839741,-1.6806628,1.120461,-1.4588632,-1.5246547,0.055602236]","[0.44104445,0.097274899,0.74141973]",0.22766625475499952,3.524454428146629,0.0878999940395355,false,nan,12.917032480239868,
sage_mppi_tuned,4,tuned_tall_pilot_01,tall,142,"[-0.10839741,-1.6806628,1.120461,-1.4588632,-1.5246547,0.055602238]","[0.44104445,0.097274899,0.74141973]",0.22766625475499952,3.5244544265837368,0.0878999940395355,false,nan,12.927000045776367,
sage_mppi_tuned,4,tuned_tall_pilot_01,tall,143,"[-0.10839741,-1.6806628,1.120461,-1.4588632,-1.5246547,0.055602239]","[0.43604678,0.094520912,0.7442233]",0.22144843316056462,3.524454425491832,0.0878999940395355,false,nan,12.93701171875,
sage_mppi_tuned,4,tuned_tall_pilot_01,tall,144,"[-0.11693856,-1.6899569,1.1202179,-1.450105,-1.522994,0.059277591]","[0.43604678,0.094520912,0.7442233]",0.22144843316056462,3.5227882492195497,0.0878999940395355,false,nan,12.947334051132202,
sage_mppi_tuned,4,tuned_tall_pilot_01,tall,145,"[-0.11693855,-1.6899569,1.1202179,-1.450105,-1.522994,0.059277593]","[0.43604678,0.094520912,0.7442233]",0.22144843316056462,3.522788239765944,0.0878999940395355,false,nan,12.95714521408081,
sage_mppi_tuned,4,tuned_tall_pilot_01,tall,146,"[-0.11693854,-1.6899569,1.1202179,-1.450105,-1.522994,0.059277597]","[0.43604678,0.094520912,0.7442233]",0.22144843316056462,3.522788235038397,0.0878999940395355,false,nan,12.967504978179932,
sage_mppi_tuned,4,tuned_tall_pilot_01,tall,147,"[-0.11693854,-1.6899569,1.1202179,-1.450105,-1.522994,0.0592776]","[0.43604678,0.094520912,0.7442233]",0.22144843316056462,3.5227882319521266,0.0878999940395355,false,nan,12.977428913116455,
sage_mppi_tuned,4,tuned_tall_pilot_01,tall,148,"[-0.11693853,-1.6899569,1.1202179,-1.450105,-1.522994,0.059277602]","[0.43604678,0.094520912,0.7442233]",0.22144843316056462,3.5227882298075284,0.0878999940395355,false,nan,12.987367630004883,
sage_mppi_tuned,4,tuned_tall_pilot_01,tall,149,"[-0.11693853,-1.6899569,1.1202179,-1.450105,-1.522994,0.059277603]","[0.43108389,0.091795988,0.74688262]",0.2153199900579703,3.5227882283002536,0.0878999940395355,false,nan,12.997382640838623,
sage_mppi_tuned,4,tuned_tall_pilot_01,tall,150,"[-0.12575025,-1.6994468,1.11983,-1.4412934,-1.5213633,0.063154284]","[0.43108389,0.091795988,0.74688262]",0.2153199900579703,3.5210014110201,0.0878999940395355,false,nan,13.007599115371704,
sage_mppi_tuned,4,tuned_tall_pilot_01,tall,151,"[-0.12575024,-1.6994468,1.11983,-1.4412934,-1.5213633,0.063154286]","[0.43108389,0.091795988,0.74688262]",0.2153199900579703,3.5210014017051328,0.0878999940395355,false,nan,13.017489433288574,
sage_mppi_tuned,4,tuned_tall_pilot_01,tall,152,"[-0.12575023,-1.6994468,1.11983,-1.4412934,-1.5213633,0.06315429]","[0.43108389,0.091795988,0.74688262]",0.2153199900579703,3.5210013970913208,0.0878999940395355,false,nan,13.02748417854309,
sage_mppi_tuned,4,tuned_tall_pilot_01,tall,153,"[-0.12575023,-1.6994468,1.11983,-1.4412934,-1.5213632,0.063154292]","[0.43108389,0.091795988,0.74688262]",0.2153199900579703,3.521001394066027,0.0878999940395355,false,nan,13.037536859512329,
sage_mppi_tuned,4,tuned_tall_pilot_01,tall,154,"[-0.12575023,-1.6994468,1.11983,-1.4412934,-1.5213632,0.063154294]","[0.43108389,0.091795988,0.74688262]",0.2153199900579703,3.5210013919470975,0.0878999940395355,false,nan,13.047698259353638,
sage_mppi_tuned,4,tuned_tall_pilot_01,tall,155,"[-0.12575022,-1.6994468,1.11983,-1.4412934,-1.5213632,0.063154296]","[0.43108389,0.091795988,0.74688262]",0.2153199900579703,3.521001390445205,0.0878999940395355,false,nan,13.057662963867188,
sage_mppi_tuned,4,tuned_tall_pilot_01,tall,156,"[-0.12575022,-1.6994468,1.11983,-1.4412934,-1.5213632,0.063154297]","[0.42601782,0.08896251,0.74970102]",0.20902602924887997,3.5210013893783256,0.0878999940395355,false,nan,13.067736387252808,
sage_mppi_tuned,4,tuned_tall_pilot_01,tall,157,"[-0.13496413,-1.7092676,1.1194211,-1.4325004,-1.5197872,0.067287604]","[0.42601782,0.08896251,0.74970102]",0.20902602924887997,3.5192084328607884,0.0878999940395355,false,nan,13.07766318321228,
sage_mppi_tuned,4,tuned_tall_pilot_01,tall,158,"[-0.13496411,-1.7092676,1.1194211,-1.4325004,-1.5197872,0.067287605]","[0.42601782,0.08896251,0.74970102]",0.20902602924887997,3.519208424056393,0.0878999940395355,false,nan,13.087573528289795,
sage_mppi_tuned,4,tuned_tall_pilot_01,tall,159,"[-0.13496411,-1.7092676,1.1194211,-1.4325004,-1.5197872,0.067287608]","[0.42601782,0.08896251,0.74970102]",0.20902602924887997,3.5192084198527187,0.0878999940395355,false,nan,13.09762954711914,
sage_mppi_tuned,4,tuned_tall_pilot_01,tall,160,"[-0.1349641,-1.7092676,1.1194211,-1.4325004,-1.5197872,0.067287611]","[0.42601782,0.08896251,0.74970102]",0.20902602924887997,3.519208417105375,0.0878999940395355,false,nan,13.107840538024902,
sage_mppi_tuned,4,tuned_tall_pilot_01,tall,161,"[-0.1349641,-1.7092676,1.1194211,-1.4325004,-1.5197872,0.067287613]","[0.42601782,0.08896251,0.74970102]",0.20902602924887997,3.51920841516855,0.0878999940395355,false,nan,13.117710590362549,
sage_mppi_tuned,4,tuned_tall_pilot_01,tall,162,"[-0.1349641,-1.7092676,1.1194211,-1.4325004,-1.5197872,0.067287614]","[0.42079124,0.086126409,0.75260323]",0.2025736635350526,3.519208413784372,0.0878999940395355,false,nan,13.130113363265991,
sage_mppi_tuned,4,tuned_tall_pilot_01,tall,163,"[-0.14555648,-1.7194286,1.1194232,-1.4240426,-1.5182179,0.071453629]","[0.42079124,0.086126409,0.75260323]",0.2025736635350526,3.517843906571702,0.0878999940395355,false,nan,13.138086795806885,
sage_mppi_tuned,4,tuned_tall_pilot_01,tall,164,"[-0.14555647,-1.7194286,1.1194232,-1.4240426,-1.5182179,0.071453629]","[0.42079124,0.086126409,0.75260323]",0.2025736635350526,3.5178438976782593,0.0878999940395355,false,nan,13.14766001701355,
sage_mppi_tuned,4,tuned_tall_pilot_01,tall,165,"[-0.14555647,-1.7194286,1.1194232,-1.4240426,-1.5182179,0.071453632]","[0.42079124,0.086126409,0.75260323]",0.2025736635350526,3.5178438937392134,0.0878999940395355,false,nan,13.157557487487793,
sage_mppi_tuned,4,tuned_tall_pilot_01,tall,166,"[-0.14555646,-1.7194286,1.1194232,-1.4240426,-1.5182179,0.071453634]","[0.42079124,0.086126409,0.75260323]",0.2025736635350526,3.5178438912000085,0.0878999940395355,false,nan,13.16773509979248,
sage_mppi_tuned,4,tuned_tall_pilot_01,tall,167,"[-0.14555646,-1.7194286,1.1194232,-1.4240426,-1.5182179,0.071453636]","[0.42079124,0.086126409,0.75260323]",0.2025736635350526,3.517843889401305,0.0878999940395355,false,nan,13.17756199836731,
sage_mppi_tuned,4,tuned_tall_pilot_01,tall,168,"[-0.14555646,-1.7194286,1.1194232,-1.4240426,-1.5182178,0.071453637]","[0.41535676,0.083247185,0.75559127]",0.1959070333181295,3.517843888105575,0.0878999940395355,false,nan,13.187566041946411,
sage_mppi_tuned,4,tuned_tall_pilot_01,tall,169,"[-0.15609082,-1.7297335,1.1191909,-1.4156012,-1.516473,0.075636502]","[0.41535676,0.083247185,0.75559127]",0.1959070333181295,3.5164373747936932,0.0878999940395355,false,nan,13.20024561882019,
sage_mppi_tuned,4,tuned_tall_pilot_01,tall,170,"[-0.15609081,-1.7297335,1.1191909,-1.4156012,-1.516473,0.075636501]","[0.41535676,0.083247185,0.75559127]",0.1959070333181295,3.516437366576123,0.0878999940395355,false,nan,13.209437608718872,
sage_mppi_tuned,4,tuned_tall_pilot_01,tall,171,"[-0.1560908,-1.7297335,1.1191909,-1.4156012,-1.516473,0.075636503]","[0.41535676,0.083247185,0.75559127]",0.1959070333181295,3.516437363060257,0.0878999940395355,false,nan,13.21810507774353,
sage_mppi_tuned,4,tuned_tall_pilot_01,tall,172,"[-0.1560908,-1.7297335,1.1191908,-1.4156012,-1.516473,0.075636505]","[0.41535676,0.083247185,0.75559127]",0.1959070333181295,3.5164373608030757,0.0878999940395355,false,nan,13.227738380432129,
sage_mppi_tuned,4,tuned_tall_pilot_01,tall,173,"[-0.1560908,-1.7297335,1.1191908,-1.4156012,-1.516473,0.075636507]","[0.41535676,0.083247185,0.75559127]",0.1959070333181295,3.5164373591932767,0.0878999940395355,false,nan,13.237627267837524,
sage_mppi_tuned,4,tuned_tall_pilot_01,tall,174,"[-0.1560908,-1.7297335,1.1191908,-1.4156012,-1.516473,0.075636508]","[0.40987343,0.079930417,0.75850701]",0.18908396463285435,3.5164373580234236,0.0878999940395355,false,nan,13.247596025466919,
sage_mppi_tuned,4,tuned_tall_pilot_01,tall,175,"[-0.16679391,-1.7401127,1.1186975,-1.407128,-1.5147052,0.079920631]","[0.40987343,0.079930417,0.75850701]",0.18908396463285435,3.5148694512736927,0.0878999940395355,false,nan,13.257583856582642,
sage_mppi_tuned,4,tuned_tall_pilot_01,tall,176,"[-0.1667939,-1.7401126,1.1186975,-1.407128,-1.5147052,0.079920629]","[0.40987343,0.079930417,0.75850701]",0.18908396463285435,3.514869443697889,0.0878999940395355,false,nan,13.267626762390137,
sage_mppi_tuned,4,tuned_tall_pilot_01,tall,177,"[-0.16679389,-1.7401126,1.1186975,-1.407128,-1.5147052,0.079920631]","[0.40987343,0.079930417,0.75850701]",0.18908396463285435,3.514869440653464,0.0878999940395355,false,nan,13.277617692947388,
sage_mppi_tuned,4,tuned_tall_pilot_01,tall,178,"[-0.16679389,-1.7401126,1.1186975,-1.407128,-1.5147052,0.079920633]","[0.40987343,0.079930417,0.75850701]",0.18908396463285435,3.514869438726682,0.0878999940395355,false,nan,13.287780523300171,
sage_mppi_tuned,4,tuned_tall_pilot_01,tall,179,"[-0.16679389,-1.7401126,1.1186975,-1.407128,-1.5147052,0.079920634]","[0.40987343,0.079930417,0.75850701]",0.18908396463285435,3.51486943734671,0.0878999940395355,false,nan,13.299845457077026,
sage_mppi_tuned,4,tuned_tall_pilot_01,tall,180,"[-0.16679389,-1.7401126,1.1186975,-1.407128,-1.5147052,0.079920635]","[0.40421194,0.076803878,0.76152223]",0.18215056930731344,3.5148694363362614,0.0878999940395355,false,nan,13.309893369674683,
sage_mppi_tuned,4,tuned_tall_pilot_01,tall,181,"[-0.17763104,-1.7507728,1.1183823,-1.3985526,-1.5129371,0.084147095]","[0.40421194,0.076803878,0.76152223]",0.18215056930731344,3.5136199489640907,0.0878999940395355,false,nan,13.319892644882202,
sage_mppi_tuned,4,tuned_tall_pilot_01,tall,182,"[-0.17763102,-1.7507728,1.1183823,-1.3985526,-1.5129371,0.084147093]","[0.40421194,0.076803878,0.76152223]",0.18215056930731344,3.5136199421262018,0.0878999940395355,false,nan,13.329532623291016,
sage_mppi_tuned,4,tuned_tall_pilot_01,tall,183,"[-0.17763102,-1.7507728,1.1183823,-1.3985526,-1.5129371,0.084147094]","[0.40421194,0.076803878,0.76152223]",0.18215056930731344,3.51361993961014,0.0878999940395355,false,nan,13.337773084640503,
sage_mppi_tuned,4,tuned_tall_pilot_01,tall,184,"[-0.17763102,-1.7507728,1.1183823,-1.3985526,-1.5129371,0.084147095]","[0.40421194,0.076803878,0.76152223]",0.18215056930731344,3.5136199380610957,0.0878999940395355,false,nan,13.347801208496094,
sage_mppi_tuned,4,tuned_tall_pilot_01,tall,185,"[-0.17763102,-1.7507728,1.1183823,-1.3985526,-1.5129371,0.084147096]","[0.40421194,0.076803878,0.76152223]",0.18215056930731344,3.51361993695035,0.0878999940395355,false,nan,13.357635974884033,
sage_mppi_tuned,4,tuned_tall_pilot_01,tall,186,"[-0.17763102,-1.7507728,1.1183823,-1.3985526,-1.5129371,0.084147097]","[0.39842206,0.073760793,0.76461065]",0.1751242481613679,3.5136199361314095,0.0878999940395355,false,nan,13.367693901062012,
sage_mppi_tuned,4,tuned_tall_pilot_01,tall,187,"[-0.18848555,-1.7615819,1.1181491,-1.3899095,-1.5111797,0.088289686]","[0.39842206,0.073760793,0.76461065]",0.1751242481613679,3.512602955642447,0.0878999940395355,false,nan,13.377609729766846,
sage_mppi_tuned,4,tuned_tall_pilot_01,tall,188,"[-0.18848554,-1.7615819,1.1181491,-1.3899095,-1.5111797,0.088289683]","[0.39842206,0.073760793,0.76461065]",0.1751242481613679,3.512602949638148,0.0878999940395355,false,nan,13.38761305809021,
sage_mppi_tuned,4,tuned_tall_pilot_01,tall,189,"[-0.18848554,-1.7615819,1.1181491,-1.3899095,-1.5111797,0.088289684]","[0.39842206,0.073760793,0.76461065]",0.1751242481613679,3.5126029477002976,0.0878999940395355,false,nan,13.397654294967651,
sage_mppi_tuned,4,tuned_tall_pilot_01,tall,190,"[-0.18848554,-1.7615819,1.1181491,-1.3899095,-1.5111797,0.088289685]","[0.39842206,0.073760793,0.76461065]",0.1751242481613679,3.512602946568272,0.0878999940395355,false,nan,13.407577991485596,
sage_mppi_tuned,4,tuned_tall_pilot_01,tall,191,"[-0.18848554,-1.7615819,1.1181491,-1.3899095,-1.5111797,0.088289686]","[0.39842206,0.073760793,0.76461065]",0.1751242481613679,3.5126029457601566,0.0878999940395355,false,nan,13.417587518692017,
sage_mppi_tuned,4,tuned_tall_pilot_01,tall,192,"[-0.18848554,-1.7615819,1.1181491,-1.3899095,-1.5111797,0.088289686]","[0.39245409,0.070828095,0.76763862]",0.16799975854436225,3.512602945160958,0.0878999940395355,false,nan,13.427750825881958,
sage_mppi_tuned,4,tuned_tall_pilot_01,tall,193,"[-0.19941737,-1.7725318,1.1177107,-1.3814277,-1.509342,0.092202349]","[0.39245409,0.070828095,0.76763862]",0.16799975854436225,3.5117068297007257,0.0878999940395355,false,nan,13.43773078918457,
sage_mppi_tuned,4,tuned_tall_pilot_01,tall,194,"[-0.19941736,-1.7725318,1.1177107,-1.3814277,-1.509342,0.092202346]","[0.39245409,0.070828095,0.76763862]",0.16799975854436225,3.5117068244856093,0.0878999940395355,false,nan,13.447717428207397,
sage_mppi_tuned,4,tuned_tall_pilot_01,tall,195,"[-0.19941736,-1.7725318,1.1177107,-1.3814277,-1.509342,0.092202346]","[0.39245409,0.070828095,0.76763862]",0.16799975854436225,3.511706823109466,0.0878999940395355,false,nan,13.45770001411438,
sage_mppi_tuned,4,tuned_tall_pilot_01,tall,196,"[-0.19941736,-1.7725318,1.1177107,-1.3814277,-1.509342,0.092202346]","[0.39245409,0.070828095,0.76763862]",0.16799975854436225,3.511706822389801,0.0878999940395355,false,nan,13.467572450637817,
sage_mppi_tuned,4,tuned_tall_pilot_01,tall,197,"[-0.19941736,-1.7725318,1.1177107,-1.3814277,-1.509342,0.092202347]","[0.39245409,0.070828095,0.76763862]",0.16799975854436225,3.5117068218858787,0.0878999940395355,false,nan,13.477574825286865,
sage_mppi_tuned,4,tuned_tall_pilot_01,tall,198,"[-0.19941736,-1.7725318,1.1177107,-1.3814277,-1.509342,0.092202347]","[0.38636467,0.068045795,0.7706005]",0.1608403965047697,3.511706821511227,0.0878999940395355,false,nan,13.487733125686646,
sage_mppi_tuned,4,tuned_tall_pilot_01,tall,199,"[-0.21113828,-1.7838216,1.1173494,-1.372768,-1.5077091,0.095910396]","[0.38636467,0.068045795,0.7706005]",0.1608403965047697,3.511083369485023,0.0878999940395355,false,nan,13.497843503952026,
sage_mppi_tuned,4,tuned_tall_pilot_01,tall,200,"[-0.21113827,-1.7838216,1.1173494,-1.372768,-1.5077091,0.095910392]","[0.38636467,0.068045795,0.7706005]",0.1608403965047697,3.5110833647909576,0.0878999940395355,false,nan,13.50780987739563,
sage_mppi_tuned,4,tuned_tall_pilot_01,tall,201,"[-0.21113827,-1.7838216,1.1173494,-1.372768,-1.5077091,0.095910391]","[0.38636467,0.068045795,0.7706005]",0.1608403965047697,3.511083363994842,0.0878999940395355,false,nan,13.517654180526733,
sage_mppi_tuned,4,tuned_tall_pilot_01,tall,202,"[-0.21113827,-1.7838216,1.1173494,-1.372768,-1.5077091,0.095910391]","[0.38636467,0.068045795,0.7706005]",0.1608403965047697,3.5110833637311876,0.0878999940395355,false,nan,13.528183698654175,
sage_mppi_tuned,4,tuned_tall_pilot_01,tall,203,"[-0.21113827,-1.7838216,1.1173494,-1.372768,-1.5077091,0.095910391]","[0.38636467,0.068045795,0.7706005]",0.1608403965047697,3.511083363571804,0.0878999940395355,false,nan,13.538217782974243,
sage_mppi_tuned,4,tuned_tall_pilot_01,tall,204,"[-0.21113827,-1.7838216,1.1173494,-1.372768,-1.5077091,0.095910392]","[0.38012266,0.065411747,0.77364939]",0.15358112196968843,3.5110833634561085,0.0878999940395355,false,nan,13.550375699996948,
sage_mppi_tuned,4,tuned_tall_pilot_01,tall,205,"[-0.22305252,-1.7947555,1.1167489,-1.3636118,-1.5064275,0.09940875]","[0.38012266,0.065411747,0.77364939]",0.15358112196968843,3.510246636173336,0.0878999940395355,false,nan,13.558266639709473,
sage_mppi_tuned,4,tuned_tall_pilot_01,tall,206,"[-0.22305251,-1.7947555,1.1167489,-1.3636118,-1.5064275,0.099408745]","[0.38012266,0.065411747,0.77364939]",0.15358112196968843,3.5102466321024663,0.0878999940395355,false,nan,13.56805682182312,
sage_mppi_tuned,4,tuned_tall_pilot_01,tall,207,"[-0.22305251,-1.7947555,1.1167489,-1.3636118,-1.5064275,0.099408744]","[0.38012266,0.065411747,0.77364939]",0.15358112196968843,3.5102466318713583,0.0878999940395355,false,nan,13.577887058258057,
sage_mppi_tuned,4,tuned_tall_pilot_01,tall,208,"[-0.22305251,-1.7947555,1.1167489,-1.3636118,-1.5064275,0.099408744]","[0.38012266,0.065411747,0.77364939]",0.15358112196968843,3.510246632046387,0.0878999940395355,false,nan,13.588096141815186,
sage_mppi_tuned,4,tuned_tall_pilot_01,tall,209,"[-0.22305251,-1.7947555,1.1167489,-1.3636118,-1.5064275,0.099408744]","[0.38012266,0.065411747,0.77364939]",0.15358112196968843,3.5102466322218877,0.0878999940395355,false,nan,13.598061084747314,
sage_mppi_tuned,4,tuned_tall_pilot_01,tall,210,"[-0.22305251,-1.7947555,1.1167489,-1.3636118,-1.5064275,0.099408744]","[0.37368834,0.062655777,0.7766788]",0.14612707356082544,3.510246632361404,0.0878999940395355,false,nan,13.60797929763794,
sage_mppi_tuned,4,tuned_tall_pilot_01,tall,211,"[-0.23470665,-1.8057945,1.1161523,-1.3542646,-1.5053774,0.10272988]","[0.37368834,0.062655777,0.7766788]",0.14612707356082544,3.5096101146521894,0.0878999940395355,false,nan,13.618384599685669,
sage_mppi_tuned,4,tuned_tall_pilot_01,tall,212,"[-0.23470664,-1.8057945,1.1161523,-1.3542646,-1.5053774,0.10272988]","[0.37368834,0.062655777,0.7766788]",0.14612707356082544,3.509610111453067,0.0878999940395355,false,nan,13.628968954086304,
sage_mppi_tuned,4,tuned_tall_pilot_01,tall,213,"[-0.23470664,-1.8057945,1.1161523,-1.3542646,-1.5053774,0.10272987]","[0.37368834,0.062655777,0.7766788]",0.14612707356082544,3.509610111762406,0.0878999940395355,false,nan,13.638370513916016,
sage_mppi_tuned,4,tuned_tall_pilot_01,tall,214,"[-0.23470664,-1.8057945,1.1161523,-1.3542646,-1.5053774,0.10272987]","[0.37368834,0.062655777,0.7766788]",0.14612707356082544,3.5096101123397374,0.0878999940395355,false,nan,13.648594856262207,
sage_mppi_tuned,4,tuned_tall_pilot_01,tall,215,"[-0.23470664,-1.8057945,1.1161523,-1.3542646,-1.5053774,0.10272987]","[0.37368834,0.062655777,0.7766788]",0.14612707356082544,3.509610112824338,0.0878999940395355,false,nan,13.658791542053223,
sage_mppi_tuned,4,tuned_tall_pilot_01,tall,216,"[-0.23470664,-1.8057945,1.1161523,-1.3542646,-1.5053774,0.10272987]","[0.36736247,0.059928034,0.77953672]",0.1388351111545287,3.509610113203195,0.0878999940395355,false,nan,13.668647766113281,
sage_mppi_tuned,4,tuned_tall_pilot_01,tall,217,"[-0.24614501,-1.8160723,1.1154451,-1.3448254,-1.5048205,0.1060461]","[0.36736247,0.059928034,0.77953672]",0.1388351111545287,3.5087034848323735,0.0878999940395355,false,nan,13.678681135177612,
sage_mppi_tuned,4,tuned_tall_pilot_01,tall,218,"[-0.246145,-1.8160723,1.1154451,-1.3448254,-1.5048205,0.10604609]","[0.36736247,0.059928034,0.77953672]",0.1388351111545287,3.508703482181287,0.0878999940395355,false,nan,13.68865418434143,
sage_mppi_tuned,4,tuned_tall_pilot_01,tall,219,"[-0.246145,-1.8160723,1.1154451,-1.3448254,-1.5048205,0.10604609]","[0.36736247,0.059928034,0.77953672]",0.1388351111545287,3.508703482897084,0.0878999940395355,false,nan,13.698773384094238,
sage_mppi_tuned,4,tuned_tall_pilot_01,tall,220,"[-0.246145,-1.8160723,1.1154451,-1.3448254,-1.5048205,0.10604609]","[0.36736247,0.059928034,0.77953672]",0.1388351111545287,3.5087034837861775,0.0878999940395355,false,nan,13.711153507232666,
sage_mppi_tuned,4,tuned_tall_pilot_01,tall,221,"[-0.246145,-1.8160723,1.1154451,-1.3448254,-1.5048205,0.10604609]","[0.36736247,0.059928034,0.77953672]",0.1388351111545287,3.5087034845133647,0.0878999940395355,false,nan,13.720616102218628,
sage_mppi_tuned,4,tuned_tall_pilot_01,tall,222,"[-0.246145,-1.8160723,1.1154451,-1.3448254,-1.5048205,0.10604609]","[0.36090603,0.057454925,0.78231966]",0.13152847607528406,3.5087034850808947,0.0878999940395355,false,nan,13.729021787643433,
sage_mppi_tuned,4,tuned_tall_pilot_01,tall,223,"[-0.25713742,-1.8262292,1.1149986,-1.3358894,-1.5042722,0.10915232]","[0.36090603,0.057454925,0.78231966]",0.13152847607528406,3.5082616324510187,0.0878999940395355,false,nan,13.738731384277344,
sage_mppi_tuned,4,tuned_tall_pilot_01,tall,224,"[-0.25713741,-1.8262292,1.1149986,-1.3358894,-1.5042722,0.10915231]","[0.36090603,0.057454925,0.78231966]",0.13152847607528406,3.50826163048227,0.0878999940395355,false,nan,13.751890182495117,
sage_mppi_tuned,4,tuned_tall_pilot_01,tall,225,"[-0.25713741,-1.8262292,1.1149986,-1.3358894,-1.5042722,0.10915231]","[0.36090603,0.057454925,0.78231966]",0.13152847607528406,3.5082616315611834,0.0878999940395355,false,nan,13.761660814285278,
sage_mppi_tuned,4,tuned_tall_pilot_01,tall,226,"[-0.25713742,-1.8262292,1.1149986,-1.3358894,-1.5042723,0.10915231]","[0.36090603,0.057454925,0.78231966]",0.13152847607528406,3.508261632717308,0.0878999940395355,false,nan,13.771854400634766,
sage_mppi_tuned,4,tuned_tall_pilot_01,tall,227,"[-0.25713742,-1.8262292,1.1149986,-1.3358894,-1.5042723,0.10915231]","[0.36090603,0.057454925,0.78231966]",0.13152847607528406,3.5082616336537535,0.0878999940395355,false,nan,13.78181791305542,
sage_mppi_tuned,4,tuned_tall_pilot_01,tall,228,"[-0.25713742,-1.8262292,1.1149986,-1.3358894,-1.5042723,0.10915231]","[0.36090603,0.057454925,0.78231966]",0.13152847607528406,3.508261634386798,0.0878999940395355,false,nan,13.792007207870483,
sage_mppi_tuned,4,tuned_tall_pilot_01,tall,229,"[-0.25713742,-1.8262292,1.1149986,-1.3358894,-1.5042723,0.10915231]","[0.35482472,0.0550672,0.78479981]",0.12466985573446465,3.5082616349575972,0.0878999940395355,false,nan,13.802310943603516,
sage_mppi_tuned,4,tuned_tall_pilot_01,tall,230,"[-0.26757542,-1.8359,1.1144281,-1.3272887,-1.5035,0.11174465]","[0.35482472,0.0550672,0.78479981]",0.12466985573446465,3.5079931799167436,0.0878999940395355,false,nan,13.812390327453613,
sage_mppi_tuned,4,tuned_tall_pilot_01,tall,231,"[-0.26757542,-1.8359,1.1144281,-1.3272887,-1.5035,0.11174465]","[0.35482472,0.0550672,0.78479981]",0.12466985573446465,3.5079931783699974,0.0878999940395355,false,nan,13.82250714302063,
sage_mppi_tuned,4,tuned_tall_pilot_01,tall,232,"[-0.26757542,-1.8359,1.1144281,-1.3272887,-1.5035001,0.11174464]","[0.35482472,0.0550672,0.78479981]",0.12466985573446465,3.5079931796051698,0.0878999940395355,false,nan,13.832959413528442,
sage_mppi_tuned,4,tuned_tall_pilot_01,tall,233,"[-0.26757542,-1.8359,1.1144281,-1.3272887,-1.5035001,0.11174464]","[0.35482472,0.0550672,0.78479981]",0.12466985573446465,3.507993180867035,0.0878999940395355,false,nan,13.843219518661499,
sage_mppi_tuned,4,tuned_tall_pilot_01,tall,234,"[-0.26757542,-1.8359,1.1144281,-1.3272887,-1.5035001,0.11174464]","[0.35482472,0.0550672,0.78479981]",0.12466985573446465,3.507993181887996,0.0878999940395355,false,nan,13.853027582168579,
sage_mppi_tuned,4,tuned_tall_pilot_01,tall,235,"[-0.26757542,-1.8359,1.1144281,-1.3272887,-1.5035001,0.11174464]","[0.35482472,0.0550672,0.78479981]",0.12466985573446465,3.507993182690285,0.0878999940395355,false,nan,13.859577894210815,
sage_mppi_tuned,4,tuned_tall_pilot_01,tall,236,"[-0.26757542,-1.8359,1.1144281,-1.3272887,-1.5035001,0.11174464]","[0.35482472,0.0550672,0.78479981]",0.12466985573446465,3.5079931833179034,0.0878999940395355,false,nan,13.86937689781189,
sage_mppi_tuned,4,tuned_tall_pilot_01,tall,237,"[-0.26757542,-1.8359,1.1144281,-1.3272887,-1.5035001,0.11174464]","[0.35482472,0.0550672,0.78479981]",0.12466985573446465,3.507993183808492,0.0878999940395355,false,nan,13.87937593460083,
sage_mppi_tuned,4,tuned_tall_pilot_01,tall,238,"[-0.26757542,-1.8359,1.1144281,-1.3272887,-1.5035001,0.11174464]","[0.34883603,0.052948233,0.78712207]",0.1180181185137286,3.507993184191906,0.0878999940395355,false,nan,13.889766693115234,
sage_mppi_tuned,4,tuned_tall_pilot_01,tall,239,"[-0.27821575,-1.845086,1.1141637,-1.3189343,-1.5031851,0.11414004]","[0.34883603,0.052948233,0.78712207]",0.1180181185137286,3.507974530912653,0.0878999940395355,false,nan,13.899864435195923,
sage_mppi_tuned,4,tuned_tall_pilot_01,tall,240,"[-0.27821574,-1.845086,1.1141637,-1.3189343,-1.5031851,0.11414003]","[0.34883603,0.052948233,0.78712207]",0.1180181185137286,3.5079745291939366,0.0878999940395355,false,nan,13.909188508987427,
sage_mppi_tuned,4,tuned_tall_pilot_01,tall,241,"[-0.27821574,-1.845086,1.1141637,-1.3189343,-1.5031851,0.11414003]","[0.34883603,0.052948233,0.78712207]",0.1180181185137286,3.5079745304101095,0.0878999940395355,false,nan,13.919708013534546,
sage_mppi_tuned,4,tuned_tall_pilot_01,tall,242,"[-0.27821574,-1.845086,1.1141637,-1.3189343,-1.5031851,0.11414003]","[0.34883603,0.052948233,0.78712207]",0.1180181185137286,3.5079745316717514,0.0878999940395355,false,nan,13.929332256317139,
sage_mppi_tuned,4,tuned_tall_pilot_01,tall,243,"[-0.27821574,-1.845086,1.1141637,-1.3189343,-1.5031852,0.11414003]","[0.34883603,0.052948233,0.78712207]",0.1180181185137286,3.5079745326974483,0.0878999940395355,false,nan,13.939164876937866,
sage_mppi_tuned,4,tuned_tall_pilot_01,tall,244,"[-0.27821574,-1.845086,1.1141637,-1.3189343,-1.5031852,0.11414003]","[0.34883603,0.052948233,0.78712207]",0.1180181185137286,3.507974533506844,0.0878999940395355,false,nan,13.949295997619629,
sage_mppi_tuned,4,tuned_tall_pilot_01,tall,245,"[-0.27821574,-1.845086,1.1141637,-1.3189343,-1.5031852,0.11414003]","[0.34308094,0.051107854,0.78931856]",0.1117010362383496,3.5079745341426856,0.0878999940395355,false,nan,13.959299564361572,
sage_mppi_tuned,4,tuned_tall_pilot_01,tall,246,"[-0.28845525,-1.8542419,1.1138754,-1.3106146,-1.5028502,0.11657105]","[0.34308094,0.051107854,0.78931856]",0.1117010362383496,3.50801186569029,0.0878999940395355,false,nan,13.96920132637024,
sage_mppi_tuned,4,tuned_tall_pilot_01,tall,247,"[-0.28845525,-1.8542419,1.1138754,-1.3106146,-1.5028503,0.11657104]","[0.34308094,0.051107854,0.78931856]",0.1117010362383496,3.5080118644126954,0.0878999940395355,false,nan,13.979135751724243,
sage_mppi_tuned,4,tuned_tall_pilot_01,tall,248,"[-0.28845525,-1.8542419,1.1138754,-1.3106146,-1.5028503,0.11657104]","[0.34308094,0.051107854,0.78931856]",0.1117010362383496,3.508011865805657,0.0878999940395355,false,nan,13.988976240158081,
sage_mppi_tuned,4,tuned_tall_pilot_01,tall,249,"[-0.28845525,-1.8542419,1.1138754,-1.3106146,-1.5028503,0.11657104]","[0.34308094,0.051107854,0.78931856]",0.1117010362383496,3.508011867191525,0.0878999940395355,false,nan,13.999247789382935,
sage_mppi_tuned,4,tuned_tall_pilot_01,tall,250,"[-0.28845525,-1.8542419,1.1138754,-1.3106146,-1.5028503,0.11657104]","[0.34308094,0.051107854,0.78931856]",0.1117010362383496,3.508011868316899,0.0878999940395355,false,nan,14.00917935371399,
sage_mppi_tuned,4,tuned_tall_pilot_01,tall,251,"[-0.28845525,-1.8542419,1.1138754,-1.3106146,-1.5028503,0.11657104]","[0.34308094,0.051107854,0.78931856]",0.1117010362383496,3.5080118692077473,0.0878999940395355,false,nan,14.01916241645813,
sage_mppi_tuned,4,tuned_tall_pilot_01,tall,252,"[-0.28845525,-1.8542419,1.1138755,-1.3106146,-1.5028503,0.11657104]","[0.3376728,0.049181554,0.79119861]",0.10574669996124313,3.508011869910223,0.0878999940395355,false,nan,14.029281854629517,
sage_mppi_tuned,4,tuned_tall_pilot_01,tall,253,"[-0.29845399,-1.8631249,1.1135958,-1.3021797,-1.502582,0.11898989]","[0.3376728,0.049181554,0.79119861]",0.10574669996124313,3.5080305882054224,0.0878999940395355,false,nan,14.039163827896118,
sage_mppi_tuned,4,tuned_tall_pilot_01,tall,254,"[-0.29845399,-1.8631249,1.1135958,-1.3021797,-1.502582,0.11898988]","[0.3376728,0.049181554,0.79119861]",0.10574669996124313,3.5080305870285264,0.0878999940395355,false,nan,14.049245834350586,
sage_mppi_tuned,4,tuned_tall_pilot_01,tall,255,"[-0.29845399,-1.8631249,1.1135958,-1.3021797,-1.502582,0.11898988]","[0.3376728,0.049181554,0.79119861]",0.10574669996124313,3.508030588421635,0.0878999940395355,false,nan,14.059246301651001,
sage_mppi_tuned,4,tuned_tall_pilot_01,tall,256,"[-0.29845399,-1.8631249,1.1135958,-1.3021797,-1.5025821,0.11898988]","[0.3376728,0.049181554,0.79119861]",0.10574669996124313,3.508030589801596,0.0878999940395355,false,nan,14.069275379180908,
sage_mppi_tuned,4,tuned_tall_pilot_01,tall,257,"[-0.29845399,-1.8631249,1.1135958,-1.3021797,-1.5025821,0.11898988]","[0.3376728,0.049181554,0.79119861]",0.10574669996124313,3.508030590924883,0.0878999940395355,false,nan,14.079012632369995,
sage_mppi_tuned,4,tuned_tall_pilot_01,tall,258,"[-0.29845399,-1.8631249,1.1135958,-1.3021797,-1.5025821,0.11898988]","[0.3376728,0.049181554,0.79119861]",0.10574669996124313,3.508030591817027,0.0878999940395355,false,nan,14.08894419670105,
sage_mppi_tuned,4,tuned_tall_pilot_01,tall,259,"[-0.29845399,-1.8631249,1.1135958,-1.3021797,-1.5025821,0.11898988]","[0.33224329,0.047511443,0.79302663]",0.09986378726507146,3.5080305925229758,0.0878999940395355,false,nan,14.099043846130371,
sage_mppi_tuned,4,tuned_tall_pilot_01,tall,260,"[-0.30888604,-1.8720579,1.1135005,-1.2936843,-1.5023,0.1213979]","[0.33224329,0.047511443,0.79302663]",0.09986378726507146,3.508263648548064,0.0878999940395355,false,nan,14.108994007110596,
sage_mppi_tuned,4,tuned_tall_pilot_01,tall,261,"[-0.30888603,-1.8720579,1.1135005,-1.2936843,-1.5023001,0.1213979]","[0.33224329,0.047511443,0.79302663]",0.09986378726507146,3.5082636471361677,0.0878999940395355,false,nan,14.119035720825195,
sage_mppi_tuned,4,tuned_tall_pilot_01,tall,262,"[-0.30888603,-1.8720579,1.1135005,-1.2936843,-1.5023001,0.1213979]","[0.33224329,0.047511443,0.79302663]",0.09986378726507146,3.508263648464012,0.0878999940395355,false,nan,14.12918996810913,
sage_mppi_tuned,4,tuned_tall_pilot_01,tall,263,"[-0.30888603,-1.8720579,1.1135005,-1.2936843,-1.5023001,0.1213979]","[0.33224329,0.047511443,0.79302663]",0.09986378726507146,3.5082636498084416,0.0878999940395355,false,nan,14.139039754867554,
sage_mppi_tuned,4,tuned_tall_pilot_01,tall,264,"[-0.30888603,-1.8720579,1.1135005,-1.2936843,-1.5023001,0.1213979]","[0.33224329,0.047511443,0.79302663]",0.09986378726507146,3.508263650908247,0.0878999940395355,false,nan,14.148974180221558,
sage_mppi_tuned,4,tuned_tall_pilot_01,tall,265,"[-0.30888603,-1.8720579,1.1135005,-1.2936843,-1.5023001,0.1213979]","[0.33224329,0.047511443,0.79302663]",0.09986378726507146,3.508263651784734,0.0878999940395355,false,nan,14.15917444229126,
sage_mppi_tuned,4,tuned_tall_pilot_01,tall,266,"[-0.30888603,-1.8720579,1.1135005,-1.2936843,-1.5023002,0.1213979]","[0.32694969,0.045984559,0.79469585]",0.0941823205544722,3.5082636524805486,0.0878999940395355,false,nan,14.16916561126709,
sage_mppi_tuned,4,tuned_tall_pilot_01,tall,267,"[-0.31904126,-1.881049,1.1131467,-1.2850987,-1.5020167,0.1238559]","[0.32694969,0.045984559,0.79469585]",0.0941823205544722,3.5083649346360684,0.0878999940395355,false,nan,14.179150342941284,
sage_mppi_tuned,4,tuned_tall_pilot_01,tall,268,"[-0.31904126,-1.881049,1.1131467,-1.2850987,-1.5020167,0.12385589]","[0.32694969,0.045984559,0.79469585]",0.0941823205544722,3.5083649332947693,0.0878999940395355,false,nan,14.18910264968872,
sage_mppi_tuned,4,tuned_tall_pilot_01,tall,269,"[-0.31904125,-1.881049,1.1131467,-1.2850987,-1.5020168,0.12385589]","[0.32694969,0.045984559,0.79469585]",0.0941823205544722,3.5083649345184287,0.0878999940395355,false,nan,14.199116706848145,
sage_mppi_tuned,4,tuned_tall_pilot_01,tall,270,"[-0.31904125,-1.881049,1.1131467,-1.2850987,-1.5020168,0.12385589]","[0.32694969,0.045984559,0.79469585]",0.0941823205544722,3.50836493576555,0.0878999940395355,false,nan,14.209012985229492,
sage_mppi_tuned,4,tuned_tall_pilot_01,tall,271,"[-0.31904125,-1.881049,1.1131467,-1.2850987,-1.5020168,0.12385589]","[0.32694969,0.045984559,0.79469585]",0.0941823205544722,3.508364936789222,0.0878999940395355,false,nan,14.21884560585022,
sage_mppi_tuned,4,tuned_tall_pilot_01,tall,272,"[-0.31904125,-1.881049,1.1131467,-1.2850987,-1.5020168,0.12385589]","[0.32694969,0.045984559,0.79469585]",0.0941823205544722,3.5083649376075403,0.0878999940395355,false,nan,14.229092359542847,
sage_mppi_tuned,4,tuned_tall_pilot_01,tall,273,"[-0.31904125,-1.881049,1.1131467,-1.2850987,-1.5020169,0.12385589]","[0.32694969,0.045984559,0.79469585]",0.0941823205544722,3.5083649382591364,0.0878999940395355,false,nan,14.239058494567871,
sage_mppi_tuned,4,tuned_tall_pilot_01,tall,274,"[-0.31904125,-1.881049,1.1131467,-1.2850987,-1.5020169,0.12385589]","[0.32167247,0.044432137,0.79623985]",0.08853343114139015,3.5083649387776346,0.0878999940395355,false,nan,14.248840093612671,
sage_mppi_tuned,4,tuned_tall_pilot_01,tall,275,"[-0.32801805,-1.8889294,1.1142566,-1.277251,-1.5029784,0.12580465]","[0.32167247,0.044432137,0.79623985]",0.08853343114139015,3.5096037214499245,0.0878999940395355,false,nan,14.259062051773071,
sage_mppi_tuned,4,tuned_tall_pilot_01,tall,276,"[-0.32801804,-1.8889294,1.1142566,-1.277251,-1.5029785,0.12580464]","[0.32167247,0.044432137,0.79623985]",0.08853343114139015,3.5096037199710715,0.0878999940395355,false,nan,14.269101619720459,
sage_mppi_tuned,4,tuned_tall_pilot_01,tall,277,"[-0.32801804,-1.8889294,1.1142566,-1.277251,-1.5029785,0.12580464]","[0.32167247,0.044432137,0.79623985]",0.08853343114139015,3.5096037208770845,0.0878999940395355,false,nan,14.278966665267944,
sage_mppi_tuned,4,tuned_tall_pilot_01,tall,278,"[-0.32801804,-1.8889294,1.1142566,-1.277251,-1.5029785,0.12580464]","[0.32167247,0.044432137,0.79623985]",0.08853343114139015,3.509603721846738,0.0878999940395355,false,nan,14.288997411727905,
sage_mppi_tuned,4,tuned_tall_pilot_01,tall,279,"[-0.32801804,-1.8889294,1.1142566,-1.277251,-1.5029785,0.12580464]","[0.32167247,0.044432137,0.79623985]",0.08853343114139015,3.5096037226480785,0.0878999940395355,false,nan,14.298930406570435,
sage_mppi_tuned,4,tuned_tall_pilot_01,tall,280,"[-0.32801804,-1.8889294,1.1142566,-1.277251,-1.5029786,0.12580464]","[0.31627959,0.043117862,0.79784179]",0.08284774625427518,3.5096037232904393,0.0878999940395355,false,nan,14.309068202972412,
sage_mppi_tuned,4,tuned_tall_pilot_01,tall,281,"[-0.33401816,-1.8949295,1.1153515,-1.2712509,-1.5039753,0.12765884]","[0.31627959,0.043117862,0.79784179]",0.08284774625427518,3.5106084228283123,0.0878999940395355,false,nan,14.319056510925293,
sage_mppi_tuned,4,tuned_tall_pilot_01,tall,282,"[-0.33401815,-1.8949295,1.1153515,-1.2712509,-1.5039753,0.12765884]","[0.31627959,0.043117862,0.79784179]",0.08284774625427518,3.5106084221547493,0.0878999940395355,false,nan,14.329379558563232,
sage_mppi_tuned,4,tuned_tall_pilot_01,tall,283,"[-0.33401815,-1.8949295,1.1153515,-1.2712509,-1.5039753,0.12765884]","[0.31627959,0.043117862,0.79784179]",0.08284774625427518,3.510608422909011,0.0878999940395355,false,nan,14.338934659957886,
sage_mppi_tuned,4,tuned_tall_pilot_01,tall,284,"[-0.33401815,-1.8949295,1.1153515,-1.2712509,-1.5039753,0.12765884]","[0.31627959,0.043117862,0.79784179]",0.08284774625427518,3.5106084236674566,0.0878999940395355,false,nan,14.348980903625488,
sage_mppi_tuned,4,tuned_tall_pilot_01,tall,285,"[-0.33401815,-1.8949295,1.1153515,-1.2712509,-1.5039754,0.12765884]","[0.31627959,0.043117862,0.79784179]",0.08284774625427518,3.51060842429122,0.0878999940395355,false,nan,14.358927249908447,
sage_mppi_tuned,4,tuned_tall_pilot_01,tall,286,"[-0.33401815,-1.8949295,1.1153515,-1.2712509,-1.5039754,0.12765884]","[0.31627959,0.043117862,0.79784179]",0.08284774625427518,3.5106084247915375,0.0878999940395355,false,nan,14.368908643722534,
sage_mppi_tuned,4,tuned_tall_pilot_01,tall,287,"[-0.33401815,-1.8949295,1.1153515,-1.2712509,-1.5039754,0.12765884]","[0.31181565,0.041822579,0.79856008]",0.0781507699043291,3.510608425191347,0.0878999940395355,false,nan,14.378891706466675,
sage_mppi_tuned,4,tuned_tall_pilot_01,tall,288,"[-0.34001826,-1.9009297,1.1171309,-1.2652508,-1.5057047,0.1293063]","[0.31181565,0.041822579,0.79856008]",0.0781507699043291,3.512237518232471,0.0878999940395355,false,nan,14.38910961151123,
sage_mppi_tuned,4,tuned_tall_pilot_01,tall,289,"[-0.34001825,-1.9009296,1.1171309,-1.2652508,-1.5057047,0.1293063]","[0.31181565,0.041822579,0.79856008]",0.0781507699043291,3.5122375172565414,0.0878999940395355,false,nan,14.399013996124268,
sage_mppi_tuned,4,tuned_tall_pilot_01,tall,290,"[-0.34001825,-1.9009296,1.1171309,-1.2652508,-1.5057047,0.1293063]","[0.31181565,0.041822579,0.79856008]",0.0781507699043291,3.512237517798804,0.0878999940395355,false,nan,14.409522771835327,
sage_mppi_tuned,4,tuned_tall_pilot_01,tall,291,"[-0.34001825,-1.9009297,1.1171309,-1.2652508,-1.5057048,0.1293063]","[0.31181565,0.041822579,0.79856008]",0.0781507699043291,3.512237518391512,0.0878999940395355,false,nan,14.418967962265015,
sage_mppi_tuned,4,tuned_tall_pilot_01,tall,292,"[-0.34001825,-1.9009297,1.1171309,-1.2652508,-1.5057048,0.1293063]","[0.31181565,0.041822579,0.79856008]",0.0781507699043291,3.5122375188837927,0.0878999940395355,false,nan,14.428786516189575,
sage_mppi_tuned,4,tuned_tall_pilot_01,tall,293,"[-0.34001825,-1.9009297,1.1171309,-1.2652508,-1.5057048,0.1293063]","[0.30842742,0.041106954,0.7989738]",0.0746803285110115,3.5122375192796285,0.0878999940395355,false,nan,14.438796043395996,
sage_mppi_tuned,4,tuned_tall_pilot_01,tall,294,"[-0.34601835,-1.9069298,1.1192692,-1.2592507,-1.5076596,0.13080324]","[0.30842742,0.041106954,0.7989738]",0.0746803285110115,3.5142394220943,0.0878999940395355,false,nan,14.449068546295166,
sage_mppi_tuned,4,tuned_tall_pilot_01,tall,295,"[-0.34601834,-1.9069298,1.1192692,-1.2592507,-1.5076596,0.13080324]","[0.30842742,0.041106954,0.7989738]",0.0746803285110115,3.5142394209586296,0.0878999940395355,false,nan,14.459067821502686,
sage_mppi_tuned,4,tuned_tall_pilot_01,tall,296,"[-0.34601834,-1.9069298,1.1192692,-1.2592507,-1.5076596,0.13080324]","[0.30842742,0.041106954,0.7989738]",0.0746803285110115,3.514239421384517,0.0878999940395355,false,nan,14.468836784362793,
sage_mppi_tuned,4,tuned_tall_pilot_01,tall,297,"[-0.34601834,-1.9069298,1.1192692,-1.2592507,-1.5076597,0.13080324]","[0.30842742,0.041106954,0.7989738]",0.0746803285110115,3.5142394218856663,0.0878999940395355,false,nan,14.47895884513855,
sage_mppi_tuned,4,tuned_tall_pilot_01,tall,298,"[-0.34601834,-1.9069298,1.1192692,-1.2592507,-1.5076597,0.13080324]","[0.30842742,0.041106954,0.7989738]",0.0746803285110115,3.51423942230526,0.0878999940395355,false,nan,14.488880395889282,
sage_mppi_tuned,4,tuned_tall_pilot_01,tall,299,"[-0.34601834,-1.9069298,1.1192692,-1.2592507,-1.5076597,0.13080324]","[0.30842742,0.041106954,0.7989738]",0.0746803285110115,3.514239422643339,0.0878999940395355,false,nan,14.499099254608154,
sage_mppi_tuned,5,tuned_tall_pilot_02,tall,0,"[-6.2071989e-05,-1.5700032,1.100029,-1.5700209,-1.5699973,1.0829615e-06]","[0.48398483,0.13334961,0.721358]",0.18483909143977303,3.7118145500712365,0.0878999940395355,false,nan,43.63475942611694,
sage_mppi_tuned,5,tuned_tall_pilot_02,tall,1,"[-6.2071989e-05,-1.5700032,1.100029,-1.5700209,-1.5699973,1.0829615e-06]","[0.48398483,0.13334961,0.721358]",0.18483909143977303,3.7118145500712365,0.0878999940395355,false,nan,43.63876008987427,
sage_mppi_tuned,5,tuned_tall_pilot_02,tall,2,"[-0.004347634,-1.5674397,1.1041157,-1.5676801,-1.5682432,0.0017927633]","[0.48398483,0.13334961,0.721358]",0.18483909143977303,3.7114668639322974,0.0878999940395355,false,nan,43.646373987197876,
sage_mppi_tuned,5,tuned_tall_pilot_02,tall,3,"[-0.0043476421,-1.5674397,1.1041157,-1.5676801,-1.5682432,0.0017927602]","[0.48398483,0.13334961,0.721358]",0.18483909143977303,3.711466862179082,0.0878999940395355,false,nan,43.65612077713013,
sage_mppi_tuned,5,tuned_tall_pilot_02,tall,4,"[-0.0043476465,-1.5674397,1.1041157,-1.5676801,-1.5682432,0.0017927574]","[0.48398483,0.13334961,0.721358]",0.18483909143977303,3.7114668615719433,0.0878999940395355,false,nan,43.666343688964844,
sage_mppi_tuned,5,tuned_tall_pilot_02,tall,5,"[-0.0043476491,-1.5674397,1.1041157,-1.5676801,-1.5682432,0.0017927556]","[0.48398483,0.13334961,0.721358]",0.18483909143977303,3.711466861250089,0.0878999940395355,false,nan,43.67713117599487,
sage_mppi_tuned,5,tuned_tall_pilot_02,tall,6,"[-0.0043476507,-1.5674397,1.1041157,-1.5676801,-1.5682432,0.0017927544]","[0.48398483,0.13334961,0.721358]",0.18483909143977303,3.7114668610566275,0.0878999940395355,false,nan,43.686267137527466,
sage_mppi_tuned,5,tuned_tall_pilot_02,tall,7,"[-0.0043476517,-1.5674397,1.1041157,-1.5676801,-1.5682432,0.0017927537]","[0.48398483,0.13334961,0.721358]",0.18483909143977303,3.7114668609372674,0.0878999940395355,false,nan,43.69624733924866,
sage_mppi_tuned,5,tuned_tall_pilot_02,tall,8,"[-0.0043476524,-1.5674397,1.1041157,-1.5676801,-1.5682432,0.0017927532]","[0.48398483,0.13334961,0.721358]",0.18483909143977303,3.711466860863207,0.0878999940395355,false,nan,43.70859718322754,
sage_mppi_tuned,5,tuned_tall_pilot_02,tall,9,"[-0.0055207184,-1.5662495,1.1054306,-1.5668703,-1.568183,0.0022680548]","[0.48398483,0.13334961,0.721358]",0.18483909143977303,3.711468366578476,0.0878999940395355,false,nan,43.71627068519592,
sage_mppi_tuned,5,tuned_tall_pilot_02,tall,10,"[-0.0055207221,-1.5662495,1.1054306,-1.5668703,-1.568183,0.0022680533]","[0.48398483,0.13334961,0.721358]",0.18483909143977303,3.711468365723389,0.0878999940395355,false,nan,43.72638392448425,
sage_mppi_tuned,5,tuned_tall_pilot_02,tall,11,"[-0.0055207241,-1.5662495,1.1054306,-1.5668703,-1.568183,0.002268052]","[0.48398483,0.13334961,0.721358]",0.18483909143977303,3.7114683654392757,0.0878999940395355,false,nan,43.736406564712524,
sage_mppi_tuned,5,tuned_tall_pilot_02,tall,12,"[-0.0055207253,-1.5662495,1.1054306,-1.5668703,-1.568183,0.0022680512]","[0.48398483,0.13334961,0.721358]",0.18483909143977303,3.7114683652899307,0.0878999940395355,false,nan,43.746570110321045,
sage_mppi_tuned,5,tuned_tall_pilot_02,tall,13,"[-0.005520726,-1.5662495,1.1054306,-1.5668703,-1.568183,0.0022680507]","[0.48398483,0.13334961,0.721358]",0.18483909143977303,3.7114683652001554,0.0878999940395355,false,nan,43.75656461715698,
sage_mppi_tuned,5,tuned_tall_pilot_02,tall,14,"[-0.0055207264,-1.5662495,1.1054306,-1.5668703,-1.568183,0.0022680503]","[0.48398483,0.13334961,0.721358]",0.18483909143977303,3.71146836514474,0.0878999940395355,false,nan,43.76646971702576,
sage_mppi_tuned,5,tuned_tall_pilot_02,tall,15,"[-0.0055207267,-1.5662495,1.1054306,-1.5668703,-1.568183,0.0022680501]","[0.48641652,0.13144082,0.7178241]",0.18659079006791157,3.7114683651103655,0.0878999940395355,false,nan,43.77645826339722,
sage_mppi_tuned,5,tuned_tall_pilot_02,tall,16,"[-0.0060943599,-1.5649913,1.106863,-1.5657665,-1.5680367,0.0029485977]","[0.48641652,0.13144082,0.7178241]",0.18659079006791157,3.7118533715181194,0.0878999940395355,false,nan,43.786376953125,
sage_mppi_tuned,5,tuned_tall_pilot_02,tall,17,"[-0.0060943637,-1.5649913,1.106863,-1.5657665,-1.5680367,0.0029485963]","[0.48641652,0.13144082,0.7178241]",0.18659079006791157,3.7118533705740866,0.0878999940395355,false,nan,43.79640173912048,
sage_mppi_tuned,5,tuned_tall_pilot_02,tall,18,"[-0.0060943657,-1.5649913,1.106863,-1.5657665,-1.5680367,0.002948595]","[0.48641652,0.13144082,0.7178241]",0.18659079006791157,3.71185337028357,0.0878999940395355,false,nan,43.80648899078369,
sage_mppi_tuned,5,tuned_tall_pilot_02,tall,19,"[-0.0060943669,-1.5649913,1.106863,-1.5657665,-1.5680367,0.0029485942]","[0.48641652,0.13144082,0.7178241]",0.18659079006791157,3.7118533701347696,0.0878999940395355,false,nan,43.81639790534973,
sage_mppi_tuned,5,tuned_tall_pilot_02,tall,20,"[-0.0060943676,-1.5649913,1.106863,-1.5657665,-1.5680367,0.0029485937]","[0.48641652,0.13144082,0.7178241]",0.18659079006791157,3.711853370045717,0.0878999940395355,false,nan,43.826618671417236,
sage_mppi_tuned,5,tuned_tall_pilot_02,tall,21,"[-0.006094368,-1.5649913,1.106863,-1.5657665,-1.5680367,0.0029485934]","[0.48641652,0.13144082,0.7178241]",0.18659079006791157,3.7118533699907856,0.0878999940395355,false,nan,43.83643937110901,
sage_mppi_tuned,5,tuned_tall_pilot_02,tall,22,"[-0.0060943683,-1.5649913,1.106863,-1.5657665,-1.5680367,0.0029485931]","[0.48736453,0.13087176,0.71650016]",0.1871476063670595,3.711853369956733,0.0878999940395355,false,nan,43.846314668655396,
sage_mppi_tuned,5,tuned_tall_pilot_02,tall,23,"[-0.0059470835,-1.5634701,1.1081058,-1.5647139,-1.5678026,0.003608749]","[0.48736453,0.13087176,0.71650016]",0.1871476063670595,3.7125965485044596,0.0878999940395355,false,nan,43.856606006622314,
sage_mppi_tuned,5,tuned_tall_pilot_02,tall,24,"[-0.0059470878,-1.5634701,1.1081058,-1.5647139,-1.5678026,0.0036087474]","[0.48736453,0.13087176,0.71650016]",0.1871476063670595,3.712596547360976,0.0878999940395355,false,nan,43.86630940437317,
sage_mppi_tuned,5,tuned_tall_pilot_02,tall,25,"[-0.00594709,-1.5634701,1.1081058,-1.5647139,-1.5678026,0.003608746]","[0.48736453,0.13087176,0.71650016]",0.1871476063670595,3.712596547033524,0.0878999940395355,false,nan,43.87621712684631,
sage_mppi_tuned,5,tuned_tall_pilot_02,tall,26,"[-0.0059470913,-1.5634701,1.1081058,-1.5647139,-1.5678026,0.003608745]","[0.48736453,0.13087176,0.71650016]",0.1871476063670595,3.7125965468701154,0.0878999940395355,false,nan,43.88631296157837,
sage_mppi_tuned,5,tuned_tall_pilot_02,tall,27,"[-0.0059470921,-1.5634701,1.1081058,-1.5647139,-1.5678026,0.0036087445]","[0.48736453,0.13087176,0.71650016]",0.1871476063670595,3.712596546772742,0.0878999940395355,false,nan,43.89621543884277,
sage_mppi_tuned,5,tuned_tall_pilot_02,tall,28,"[-0.0059470926,-1.5634701,1.1081058,-1.5647139,-1.5678026,0.0036087441]","[0.48736453,0.13087176,0.71650016]",0.1871476063670595,3.7125965467127204,0.0878999940395355,false,nan,43.906556844711304,
sage_mppi_tuned,5,tuned_tall_pilot_02,tall,29,"[-0.0059470929,-1.5634701,1.1081058,-1.5647139,-1.5678026,0.0036087439]","[0.488269,0.13060167,0.71504569]",0.18740198888953324,3.7125965466755417,0.0878999940395355,false,nan,43.92010164260864,
sage_mppi_tuned,5,tuned_tall_pilot_02,tall,30,"[-0.0049179257,-1.5620971,1.1092428,-1.5636092,-1.567944,0.0041619687]","[0.488269,0.13060167,0.71504569]",0.18740198888953324,3.713801260578669,0.0878999940395355,false,nan,43.930116176605225,
sage_mppi_tuned,5,tuned_tall_pilot_02,tall,31,"[-0.0049179295,-1.5620972,1.1092428,-1.5636092,-1.567944,0.0041619672]","[0.488269,0.13060167,0.71504569]",0.18740198888953324,3.7138012594895264,0.0878999940395355,false,nan,43.936450719833374,
sage_mppi_tuned,5,tuned_tall_pilot_02,tall,32,"[-0.0049179315,-1.5620972,1.1092428,-1.5636092,-1.567944,0.004161966]","[0.488269,0.13060167,0.71504569]",0.18740198888953324,3.7138012592029725,0.0878999940395355,false,nan,43.94645547866821,
sage_mppi_tuned,5,tuned_tall_pilot_02,tall,33,"[-0.0049179326,-1.5620972,1.1092428,-1.5636092,-1.567944,0.0041619651]","[0.488269,0.13060167,0.71504569]",0.18740198888953324,3.7138012590647405,0.0878999940395355,false,nan,43.95629262924194,
sage_mppi_tuned,5,tuned_tall_pilot_02,tall,34,"[-0.0049179333,-1.5620972,1.1092428,-1.5636092,-1.567944,0.0041619646]","[0.488269,0.13060167,0.71504569]",0.18740198888953324,3.713801258982798,0.0878999940395355,false,nan,43.96645426750183,
sage_mppi_tuned,5,tuned_tall_pilot_02,tall,35,"[-0.0049179338,-1.5620972,1.1092428,-1.5636092,-1.567944,0.0041619643]","[0.488269,0.13060167,0.71504569]",0.18740198888953324,3.7138012589322877,0.0878999940395355,false,nan,43.97634935379028,
sage_mppi_tuned,5,tuned_tall_pilot_02,tall,36,"[-0.004917934,-1.5620972,1.1092428,-1.5636092,-1.567944,0.0041619641]","[0.488269,0.13060167,0.71504569]",0.18740198888953324,3.7138012589010074,0.0878999940395355,false,nan,43.98656415939331,
sage_mppi_tuned,5,tuned_tall_pilot_02,tall,37,"[-0.0049179342,-1.5620972,1.1092428,-1.5636092,-1.567944,0.004161964]","[0.48919836,0.13069126,0.71356034]",0.18733794452136038,3.7138012588816425,0.0878999940395355,false,nan,43.996601581573486,
sage_mppi_tuned,5,tuned_tall_pilot_02,tall,38,"[-0.0034001288,-1.5610273,1.1103969,-1.5624969,-1.567962,0.0047732237]","[0.48919836,0.13069126,0.71356034]",0.18733794452136038,3.715311231799156,0.0878999940395355,false,nan,44.00661301612854,
sage_mppi_tuned,5,tuned_tall_pilot_02,tall,39,"[-0.0034001318,-1.5610273,1.110397,-1.5624969,-1.567962,0.0047732226]","[0.48919836,0.13069126,0.71356034]",0.18733794452136038,3.7153112308979708,0.0878999940395355,false,nan,44.01648926734924,
sage_mppi_tuned,5,tuned_tall_pilot_02,tall,40,"[-0.0034001332,-1.5610273,1.110397,-1.5624969,-1.567962,0.0047732216]","[0.48919836,0.13069126,0.71356034]",0.18733794452136038,3.715311230684736,0.0878999940395355,false,nan,44.0265691280365,
sage_mppi_tuned,5,tuned_tall_pilot_02,tall,41,"[-0.0034001341,-1.5610273,1.110397,-1.5624969,-1.567962,0.0047732209]","[0.48919836,0.13069126,0.71356034]",0.18733794452136038,3.7153112305869174,0.0878999940395355,false,nan,44.03782057762146,
sage_mppi_tuned,5,tuned_tall_pilot_02,tall,42,"[-0.0034001347,-1.5610273,1.110397,-1.5624969,-1.567962,0.0047732205]","[0.48919836,0.13069126,0.71356034]",0.18733794452136038,3.7153112305293914,0.0878999940395355,false,nan,44.04987668991089,
sage_mppi_tuned,5,tuned_tall_pilot_02,tall,43,"[-0.003400135,-1.5610273,1.110397,-1.5624969,-1.567962,0.0047732203]","[0.48919836,0.13069126,0.71356034]",0.18733794452136038,3.7153112304939184,0.0878999940395355,false,nan,44.056442737579346,
sage_mppi_tuned,5,tuned_tall_pilot_02,tall,44,"[-0.0034001352,-1.5610273,1.110397,-1.5624969,-1.567962,0.0047732201]","[0.48991007,0.13117643,0.71219033]",0.18687153892757355,3.7153112304719365,0.0878999940395355,false,nan,44.06672668457031,
sage_mppi_tuned,5,tuned_tall_pilot_02,tall,45,"[-0.0014649729,-1.560033,1.1115868,-1.5615194,-1.5678641,0.0053174096]","[0.48991007,0.13117643,0.71219033]",0.18687153892757355,3.71715510476482,0.0878999940395355,false,nan,44.076669692993164,
sage_mppi_tuned,5,tuned_tall_pilot_02,tall,46,"[-0.0014649756,-1.560033,1.1115868,-1.5615194,-1.5678641,0.0053174086]","[0.48991007,0.13117643,0.71219033]",0.18687153892757355,3.717155103970397,0.0878999940395355,false,nan,44.08661866188049,
sage_mppi_tuned,5,tuned_tall_pilot_02,tall,47,"[-0.0014649768,-1.560033,1.1115868,-1.5615194,-1.5678641,0.0053174076]","[0.48991007,0.13117643,0.71219033]",0.18687153892757355,3.717155103825913,0.0878999940395355,false,nan,44.09678673744202,
sage_mppi_tuned,5,tuned_tall_pilot_02,tall,48,"[-0.0014649776,-1.560033,1.1115868,-1.5615194,-1.5678641,0.005317407]","[0.48991007,0.13117643,0.71219033]",0.18687153892757355,3.7171551037703736,0.0878999940395355,false,nan,44.10670185089111,
sage_mppi_tuned,5,tuned_tall_pilot_02,tall,49,"[-0.0014649781,-1.560033,1.1115868,-1.5615194,-1.5678641,0.0053174067]","[0.48991007,0.13117643,0.71219033]",0.18687153892757355,3.7171551037388344,0.0878999940395355,false,nan,44.11665654182434,
sage_mppi_tuned,5,tuned_tall_pilot_02,tall,50,"[-0.0014649784,-1.560033,1.1115868,-1.5615194,-1.5678641,0.0053174064]","[0.48991007,0.13117643,0.71219033]",0.18687153892757355,3.7171551037193593,0.0878999940395355,false,nan,44.12678837776184,
sage_mppi_tuned,5,tuned_tall_pilot_02,tall,51,"[-0.0014649785,-1.560033,1.1115868,-1.5615194,-1.5678641,0.0053174063]","[0.49038875,0.13191576,0.71095836]",0.1861287474077236,3.717155103707242,0.0878999940395355,false,nan,44.13650107383728,
sage_mppi_tuned,5,tuned_tall_pilot_02,tall,52,"[0.00066931968,-1.5596002,1.1130612,-1.560442,-1.5677069,0.0058351355]","[0.49038875,0.13191576,0.71095836]",0.1861287474077236,3.7193047623875617,0.0878999940395355,false,nan,44.14650368690491,
sage_mppi_tuned,5,tuned_tall_pilot_02,tall,53,"[0.00066931777,-1.5596002,1.1130612,-1.560442,-1.5677069,0.0058351349]","[0.49038875,0.13191576,0.71095836]",0.1861287474077236,3.7193047615891768,0.0878999940395355,false,nan,44.15684175491333,
sage_mppi_tuned,5,tuned_tall_pilot_02,tall,54,"[0.0006693168,-1.5596002,1.1130612,-1.560442,-1.5677069,0.0058351344]","[0.49038875,0.13191576,0.71095836]",0.1861287474077236,3.7193047613330092,0.0878999940395355,false,nan,44.16683268547058,
sage_mppi_tuned,5,tuned_tall_pilot_02,tall,55,"[0.00066931622,-1.5596002,1.1130612,-1.560442,-1.5677069,0.0058351341]","[0.49038875,0.13191576,0.71095836]",0.1861287474077236,3.71930476119724,0.0878999940395355,false,nan,44.17672109603882,
sage_mppi_tuned,5,tuned_tall_pilot_02,tall,56,"[0.00066931586,-1.5596002,1.1130612,-1.560442,-1.5677069,0.0058351339]","[0.49038875,0.13191576,0.71095836]",0.1861287474077236,3.719304761115165,0.0878999940395355,false,nan,44.187151193618774,
sage_mppi_tuned,5,tuned_tall_pilot_02,tall,57,"[0.00066931564,-1.5596002,1.1130612,-1.560442,-1.5677069,0.0058351337]","[0.49038875,0.13191576,0.71095836]",0.1861287474077236,3.719304761064486,0.0878999940395355,false,nan,44.19705367088318,
sage_mppi_tuned,5,tuned_tall_pilot_02,tall,58,"[0.0006693155,-1.5596002,1.1130612,-1.560442,-1.5677069,0.0058351336]","[0.49077699,0.1328733,0.70976305]",0.18516817762168655,3.7193047610331575,0.0878999940395355,false,nan,44.20697641372681,
sage_mppi_tuned,5,tuned_tall_pilot_02,tall,59,"[0.0037798518,-1.5591266,1.1147753,-1.559447,-1.5674354,0.0062295628]","[0.49077699,0.1328733,0.70976305]",0.18516817762168655,3.722300466221412,0.0878999940395355,false,nan,44.216861724853516,
sage_mppi_tuned,5,tuned_tall_pilot_02,tall,60,"[0.00377985,-1.5591266,1.1147753,-1.559447,-1.5674354,0.0062295622]","[0.49077699,0.1328733,0.70976305]",0.18516817762168655,3.7223004654640155,0.0878999940395355,false,nan,44.226834297180176,
sage_mppi_tuned,5,tuned_tall_pilot_02,tall,61,"[0.0037798492,-1.5591266,1.1147753,-1.559447,-1.5674354,0.0062295617]","[0.49077699,0.1328733,0.70976305]",0.18516817762168655,3.7223004652954113,0.0878999940395355,false,nan,44.23688721656799,
sage_mppi_tuned,5,tuned_tall_pilot_02,tall,62,"[0.0037798487,-1.5591266,1.1147753,-1.559447,-1.5674354,0.0062295613]","[0.49077699,0.1328733,0.70976305]",0.18516817762168655,3.72230046521894,0.0878999940395355,false,nan,44.24681377410889,
sage_mppi_tuned,5,tuned_tall_pilot_02,tall,63,"[0.0037798484,-1.5591266,1.1147753,-1.559447,-1.5674354,0.0062295611]","[0.49077699,0.1328733,0.70976305]",0.18516817762168655,3.722300465173639,0.0878999940395355,false,nan,44.25686168670654,
sage_mppi_tuned,5,tuned_tall_pilot_02,tall,64,"[0.0037798482,-1.5591266,1.1147753,-1.559447,-1.5674354,0.006229561]","[0.49077699,0.1328733,0.70976305]",0.18516817762168655,3.722300465145524,0.0878999940395355,false,nan,44.266761302948,
sage_mppi_tuned,5,tuned_tall_pilot_02,tall,65,"[0.0037798481,-1.5591266,1.1147753,-1.559447,-1.5674354,0.0062295609]","[0.49085674,0.13393636,0.70869124]",0.184036304825967,3.7223004651280505,0.0878999940395355,false,nan,44.27660799026489,
sage_mppi_tuned,5,tuned_tall_pilot_02,tall,66,"[0.0080412092,-1.5587223,1.1165977,-1.5588577,-1.5670057,0.0065708106]","[0.49085674,0.13393636,0.70869124]",0.184036304825967,3.7261725278324853,0.0878999940395355,false,nan,44.28680467605591,
sage_mppi_tuned,5,tuned_tall_pilot_02,tall,67,"[0.0080412077,-1.5587223,1.1165977,-1.5588577,-1.5670057,0.00657081]","[0.49085674,0.13393636,0.70869124]",0.184036304825967,3.7261725270609762,0.0878999940395355,false,nan,44.29682970046997,
sage_mppi_tuned,5,tuned_tall_pilot_02,tall,68,"[0.0080412071,-1.5587223,1.1165977,-1.5588577,-1.5670057,0.0065708096]","[0.49085674,0.13393636,0.70869124]",0.184036304825967,3.7261725269216974,0.0878999940395355,false,nan,44.30673313140869,
sage_mppi_tuned,5,tuned_tall_pilot_02,tall,69,"[0.0080412067,-1.5587223,1.1165977,-1.5588577,-1.5670057,0.0065708093]","[0.49085674,0.13393636,0.70869124]",0.184036304825967,3.7261725268659114,0.0878999940395355,false,nan,44.31675052642822,
sage_mppi_tuned,5,tuned_tall_pilot_02,tall,70,"[0.0080412064,-1.5587223,1.1165977,-1.5588577,-1.5670057,0.0065708092]","[0.49085674,0.13393636,0.70869124]",0.184036304825967,3.726172526833278,0.0878999940395355,false,nan,44.32697081565857,
sage_mppi_tuned,5,tuned_tall_pilot_02,tall,71,"[0.0080412063,-1.5587223,1.1165977,-1.5588577,-1.5670057,0.0065708091]","[0.49085674,0.13393636,0.70869124]",0.184036304825967,3.7261725268128343,0.0878999940395355,false,nan,44.336809396743774,
sage_mppi_tuned,5,tuned_tall_pilot_02,tall,72,"[0.0080412062,-1.5587223,1.1165977,-1.5588577,-1.5670057,0.006570809]","[0.49085462,0.13549113,0.70749342]",0.18240554562784195,3.726172526800032,0.0878999940395355,false,nan,44.3468804359436,
sage_mppi_tuned,5,tuned_tall_pilot_02,tall,73,"[0.012529382,-1.5581789,1.1183658,-1.5583948,-1.5665339,0.0068131976]","[0.49085462,0.13549113,0.70749342]",0.18240554562784195,3.7302056338153418,0.0878999940395355,false,nan,44.35706067085266,
sage_mppi_tuned,5,tuned_tall_pilot_02,tall,74,"[0.01252938,-1.5581789,1.1183658,-1.5583948,-1.5665339,0.006813197]","[0.49085462,0.13549113,0.70749342]",0.18240554562784195,3.7302056329480027,0.0878999940395355,false,nan,44.3668749332428,
sage_mppi_tuned,5,tuned_tall_pilot_02,tall,75,"[0.01252938,-1.5581789,1.1183658,-1.5583948,-1.5665339,0.0068131964]","[0.49085462,0.13549113,0.70749342]",0.18240554562784195,3.7302056327866815,0.0878999940395355,false,nan,44.37690043449402,
sage_mppi_tuned,5,tuned_tall_pilot_02,tall,76,"[0.012529379,-1.5581789,1.1183658,-1.5583948,-1.5665339,0.0068131961]","[0.49085462,0.13549113,0.70749342]",0.18240554562784195,3.7302056327209128,0.0878999940395355,false,nan,44.3870849609375,
sage_mppi_tuned,5,tuned_tall_pilot_02,tall,77,"[0.012529379,-1.5581789,1.1183658,-1.5583948,-1.5665339,0.0068131959]","[0.49085462,0.13549113,0.70749342]",0.18240554562784195,3.730205632682446,0.0878999940395355,false,nan,44.396766901016235,
sage_mppi_tuned,5,tuned_tall_pilot_02,tall,78,"[0.012529379,-1.5581789,1.1183658,-1.5583948,-1.5665339,0.0068131958]","[0.49085462,0.13549113,0.70749342]",0.18240554562784195,3.7302056326584228,0.0878999940395355,false,nan,44.40655183792114,
sage_mppi_tuned,5,tuned_tall_pilot_02,tall,79,"[0.012529379,-1.5581789,1.1183658,-1.5583948,-1.5665339,0.0068131957]","[0.49068144,0.13762771,0.70633012]",0.18018666666158245,3.7302056326434214,0.0878999940395355,false,nan,44.41702961921692,
sage_mppi_tuned,5,tuned_tall_pilot_02,tall,80,"[0.017279693,-1.5576781,1.1201428,-1.5580555,-1.5660775,0.0070988551]","[0.49068144,0.13762771,0.70633012]",0.18018666666158245,3.734408391083774,0.0878999940395355,false,nan,44.42648768424988,
sage_mppi_tuned,5,tuned_tall_pilot_02,tall,81,"[0.017279691,-1.5576781,1.1201428,-1.5580555,-1.5660775,0.0070988545]","[0.49068144,0.13762771,0.70633012]",0.18018666666158245,3.7344083902327054,0.0878999940395355,false,nan,44.43642854690552,
sage_mppi_tuned,5,tuned_tall_pilot_02,tall,82,"[0.017279691,-1.5576781,1.1201428,-1.5580555,-1.5660775,0.0070988541]","[0.49068144,0.13762771,0.70633012]",0.18018666666158245,3.7344083900829426,0.0878999940395355,false,nan,44.44646406173706,
sage_mppi_tuned,5,tuned_tall_pilot_02,tall,83,"[0.01727969,-1.5576781,1.1201428,-1.5580555,-1.5660775,0.0070988537]","[0.49068144,0.13762771,0.70633012]",0.18018666666158245,3.734408390024182,0.0878999940395355,false,nan,44.45658874511719,
sage_mppi_tuned,5,tuned_tall_pilot_02,tall,84,"[0.01727969,-1.5576781,1.1201428,-1.5580555,-1.5660775,0.0070988536]","[0.49068144,0.13762771,0.70633012]",0.18018666666158245,3.734408389989959,0.0878999940395355,false,nan,44.46642088890076,
sage_mppi_tuned,5,tuned_tall_pilot_02,tall,85,"[0.01727969,-1.5576781,1.1201428,-1.5580555,-1.5660775,0.0070988534]","[0.49068144,0.13762771,0.70633012]",0.18018666666158245,3.734408389968527,0.0878999940395355,false,nan,44.47650861740112,
sage_mppi_tuned,5,tuned_tall_pilot_02,tall,86,"[0.01727969,-1.5576781,1.1201428,-1.5580555,-1.5660775,0.0070988534]","[0.49053967,0.13988158,0.70514131]",0.17787102700592577,3.73440838995511,0.0878999940395355,false,nan,44.48643946647644,
sage_mppi_tuned,5,tuned_tall_pilot_02,tall,87,"[0.022467488,-1.5572991,1.1212841,-1.55762,-1.5656004,0.0076596878]","[0.49053967,0.13988158,0.70514131]",0.17787102700592577,3.7383557924481914,0.0878999940395355,false,nan,44.49632477760315,
sage_mppi_tuned,5,tuned_tall_pilot_02,tall,88,"[0.022467487,-1.5572991,1.1212841,-1.55762,-1.5656004,0.0076596874]","[0.49053967,0.13988158,0.70514131]",0.17787102700592577,3.7383557916992083,0.0878999940395355,false,nan,44.506152391433716,
sage_mppi_tuned,5,tuned_tall_pilot_02,tall,89,"[0.022467487,-1.5572991,1.1212841,-1.55762,-1.5656004,0.0076596871]","[0.49053967,0.13988158,0.70514131]",0.17787102700592577,3.738355791596229,0.0878999940395355,false,nan,44.516138792037964,
sage_mppi_tuned,5,tuned_tall_pilot_02,tall,90,"[0.022467487,-1.5572991,1.1212841,-1.55762,-1.5656004,0.0076596869]","[0.49053967,0.13988158,0.70514131]",0.17787102700592577,3.7383557915640635,0.0878999940395355,false,nan,44.52601885795593,
sage_mppi_tuned,5,tuned_tall_pilot_02,tall,91,"[0.022467486,-1.5572991,1.1212841,-1.55762,-1.5656004,0.0076596868]","[0.49053967,0.13988158,0.70514131]",0.17787102700592577,3.7383557915458545,0.0878999940395355,false,nan,44.536028146743774,
sage_mppi_tuned,5,tuned_tall_pilot_02,tall,92,"[0.022467486,-1.5572991,1.1212841,-1.55762,-1.5656004,0.0076596868]","[0.49053967,0.13988158,0.70514131]",0.17787102700592577,3.7383557915341927,0.0878999940395355,false,nan,44.54597473144531,
sage_mppi_tuned,5,tuned_tall_pilot_02,tall,93,"[0.022467486,-1.5572991,1.1212841,-1.55762,-1.5656004,0.0076596867]","[0.49033141,0.14226365,0.70398462]",0.17542426042519937,3.738355791526765,0.0878999940395355,false,nan,44.55601382255554,
sage_mppi_tuned,5,tuned_tall_pilot_02,tall,94,"[0.028191626,-1.5570889,1.1227482,-1.5567966,-1.5647191,0.0085360683]","[0.49033141,0.14226365,0.70398462]",0.17542426042519937,3.742780403059948,0.0878999940395355,false,nan,44.566120624542236,
sage_mppi_tuned,5,tuned_tall_pilot_02,tall,95,"[0.028191626,-1.5570889,1.1227482,-1.5567966,-1.5647191,0.0085360681]","[0.49033141,0.14226365,0.70398462]",0.17542426042519937,3.742780402351484,0.0878999940395355,false,nan,44.57606506347656,
sage_mppi_tuned,5,tuned_tall_pilot_02,tall,96,"[0.028191625,-1.5570889,1.1227482,-1.5567966,-1.5647191,0.0085360679]","[0.49033141,0.14226365,0.70398462]",0.17542426042519937,3.742780402274015,0.0878999940395355,false,nan,44.58615756034851,
sage_mppi_tuned,5,tuned_tall_pilot_02,tall,97,"[0.028191625,-1.5570889,1.1227482,-1.5567966,-1.5647191,0.0085360678]","[0.49033141,0.14226365,0.70398462]",0.17542426042519937,3.7427804022570546,0.0878999940395355,false,nan,44.59617805480957,
sage_mppi_tuned,5,tuned_tall_pilot_02,tall,98,"[0.028191625,-1.5570889,1.1227482,-1.5567966,-1.5647191,0.0085360678]","[0.49033141,0.14226365,0.70398462]",0.17542426042519937,3.7427804022479885,0.0878999940395355,false,nan,44.606098890304565,
sage_mppi_tuned,5,tuned_tall_pilot_02,tall,99,"[0.028191625,-1.5570889,1.1227482,-1.5567966,-1.5647191,0.0085360677]","[0.49033141,0.14226365,0.70398462]",0.17542426042519937,3.742780402241866,0.0878999940395355,false,nan,44.61594080924988,
sage_mppi_tuned,5,tuned_tall_pilot_02,tall,100,"[0.028191625,-1.5570889,1.1227482,-1.5567966,-1.5647191,0.0085360677]","[0.48990145,0.14486007,0.7031846]",0.17275427651130984,3.7427804022378073,0.0878999940395355,false,nan,44.6260621547699,
sage_mppi_tuned,5,tuned_tall_pilot_02,tall,101,"[0.035276394,-1.5571657,1.1238141,-1.5557158,-1.5636544,0.0094319197]","[0.48990145,0.14486007,0.7031846]",0.17275427651130984,3.747779943476754,0.0878999940395355,false,nan,44.63611102104187,
sage_mppi_tuned,5,tuned_tall_pilot_02,tall,102,"[0.035276394,-1.5571657,1.1238141,-1.5557158,-1.5636544,0.0094319199]","[0.48990145,0.14486007,0.7031846]",0.17275427651130984,3.7477799428900647,0.0878999940395355,false,nan,44.646175146102905,
sage_mppi_tuned,5,tuned_tall_pilot_02,tall,103,"[0.035276394,-1.5571657,1.1238141,-1.5557158,-1.5636544,0.0094319201]","[0.48990145,0.14486007,0.7031846]",0.17275427651130984,3.7477799428880183,0.0878999940395355,false,nan,44.65607213973999,
sage_mppi_tuned,5,tuned_tall_pilot_02,tall,104,"[0.035276394,-1.5571657,1.1238141,-1.5557158,-1.5636544,0.0094319202]","[0.48990145,0.14486007,0.7031846]",0.17275427651130984,3.74777994291594,0.0878999940395355,false,nan,44.66623497009277,
sage_mppi_tuned,5,tuned_tall_pilot_02,tall,105,"[0.035276394,-1.5571657,1.1238141,-1.5557158,-1.5636544,0.0094319203]","[0.48990145,0.14486007,0.7031846]",0.17275427651130984,3.7477799429339016,0.0878999940395355,false,nan,44.676045179367065,
sage_mppi_tuned,5,tuned_tall_pilot_02,tall,106,"[0.035276394,-1.5571657,1.1238141,-1.5557158,-1.5636544,0.0094319203]","[0.48990145,0.14486007,0.7031846]",0.17275427651130984,3.7477799429441694,0.0878999940395355,false,nan,44.686803579330444,
sage_mppi_tuned,5,tuned_tall_pilot_02,tall,107,"[0.035276395,-1.5571657,1.1238141,-1.5557158,-1.5636544,0.0094319203]","[0.48930258,0.14775647,0.7022593]",0.16973402305392002,3.7477799429501015,0.0878999940395355,false,nan,44.69591927528381,
sage_mppi_tuned,5,tuned_tall_pilot_02,tall,108,"[0.043190905,-1.5572589,1.1248915,-1.5548931,-1.5621853,0.010312423]","[0.48930258,0.14775647,0.7022593]",0.16973402305392002,3.753401299717074,0.0878999940395355,false,nan,44.70598793029785,
sage_mppi_tuned,5,tuned_tall_pilot_02,tall,109,"[0.043190905,-1.5572589,1.1248915,-1.5548931,-1.5621853,0.010312423]","[0.48930258,0.14775647,0.7022593]",0.16973402305392002,3.7534012990935524,0.0878999940395355,false,nan,44.715797424316406,
sage_mppi_tuned,5,tuned_tall_pilot_02,tall,110,"[0.043190905,-1.5572589,1.1248915,-1.5548931,-1.5621853,0.010312424]","[0.48930258,0.14775647,0.7022593]",0.16973402305392002,3.753401299101241,0.0878999940395355,false,nan,44.725839376449585,
sage_mppi_tuned,5,tuned_tall_pilot_02,tall,111,"[0.043190906,-1.5572589,1.1248915,-1.5548931,-1.5621853,0.010312424]","[0.48930258,0.14775647,0.7022593]",0.16973402305392002,3.7534012991375763,0.0878999940395355,false,nan,44.7360463142395,
sage_mppi_tuned,5,tuned_tall_pilot_02,tall,112,"[0.043190906,-1.5572589,1.1248915,-1.5548931,-1.5621853,0.010312424]","[0.48930258,0.14775647,0.7022593]",0.16973402305392002,3.753401299160695,0.0878999940395355,false,nan,44.74612331390381,
sage_mppi_tuned,5,tuned_tall_pilot_02,tall,113,"[0.043190906,-1.5572589,1.1248915,-1.5548931,-1.5621853,0.010312424]","[0.48826566,0.15132621,0.70163596]",0.16597671866285715,3.7534012991740293,0.0878999940395355,false,nan,44.75584816932678,
sage_mppi_tuned,5,tuned_tall_pilot_02,tall,114,"[0.051317796,-1.5573386,1.1259685,-1.5540808,-1.5606919,0.01123765]","[0.48826566,0.15132621,0.70163596]",0.16597671866285715,3.7591588837487593,0.0878999940395355,false,nan,44.76589274406433,
sage_mppi_tuned,5,tuned_tall_pilot_02,tall,115,"[0.051317796,-1.5573386,1.1259685,-1.5540808,-1.5606919,0.01123765]","[0.48826566,0.15132621,0.70163596]",0.16597671866285715,3.7591588831066263,0.0878999940395355,false,nan,44.775928258895874,
sage_mppi_tuned,5,tuned_tall_pilot_02,tall,116,"[0.051317796,-1.5573386,1.1259685,-1.5540808,-1.5606919,0.011237651]","[0.48826566,0.15132621,0.70163596]",0.16597671866285715,3.759158883114447,0.0878999940395355,false,nan,44.78590941429138,
sage_mppi_tuned,5,tuned_tall_pilot_02,tall,117,"[0.051317797,-1.5573386,1.1259685,-1.5540808,-1.5606919,0.011237651]","[0.48826566,0.15132621,0.70163596]",0.16597671866285715,3.7591588831518354,0.0878999940395355,false,nan,44.7958550453186,
sage_mppi_tuned,5,tuned_tall_pilot_02,tall,118,"[0.051317797,-1.5573386,1.1259685,-1.5540808,-1.5606919,0.011237651]","[0.48826566,0.15132621,0.70163596]",0.16597671866285715,3.759158883175621,0.0878999940395355,false,nan,44.80576753616333,
sage_mppi_tuned,5,tuned_tall_pilot_02,tall,119,"[0.051317797,-1.5573386,1.1259685,-1.5540808,-1.5606919,0.011237651]","[0.48826566,0.15132621,0.70163596]",0.16597671866285715,3.7591588831893383,0.0878999940395355,false,nan,44.815674781799316,
sage_mppi_tuned,5,tuned_tall_pilot_02,tall,120,"[0.051317797,-1.5573386,1.1259685,-1.5540808,-1.5606919,0.011237651]","[0.48707664,0.15533334,0.70104969]",0.16176514282937773,3.759158883197331,0.0878999940395355,false,nan,44.82591652870178,
sage_mppi_tuned,5,tuned_tall_pilot_02,tall,121,"[0.059894921,-1.5573583,1.127095,-1.5532279,-1.559218,0.012125212]","[0.48707664,0.15533334,0.70104969]",0.16176514282937773,3.765256689477533,0.0878999940395355,false,nan,44.83578610420227,
sage_mppi_tuned,5,tuned_tall_pilot_02,tall,122,"[0.059894921,-1.5573584,1.127095,-1.5532279,-1.559218,0.012125212]","[0.48707664,0.15533334,0.70104969]",0.16176514282937773,3.7652566887586896,0.0878999940395355,false,nan,44.84583783149719,
sage_mppi_tuned,5,tuned_tall_pilot_02,tall,123,"[0.059894922,-1.5573584,1.127095,-1.5532279,-1.559218,0.012125212]","[0.48707664,0.15533334,0.70104969]",0.16176514282937773,3.7652566887534467,0.0878999940395355,false,nan,44.85588097572327,
sage_mppi_tuned,5,tuned_tall_pilot_02,tall,124,"[0.059894922,-1.5573584,1.127095,-1.5532279,-1.559218,0.012125212]","[0.48707664,0.15533334,0.70104969]",0.16176514282937773,3.765256688785856,0.0878999940395355,false,nan,44.86588907241821,
sage_mppi_tuned,5,tuned_tall_pilot_02,tall,125,"[0.059894922,-1.5573584,1.127095,-1.5532279,-1.559218,0.012125213]","[0.48707664,0.15533334,0.70104969]",0.16176514282937773,3.765256688806741,0.0878999940395355,false,nan,44.876039028167725,
sage_mppi_tuned,5,tuned_tall_pilot_02,tall,126,"[0.059894922,-1.5573584,1.127095,-1.5532279,-1.559218,0.012125213]","[0.48707664,0.15533334,0.70104969]",0.16176514282937773,3.7652566888186345,0.0878999940395355,false,nan,44.885926485061646,
sage_mppi_tuned,5,tuned_tall_pilot_02,tall,127,"[0.059894922,-1.5573584,1.127095,-1.5532279,-1.559218,0.012125213]","[0.48582774,0.159437,0.70045817]",0.1574429256678103,3.7652566888254797,0.0878999940395355,false,nan,44.89594578742981,
sage_mppi_tuned,5,tuned_tall_pilot_02,tall,128,"[0.06905855,-1.5571928,1.1281221,-1.5525278,-1.5577144,0.013081599]","[0.48582774,0.159437,0.70045817]",0.1574429256678103,3.7716787844351525,0.0878999940395355,false,nan,44.90614700317383,
sage_mppi_tuned,5,tuned_tall_pilot_02,tall,129,"[0.06905855,-1.5571928,1.1281221,-1.5525278,-1.5577144,0.013081599]","[0.48582774,0.159437,0.70045817]",0.1574429256678103,3.771678783563651,0.0878999940395355,false,nan,44.91594743728638,
sage_mppi_tuned,5,tuned_tall_pilot_02,tall,130,"[0.06905855,-1.5571928,1.1281221,-1.5525278,-1.5577144,0.013081599]","[0.48582774,0.159437,0.70045817]",0.1574429256678103,3.7716787835260446,0.0878999940395355,false,nan,44.925809383392334,
sage_mppi_tuned,5,tuned_tall_pilot_02,tall,131,"[0.06905855,-1.5571928,1.1281221,-1.5525278,-1.5577144,0.013081599]","[0.48582774,0.159437,0.70045817]",0.1574429256678103,3.7716787835442873,0.0878999940395355,false,nan,44.93582320213318,
sage_mppi_tuned,5,tuned_tall_pilot_02,tall,132,"[0.06905855,-1.5571928,1.1281221,-1.5525278,-1.5577144,0.013081599]","[0.48582774,0.159437,0.70045817]",0.1574429256678103,3.771678783556851,0.0878999940395355,false,nan,44.945836782455444,
sage_mppi_tuned,5,tuned_tall_pilot_02,tall,133,"[0.06905855,-1.5571928,1.1281221,-1.5525278,-1.5577144,0.013081599]","[0.48582774,0.159437,0.70045817]",0.1574429256678103,3.771678783563594,0.0878999940395355,false,nan,44.9559862613678,
sage_mppi_tuned,5,tuned_tall_pilot_02,tall,134,"[0.06905855,-1.5571928,1.1281221,-1.5525278,-1.5577144,0.013081599]","[0.48582774,0.159437,0.70045817]",0.1574429256678103,3.77167878356725,0.0878999940395355,false,nan,44.96948790550232,
sage_mppi_tuned,5,tuned_tall_pilot_02,tall,135,"[0.06905855,-1.5571928,1.1281221,-1.5525278,-1.5577144,0.013081599]","[0.48582774,0.159437,0.70045817]",0.1574429256678103,3.7716787835693135,0.0878999940395355,false,nan,44.978238105773926,
sage_mppi_tuned,5,tuned_tall_pilot_02,tall,136,"[0.06905855,-1.5571928,1.1281221,-1.5525278,-1.5577144,0.013081599]","[0.4845055,0.16374895,0.699808]",0.15289481311750958,3.7716787835705197,0.0878999940395355,false,nan,44.98591351509094,
sage_mppi_tuned,5,tuned_tall_pilot_02,tall,137,"[0.078647373,-1.5569083,1.1288845,-1.5517798,-1.5561328,0.014076205]","[0.4845055,0.16374895,0.699808]",0.15289481311750958,3.778203730060188,0.0878999940395355,false,nan,44.996237993240356,
sage_mppi_tuned,5,tuned_tall_pilot_02,tall,138,"[0.078647372,-1.5569083,1.1288845,-1.5517798,-1.5561328,0.014076205]","[0.4845055,0.16374895,0.699808]",0.15289481311750958,3.778203729098088,0.0878999940395355,false,nan,45.006011962890625,
sage_mppi_tuned,5,tuned_tall_pilot_02,tall,139,"[0.078647373,-1.5569083,1.1288845,-1.5517798,-1.5561328,0.014076205]","[0.4845055,0.16374895,0.699808]",0.15289481311750958,3.778203729044161,0.0878999940395355,false,nan,45.0159170627594,
sage_mppi_tuned,5,tuned_tall_pilot_02,tall,140,"[0.078647373,-1.5569083,1.1288845,-1.5517798,-1.5561328,0.014076205]","[0.4845055,0.16374895,0.699808]",0.15289481311750958,3.7782037290560155,0.0878999940395355,false,nan,45.025871992111206,
sage_mppi_tuned,5,tuned_tall_pilot_02,tall,141,"[0.078647373,-1.5569083,1.1288845,-1.5517798,-1.5561328,0.014076205]","[0.4845055,0.16374895,0.699808]",0.15289481311750958,3.778203729064886,0.0878999940395355,false,nan,45.03580331802368,
sage_mppi_tuned,5,tuned_tall_pilot_02,tall,142,"[0.078647373,-1.5569083,1.1288845,-1.5517798,-1.5561328,0.014076205]","[0.4845055,0.16374895,0.699808]",0.15289481311750958,3.778203729069332,0.0878999940395355,false,nan,45.047632694244385,
sage_mppi_tuned,5,tuned_tall_pilot_02,tall,143,"[0.078647373,-1.5569083,1.1288845,-1.5517798,-1.5561328,0.014076205]","[0.4845055,0.16374895,0.699808]",0.15289481311750958,3.7782037290715564,0.0878999940395355,false,nan,45.05589818954468,
sage_mppi_tuned,5,tuned_tall_pilot_02,tall,144,"[0.078647373,-1.5569083,1.1288845,-1.5517798,-1.5561328,0.014076205]","[0.4845055,0.16374895,0.699808]",0.15289481311750958,3.778203729072733,0.0878999940395355,false,nan,45.065951347351074,
sage_mppi_tuned,5,tuned_tall_pilot_02,tall,145,"[0.078647373,-1.5569083,1.1288845,-1.5517798,-1.5561328,0.014076205]","[0.48314124,0.16834277,0.69913524]",0.1480679326437748,3.7782037290733905,0.0878999940395355,false,nan,45.07599878311157,
sage_mppi_tuned,5,tuned_tall_pilot_02,tall,146,"[0.089315969,-1.5559235,1.1294814,-1.5509461,-1.5545662,0.015242097]","[0.48314124,0.16834277,0.69913524]",0.1480679326437748,3.785295452382476,0.0878999940395355,false,nan,45.085917472839355,
sage_mppi_tuned,5,tuned_tall_pilot_02,tall,147,"[0.089315967,-1.5559235,1.1294814,-1.5509461,-1.5545662,0.015242097]","[0.48314124,0.16834277,0.69913524]",0.1480679326437748,3.7852954508754446,0.0878999940395355,false,nan,45.09602975845337,
sage_mppi_tuned,5,tuned_tall_pilot_02,tall,148,"[0.089315967,-1.5559236,1.1294814,-1.5509461,-1.5545662,0.015242096]","[0.48314124,0.16834277,0.69913524]",0.1480679326437748,3.785295450680198,0.0878999940395355,false,nan,45.10610342025757,
sage_mppi_tuned,5,tuned_tall_pilot_02,tall,149,"[0.089315966,-1.5559236,1.1294814,-1.5509461,-1.5545662,0.015242096]","[0.48314124,0.16834277,0.69913524]",0.1480679326437748,3.7852954506241225,0.0878999940395355,false,nan,45.11677265167236,
sage_mppi_tuned,5,tuned_tall_pilot_02,tall,150,"[0.089315966,-1.5559236,1.1294814,-1.5509461,-1.5545662,0.015242096]","[0.48314124,0.16834277,0.69913524]",0.1480679326437748,3.7852954505928547,0.0878999940395355,false,nan,45.12590551376343,
sage_mppi_tuned,5,tuned_tall_pilot_02,tall,151,"[0.089315966,-1.5559236,1.1294814,-1.5509461,-1.5545662,0.015242096]","[0.48314124,0.16834277,0.69913524]",0.1480679326437748,3.7852954505726975,0.0878999940395355,false,nan,45.13584780693054,
sage_mppi_tuned,5,tuned_tall_pilot_02,tall,152,"[0.089315966,-1.5559236,1.1294814,-1.5509461,-1.5545662,0.015242096]","[0.48314124,0.16834277,0.69913524]",0.1480679326437748,3.785295450559793,0.0878999940395355,false,nan,45.14593982696533,
sage_mppi_tuned,5,tuned_tall_pilot_02,tall,153,"[0.089315966,-1.5559236,1.1294814,-1.5509461,-1.5545662,0.015242096]","[0.48314124,0.16834277,0.69913524]",0.1480679326437748,3.785295450551682,0.0878999940395355,false,nan,45.15590453147888,
sage_mppi_tuned,5,tuned_tall_pilot_02,tall,154,"[0.089315966,-1.5559236,1.1294814,-1.5509461,-1.5545662,0.015242096]","[0.48314124,0.16834277,0.69913524]",0.1480679326437748,3.785295450546643,0.0878999940395355,false,nan,45.165868282318115,
sage_mppi_tuned,5,tuned_tall_pilot_02,tall,155,"[0.089315966,-1.5559236,1.1294814,-1.5509461,-1.5545662,0.015242096]","[0.48168987,0.17314029,0.69852674]",0.14303008657713487,3.7852954505435354,0.0878999940395355,false,nan,45.175819873809814,
sage_mppi_tuned,5,tuned_tall_pilot_02,tall,156,"[0.09965216,-1.55503,1.1300711,-1.5499031,-1.553045,0.016396851]","[0.48168987,0.17314029,0.69852674]",0.14303008657713487,3.792160236802056,0.0878999940395355,false,nan,45.18591046333313,
sage_mppi_tuned,5,tuned_tall_pilot_02,tall,157,"[0.099652536,-1.5550324,1.1300718,-1.5499032,-1.5530461,0.01639717]","[0.48168987,0.17314029,0.69852674]",0.14303008657713487,3.792160602722395,0.0878999940395355,false,nan,45.196056604385376,
sage_mppi_tuned,5,tuned_tall_pilot_02,tall,158,"[0.099652074,-1.5550293,1.130071,-1.5499031,-1.5530448,0.016396727]","[0.48168987,0.17314029,0.69852674]",0.14303008657713487,3.7921601753660306,0.0878999940395355,false,nan,45.2058048248291,
sage_mppi_tuned,5,tuned_tall_pilot_02,tall,159,"[0.09965208,-1.5550296,1.130071,-1.5499031,-1.5530448,0.016396794]","[0.48168987,0.17314029,0.69852674]",0.14303008657713487,3.792160166265752,0.0878999940395355,false,nan,45.21582651138306,
sage_mppi_tuned,5,tuned_tall_pilot_02,tall,160,"[0.099652155,-1.55503,1.1300711,-1.5499031,-1.553045,0.016396849]","[0.48168987,0.17314029,0.69852674]",0.14303008657713487,3.792160234932143,0.0878999940395355,false,nan,45.225884199142456,
sage_mppi_tuned,5,tuned_tall_pilot_02,tall,161,"[0.099652534,-1.5550324,1.1300718,-1.5499032,-1.5530461,0.016397168]","[0.48168987,0.17314029,0.69852674]",0.14303008657713487,3.7921606022381997,0.0878999940395355,false,nan,45.23575520515442,
sage_mppi_tuned,5,tuned_tall_pilot_02,tall,162,"[0.099652073,-1.5550293,1.130071,-1.5499031,-1.5530448,0.016396726]","[0.48168987,0.17314029,0.69852674]",0.14303008657713487,3.792160175175797,0.0878999940395355,false,nan,45.245769739151,
sage_mppi_tuned,5,tuned_tall_pilot_02,tall,163,"[0.099652079,-1.5550296,1.130071,-1.5499031,-1.5530448,0.016396794]","[0.48168987,0.17314029,0.69852674]",0.14303008657713487,3.7921601661588102,0.0878999940395355,false,nan,45.25578308105469,
sage_mppi_tuned,5,tuned_tall_pilot_02,tall,164,"[0.099652155,-1.55503,1.1300711,-1.5499031,-1.553045,0.016396848]","[0.48168987,0.17314029,0.69852674]",0.14303008657713487,3.7921602348613153,0.0878999940395355,false,nan,45.26569056510925,
sage_mppi_tuned,5,tuned_tall_pilot_02,tall,165,"[0.099652533,-1.5550324,1.1300718,-1.5499032,-1.553046,0.016397168]","[0.48034844,0.17847368,0.69764185]",0.13750156384141776,3.7921606021806245,0.0878999940395355,false,nan,45.27571678161621,
sage_mppi_tuned,5,tuned_tall_pilot_02,tall,166,"[0.10976905,-1.5541199,1.1306916,-1.5488283,-1.5515125,0.017537075]","[0.48034844,0.17847368,0.69764185]",0.13750156384141776,3.7989246332158504,0.0878999940395355,false,nan,45.285805463790894,
sage_mppi_tuned,5,tuned_tall_pilot_02,tall,167,"[0.10976904,-1.5541196,1.1306915,-1.5488282,-1.5515125,0.017537007]","[0.48034844,0.17847368,0.69764185]",0.13750156384141776,3.7989246382678363,0.0878999940395355,false,nan,45.295926570892334,
sage_mppi_tuned,5,tuned_tall_pilot_02,tall,168,"[0.10976947,-1.5541226,1.1306923,-1.5488283,-1.5515137,0.017537436]","[0.48034844,0.17847368,0.69764185]",0.13750156384141776,3.798925045389232,0.0878999940395355,false,nan,45.30583667755127,
sage_mppi_tuned,5,tuned_tall_pilot_02,tall,169,"[0.10976904,-1.5541199,1.1306916,-1.5488283,-1.5515125,0.017537074]","[0.48034844,0.17847368,0.69764185]",0.13750156384141776,3.7989246315570173,0.0878999940395355,false,nan,45.31576228141785,
sage_mppi_tuned,5,tuned_tall_pilot_02,tall,170,"[0.10976903,-1.5541196,1.1306915,-1.5488282,-1.5515125,0.017537006]","[0.48034844,0.17847368,0.69764185]",0.13750156384141776,3.798924637956703,0.0878999940395355,false,nan,45.32577657699585,
sage_mppi_tuned,5,tuned_tall_pilot_02,tall,171,"[0.10976947,-1.5541226,1.1306923,-1.5488283,-1.5515137,0.017537436]","[0.48034844,0.17847368,0.69764185]",0.13750156384141776,3.7989250452231698,0.0878999940395355,false,nan,45.33590745925903,
sage_mppi_tuned,5,tuned_tall_pilot_02,tall,172,"[0.10976904,-1.5541199,1.1306916,-1.5488283,-1.5515125,0.017537073]","[0.48034844,0.17847368,0.69764185]",0.13750156384141776,3.7989246314868885,0.0878999940395355,false,nan,45.345996618270874,
sage_mppi_tuned,5,tuned_tall_pilot_02,tall,173,"[0.10976903,-1.5541196,1.1306915,-1.5488282,-1.5515125,0.017537006]","[0.48034844,0.17847368,0.69764185]",0.13750156384141776,3.7989246379118176,0.0878999940395355,false,nan,45.355883836746216,
sage_mppi_tuned,5,tuned_tall_pilot_02,tall,174,"[0.10976947,-1.5541226,1.1306923,-1.5488283,-1.5515137,0.017537435]","[0.48034844,0.17847368,0.69764185]",0.13750156384141776,3.7989250451842196,0.0878999940395355,false,nan,45.365840673446655,
sage_mppi_tuned,5,tuned_tall_pilot_02,tall,175,"[0.10976904,-1.5541199,1.1306916,-1.5488283,-1.5515125,0.017537073]","[0.47894764,0.18362822,0.69677794]",0.1321231528451386,3.7989246314698053,0.0878999940395355,false,nan,45.37586855888367,
sage_mppi_tuned,5,tuned_tall_pilot_02,tall,176,"[0.11999032,-1.5532806,1.1313498,-1.5476099,-1.5499163,0.018664331]","[0.47894764,0.18362822,0.69677794]",0.1321231528451386,3.80579450752258,0.0878999940395355,false,nan,45.38929796218872,
sage_mppi_tuned,5,tuned_tall_pilot_02,tall,177,"[0.11999074,-1.5532835,1.1313506,-1.54761,-1.5499174,0.018664743]","[0.47894764,0.18362822,0.69677794]",0.1321231528451386,3.805794896098094,0.0878999940395355,false,nan,45.39762544631958,
sage_mppi_tuned,5,tuned_tall_pilot_02,tall,178,"[0.11999033,-1.553281,1.1313499,-1.5476099,-1.5499163,0.018664394]","[0.47894764,0.18362822,0.69677794]",0.1321231528451386,3.8057944999004665,0.0878999940395355,false,nan,45.40606999397278,
sage_mppi_tuned,5,tuned_tall_pilot_02,tall,179,"[0.11999032,-1.5532807,1.1313498,-1.5476099,-1.5499162,0.01866433]","[0.47894764,0.18362822,0.69677794]",0.1321231528451386,3.8057945060034686,0.0878999940395355,false,nan,45.41595125198364,
sage_mppi_tuned,5,tuned_tall_pilot_02,tall,180,"[0.11999074,-1.5532835,1.1313506,-1.54761,-1.5499174,0.018664742]","[0.47894764,0.18362822,0.69677794]",0.1321231528451386,3.8057948958116405,0.0878999940395355,false,nan,45.42594337463379,
sage_mppi_tuned,5,tuned_tall_pilot_02,tall,181,"[0.11999033,-1.553281,1.1313499,-1.5476099,-1.5499163,0.018664393]","[0.47894764,0.18362822,0.69677794]",0.1321231528451386,3.805794499816978,0.0878999940395355,false,nan,45.43591284751892,
sage_mppi_tuned,5,tuned_tall_pilot_02,tall,182,"[0.11999032,-1.5532807,1.1313498,-1.5476099,-1.5499162,0.018664329]","[0.47894764,0.18362822,0.69677794]",0.1321231528451386,3.805794505952865,0.0878999940395355,false,nan,45.44599008560181,
sage_mppi_tuned,5,tuned_tall_pilot_02,tall,183,"[0.11999074,-1.5532835,1.1313506,-1.54761,-1.5499174,0.018664742]","[0.47894764,0.18362822,0.69677794]",0.1321231528451386,3.8057948957664296,0.0878999940395355,false,nan,45.45595836639404,
sage_mppi_tuned,5,tuned_tall_pilot_02,tall,184,"[0.11999033,-1.553281,1.1313499,-1.5476099,-1.5499163,0.018664393]","[0.47754005,0.18867016,0.69588757]",0.12684594319209838,3.805794499796638,0.0878999940395355,false,nan,45.46579194068909,
sage_mppi_tuned,5,tuned_tall_pilot_02,tall,185,"[0.13017202,-1.5523238,1.1318657,-1.5465311,-1.5483349,0.019785361]","[0.47754005,0.18867016,0.69588757]",0.12684594319209838,3.812575984054885,0.0878999940395355,false,nan,45.47582530975342,
sage_mppi_tuned,5,tuned_tall_pilot_02,tall,186,"[0.13017242,-1.5523266,1.1318664,-1.5465312,-1.548336,0.019785757]","[0.47754005,0.18867016,0.69588757]",0.12684594319209838,3.8125763551965046,0.0878999940395355,false,nan,45.48587417602539,
sage_mppi_tuned,5,tuned_tall_pilot_02,tall,187,"[0.13017203,-1.5523241,1.1318658,-1.5465312,-1.5483349,0.019785421]","[0.47754005,0.18867016,0.69588757]",0.12684594319209838,3.8125759766001117,0.0878999940395355,false,nan,45.49589943885803,
sage_mppi_tuned,5,tuned_tall_pilot_02,tall,188,"[0.13017202,-1.5523238,1.1318657,-1.5465311,-1.5483349,0.01978536]","[0.47754005,0.18867016,0.69588757]",0.12684594319209838,3.8125759824382817,0.0878999940395355,false,nan,45.505977392196655,
sage_mppi_tuned,5,tuned_tall_pilot_02,tall,189,"[0.13017242,-1.5523266,1.1318664,-1.5465312,-1.548336,0.019785756]","[0.47754005,0.18867016,0.69588757]",0.12684594319209838,3.812576354862788,0.0878999940395355,false,nan,45.51619601249695,
sage_mppi_tuned,5,tuned_tall_pilot_02,tall,190,"[0.13017203,-1.5523241,1.1318658,-1.5465312,-1.5483349,0.01978542]","[0.47754005,0.18867016,0.69588757]",0.12684594319209838,3.8125759764949008,0.0878999940395355,false,nan,45.52619218826294,
sage_mppi_tuned,5,tuned_tall_pilot_02,tall,191,"[0.13017202,-1.5523238,1.1318657,-1.5465311,-1.5483349,0.019785359]","[0.47754005,0.18867016,0.69588757]",0.12684594319209838,3.8125759823745553,0.0878999940395355,false,nan,45.53612399101257,
sage_mppi_tuned,5,tuned_tall_pilot_02,tall,192,"[0.13017242,-1.5523266,1.1318664,-1.5465312,-1.548336,0.019785755]","[0.47754005,0.18867016,0.69588757]",0.12684594319209838,3.8125763548078777,0.0878999940395355,false,nan,45.546024560928345,
sage_mppi_tuned,5,tuned_tall_pilot_02,tall,193,"[0.13017203,-1.5523241,1.1318658,-1.5465312,-1.5483349,0.01978542]","[0.47754005,0.18867016,0.69588757]",0.12684594319209838,3.812575976469793,0.0878999940395355,false,nan,45.555908203125,
sage_mppi_tuned,5,tuned_tall_pilot_02,tall,194,"[0.13017202,-1.5523238,1.1318657,-1.5465311,-1.5483349,0.019785359]","[0.47601843,0.19375335,0.69499314]",0.12149115010942517,3.812575982358737,0.0878999940395355,false,nan,45.565922498703,
sage_mppi_tuned,5,tuned_tall_pilot_02,tall,195,"[0.14065978,-1.5515151,1.1321947,-1.545308,-1.5466575,0.021012939]","[0.47601843,0.19375335,0.69499314]",0.12149115010942517,3.8194076056534714,0.0878999940395355,false,nan,45.575953245162964,
sage_mppi_tuned,5,tuned_tall_pilot_02,tall,196,"[0.14065941,-1.5515127,1.132194,-1.545308,-1.5466565,0.021012617]","[0.47601843,0.19375335,0.69499314]",0.12149115010942517,3.8194072438066407,0.0878999940395355,false,nan,45.58592224121094,
sage_mppi_tuned,5,tuned_tall_pilot_02,tall,197,"[0.1406594,-1.5515125,1.132194,-1.5453079,-1.5466565,0.021012559]","[0.47601843,0.19375335,0.69499314]",0.12149115010942517,3.819407249331472,0.0878999940395355,false,nan,45.59600234031677,
sage_mppi_tuned,5,tuned_tall_pilot_02,tall,198,"[0.14065978,-1.5515151,1.1321947,-1.545308,-1.5466575,0.021012938]","[0.47601843,0.19375335,0.69499314]",0.12149115010942517,3.8194076042290024,0.0878999940395355,false,nan,45.606075048446655,
sage_mppi_tuned,5,tuned_tall_pilot_02,tall,199,"[0.1406594,-1.5515127,1.132194,-1.545308,-1.5466565,0.021012617]","[0.47601843,0.19375335,0.69499314]",0.12149115010942517,3.8194072436007223,0.0878999940395355,false,nan,45.61605358123779,
sage_mppi_tuned,5,tuned_tall_pilot_02,tall,200,"[0.1406594,-1.5515125,1.132194,-1.5453079,-1.5466565,0.021012559]","[0.47601843,0.19375335,0.69499314]",0.12149115010942517,3.8194072492658746,0.0878999940395355,false,nan,45.62617564201355,
sage_mppi_tuned,5,tuned_tall_pilot_02,tall,201,"[0.14065978,-1.5515151,1.1321947,-1.545308,-1.5466575,0.021012938]","[0.47601843,0.19375335,0.69499314]",0.12149115010942517,3.8194076041756784,0.0878999940395355,false,nan,45.636024951934814,
sage_mppi_tuned,5,tuned_tall_pilot_02,tall,202,"[0.1406594,-1.5515127,1.132194,-1.545308,-1.5466565,0.021012616]","[0.47601843,0.19375335,0.69499314]",0.12149115010942517,3.8194072435756707,0.0878999940395355,false,nan,45.64605259895325,
sage_mppi_tuned,5,tuned_tall_pilot_02,tall,203,"[0.1406594,-1.5515125,1.132194,-1.5453079,-1.5466565,0.021012559]","[0.47601843,0.19375335,0.69499314]",0.12149115010942517,3.8194072492495716,0.0878999940395355,false,nan,45.656102418899536,
sage_mppi_tuned,5,tuned_tall_pilot_02,tall,204,"[0.14065978,-1.5515151,1.1321947,-1.545308,-1.5466575,0.021012938]","[0.47450212,0.19881168,0.69412887]",0.11616707054052688,3.8194076041622314,0.0878999940395355,false,nan,45.66608190536499,
sage_mppi_tuned,5,tuned_tall_pilot_02,tall,205,"[0.15047409,-1.5508448,1.1329003,-1.5440574,-1.5444706,0.022294561]","[0.47450212,0.19881168,0.69412887]",0.11616707054052688,3.8261109734557617,0.0878999940395355,false,nan,45.67604112625122,
sage_mppi_tuned,5,tuned_tall_pilot_02,tall,206,"[0.15047447,-1.5508474,1.132901,-1.5440575,-1.5444716,0.022294943]","[0.47450212,0.19881168,0.69412887]",0.11616707054052688,3.826111325020994,0.0878999940395355,false,nan,45.68614721298218,
sage_mppi_tuned,5,tuned_tall_pilot_02,tall,207,"[0.15047408,-1.5508448,1.1329003,-1.5440574,-1.5444706,0.022294559]","[0.47450212,0.19881168,0.69412887]",0.11616707054052688,3.8261109714368566,0.0878999940395355,false,nan,45.69605565071106,
sage_mppi_tuned,5,tuned_tall_pilot_02,tall,208,"[0.15047446,-1.5508474,1.132901,-1.5440575,-1.5444716,0.022294942]","[0.47450212,0.19881168,0.69412887]",0.11616707054052688,3.8261113246594993,0.0878999940395355,false,nan,45.706059217453,
sage_mppi_tuned,5,tuned_tall_pilot_02,tall,209,"[0.15047408,-1.5508448,1.1329003,-1.5440574,-1.5444706,0.022294558]","[0.47450212,0.19881168,0.69412887]",0.11616707054052688,3.826110971307834,0.0878999940395355,false,nan,45.71602392196655,
sage_mppi_tuned,5,tuned_tall_pilot_02,tall,210,"[0.15047446,-1.5508474,1.132901,-1.5440575,-1.5444716,0.022294942]","[0.47450212,0.19881168,0.69412887]",0.11616707054052688,3.8261113245602996,0.0878999940395355,false,nan,45.72597336769104,
sage_mppi_tuned,5,tuned_tall_pilot_02,tall,211,"[0.15047408,-1.5508448,1.1329003,-1.5440574,-1.5444706,0.022294558]","[0.47450212,0.19881168,0.69412887]",0.11616707054052688,3.8261109712616697,0.0878999940395355,false,nan,45.73593091964722,
sage_mppi_tuned,5,tuned_tall_pilot_02,tall,212,"[0.15047446,-1.5508474,1.132901,-1.5440575,-1.5444716,0.022294942]","[0.47450212,0.19881168,0.69412887]",0.11616707054052688,3.8261113245224334,0.0878999940395355,false,nan,45.746013164520264,
sage_mppi_tuned,5,tuned_tall_pilot_02,tall,213,"[0.15047408,-1.5508448,1.1329003,-1.5440574,-1.5444706,0.022294558]","[0.47276264,0.20399834,0.69340974]",0.1106601765653448,3.826110971244098,0.0878999940395355,false,nan,45.756195306777954,
sage_mppi_tuned,5,tuned_tall_pilot_02,tall,214,"[0.16034916,-1.550274,1.1335716,-1.5428026,-1.5423528,0.023538887]","[0.47276264,0.20399834,0.69340974]",0.1106601765653448,3.8328441315930473,0.0878999940395355,false,nan,45.766053438186646,
sage_mppi_tuned,5,tuned_tall_pilot_02,tall,215,"[0.16034879,-1.5502715,1.1335709,-1.5428025,-1.5423518,0.02353852]","[0.47276264,0.20399834,0.69340974]",0.1106601765653448,3.8328437944540776,0.0878999940395355,false,nan,45.775943756103516,
sage_mppi_tuned,5,tuned_tall_pilot_02,tall,216,"[0.16034916,-1.550274,1.1335716,-1.5428026,-1.5423528,0.023538887]","[0.47276264,0.20399834,0.69340974]",0.1106601765653448,3.8328441305562704,0.0878999940395355,false,nan,45.78588843345642,
sage_mppi_tuned,5,tuned_tall_pilot_02,tall,217,"[0.16034879,-1.5502715,1.1335709,-1.5428025,-1.5423518,0.02353852]","[0.47276264,0.20399834,0.69340974]",0.1106601765653448,3.8328437943217777,0.0878999940395355,false,nan,45.79604530334473,
sage_mppi_tuned,5,tuned_tall_pilot_02,tall,218,"[0.16034916,-1.550274,1.1335716,-1.5428026,-1.5423528,0.023538886]","[0.47276264,0.20399834,0.69340974]",0.1106601765653448,3.832844130517455,0.0878999940395355,false,nan,45.80603384971619,
sage_mppi_tuned,5,tuned_tall_pilot_02,tall,219,"[0.16034879,-1.5502715,1.1335709,-1.5428025,-1.5423518,0.023538519]","[0.47276264,0.20399834,0.69340974]",0.1106601765653448,3.832843794305924,0.0878999940395355,false,nan,45.81604218482971,
sage_mppi_tuned,5,tuned_tall_pilot_02,tall,220,"[0.16034916,-1.550274,1.1335716,-1.5428026,-1.5423528,0.023538886]","[0.47276264,0.20399834,0.69340974]",0.1106601765653448,3.832844130502292,0.0878999940395355,false,nan,45.82615613937378,
sage_mppi_tuned,5,tuned_tall_pilot_02,tall,221,"[0.16034879,-1.5502715,1.1335709,-1.5428025,-1.5423518,0.023538519]","[0.47276264,0.20399834,0.69340974]",0.1106601765653448,3.832843794298511,0.0878999940395355,false,nan,45.83605241775513,
sage_mppi_tuned,5,tuned_tall_pilot_02,tall,222,"[0.16034916,-1.550274,1.1335716,-1.5428026,-1.5423528,0.023538886]","[0.47276264,0.20399834,0.69340974]",0.1106601765653448,3.8328441304960488,0.0878999940395355,false,nan,45.84616303443909,
sage_mppi_tuned,5,tuned_tall_pilot_02,tall,223,"[0.16034879,-1.5502715,1.1335709,-1.5428025,-1.5423518,0.023538519]","[0.47106034,0.2088975,0.69257522]",0.10542001037200402,3.8328437942955405,0.0878999940395355,false,nan,45.85604763031006,
sage_mppi_tuned,5,tuned_tall_pilot_02,tall,224,"[0.17064593,-1.5497995,1.1343414,-1.5416012,-1.5402292,0.024848572]","[0.47106034,0.2088975,0.69257522]",0.10542001037200402,3.8399192632218,0.0878999940395355,false,nan,45.86611342430115,
sage_mppi_tuned,5,tuned_tall_pilot_02,tall,225,"[0.17064559,-1.5497971,1.1343408,-1.5416011,-1.5402283,0.024848222]","[0.47106034,0.2088975,0.69257522]",0.10542001037200402,3.839918943616658,0.0878999940395355,false,nan,45.87621569633484,
sage_mppi_tuned,5,tuned_tall_pilot_02,tall,226,"[0.17064593,-1.5497995,1.1343414,-1.5416012,-1.5402292,0.024848571]","[0.47106034,0.2088975,0.69257522]",0.10542001037200402,3.8399192622688507,0.0878999940395355,false,nan,45.88618302345276,
sage_mppi_tuned,5,tuned_tall_pilot_02,tall,227,"[0.17064559,-1.5497971,1.1343408,-1.5416011,-1.5402283,0.024848222]","[0.47106034,0.2088975,0.69257522]",0.10542001037200402,3.839918943518398,0.0878999940395355,false,nan,45.89634037017822,
sage_mppi_tuned,5,tuned_tall_pilot_02,tall,228,"[0.17064593,-1.5497995,1.1343414,-1.5416012,-1.5402292,0.024848571]","[0.47106034,0.2088975,0.69257522]",0.10542001037200402,3.8399192622565574,0.0878999940395355,false,nan,45.906171798706055,
sage_mppi_tuned,5,tuned_tall_pilot_02,tall,229,"[0.17064559,-1.5497971,1.1343408,-1.5416011,-1.5402283,0.024848222]","[0.47106034,0.2088975,0.69257522]",0.10542001037200402,3.8399189435146694,0.0878999940395355,false,nan,45.915940284729004,
sage_mppi_tuned,5,tuned_tall_pilot_02,tall,230,"[0.17064593,-1.5497995,1.1343414,-1.5416012,-1.5402292,0.024848571]","[0.47106034,0.2088975,0.69257522]",0.10542001037200402,3.8399192622509712,0.0878999940395355,false,nan,45.92610788345337,
sage_mppi_tuned,5,tuned_tall_pilot_02,tall,231,"[0.17064559,-1.5497971,1.1343408,-1.5416011,-1.5402283,0.024848222]","[0.47106034,0.2088975,0.69257522]",0.10542001037200402,3.8399189435116665,0.0878999940395355,false,nan,45.936095237731934,
sage_mppi_tuned,5,tuned_tall_pilot_02,tall,232,"[0.17064593,-1.5497995,1.1343414,-1.5416012,-1.5402292,0.024848571]","[0.4692407,0.21379557,0.69180459]",0.10014474829732384,3.8399192622482397,0.0878999940395355,false,nan,45.946091651916504,
sage_mppi_tuned,5,tuned_tall_pilot_02,tall,233,"[0.1810954,-1.5494842,1.1349974,-1.5401686,-1.5380329,0.026126408]","[0.4692407,0.21379557,0.69180459]",0.10014474829732384,3.8470253080877352,0.0878999940395355,false,nan,45.95617055892944,
sage_mppi_tuned,5,tuned_tall_pilot_02,tall,234,"[0.18109573,-1.5494865,1.134998,-1.5401687,-1.5380337,0.026126741]","[0.4692407,0.21379557,0.69180459]",0.10014474829732384,3.847025608862575,0.0878999940395355,false,nan,45.966264724731445,
sage_mppi_tuned,5,tuned_tall_pilot_02,tall,235,"[0.1810954,-1.5494842,1.1349974,-1.5401686,-1.5380329,0.026126408]","[0.4692407,0.21379557,0.69180459]",0.10014474829732384,3.847025307439848,0.0878999940395355,false,nan,45.97642207145691,
sage_mppi_tuned,5,tuned_tall_pilot_02,tall,236,"[0.18109573,-1.5494865,1.134998,-1.5401687,-1.5380337,0.026126741]","[0.4692407,0.21379557,0.69180459]",0.10014474829732384,3.8470256088447328,0.0878999940395355,false,nan,45.98654103279114,
sage_mppi_tuned,5,tuned_tall_pilot_02,tall,237,"[0.1810954,-1.5494842,1.1349974,-1.5401686,-1.5380329,0.026126408]","[0.4692407,0.21379557,0.69180459]",0.10014474829732384,3.8470253074702856,0.0878999940395355,false,nan,45.99655604362488,
sage_mppi_tuned,5,tuned_tall_pilot_02,tall,238,"[0.18109573,-1.5494865,1.134998,-1.5401687,-1.5380337,0.026126741]","[0.4692407,0.21379557,0.69180459]",0.10014474829732384,3.8470256088667005,0.0878999940395355,false,nan,46.00662112236023,
sage_mppi_tuned,5,tuned_tall_pilot_02,tall,239,"[0.1810954,-1.5494842,1.1349974,-1.5401686,-1.5380329,0.026126408]","[0.4692407,0.21379557,0.69180459]",0.10014474829732384,3.8470253074803056,0.0878999940395355,false,nan,46.0166974067688,
sage_mppi_tuned,5,tuned_tall_pilot_02,tall,240,"[0.18109573,-1.5494865,1.134998,-1.5401687,-1.5380337,0.026126741]","[0.4692407,0.21379557,0.69180459]",0.10014474829732384,3.847025608873122,0.0878999940395355,false,nan,46.02671718597412,
sage_mppi_tuned,5,tuned_tall_pilot_02,tall,241,"[0.1810954,-1.5494842,1.1349974,-1.5401686,-1.5380329,0.026126408]","[0.4692407,0.21379557,0.69180459]",0.10014474829732384,3.8470253074832965,0.0878999940395355,false,nan,46.03675198554993,
sage_mppi_tuned,5,tuned_tall_pilot_02,tall,242,"[0.18109573,-1.5494865,1.134998,-1.5401687,-1.5380337,0.026126741]","[0.4672367,0.21886873,0.69104308]",0.09464035383379894,3.847025608875248,0.0878999940395355,false,nan,46.04674553871155,
sage_mppi_tuned,5,tuned_tall_pilot_02,tall,243,"[0.19120282,-1.548936,1.135545,-1.5386463,-1.535799,0.027439434]","[0.4672367,0.21886873,0.69104308]",0.09464035383379894,3.8538468884807764,0.0878999940395355,false,nan,46.056845903396606,
sage_mppi_tuned,5,tuned_tall_pilot_02,tall,244,"[0.19120312,-1.5489382,1.1355456,-1.5386464,-1.5357998,0.02743975]","[0.4672367,0.21886873,0.69104308]",0.09464035383379894,3.8538471722910863,0.0878999940395355,false,nan,46.06674671173096,
sage_mppi_tuned,5,tuned_tall_pilot_02,tall,245,"[0.19120281,-1.5489361,1.135545,-1.5386463,-1.535799,0.027439434]","[0.4672367,0.21886873,0.69104308]",0.09464035383379894,3.85384688763011,0.0878999940395355,false,nan,46.076865434646606,
sage_mppi_tuned,5,tuned_tall_pilot_02,tall,246,"[0.19120312,-1.5489382,1.1355456,-1.5386464,-1.5357998,0.02743975]","[0.4672367,0.21886873,0.69104308]",0.09464035383379894,3.8538471721790772,0.0878999940395355,false,nan,46.0868124961853,
sage_mppi_tuned,5,tuned_tall_pilot_02,tall,247,"[0.19120281,-1.5489361,1.135545,-1.5386463,-1.535799,0.027439434]","[0.4672367,0.21886873,0.69104308]",0.09464035383379894,3.853846887617214,0.0878999940395355,false,nan,46.096792697906494,
sage_mppi_tuned,5,tuned_tall_pilot_02,tall,248,"[0.19120312,-1.5489382,1.1355456,-1.5386464,-1.5357998,0.02743975]","[0.4672367,0.21886873,0.69104308]",0.09464035383379894,3.853847172169142,0.0878999940395355,false,nan,46.106911182403564,
sage_mppi_tuned,5,tuned_tall_pilot_02,tall,249,"[0.19120281,-1.5489361,1.135545,-1.5386463,-1.535799,0.027439434]","[0.4672367,0.21886873,0.69104308]",0.09464035383379894,3.8538468876116205,0.0878999940395355,false,nan,46.11683106422424,
sage_mppi_tuned,5,tuned_tall_pilot_02,tall,250,"[0.19120312,-1.5489382,1.1355456,-1.5386464,-1.5357998,0.02743975]","[0.4672367,0.21886873,0.69104308]",0.09464035383379894,3.8538471721638747,0.0878999940395355,false,nan,46.126779079437256,
sage_mppi_tuned,5,tuned_tall_pilot_02,tall,251,"[0.19120281,-1.5489361,1.135545,-1.5386463,-1.535799,0.027439434]","[0.4672367,0.21886873,0.69104308]",0.09464035383379894,3.853846887608876,0.0878999940395355,false,nan,46.1367883682251,
sage_mppi_tuned,5,tuned_tall_pilot_02,tall,252,"[0.19120312,-1.5489382,1.1355456,-1.5386464,-1.5357998,0.02743975]","[0.4672367,0.21886873,0.69104308]",0.09464035383379894,3.8538471721617005,0.0878999940395355,false,nan,46.14693284034729,
sage_mppi_tuned,5,tuned_tall_pilot_02,tall,253,"[0.19120281,-1.5489361,1.135545,-1.5386463,-1.535799,0.027439434]","[0.46503556,0.22398172,0.69038594]",0.08903611923280216,3.853846887607785,0.0878999940395355,false,nan,46.15686249732971,
sage_mppi_tuned,5,tuned_tall_pilot_02,tall,254,"[0.20013605,-1.5483554,1.1367338,-1.5375171,-1.532906,0.028569214]","[0.46503556,0.22398172,0.69038594]",0.08903611923280216,3.8605115060634225,0.0878999940395355,false,nan,46.16704821586609,
sage_mppi_tuned,5,tuned_tall_pilot_02,tall,255,"[0.200136,-1.5483554,1.1367337,-1.5375171,-1.5329059,0.028569223]","[0.46503556,0.22398172,0.69038594]",0.08903611923280216,3.8605114540334893,0.0878999940395355,false,nan,46.17710828781128,
sage_mppi_tuned,5,tuned_tall_pilot_02,tall,256,"[0.20013564,-1.548353,1.1367331,-1.537517,-1.532905,0.02856886]","[0.46503556,0.22398172,0.69038594]",0.08903611923280216,3.8605111245207056,0.0878999940395355,false,nan,46.18716883659363,
sage_mppi_tuned,5,tuned_tall_pilot_02,tall,257,"[0.20013604,-1.5483555,1.1367338,-1.5375171,-1.532906,0.028569212]","[0.46503556,0.22398172,0.69038594]",0.08903611923280216,3.860511504387273,0.0878999940395355,false,nan,46.1973340511322,
sage_mppi_tuned,5,tuned_tall_pilot_02,tall,258,"[0.200136,-1.5483554,1.1367337,-1.5375171,-1.5329059,0.028569222]","[0.46503556,0.22398172,0.69038594]",0.08903611923280216,3.8605114535725105,0.0878999940395355,false,nan,46.207313537597656,
sage_mppi_tuned,5,tuned_tall_pilot_02,tall,259,"[0.20013564,-1.548353,1.1367331,-1.537517,-1.532905,0.028568859]","[0.46503556,0.22398172,0.69038594]",0.08903611923280216,3.860511124343918,0.0878999940395355,false,nan,46.217307806015015,
sage_mppi_tuned,5,tuned_tall_pilot_02,tall,260,"[0.20013604,-1.5483555,1.1367338,-1.5375171,-1.532906,0.028569211]","[0.46503556,0.22398172,0.69038594]",0.08903611923280216,3.8605115042458684,0.0878999940395355,false,nan,46.22719764709473,
sage_mppi_tuned,5,tuned_tall_pilot_02,tall,261,"[0.200136,-1.5483554,1.1367337,-1.5375171,-1.5329059,0.028569222]","[0.46503556,0.22398172,0.69038594]",0.08903611923280216,3.8605114534896825,0.0878999940395355,false,nan,46.23741364479065,
sage_mppi_tuned,5,tuned_tall_pilot_02,tall,262,"[0.20013564,-1.548353,1.1367331,-1.537517,-1.532905,0.028568859]","[0.46503556,0.22398172,0.69038594]",0.08903611923280216,3.860511124304941,0.0878999940395355,false,nan,46.247382164001465,
sage_mppi_tuned,5,tuned_tall_pilot_02,tall,263,"[0.20013604,-1.5483555,1.1367338,-1.5375171,-1.532906,0.028569211]","[0.46295843,0.22893783,0.68965578]",0.08361548380084954,3.8605115042137212,0.0878999940395355,false,nan,46.25737500190735,
sage_mppi_tuned,5,tuned_tall_pilot_02,tall,264,"[0.206136,-1.5476733,1.1376445,-1.536579,-1.5299562,0.029657173]","[0.46295843,0.22893783,0.68965578]",0.08361548380084954,3.865099014693205,0.0878999940395355,false,nan,46.26744771003723,
sage_mppi_tuned,5,tuned_tall_pilot_02,tall,265,"[0.20613566,-1.5476709,1.1376439,-1.5365789,-1.5299553,0.029656822]","[0.46295843,0.22893783,0.68965578]",0.08361548380084954,3.8650986973091217,0.0878999940395355,false,nan,46.27759599685669,
sage_mppi_tuned,5,tuned_tall_pilot_02,tall,266,"[0.20613604,-1.5476733,1.1376446,-1.536579,-1.5299563,0.029657162]","[0.46295843,0.22893783,0.68965578]",0.08361548380084954,3.865099062825772,0.0878999940395355,false,nan,46.2874538898468,
sage_mppi_tuned,5,tuned_tall_pilot_02,tall,267,"[0.206136,-1.5476733,1.1376445,-1.536579,-1.5299562,0.029657172]","[0.46295843,0.22893783,0.68965578]",0.08361548380084954,3.865099013653345,0.0878999940395355,false,nan,46.297531604766846,
sage_mppi_tuned,5,tuned_tall_pilot_02,tall,268,"[0.20613566,-1.5476709,1.1376439,-1.5365789,-1.5299553,0.029656822]","[0.46295843,0.22893783,0.68965578]",0.08361548380084954,3.8650986970784404,0.0878999940395355,false,nan,46.307645320892334,
sage_mppi_tuned,5,tuned_tall_pilot_02,tall,269,"[0.20613604,-1.5476733,1.1376446,-1.536579,-1.5299563,0.029657162]","[0.46295843,0.22893783,0.68965578]",0.08361548380084954,3.865099062685902,0.0878999940395355,false,nan,46.317418813705444,
sage_mppi_tuned,5,tuned_tall_pilot_02,tall,270,"[0.206136,-1.5476733,1.1376445,-1.536579,-1.5299562,0.029657171]","[0.46295843,0.22893783,0.68965578]",0.08361548380084954,3.8650990135731833,0.0878999940395355,false,nan,46.32750487327576,
sage_mppi_tuned,5,tuned_tall_pilot_02,tall,271,"[0.20613566,-1.5476709,1.1376439,-1.5365789,-1.5299553,0.029656821]","[0.46295843,0.22893783,0.68965578]",0.08361548380084954,3.8650986970401,0.0878999940395355,false,nan,46.3374080657959,
sage_mppi_tuned,5,tuned_tall_pilot_02,tall,272,"[0.20613604,-1.5476733,1.1376446,-1.536579,-1.5299563,0.029657162]","[0.46295843,0.22893783,0.68965578]",0.08361548380084954,3.865099062654206,0.0878999940395355,false,nan,46.35065174102783,
sage_mppi_tuned,5,tuned_tall_pilot_02,tall,273,"[0.206136,-1.5476733,1.1376445,-1.536579,-1.5299562,0.029657171]","[0.46119171,0.2334183,0.68864834]",0.07872248755501451,3.8650990135546017,0.0878999940395355,false,nan,46.357258319854736,
sage_mppi_tuned,5,tuned_tall_pilot_02,tall,274,"[0.21213568,-1.546752,1.1382597,-1.5361628,-1.526661,0.030453368]","[0.46119171,0.2334183,0.68864834]",0.07872248755501451,3.869676468719444,0.0878999940395355,false,nan,46.36761116981506,
sage_mppi_tuned,5,tuned_tall_pilot_02,tall,275,"[0.21213605,-1.5467543,1.1382603,-1.5361629,-1.526662,0.030453696]","[0.46119171,0.2334183,0.68864834]",0.07872248755501451,3.8696768193745776,0.0878999940395355,false,nan,46.37751626968384,
sage_mppi_tuned,5,tuned_tall_pilot_02,tall,276,"[0.212136,-1.5467542,1.1382603,-1.5361629,-1.5266619,0.030453704]","[0.46119171,0.2334183,0.68864834]",0.07872248755501451,3.869676771722001,0.0878999940395355,false,nan,46.387439012527466,
sage_mppi_tuned,5,tuned_tall_pilot_02,tall,277,"[0.21213568,-1.546752,1.1382597,-1.5361628,-1.526661,0.030453367]","[0.46119171,0.2334183,0.68864834]",0.07872248755501451,3.869676468000674,0.0878999940395355,false,nan,46.39755058288574,
sage_mppi_tuned,5,tuned_tall_pilot_02,tall,278,"[0.21213605,-1.5467543,1.1382603,-1.5361629,-1.526662,0.030453694]","[0.46119171,0.2334183,0.68864834]",0.07872248755501451,3.8696768189858815,0.0878999940395355,false,nan,46.4075391292572,
sage_mppi_tuned,5,tuned_tall_pilot_02,tall,279,"[0.212136,-1.5467542,1.1382603,-1.5361629,-1.5266619,0.030453703]","[0.46119171,0.2334183,0.68864834]",0.07872248755501451,3.869676771536645,0.0878999940395355,false,nan,46.41755771636963,
sage_mppi_tuned,5,tuned_tall_pilot_02,tall,280,"[0.21213567,-1.546752,1.1382597,-1.5361628,-1.526661,0.030453366]","[0.46119171,0.2334183,0.68864834]",0.07872248755501451,3.8696764679139015,0.0878999940395355,false,nan,46.427911043167114,
sage_mppi_tuned,5,tuned_tall_pilot_02,tall,281,"[0.21213605,-1.5467543,1.1382603,-1.5361629,-1.526662,0.030453694]","[0.46119171,0.2334183,0.68864834]",0.07872248755501451,3.8696768189152,0.0878999940395355,false,nan,46.43825078010559,
sage_mppi_tuned,5,tuned_tall_pilot_02,tall,282,"[0.212136,-1.5467542,1.1382603,-1.5361629,-1.5266619,0.030453703]","[0.46119171,0.2334183,0.68864834]",0.07872248755501451,3.8696767714951137,0.0878999940395355,false,nan,46.44756317138672,
sage_mppi_tuned,5,tuned_tall_pilot_02,tall,283,"[0.21213567,-1.546752,1.1382597,-1.5361628,-1.526661,0.030453366]","[0.46010828,0.2365492,0.68775231]",0.07534521698434223,3.8696764678938953,0.0878999940395355,false,nan,46.457446575164795,
sage_mppi_tuned,5,tuned_tall_pilot_02,tall,284,"[0.21813606,-1.5457486,1.1387932,-1.5358678,-1.52332,0.031291355]","[0.46010828,0.2365492,0.68775231]",0.07534521698434223,3.874214612677169,0.0878999940395355,false,nan,46.467564821243286,
sage_mppi_tuned,5,tuned_tall_pilot_02,tall,285,"[0.21813601,-1.5457485,1.1387932,-1.5358679,-1.5233199,0.031291362]","[0.46010828,0.2365492,0.68775231]",0.07534521698434223,3.874214565809017,0.0878999940395355,false,nan,46.47759938240051,
sage_mppi_tuned,5,tuned_tall_pilot_02,tall,286,"[0.2181357,-1.5457463,1.1387926,-1.5358678,-1.5233191,0.031291037]","[0.46010828,0.2365492,0.68775231]",0.07534521698434223,3.8742142748186765,0.0878999940395355,false,nan,46.487613677978516,
sage_mppi_tuned,5,tuned_tall_pilot_02,tall,287,"[0.21813605,-1.5457486,1.1387932,-1.5358678,-1.52332,0.031291353]","[0.46010828,0.2365492,0.68775231]",0.07534521698434223,3.87421461116924,0.0878999940395355,false,nan,46.497655630111694,
sage_mppi_tuned,5,tuned_tall_pilot_02,tall,288,"[0.21813601,-1.5457485,1.1387932,-1.5358679,-1.5233199,0.031291361]","[0.46010828,0.2365492,0.68775231]",0.07534521698434223,3.874214565393987,0.0878999940395355,false,nan,46.50769400596619,
sage_mppi_tuned,5,tuned_tall_pilot_02,tall,289,"[0.21813569,-1.5457463,1.1387926,-1.5358678,-1.5233191,0.031291036]","[0.46010828,0.2365492,0.68775231]",0.07534521698434223,3.8742142746520396,0.0878999940395355,false,nan,46.51752591133118,
sage_mppi_tuned,5,tuned_tall_pilot_02,tall,290,"[0.21813605,-1.5457486,1.1387932,-1.5358678,-1.52332,0.031291352]","[0.46010828,0.2365492,0.68775231]",0.07534521698434223,3.874214611039682,0.0878999940395355,false,nan,46.52767729759216,
sage_mppi_tuned,5,tuned_tall_pilot_02,tall,291,"[0.21813601,-1.5457485,1.1387932,-1.5358679,-1.5233199,0.03129136]","[0.46010828,0.2365492,0.68775231]",0.07534521698434223,3.8742145653177937,0.0878999940395355,false,nan,46.53742456436157,
sage_mppi_tuned,5,tuned_tall_pilot_02,tall,292,"[0.21813569,-1.5457463,1.1387926,-1.5358678,-1.5233191,0.031291036]","[0.46010828,0.2365492,0.68775231]",0.07534521698434223,3.8742142746148502,0.0878999940395355,false,nan,46.547653913497925,
sage_mppi_tuned,5,tuned_tall_pilot_02,tall,293,"[0.21813605,-1.5457486,1.1387932,-1.5358678,-1.52332,0.031291352]","[0.45911562,0.23973458,0.68695176]",0.07196584751561068,3.8742146110103453,0.0878999940395355,false,nan,46.5576605796814,
sage_mppi_tuned,5,tuned_tall_pilot_02,tall,294,"[0.22413569,-1.5444555,1.1391553,-1.535794,-1.5195483,0.031857736]","[0.45911562,0.23973458,0.68695176]",0.07196584751561068,3.8788083322082407,0.0878999940395355,false,nan,46.56779098510742,
sage_mppi_tuned,5,tuned_tall_pilot_02,tall,295,"[0.22413606,-1.5444578,1.1391559,-1.535794,-1.5195493,0.031858069]","[0.45911562,0.23973458,0.68695176]",0.07196584751561068,3.8788086827202943,0.0878999940395355,false,nan,46.57778286933899,
sage_mppi_tuned,5,tuned_tall_pilot_02,tall,296,"[0.22413571,-1.5444557,1.1391554,-1.535794,-1.5195484,0.031857762]","[0.45911562,0.23973458,0.68695176]",0.07196584751561068,3.878808357831674,0.0878999940395355,false,nan,46.58781862258911,
sage_mppi_tuned,5,tuned_tall_pilot_02,tall,297,"[0.22413601,-1.5444578,1.1391559,-1.5357941,-1.5195492,0.031858073]","[0.45911562,0.23973458,0.68695176]",0.07196584751561068,3.8788086336609955,0.0878999940395355,false,nan,46.59779953956604,
sage_mppi_tuned,5,tuned_tall_pilot_02,tall,298,"[0.22413605,-1.5444578,1.1391559,-1.535794,-1.5195493,0.031858059]","[0.45911562,0.23973458,0.68695176]",0.07196584751561068,3.878808676405792,0.0878999940395355,false,nan,46.607667446136475,
sage_mppi_tuned,5,tuned_tall_pilot_02,tall,299,"[0.22413602,-1.5444578,1.1391559,-1.5357941,-1.5195492,0.031858074]","[0.45911562,0.23973458,0.68695176]",0.07196584751561068,3.8788086376682522,0.0878999940395355,false,nan,46.617629289627075,
rrtstar,6,tuned_tall_pilot_00,tall,0,"[0,-1.57,1.1,-1.57,-1.57,0]","[0.48397353,0.13337938,0.72136778]",0.6137805244532687,2.0584359007611637,0.0878999940395355,false,2.068587064743042,0.0,OMPL RRTstar returned only an approximate solution within the planning time limit
rrtstar,6,tuned_tall_pilot_00,tall,1,"[-0.11856237,-1.5794122,1.1374773,-1.5377281,-1.5305114,-0.039704831]","[0.49476442,0.079345278,0.70354563]",0.5800816699339006,1.9762477124457292,0.0878999940395355,false,0.0,0.0,OMPL RRTstar returned only an approximate solution within the planning time limit
rrtstar,6,tuned_tall_pilot_00,tall,2,"[-0.23712474,-1.5888244,1.1749546,-1.5054563,-1.4910229,-0.079409662]","[0.49881113,0.024754649,0.68589163]",0.5477055627728015,1.9008962667323548,0.0878999940395355,false,0.0,0.0,OMPL RRTstar returned only an approximate solution within the planning time limit
rrtstar,6,tuned_tall_pilot_00,tall,3,"[-0.35568711,-1.5982366,1.2124319,-1.4731844,-1.4515343,-0.11911449]","[0.496196,-0.029487882,0.6684494]",0.5171699553015723,1.8332247939989532,0.0878999940395355,false,0.0,0.0,OMPL RRTstar returned only an approximate solution within the planning time limit
rrtstar,6,tuned_tall_pilot_00,tall,4,"[-0.47424948,-1.6076488,1.2499092,-1.4409126,-1.4120457,-0.15881932]","[0.48712754,-0.082518801,0.65125906]",0.48901563436094375,1.7741123432053219,0.0878999940395355,false,0.0,0.0,OMPL RRTstar returned only an approximate solution within the planning time limit
rrtstar,6,tuned_tall_pilot_00,tall,5,"[-0.59281185,-1.6170611,1.2873864,-1.4086407,-1.3725571,-0.19852415]","[0.4719291,-0.13353334,0.63435543]",0.46378897861501256,1.7244393291211857,0.0878999940395355,false,0.0,0.0,OMPL RRTstar returned only an approximate solution within the planning time limit
rrtstar,6,tuned_tall_pilot_00,tall,6,"[-0.71137422,-1.6264733,1.3248637,-1.3763689,-1.3330686,-0.23822899]","[0.45102462,-0.1818004,0.61776966]",0.4420162779746546,1.6850407490182087,0.07863243443743147,false,0.0,0.0,OMPL RRTstar returned only an approximate solution within the planning time limit
rrtstar,6,tuned_tall_pilot_00,tall,7,"[-0.82993659,-1.6358855,1.362341,-1.344097,-1.29358,-0.27793382]","[0.42492357,-0.22667448,0.60152775]",0.4241632043011039,1.6566498074153264,0.06876656509217359,false,0.0,0.0,OMPL RRTstar returned only an approximate solution within the planning time limit
rrtstar,6,tuned_tall_pilot_00,tall,8,"[-0.94849896,-1.6452977,1.3998183,-1.3118251,-1.2540914,-0.31763865]","[0.39420363,-0.26760459,0.58565098]",0.4105859975950593,1.6398383382187722,0.06104727690219882,false,0.0,0.0,OMPL RRTstar returned only an approximate solution within the planning time limit
rrtstar,6,tuned_tall_pilot_00,tall,9,"[-1.0670613,-1.6547099,1.4372956,-1.2795533,-1.2146028,-0.35734348]","[0.35949376,-0.3041392,0.57015634]",0.4014817477200409,1.634963577300866,0.04460648922175172,false,0.0,0.0,OMPL RRTstar returned only an approximate solution within the planning time limit
rrtstar,6,tuned_tall_pilot_00,tall,10,"[-1.1856237,-1.6641221,1.4747729,-1.2472814,-1.1751143,-0.39704831]","[0.32145688,-0.33592969,0.55505568]",0.39685063999814385,1.642131832476996,0.02846374313499247,false,0.0,0.0,OMPL RRTstar returned only an approximate solution within the planning time limit
rrtstar,6,tuned_tall_pilot_00,tall,11,"[-1.3041861,-1.6735343,1.5122502,-1.2150096,-1.1356257,-0.43675314]","[0.28077337,-0.3627288,0.54035676]",0.39648587054429174,1.6611872091650426,0.018920387510143792,false,0.0,0.0,OMPL RRTstar returned only an approximate solution within the planning time limit
rrtstar,6,tuned_tall_pilot_00,tall,12,"[-1.4227484,-1.6829465,1.5497275,-1.1827377,-1.0961371,-0.47645797]","[0.23812582,-0.384388,0.52606279]",0.39999544951281885,1.691728070665703,0.022879357440463384,false,0.0,0.0,OMPL RRTstar returned only an approximate solution within the planning time limit
rrtstar,6,tuned_tall_pilot_00,tall,13,"[-1.5413108,-1.6923587,1.5872048,-1.1504658,-1.0566486,-0.5161628]","[0.19418468,-0.40085241,0.51217258]",0.4068515951878774,1.7331473448003591,0.051319588660384934,false,0.0,0.0,OMPL RRTstar returned only an approximate solution within the planning time limit
rrtstar,6,tuned_tall_pilot_00,tall,14,"[-1.6598732,-1.701771,1.624682,-1.118194,-1.01716,-0.55586763]","[0.14959648,-0.41215324,0.49868107]",0.4164522977301665,1.784687789229321,0.07758837972642471,false,0.0,0.0,OMPL RRTstar returned only an approximate solution within the planning time limit
rrtstar,6,tuned_tall_pilot_00,tall,15,"[-1.7784355,-1.7111832,1.6621593,-1.0859221,-0.97767141,-0.59557246]","[0.1049735,-0.41839957,0.48557973]",0.4281796564778654,1.8455016184727175,0.0878999940395355,false,0.0,0.0,OMPL RRTstar returned only an approximate solution within the planning time limit
rrtstar,6,tuned_tall_pilot_00,tall,16,"[-1.8969979,-1.7205954,1.6996366,-1.0536503,-0.93818284,-0.63527729]","[0.060885869,-0.41976908,0.47285613]",0.4414436718756657,1.914705427754377,0.0878999940395355,false,0.0,0.0,OMPL RRTstar returned only an approximate solution within the planning time limit
rrtstar,6,tuned_tall_pilot_00,tall,17,"[-2.0155603,-1.7300076,1.7371139,-1.0213784,-0.89869426,-0.67498213]","[0.017855231,-0.41649795,0.46049517]",0.4557102470847362,1.9914247309110624,0.0878999940395355,false,0.0,0.0,OMPL RRTstar returned only an approximate solution within the planning time limit
rrtstar,6,tuned_tall_pilot_00,tall,18,"[-2.1341227,-1.7394198,1.7745912,-0.98910656,-0.85920569,-0.71468696]","[-0.023649178,-0.40887108,0.44847879]",0.4705135408806927,2.07482601083122,0.0878999940395355,false,0.0,0.0,OMPL RRTstar returned only an approximate solution within the planning time limit
rrtstar,6,tuned_tall_pilot_00,tall,19,"[-2.252685,-1.748832,1.8120685,-0.9568347,-0.81971712,-0.75439179]","[-0.063213065,-0.39721271,0.43678656]",0.48545858104824313,2.164136877391277,0.0878999940395355,false,0.0,0.0,OMPL RRTstar returned only an approximate solution within the planning time limit
rrtstar,6,tuned_tall_pilot_00,tall,20,"[-2.3712474,-1.7582442,1.8495458,-0.92456284,-0.78022855,-0.79409662]","[-0.10047767,-0.3818773,0.42539626]",0.5002170931743033,2.25865641598571,0.0878999940395355,false,0.0,0.0,OMPL RRTstar returned only an approximate solution within the planning time limit
rrtstar,6,tuned_tall_pilot_00,tall,21,"[-2.4898098,-1.7676564,1.8870231,-0.89229098,-0.74073997,-0.83380145]","[-0.13513964,-0.36324131,0.41428381]",0.514520343864884,2.3577582826463424,0.0878999940395355,false,0.0,0.0,OMPL RRTstar returned only an approximate solution within the planning time limit
rrtstar,6,tuned_tall_pilot_00,tall,22,"[-2.6083721,-1.7770686,1.9245004,-0.86001913,-0.7012514,-0.87350628]","[-0.16694933,-0.34169602,0.40342432]",0.5281511138165503,2.460888938133317,0.0878999940395355,false,0.0,0.0,OMPL RRTstar returned only an approximate solution within the planning time limit
rrtstar,6,tuned_tall_pilot_00,tall,23,"[-2.7269345,-1.7864809,1.9619776,-0.82774727,-0.66176283,-0.91321111]","[-0.19570887,-0.3176409,0.3927922]",0.5409355764539862,2.567562958291751,0.0878999940395355,false,0.0,0.0,OMPL RRTstar returned only an approximate solution within the planning time limit
rrtstar,6,tuned_tall_pilot_00,tall,24,"[-2.8454969,-1.7958931,1.9994549,-0.79547541,-0.62227426,-0.95291594]","[-0.22126982,-0.29147869,0.38236108]",0.5527363156013257,2.677356841416983,0.0878999940395355,false,0.0,0.0,OMPL RRTstar returned only an approximate solution within the planning time limit
rrtstar,6,tuned_tall_pilot_00,tall,25,"[-2.9640592,-1.8053053,2.0369322,-0.76320355,-0.58278568,-0.99262077]","[-0.24353033,-0.26361072,0.37210554]",0.5634463964282043,2.789902274327586,0.0878999940395355,false,0.0,0.0,OMPL RRTstar returned only an approximate solution within the planning time limit
rrtstar,6,tuned_tall_pilot_00,tall,26,"[-3.0826216,-1.8147175,2.0744095,-0.73093169,-0.54329711,-1.0323256]","[-0.26243258,-0.234433,0.36200008]",0.5729838900107747,2.904879459950038,0.0878999940395355,false,0.0,0.0,OMPL RRTstar returned only an approximate solution within the planning time limit
rrtstar,6,tuned_tall_pilot_00,tall,27,"[-3.201184,-1.8241297,2.1118868,-0.69865984,-0.50380854,-1.0720304]","[-0.27796081,-0.20433319,0.35202047]",0.5812887929231969,3.022010851387943,0.0878999940395355,false,0.0,0.0,OMPL RRTstar returned only an approximate solution within the planning time limit
rrtstar,6,tuned_tall_pilot_00,tall,28,"[-3.3197464,-1.8335419,2.1493641,-0.66638798,-0.46431997,-1.1117353]","[-0.29013798,-0.17368791,0.3421438]",0.5883187487834379,3.141055463932277,0.0878999940395355,false,0.0,0.0,OMPL RRTstar returned only an approximate solution within the planning time limit
rrtstar,6,tuned_tall_pilot_00,tall,29,"[-3.4383087,-1.8429541,2.1868414,-0.63411612,-0.42483139,-1.1514401]","[-0.29902536,-0.14285968,0.33234885]",0.5940483749467838,3.2618038263538494,0.0878999940395355,false,0.0,0.0,OMPL RRTstar returned only an approximate solution within the planning time limit
rrtstar,6,tuned_tall_pilot_00,tall,30,"[-3.5568711,-1.8523663,2.2243187,-0.60184426,-0.38534282,-1.1911449]","[-0.30471975,-0.11219487,0.32261655]",0.5984668636989026,3.3840735672056375,0.0878999940395355,false,0.0,0.0,OMPL RRTstar returned only an approximate solution within the planning time limit
rrtstar,6,tuned_tall_pilot_00,tall,31,"[-3.6754335,-1.8617785,2.261796,-0.5695724,-0.34585425,-1.2308498]","[-0.30735222,-0.082020611,0.31293005]",0.6015774267260536,3.507705595888664,0.0878999940395355,false,0.0,0.0,OMPL RRTstar returned only an approximate solution within the planning time limit
rrtstar,6,tuned_tall_pilot_00,tall,32,"[-3.7939958,-1.8711908,2.2992732,-0.53730055,-0.30636567,-1.2705546]","[-0.3070865,-0.052641928,0.30327538]",0.6033970697687034,3.6325608211181915,0.0878999940395355,false,0.0,0.0,OMPL RRTstar returned only an approximate solution within the planning time limit
rrtstar,6,tuned_tall_pilot_00,tall,33,"[-3.9125582,-1.880603,2.3367505,-0.50502869,-0.2668771,-1.3102594]","[-0.30411723,-0.024338707,0.29364118]",0.6039566059999295,3.758517343759713,0.0878999940395355,false,0.0,0.0,OMPL RRTstar returned only an approximate solution within the planning time limit
rrtstar,6,tuned_tall_pilot_00,tall,34,"[-4.0311206,-1.8900152,2.3742278,-0.47275683,-0.22738853,-1.3499643]","[-0.29866782,0.0026381463,0.28401944]",0.6033011671260798,3.885468061905506,0.0878999940395355,false,0.0,0.0,OMPL RRTstar returned only an approximate solution within the planning time limit
rrtstar,6,tuned_tall_pilot_00,tall,35,"[-4.1496829,-1.8994274,2.4117051,-0.44048497,-0.18789996,-1.3896691]","[-0.29098755,0.028069869,0.27440533]",0.6014904247253002,4.01331863043023,0.0878999940395355,false,0.0,0.0,OMPL RRTstar returned only an approximate solution within the planning time limit
rrtstar,6,tuned_tall_pilot_00,tall,36,"[-4.2682453,-1.9088396,2.4491824,-0.40821311,-0.14841138,-1.4293739]","[-0.28134844,0.051774163,0.26479712]",0.5985994702188299,4.141985723195397,0.0878999940395355,false,0.0,0.0,OMPL RRTstar returned only an approximate solution within the planning time limit
rrtstar,6,tuned_tall_pilot_00,tall,37,"[-4.3868077,-1.9182518,2.4866597,-0.37594126,-0.10892281,-1.4690787]","[-0.27004081,0.073608756,0.25519714]",0.5947192509707683,4.271395552448413,0.0878999940395355,false,0.0,0.0,OMPL RRTstar returned only an approximate solution within the planning time limit
rrtstar,6,tuned_tall_pilot_00,tall,38,"[-4.5053701,-1.927664,2.524137,-0.3436694,-0.069434239,-1.5087836]","[-0.25736827,0.093473881,0.24561076]",0.5899564590365324,4.401482606159332,0.0878999940395355,false,0.0,0.0,OMPL RRTstar returned only an approximate solution within the planning time limit
rrtstar,6,tuned_tall_pilot_00,tall,39,"[-4.6239324,-1.9370762,2.5616143,-0.31139754,-0.029945666,-1.5484884]","[-0.24364176,0.1113163,0.23604694]",0.5844340042517232,4.532188569741519,0.0878999940395355,false,0.0,0.0,OMPL RRTstar returned only an approximate solution within the planning time limit
rrtstar,6,tuned_tall_pilot_00,tall,40,"[-4.7424948,-1.9464884,2.5990916,-0.27912568,0.0095429065,-1.5881932]","[-0.22917259,0.12713046,0.22651796]",0.5782899432549047,4.6634614036779265,0.0878999940395355,false,0.0,0.0,OMPL RRTstar returned only an approximate solution within the planning time limit
rrtstar,6,tuned_tall_pilot_00,tall,41,"[-4.8610572,-1.9559007,2.6365689,-0.24685382,0.049031479,-1.6278981]","[-0.21426472,0.1409595,0.2170397]",0.5716761605582166,4.795254552994781,0.0878999940395355,false,0.0,0.0,OMPL RRTstar returned only an approximate solution within the planning time limit
rrtstar,7,tuned_tall_pilot_01,tall,0,"[0,-1.57,1.1,-1.57,-1.57,0]","[0.48397353,0.13337938,0.72136778]",0.2848673870004053,3.539130214536523,0.0878999940395355,false,2.1930978298187256,0.0,
rrtstar,7,tuned_tall_pilot_01,tall,1,"[-0.011526,-1.5738387,1.0538149,-1.5851634,-1.5377134,0.039706329]","[0.47710374,0.13110426,0.7474947]",0.2711383924300883,3.487445808382569,0.0878999940395355,false,0.0,0.0,
rrtstar,7,tuned_tall_pilot_01,tall,2,"[-0.023051999,-1.5776774,1.0076299,-1.6003268,-1.5054267,0.079412659]","[0.46875128,0.12903585,0.77335793]",0.2583183795458458,3.4364768356620092,0.0878999940395355,false,0.0,0.0,
rrtstar,7,tuned_tall_pilot_01,tall,3,"[-0.034577999,-1.5815161,0.96144479,-1.6154902,-1.4731401,0.11911899]","[0.45892152,0.12722181,0.7988649]",0.2466404407276658,3.3862556020410826,0.0878999940395355,false,0.0,0.0,
rrtstar,7,tuned_tall_pilot_01,tall,4,"[-0.046103998,-1.5853548,0.91525972,-1.6306535,-1.4408535,0.15882532]","[0.4476276,0.12570946,0.8239215]",0.23636338804285997,3.336815869559522,0.0878999940395355,false,0.0,0.0,
rrtstar,7,tuned_tall_pilot_01,tall,5,"[-0.057629998,-1.5891935,0.86907465,-1.6458169,-1.4085668,0.19853165]","[0.43488985,0.12454528,0.84843302]",0.22776205762624496,3.2881928892646384,0.0878999940395355,false,0.0,0.0,
rrtstar,7,tuned_tall_pilot_01,tall,6,"[-0.069155998,-1.5930323,0.82288958,-1.6609803,-1.3762802,0.23823798]","[0.42073655,0.12377452,0.87230444]",0.22111170142297698,3.240423427787394,0.0878999940395355,false,0.0,0.0,
rrtstar,7,tuned_tall_pilot_01,tall,7,"[-0.080681997,-1.596871,0.77670451,-1.6761437,-1.3439936,0.27794431]","[0.40520334,0.12344087,0.89544094]",0.21666362187433086,3.193545786484498,0.0878999940395355,false,0.0,0.0,
rrtstar,7,tuned_tall_pilot_01,tall,8,"[-0.092207997,-1.6007097,0.73051944,-1.6913071,-1.311707,0.31765063]","[0.38833374,0.1235859,0.91774875]",0.21461712380213607,3.1475998116134445,0.0878999940395355,false,0.0,0.0,
rrtstar,7,tuned_tall_pilot_01,tall,9,"[-0.103734,-1.6045484,0.68433437,-1.7064705,-1.2794203,0.35735696]","[0.37017924,0.12424877,0.93913531]",0.2150923306870873,3.102626893850065,0.0878999940395355,false,0.0,0.0,
rrtstar,7,tuned_tall_pilot_01,tall,10,"[-0.11526,-1.6083871,0.63814931,-1.7216338,-1.2471337,0.39706329]","[0.35079828,0.1254659,0.95950991]",0.21811194862505215,3.0586699553059047,0.0878999940395355,false,0.0,0.0,
rrtstar,7,tuned_tall_pilot_01,tall,11,"[-0.126786,-1.6122258,0.59196424,-1.7367972,-1.2148471,0.43676962]","[0.33025727,0.12727034,0.97878438]",0.22359994894526322,3.0157734220622343,0.0878999940395355,false,0.0,0.0,
rrtstar,7,tuned_tall_pilot_01,tall,12,"[-0.138312,-1.6160645,0.54577917,-1.7519606,-1.1825604,0.47647595]","[0.30862933,0.12969163,0.99687368]",0.23139523159293715,2.973983180117115,0.0878999940395355,false,0.0,0.0,
rrtstar,7,tuned_tall_pilot_01,tall,13,"[-0.14983799,-1.6199032,0.4995941,-1.767124,-1.1502738,0.51618228]","[0.28599474,0.13275531,1.0136963]",0.24127681033610143,2.933346512551606,0.0878999940395355,false,0.0,0.0,
rrtstar,7,tuned_tall_pilot_01,tall,14,"[-0.16136399,-1.6237419,0.45340903,-1.7822874,-1.1179872,0.55588861]","[0.26243988,0.13648263,1.0291744]",0.2529910974661338,2.893912015672633,0.0878999940395355,false,0.0,0.0,
rrtstar,7,tuned_tall_pilot_01,tall,15,"[-0.17288999,-1.6275806,0.40722396,-1.7974508,-1.0857005,0.59559494]","[0.23805736,0.1408903,1.0432361]",0.26627786930018016,2.8557294918963914,0.0878999940395355,false,0.0,0.0,
rrtstar,7,tuned_tall_pilot_01,tall,16,"[-0.18441599,-1.6314193,0.36103889,-1.8126141,-1.0534139,0.63530127]","[0.21294554,0.14599004,1.0558133]",0.2808851971917695,2.8188498172119454,0.0878999940395355,false,0.0,0.0,
rrtstar,7,tuned_tall_pilot_01,tall,17,"[-0.19594199,-1.635258,0.31485382,-1.8277775,-1.0211273,0.6750076]","[0.18720752,0.15178858,1.0668441]",0.2965813331389556,2.783324781225042,0.0878999940395355,false,0.0,0.0,
rrtstar,7,tuned_tall_pilot_01,tall,18,"[-0.20746799,-1.6390968,0.26866875,-1.8429409,-0.98884064,0.71471393]","[0.16095111,0.15828729,1.0762728]",0.31315870108052624,2.7492068980423516,0.0878999940395355,false,0.0,0.0,
rrtstar,7,tuned_tall_pilot_01,tall,19,"[-0.21899399,-1.6429355,0.22248368,-1.8581043,-0.95655401,0.75442026]","[0.1342878,0.16548203,1.0840498]",0.3304339976624564,2.716549186630435,0.0878999940395355,false,0.0,0.0,
rrtstar,7,tuned_tall_pilot_01,tall,20,"[-0.23051999,-1.6467742,0.17629861,-1.8732677,-0.92426738,0.79412659]","[0.10733259,0.17336312,1.0901333]",0.3482480189345856,2.6854049197835925,0.0878999940395355,false,0.0,0.0,
rrtstar,7,tuned_tall_pilot_01,tall,21,"[-0.24204599,-1.6506129,0.13011354,-1.8884311,-0.89198075,0.83383292]","[0.080202691,0.18191522,1.0944874]",0.36646117648713744,2.6558273414681874,0.0878999940395355,false,0.0,0.0,
rrtstar,7,tuned_tall_pilot_01,tall,22,"[-0.25357199,-1.6544516,0.083928471,-1.9035944,-0.85969412,0.87353924]","[0.053017166,0.1911173,1.0970851]",0.38495283773188566,2.627869353080295,0.0878999940395355,false,0.0,0.0,
rrtstar,7,tuned_tall_pilot_01,tall,23,"[-0.26509799,-1.6582903,0.037743402,-1.9187578,-0.82740748,0.91324557]","[0.025896475,0.20094261,1.0979062]",0.40361667049788075,2.601583170053175,0.0878999940395355,false,0.0,0.0,
rrtstar,7,tuned_tall_pilot_01,tall,24,"[-0.27662399,-1.662129,-0.0084416678,-1.9339212,-0.79512085,0.9529519]","[-0.0010391176,0.21135885,1.0969392]",0.42235982323101134,2.5770199512665437,0.0878999940395355,false,0.0,0.0,
rrtstar,7,tuned_tall_pilot_01,tall,25,"[-0.28814999,-1.6659677,-0.054626737,-1.9490846,-0.76283422,0.99265823]","[-0.027669236,0.22232828,1.0941803]",0.4410996274593925,2.554229404815535,0.0878999940395355,false,0.0,0.0,
rrtstar,7,tuned_tall_pilot_01,tall,26,"[-0.29967599,-1.6698064,-0.10081181,-1.964248,-0.73054759,1.0323646]","[-0.053875118,0.23380785,1.0896342]",0.4597625683963105,2.5332593748567165,0.0878999940395355,false,0.0,0.0,
rrtstar,7,tuned_tall_pilot_01,tall,27,"[-0.31120199,-1.6736451,-0.14699688,-1.9794114,-0.69826096,1.0720709]","[-0.079539955,0.24574944,1.0833137]",0.4782827752472329,2.5141554154131303,0.0878999940395355,false,0.0,0.0,
rrtstar,7,tuned_tall_pilot_01,tall,28,"[-0.32272799,-1.6774838,-0.19318195,-1.9945747,-0.66597433,1.1117772]","[-0.10454936,0.25810009,1.0752405]",0.4966006796552501,2.4969603581313637,0.0878999940395355,false,0.0,0.0,
rrtstar,7,tuned_tall_pilot_01,tall,29,"[-0.33425399,-1.6813225,-0.23936702,-2.0097381,-0.6336877,1.1514835]","[-0.12879282,0.27080247,1.0654438]",0.5146621318333436,2.4817138819744033,0.0878999940395355,false,0.0,0.0,
rrtstar,7,tuned_tall_pilot_01,tall,30,"[-0.34577999,-1.6851613,-0.28555208,-2.0249015,-0.60140107,1.1911899]","[-0.15216362,0.28379494,1.0539615]",0.5324177169652483,2.4684520936339895,0.0878999940395355,false,0.0,0.0,
rrtstar,7,tuned_tall_pilot_01,tall,31,"[-0.35730599,-1.689,-0.33173715,-2.0400649,-0.56911443,1.2308962]","[-0.17456028,0.29701221,1.0408394]",0.5498222050276514,2.457207127985796,0.0878999940395355,false,0.0,0.0,
rrtstar,7,tuned_tall_pilot_01,tall,32,"[-0.36883199,-1.6928387,-0.37792222,-2.0552283,-0.5368278,1.2706025]","[-0.19588651,0.31038579,1.0261312]",0.5668339192596894,2.4480067781276653,0.0878999940395355,false,0.0,0.0,
rrtstar,7,tuned_tall_pilot_01,tall,33,"[-0.38035799,-1.6966774,-0.42410729,-2.0703917,-0.50454117,1.3103089]","[-0.21605247,0.32384416,1.0098976]",0.583414443985323,2.440874164386684,0.0878999940395355,false,0.0,0.0,
rrtstar,7,tuned_tall_pilot_01,tall,34,"[-0.39188399,-1.7005161,-0.47029236,-2.085555,-0.47225454,1.3500152]","[-0.23497501,0.33731371,0.99220699]",0.5995284739006652,2.435827451125881,0.0878999940395355,false,0.0,0.0,
rrtstar,7,tuned_tall_pilot_01,tall,35,"[-0.40340999,-1.7043548,-0.51647743,-2.1007184,-0.43996791,1.3897215]","[-0.25257787,0.35071883,0.97313452]",0.6151430761084501,2.4328796192214344,0.0878999940395355,false,0.0,0.0,
rrtstar,7,tuned_tall_pilot_01,tall,36,"[-0.41493599,-1.7081935,-0.5626625,-2.1158818,-0.40768128,1.4294279]","[-0.26879302,0.36398274,0.95276153]",0.6302282135632964,2.4320383007395807,0.0878999940395355,false,0.0,0.0,
rrtstar,7,tuned_tall_pilot_01,tall,37,"[-0.42646199,-1.7120322,-0.60884757,-2.1310452,-0.37539465,1.4691342]","[-0.2835601,0.37702799,0.93117547]",0.644755917860108,2.4333056806702515,0.0878999940395355,false,0.0,0.0,
rrtstar,7,tuned_tall_pilot_01,tall,38,"[-0.42713739,-1.6792458,-0.63946186,-2.0902368,-0.41574403,1.4805817]","[-0.26733044,0.36824691,0.94070822]",0.6287275141152526,2.3595691448923652,0.0878999940395355,false,0.0,0.0,
rrtstar,7,tuned_tall_pilot_01,tall,39,"[-0.4278128,-1.6464595,-0.67007615,-2.0494285,-0.45609342,1.4920292]","[-0.25073195,0.35910743,0.94950283]",0.6123178614192017,2.2858326091144785,0.0878999940395355,false,0.0,0.0,
rrtstar,7,tuned_tall_pilot_01,tall,40,"[-0.4284882,-1.6136731,-0.70069043,-2.0086201,-0.4964428,1.5034767]","[-0.2337983,0.34962687,0.95752949]",0.5955388248244584,2.2120960733365926,0.0878999940395355,false,0.0,0.0,
rrtstar,7,tuned_tall_pilot_01,tall,41,"[-0.42916361,-1.5808867,-0.73130472,-1.9678118,-0.53679218,1.5149243]","[-0.21656445,0.33982354,0.96476078]",0.5784026395947668,2.138359537558706,0.0878999940395355,false,0.0,0.0,
rrtstar,7,tuned_tall_pilot_01,tall,42,"[-0.42983901,-1.5481004,-0.76191901,-1.9270034,-0.57714157,1.5263718]","[-0.19906725,0.32971695,0.97117168]",0.5609225712795786,2.0646230017808196,0.0878999940395355,false,0.0,0.0,
rrtstar,7,tuned_tall_pilot_01,tall,43,"[-0.43051442,-1.515314,-0.7925333,-1.8861951,-0.61749095,1.5378193]","[-0.18134467,0.31932759,0.97674006]",0.5431124740189346,1.9908864660029328,0.08472592409186377,false,0.0,0.0,
rrtstar,7,tuned_tall_pilot_01,tall,44,"[-0.43118983,-1.4825276,-0.82314759,-1.8453867,-0.65784034,1.5492668]","[-0.16343608,0.30867687,0.98144639]",0.5249869623916057,1.9171499302250465,0.07565034797181627,false,0.0,0.0,
rrtstar,7,tuned_tall_pilot_01,tall,45,"[-0.43186523,-1.4497413,-0.85376187,-1.8045784,-0.69818972,1.5607143]","[-0.14538181,0.29778698,0.98527372]",0.5065611303022857,1.8434133944471602,0.06683212122301696,false,0.0,0.0,
rrtstar,7,tuned_tall_pilot_01,tall,46,"[-0.43254064,-1.4169549,-0.88437616,-1.76377,-0.7385391,1.5721619]","[-0.12722284,0.28668091,0.98820823]",0.48785059923815033,1.769676858669274,0.05832116213721722,false,0.0,0.0,
rrtstar,7,tuned_tall_pilot_01,tall,47,"[-0.43321604,-1.3841685,-0.91499045,-1.7229617,-0.77888849,1.5836094]","[-0.10900098,0.27538225,0.9902392]",0.4688716955314061,1.6959403228913874,0.05017482195509759,false,0.0,0.0,
rrtstar,7,tuned_tall_pilot_01,tall,48,"[-0.43389145,-1.3513822,-0.94560474,-1.6821533,-0.81923787,1.5950569]","[-0.090758413,0.2639153,0.99135882]",0.4496412066323548,1.622203787113501,0.04245900893634967,false,0.0,0.0,
rrtstar,7,tuned_tall_pilot_01,tall,49,"[-0.43456686,-1.3185958,-0.97621903,-1.641345,-0.85958726,1.6065044]","[-0.072537579,0.25230464,0.99156243]",0.4301763420972564,1.5484672513356146,0.03524893295480126,false,0.0,0.0,
rrtstar,7,tuned_tall_pilot_01,tall,50,"[-0.43524226,-1.2858094,-1.0068333,-1.6005366,-0.89993664,1.6179519]","[-0.054380812,0.24057524,0.9908483]",0.4104945427980408,1.4747307155577283,0.02862932012102945,false,0.0,0.0,
rrtstar,7,tuned_tall_pilot_01,tall,51,"[-0.43591767,-1.2530231,-1.0374476,-1.5597283,-0.94028602,1.6293995]","[-0.036330499,0.22875243,0.989218]",0.39061391084152325,1.4009941797798418,0.022693251057804925,false,0.0,0.0,
rrtstar,7,tuned_tall_pilot_01,tall,52,"[-0.43659307,-1.2202367,-1.0680619,-1.5189199,-0.98063541,1.640847]","[-0.018428408,0.21686164,0.98667622]",0.3705526709166616,1.3272576440019555,0.017539014454873755,false,0.0,0.0,
rrtstar,7,tuned_tall_pilot_01,tall,53,"[-0.43726848,-1.1874503,-1.0986762,-1.4781116,-1.0209848,1.6522945]","[-0.00071600825,0.20492822,0.98323047]",0.35032934009769423,1.253521108224069,0.013264169658801964,false,0.0,0.0,
rrtstar,7,tuned_tall_pilot_01,tall,54,"[-0.43794389,-1.154664,-1.1292905,-1.4373032,-1.0613342,1.663742]","[0.016766347,0.19297765,0.97889155]",0.3299626175463299,1.1797845724461826,0.009956373936154825,false,0.0,0.0,
rrtstar,7,tuned_tall_pilot_01,tall,55,"[-0.43861929,-1.1218776,-1.1599048,-1.3964949,-1.1016836,1.6751895]","[0.033978917,0.18103519,0.97367305]",0.3094715117700582,1.1060480366682963,0.007681928993032092,false,0.0,0.0,
rrtstar,7,tuned_tall_pilot_01,tall,56,"[-0.4392947,-1.0890912,-1.190519,-1.3556865,-1.1420329,1.6866371]","[0.05088317,0.16912588,0.96759135]",0.28887509049540616,1.0323115008904098,0.006474173738122327,false,0.0,0.0,
rrtstar,7,tuned_tall_pilot_01,tall,57,"[-0.4399701,-1.0563049,-1.2211333,-1.3148782,-1.1823823,1.6980846]","[0.067442164,0.15727431,0.96066588]",0.26819240841199254,0.9585749651125233,0.006325322812682221,false,0.0,0.0,
rrtstar,7,tuned_tall_pilot_01,tall,58,"[-0.44064551,-1.0235185,-1.2517476,-1.2740698,-1.2227317,1.7095321]","[0.083620176,0.14550467,0.95291835]",0.24744255211717398,0.884838429334637,0.007184873113884896,false,0.0,0.0,
rrtstar,7,tuned_tall_pilot_01,tall,59,"[-0.44132092,-0.99073212,-1.2823619,-1.2332615,-1.2630811,1.7209796]","[0.099383093,0.13384068,0.94437325]",0.22664477612355016,0.8111018935567507,0.008965253122668049,false,0.0,0.0,
rrtstar,7,tuned_tall_pilot_01,tall,60,"[-0.44199632,-0.95794576,-1.3129762,-1.1924531,-1.3034305,1.7324271]","[0.11469866,0.12230541,0.93505716]",0.20581803259761075,0.7373653577788641,0.011553087930059283,false,0.0,0.0,
rrtstar,7,tuned_tall_pilot_01,tall,61,"[-0.44267173,-0.92515939,-1.3435905,-1.1516448,-1.3437799,1.7438746]","[0.12953675,0.11092106,0.9249993]",0.18498120822452158,0.6636288220009776,0.014560573360507645,false,0.0,0.0,
rrtstar,7,tuned_tall_pilot_01,tall,62,"[-0.44334713,-0.89237302,-1.3742048,-1.1108364,-1.3841292,1.7553222]","[0.14386895,0.099709272,0.91423064]",0.16415314422272484,0.5898922862230913,0.012910761490058209,false,0.0,0.0,
rrtstar,7,tuned_tall_pilot_01,tall,63,"[-0.44402254,-0.85958665,-1.4048191,-1.0700281,-1.4244786,1.7667697]","[0.15766934,0.088690728,0.90278423]",0.14335234691477688,0.5161557504452049,0.011672501293549117,false,0.0,0.0,
rrtstar,7,tuned_tall_pilot_01,tall,64,"[-0.44469794,-0.82680029,-1.4354333,-1.0292197,-1.464828,1.7782172]","[0.17091385,0.077885225,0.8906945]",0.12259710215101303,0.44241921466731854,0.01083415037345628,false,0.0,0.0,
rrtstar,7,tuned_tall_pilot_01,tall,65,"[-0.44537335,-0.79401392,-1.4660476,-0.98841137,-1.5051774,1.7896647]","[0.18358108,0.067311458,0.8779977]",0.10190533757565019,0.36868267888943207,0.010377261158646553,false,0.0,0.0,
rrtstar,7,tuned_tall_pilot_01,tall,66,"[-0.44604876,-0.76122755,-1.4966619,-0.94760301,-1.5455268,1.8011122]","[0.19565201,0.056987233,0.86473119]",0.08129461305403672,0.2949461431115458,0.010277258949812906,false,0.0,0.0,
rrtstar,7,tuned_tall_pilot_01,tall,67,"[-0.44672416,-0.72844118,-1.5272762,-0.90679466,-1.5858762,1.8125598]","[0.2071099,0.046929199,0.85093367]",0.06078227012988235,0.22120960733365932,0.010504467634670264,false,0.0,0.0,
rrtstar,7,tuned_tall_pilot_01,tall,68,"[-0.44739957,-0.69565482,-1.5578905,-0.86598631,-1.6262256,1.8240073]","[0.21794057,0.037152883,0.83664441]",0.0403849708303805,0.14747307155577263,0.011025332058831563,false,0.0,0.0,
rrtstar,7,tuned_tall_pilot_01,tall,69,"[-0.44807497,-0.66286845,-1.5885048,-0.82517796,-1.6665749,1.8354548]","[0.22813258,0.027672645,0.82190365]",0.020118970506197074,0.07373653577788632,0.011803800883033719,false,0.0,0.0,
rrtstar,7,tuned_tall_pilot_01,tall,70,"[-0.44875038,-0.63008208,-1.6191191,-0.78436961,-1.7069243,1.8469023]","[0.23767677,0.018501695,0.80675191]",5.713659568387825e-09,0.0,0.012802615828796562,false,0.0,0.0,
rrtstar,8,tuned_tall_pilot_02,tall,0,"[0,-1.57,1.1,-1.57,-1.57,0]","[0.48397353,0.13337938,0.72136778]",0.18481022749609294,3.7118318565199284,0.0878999940395355,false,2.0004382133483887,0.0,
rrtstar,8,tuned_tall_pilot_02,tall,1,"[-0.031786731,-1.5720258,1.0652736,-1.5650148,-1.5759625,0.015335832]","[0.48165023,0.11753739,0.73837405]",0.2032170107422835,3.6616719665669564,0.0878999940395355,false,0.0,0.0,
rrtstar,8,tuned_tall_pilot_02,tall,2,"[-0.063573462,-1.5740516,1.0305472,-1.5600296,-1.581925,0.030671665]","[0.47821504,0.10201644,0.75516433]",0.2219509306929918,3.6115120766139843,0.0878999940395355,false,0.0,0.0,
rrtstar,8,tuned_tall_pilot_02,tall,3,"[-0.095360194,-1.5760773,0.99582079,-1.5550444,-1.5878875,0.046007497]","[0.47369629,0.086889297,0.77171731]",0.24080682916841456,3.5613521866610123,0.0878999940395355,false,0.0,0.0,
rrtstar,8,tuned_tall_pilot_02,tall,4,"[-0.12714692,-1.5781031,0.96109439,-1.5500592,-1.59385,0.06134333]","[0.4681274,0.072226427,0.78801173]",0.25963304391876746,3.5111922967080402,0.0878999940395355,false,0.0,0.0,
rrtstar,8,tuned_tall_pilot_02,tall,5,"[-0.15893366,-1.5801289,0.92636798,-1.5450739,-1.5998125,0.076679162]","[0.46154609,0.058095895,0.80402726]",0.2783143534835908,3.461032406755068,0.0878999940395355,false,0.0,0.0,
rrtstar,8,tuned_tall_pilot_02,tall,6,"[-0.19072039,-1.5821547,0.89164158,-1.5400887,-1.605775,0.092014995]","[0.45399475,0.044562828,0.81974304]",0.2967604023966161,3.4108725168020966,0.0878999940395355,false,0.0,0.0,
rrtstar,8,tuned_tall_pilot_02,tall,7,"[-0.22250712,-1.5841805,0.85691518,-1.5351035,-1.6117374,0.10735083]","[0.44551972,0.031689353,0.83513963]",0.3148988717052359,3.3607126268491245,0.0878999940395355,false,0.0,0.0,
rrtstar,8,tuned_tall_pilot_02,tall,8,"[-0.25429385,-1.5862062,0.82218877,-1.5301183,-1.6176999,0.12268666]","[0.4361718,0.019534122,0.85019702]",0.33266982524302147,3.3105527368961525,0.0878999940395355,false,0.0,0.0,
rrtstar,8,tuned_tall_pilot_02,tall,9,"[-0.28608058,-1.588232,0.78746237,-1.5251331,-1.6236624,0.13802249]","[0.42600495,0.008152226,0.86489642]",0.3500230030336519,3.2603928469431804,0.0878999940395355,false,0.0,0.0,
rrtstar,8,tuned_tall_pilot_02,tall,10,"[-0.31786731,-1.5902578,0.75273597,-1.5201479,-1.6296249,0.15335832]","[0.41507733,-0.0024052206,0.87921911]",0.36691510572783786,3.2102329569902084,0.0878999940395355,false,0.0,0.0,
rrtstar,8,tuned_tall_pilot_02,tall,11,"[-0.34965404,-1.5922836,0.71800956,-1.5151627,-1.6355874,0.16869416]","[0.40344977,-0.012091136,0.89314711]",0.383308338245487,3.1600730670372363,0.0878999940395355,false,0.0,0.0,
rrtstar,8,tuned_tall_pilot_02,tall,12,"[-0.38144077,-1.5943094,0.68328316,-1.5101775,-1.6415499,0.18402999]","[0.39118642,-0.020862838,0.90666276]",0.3991691860798982,3.1099131770842643,0.0878999940395355,false,0.0,0.0,
rrtstar,8,tuned_tall_pilot_02,tall,13,"[-0.41322751,-1.5963351,0.64855676,-1.5051922,-1.6475124,0.19936582]","[0.37835386,-0.028682044,0.91974896]",0.4144675272449167,3.0597532871312927,0.0878999940395355,false,0.0,0.0,
rrtstar,8,tuned_tall_pilot_02,tall,14,"[-0.44501424,-1.5983609,0.61383035,-1.500207,-1.6534749,0.21470165]","[0.36502114,-0.035515279,0.9323892]",0.4291762423451064,3.00959339717832,0.0878999940395355,false,0.0,0.0,
rrtstar,8,tuned_tall_pilot_02,tall,15,"[-0.47680097,-1.6003867,0.57910395,-1.4952218,-1.6594374,0.23003749]","[0.35125923,-0.041333754,0.94456768]",0.4432706226915976,2.959433507225348,0.0878999940395355,false,0.0,0.0,
rrtstar,8,tuned_tall_pilot_02,tall,16,"[-0.5085877,-1.6024125,0.54437755,-1.4902366,-1.6653999,0.24537332]","[0.33714101,-0.046113752,0.95626903]",0.45672802200770163,2.909273617272376,0.0878999940395355,false,0.0,0.0,
rrtstar,8,tuned_tall_pilot_02,tall,17,"[-0.54037443,-1.6044383,0.50965114,-1.4852514,-1.6713624,0.26070915]","[0.32274032,-0.049836367,0.96747869]",0.4695276657555546,2.859113727319404,0.0878999940395355,false,0.0,0.0,
rrtstar,8,tuned_tall_pilot_02,tall,18,"[-0.57216116,-1.606464,0.47492474,-1.4802662,-1.6773249,0.27604498]","[0.30813235,-0.052488081,0.97818244]",0.4816503800035511,2.8089538373664324,0.0878999940395355,false,0.0,0.0,
rrtstar,8,tuned_tall_pilot_02,tall,19,"[-0.60394789,-1.6084898,0.44019834,-1.475281,-1.6832874,0.29138082]","[0.29339275,-0.054060392,0.98836702]",0.49307865557667874,2.7587939474134604,0.0878999940395355,false,0.0,0.0,
rrtstar,8,tuned_tall_pilot_02,tall,20,"[-0.63573462,-1.6105156,0.40547194,-1.4702958,-1.6892498,0.30671665]","[0.27859744,-0.05454991,0.99801993]",0.503796370296322,2.708634057460488,0.0845847536600087,false,0.0,0.0,
rrtstar,8,tuned_tall_pilot_02,tall,21,"[-0.66752136,-1.6125414,0.37074553,-1.4653105,-1.6952123,0.32205248]","[0.26382256,-0.053958658,1.0071288]",0.5137884913504629,2.6584741675075163,0.08134450122099962,false,0.0,0.0,
rrtstar,8,tuned_tall_pilot_02,tall,22,"[-0.69930809,-1.6145671,0.33601913,-1.4603253,-1.7011748,0.33738831]","[0.24914348,-0.052293569,1.0156828]",0.523041601844334,2.6083142775545443,0.07823800309517812,false,0.0,0.0,
rrtstar,8,tuned_tall_pilot_02,tall,23,"[-0.73109482,-1.6165929,0.30129273,-1.4553401,-1.7071373,0.35272415]","[0.23463507,-0.049566995,1.0236712]",0.5315432868018052,2.558154387601572,0.07527570454495558,false,0.0,0.0,
rrtstar,8,tuned_tall_pilot_02,tall,24,"[-0.76288155,-1.6186187,0.26656632,-1.4503549,-1.7130998,0.36805998]","[0.22037105,-0.045796044,1.0310841]",0.539282223210255,2.5079944976486,0.07246845481714442,false,0.0,0.0,
rrtstar,8,tuned_tall_pilot_02,tall,25,"[-0.79466828,-1.6206445,0.23183992,-1.4453697,-1.7190623,0.38339581]","[0.20642363,-0.041003101,1.0379127]",0.5462485955304498,2.4578346076956286,0.06982722006940192,false,0.0,0.0,
rrtstar,8,tuned_tall_pilot_02,tall,26,"[-0.82645501,-1.6226703,0.19711352,-1.4403845,-1.7250248,0.39873164]","[0.19286324,-0.035215128,1.0441484]",0.5524330853053315,2.4076747177426565,0.06736315974486215,false,0.0,0.0,
rrtstar,8,tuned_tall_pilot_02,tall,27,"[-0.85824174,-1.624696,0.16238711,-1.4353993,-1.7309873,0.41406748]","[0.17975841,-0.028464139,1.0497838]",0.5578279445437455,2.3575148277896845,0.06508734975307551,false,0.0,0.0,
rrtstar,8,tuned_tall_pilot_02,tall,28,"[-0.89002847,-1.6267218,0.12766071,-1.4304141,-1.7369498,0.42940331]","[0.16717494,-0.020786352,1.0548121]",0.5624262910394582,2.3073549378367124,0.06301079845198779,false,0.0,0.0,
rrtstar,8,tuned_tall_pilot_02,tall,29,"[-0.92181521,-1.6287476,0.092934306,-1.4254288,-1.7429123,0.44473914]","[0.15517625,-0.012222722,1.0592278]",0.5662227618087557,2.25719504788374,0.06114409602693224,false,0.0,0.0,
rrtstar,8,tuned_tall_pilot_02,tall,30,"[-0.95360194,-1.6307734,0.058207903,-1.4204436,-1.7488748,0.46007497]","[0.14382246,-0.0028180704,1.0630254]",0.5692122463778673,2.2070351579307683,0.059497407527553225,false,0.0,0.0,
rrtstar,8,tuned_tall_pilot_02,tall,31,"[-0.98538867,-1.6327992,0.023481499,-1.4154584,-1.7548373,0.47541081]","[0.13317063,0.0073784739,1.0662004]",0.5713911476268455,2.1568752679777963,0.058080162585877754,false,0.0,0.0,
rrtstar,8,tuned_tall_pilot_02,tall,32,"[-1.0171754,-1.6348249,-0.011244904,-1.4104732,-1.7607998,0.49074664]","[0.1232741,0.018314376,1.0687498]",0.5727570734340909,2.1067153780248242,0.05690089836359247,false,0.0,0.0,
rrtstar,8,tuned_tall_pilot_02,tall,33,"[-1.0489621,-1.6368507,-0.045971307,-1.405488,-1.7667623,0.50608247]","[0.11418266,0.029933259,1.0706702]",0.5733079951610156,2.056555488071852,0.055967064725710974,false,0.0,0.0,
rrtstar,8,tuned_tall_pilot_02,tall,34,"[-1.0807489,-1.6388765,-0.08069771,-1.4005028,-1.7727247,0.5214183]","[0.1059418,0.042175852,1.0719604]",0.5730436971922274,2.00639559811888,0.055284827492133815,false,0.0,0.0,
rrtstar,8,tuned_tall_pilot_02,tall,35,"[-1.1125356,-1.6409023,-0.11542411,-1.3955176,-1.7786872,0.53675414]","[0.098593079,0.054979607,1.0726191]",0.5719644293876036,1.9562357081659083,0.054858928647955135,false,0.0,0.0,
rrtstar,8,tuned_tall_pilot_02,tall,36,"[-1.1443223,-1.6429281,-0.15015052,-1.3905324,-1.7846497,0.55208997]","[0.092173412,0.068279631,1.072646]",0.5700716711005742,1.9060758182129363,0.05469253106385957,false,0.0,0.0,
rrtstar,8,tuned_tall_pilot_02,tall,37,"[-1.1761091,-1.6449538,-0.18487692,-1.3855471,-1.7906122,0.5674258]","[0.086715274,0.082008667,1.0720417]",0.5673676898183593,1.8559159282599642,0.054787142036985814,false,0.0,0.0,
rrtstar,8,tuned_tall_pilot_02,tall,38,"[-1.2078958,-1.6469796,-0.21960332,-1.3805619,-1.7965747,0.58276163]","[0.082246423,0.096097134,1.0708076]",0.563855857430676,1.8057560383069922,0.05514260850762839,false,0.0,0.0,
rrtstar,8,tuned_tall_pilot_02,tall,39,"[-1.2396825,-1.6490054,-0.25432973,-1.3755767,-1.8025372,0.59809746]","[0.078789726,0.11047418,1.0689459]",0.5595405580930191,1.7555961483540203,0.055757041685026876,false,0.0,0.0,
rrtstar,8,tuned_tall_pilot_02,tall,40,"[-1.2714692,-1.6510312,-0.28905613,-1.3705915,-1.8084997,0.6134333]","[0.076363139,0.12506709,1.0664598]",0.5544272423749114,1.705436258401048,0.05662700776368071,false,0.0,0.0,
rrtstar,8,tuned_tall_pilot_02,tall,41,"[-1.303256,-1.653057,-0.32378253,-1.3656063,-1.8144622,0.62876913]","[0.074979588,0.13980269,1.0633529]",0.5485219568799135,1.6552763684480762,0.05774745311947696,false,0.0,0.0,
rrtstar,8,tuned_tall_pilot_02,tall,42,"[-1.3350427,-1.6550827,-0.35850894,-1.3606211,-1.8204247,0.64410496]","[0.074646927,0.15460667,1.05963]",0.5418319672228293,1.6051164784951042,0.059112020482277955,false,0.0,0.0,
rrtstar,8,tuned_tall_pilot_02,tall,43,"[-1.3668294,-1.6571085,-0.39323534,-1.3556359,-1.8263872,0.65944079]","[0.07536789,0.16940472,1.0552967]",0.5343654707958329,1.5549565885421321,0.06071307025041331,false,0.0,0.0,
rrtstar,8,tuned_tall_pilot_02,tall,44,"[-1.3986162,-1.6591343,-0.42796174,-1.3506507,-1.8323497,0.67477663]","[0.077140175,0.1841222,1.050359]",0.5261314913830445,1.5047966985891599,0.06254199753798226,false,0.0,0.0,
rrtstar,8,tuned_tall_pilot_02,tall,45,"[-1.4304029,-1.6611601,-0.46268815,-1.3456654,-1.8383122,0.69011246]","[0.079956234,0.19868529,1.0448239]",0.5171398228003472,1.454636808636188,0.06458927150996532,false,0.0,0.0,
rrtstar,8,tuned_tall_pilot_02,tall,46,"[-1.4621896,-1.6631859,-0.49741455,-1.3406802,-1.8442747,0.70544829]","[0.083803631,0.21302038,1.0386995]",0.5074016009321275,1.4044769186832162,0.06684485170230584,false,0.0,0.0,
rrtstar,8,tuned_tall_pilot_02,tall,47,"[-1.4939764,-1.6652116,-0.53214095,-1.335695,-1.8502371,0.72078412]","[0.088664785,0.22705539,1.0319942]",0.49692840248699843,1.3543170287302444,0.06929810683045307,false,0.0,0.0,
rrtstar,8,tuned_tall_pilot_02,tall,48,"[-1.5257631,-1.6672374,-0.56686736,-1.3307098,-1.8561996,0.73611996]","[0.094517335,0.24071914,1.0247173]",0.4857327952944045,1.3041571387772721,0.07193827098545572,false,0.0,0.0,
rrtstar,8,tuned_tall_pilot_02,tall,49,"[-1.5575498,-1.6692632,-0.60159376,-1.3257246,-1.8621621,0.75145579]","[0.101334,0.25394279,1.016879]",0.4738282604274014,1.2539972488243,0.07475433056001202,false,0.0,0.0,
rrtstar,8,tuned_tall_pilot_02,tall,50,"[-1.5893366,-1.671289,-0.63632016,-1.3207394,-1.8681246,0.76679162]","[0.10908289,0.26665875,1.0084897]",0.461228979422851,1.2038373588713283,0.0777354235254368,false,0.0,0.0,
rrtstar,8,tuned_tall_pilot_02,tall,51,"[-1.6211233,-1.6733148,-0.67104657,-1.3157542,-1.8740871,0.78212745]","[0.11772768,0.27880263,0.99956131]",0.44795006661205367,1.1536774689183562,0.08087071828616771,false,0.0,0.0,
rrtstar,8,tuned_tall_pilot_02,tall,52,"[-1.65291,-1.6753405,-0.70577297,-1.310769,-1.8800496,0.79746329]","[0.1272275,0.29031199,0.99010569]",0.43400733953041004,1.1035175789653842,0.08414969323016899,false,0.0,0.0,
rrtstar,8,tuned_tall_pilot_02,tall,53,"[-1.6846968,-1.6773663,-0.74049937,-1.3057837,-1.8860121,0.81279912]","[0.13753754,0.30112773,0.9801361]",0.41941761555664975,1.0533576890124121,0.08756208484530725,false,0.0,0.0,
rrtstar,8,tuned_tall_pilot_02,tall,54,"[-1.7164835,-1.6793921,-0.77522578,-1.3007985,-1.8919746,0.82813495]","[0.14860888,0.311194,0.96966577]",0.4041981245243977,1.00319779905944,0.0878999940395355,false,0.0,0.0,
rrtstar,8,tuned_tall_pilot_02,tall,55,"[-1.7482702,-1.6814179,-0.80995218,-1.2958133,-1.8979371,0.84347078]","[0.16038902,0.32045808,0.95870888]",0.38836695426155166,0.9530379091064682,0.0878999940395355,false,0.0,0.0,
rrtstar,8,tuned_tall_pilot_02,tall,56,"[-1.7800569,-1.6834436,-0.84467858,-1.2908281,-1.9038996,0.85880662]","[0.17282189,0.32887146,0.94728029]",0.3719430120631686,0.902878019153496,0.0878999940395355,false,0.0,0.0,
rrtstar,8,tuned_tall_pilot_02,tall,57,"[-1.8118437,-1.6854694,-0.87940498,-1.2858429,-1.9098621,0.87414245]","[0.1858483,0.33638901,0.93539542]",0.3549458145515489,0.8527181292005241,0.0878999940395355,false,0.0,0.0,
rrtstar,8,tuned_tall_pilot_02,tall,58,"[-1.8436304,-1.6874952,-0.91413139,-1.2808577,-1.9158246,0.88947828]","[0.19940615,0.34297019,0.92307019]",0.3373954531876379,0.8025582392475521,0.0878999940395355,false,0.0,0.0,
rrtstar,8,tuned_tall_pilot_02,tall,59,"[-1.8754171,-1.689521,-0.94885779,-1.2758725,-1.9217871,0.90481411]","[0.21343058,0.3485786,0.91032118]",0.31931281586046506,0.7523983492945802,0.0878999940395355,false,0.0,0.0,
rrtstar,8,tuned_tall_pilot_02,tall,60,"[-1.9072039,-1.6915468,-0.98358419,-1.2708873,-1.9277495,0.92014995]","[0.22785456,0.35318244,0.89716554]",0.3007193490428135,0.702238459341608,0.0878999940395355,false,0.0,0.0,
rrtstar,8,tuned_tall_pilot_02,tall,61,"[-1.9389906,-1.6935725,-1.0183106,-1.265902,-1.933712,0.93548578]","[0.2426089,0.35675451,0.8836208]",0.2816370583763596,0.6520785693886361,0.0878999940395355,false,0.0,0.0,
rrtstar,8,tuned_tall_pilot_02,tall,62,"[-1.9707773,-1.6955983,-1.053037,-1.2609168,-1.9396745,0.95082161]","[0.25762293,0.35927248,0.86970484]",0.2620882867043531,0.601918679435664,0.0878999940395355,false,0.0,0.0,
rrtstar,8,tuned_tall_pilot_02,tall,63,"[-2.0025641,-1.6976241,-1.0877634,-1.2559316,-1.945637,0.96615744]","[0.2728242,0.36071861,0.8554368]",0.24209668352677416,0.551758789482692,0.0878999940395355,false,0.0,0.0,
rrtstar,8,tuned_tall_pilot_02,tall,64,"[-2.0343508,-1.6996499,-1.1224898,-1.2509464,-1.9515995,0.98149328]","[0.28813982,0.36108044,0.84083509]",0.22168525561704883,0.5015988995297199,0.0878999940395355,false,0.0,0.0,
rrtstar,8,tuned_tall_pilot_02,tall,65,"[-2.0661375,-1.7016757,-1.1572162,-1.2459612,-1.957562,0.99682911]","[0.30349559,0.36035037,0.82591951]",0.20087854999346963,0.45143900957674776,0.0878999940395355,false,0.0,0.0,
rrtstar,8,tuned_tall_pilot_02,tall,66,"[-2.0979243,-1.7037014,-1.1919426,-1.240976,-1.9635245,1.0121649]","[0.31881741,0.35852596,0.81070977]",0.17970096237283428,0.401279119623776,0.0878999940395355,false,0.0,0.0,
rrtstar,8,tuned_tall_pilot_02,tall,67,"[-2.129711,-1.7057272,-1.226669,-1.2359908,-1.969487,1.0275008]","[0.33403105,0.3556098,0.7952261]",0.1581774853258843,0.35111922967080417,0.0878999940395355,false,0.0,0.0,
rrtstar,8,tuned_tall_pilot_02,tall,68,"[-2.1614977,-1.707753,-1.2613954,-1.2310056,-1.9754495,1.0428366]","[0.34906262,0.35160923,0.77948886]",0.1363332794638593,0.30095933971783173,0.0878999940395355,false,0.0,0.0,
rrtstar,8,tuned_tall_pilot_02,tall,69,"[-2.1932845,-1.7097788,-1.2961218,-1.2260204,-1.981412,1.0581724]","[0.36383873,0.34653699,0.76351923]",0.11419445256147477,0.2507994497648602,0.07685686338997524,false,0.0,0.0,
rrtstar,8,tuned_tall_pilot_02,tall,70,"[-2.2250712,-1.7118046,-1.3308482,-1.2210351,-1.9873745,1.0735083]","[0.37828726,0.34041062,0.74733818]",0.09178689615605092,0.2006395598118881,0.06107605065027163,false,0.0,0.0,
rrtstar,8,tuned_tall_pilot_02,tall,71,"[-2.2568579,-1.7138303,-1.3655746,-1.2160499,-1.993337,1.0888441]","[0.39233741,0.33325255,0.73096699]",0.06913686449948339,0.150479669858916,0.045619769262001696,false,0.0,0.0,
rrtstar,8,tuned_tall_pilot_02,tall,72,"[-2.2886446,-1.7158561,-1.400301,-1.2110647,-1.9992995,1.1041799]","[0.40591997,0.32508996,0.71442747]",0.04627117628741638,0.10031977990594391,0.03095394007365173,false,0.0,0.0,
rrtstar,8,tuned_tall_pilot_02,tall,73,"[-2.3204314,-1.7178819,-1.4350274,-1.2060795,-2.0052619,1.1195158]","[0.41896775,0.31595448,0.69774121]",0.02321645717154682,0.050159889952972096,0.016711776177091096,false,0.0,0.0,
rrtstar,8,tuned_tall_pilot_02,tall,74,"[-2.3522181,-1.7199077,-1.4697538,-1.2010943,-2.0112244,1.1348516]","[0.43141586,0.30588251,0.68093038]",6.7029172961097404e-09,0.0,0.0024773939649289853,false,0.0,0.0,
